customer_id,first_name,last_name,email,phone,city,state,country,postal_code,segment,registration_date,is_active
1001,Isaac,Bakshi,isaac.bakshi291@hotmail.com,03321819600,Delhi,North Province,India,338908,Regular,2026-02-27,True
1002,Rushil,Saini,rushil.saini923@gmail.com,09402654235,Gurugram,North Province,India,161559,Premium,2026-02-25,True
1003,Aishani,Bassi,aishani.bassi233@hotmail.com,08161849593,Delhi,North Province,India,034131,Regular,2022-07-11,True
1004,Lajita,Mall,lajita.mall675@yahoo.com,5255341928,Indore,Central Province,India,276483,VIP,2026-01-06,True
1005,Ekta,Bhalla,ekta.bhalla838@gmail.com,+915641395376,Ranchi,East Province,India,242388,Occasional,2023-07-24,True
1006,Adya,Sangha,adya.sangha358@hotmail.com,05328710122,Mysuru,South Province,India,916697,Regular,2024-05-15,True
1007,Zayan,Apte,zayan.apte399@hotmail.com,1845146270,Mumbai,West Province,India,828148,Regular,2022-07-09,True
1008,Rushil,Dua,rushil.dua757@yahoo.com,+918809570154,Raipur,Central Province,India,039117,Premium,2022-03-30,True
1009,Ekapad,Walia,ekapad.walia310@gmail.com,+917824896383,Kolkata,East Province,India,657871,Corporate,2025-02-04,True
1010,Yug,Kar,yug.kar731@gmail.com,00983930103,Goa,West Province,India,051834,Regular,2023-01-29,True
1011,Vedika,Kala,vedika.kala897@hotmail.com,+919973763116,Mumbai,West Province,India,667010,Regular,2023-04-22,True
1012,Neha,Nori,neha.nori373@gmail.com,+913387262473,Pune,West Province,India,781080,Regular,2024-01-29,True
1013,Girik,Khalsa,girik.khalsa185@gmail.com,07736026064,Noida,North Province,India,468723,Premium,2025-07-24,True
1014,Chaman,Kalla,chaman.kalla957@gmail.com,8050097882,Guwahati,East Province,India,812191,Premium,2023-07-07,True
1015,Wahab,Raval,wahab.raval851@gmail.com,3990916998,Mumbai,West Province,India,435346,Regular,2023-04-15,True
1016,Karan,Mital,karan.mital945@yahoo.com,01079911838,Mumbai,West Province,India,251354,Occasional,2023-03-09,True
1017,Nakul,Sarma,nakul.sarma521@hotmail.com,4980841241,Pune,West Province,India,824493,Regular,2025-09-04,True
1018,Hemal,Jani,hemal.jani152@hotmail.com,4874016400,Bhubaneswar,East Province,India,242786,Regular,2023-06-27,True
1019,Aditya,Choudhury,aditya.choudhury448@gmail.com,2805982620,Nagpur,West Province,India,505331,Occasional,2025-04-12,True
1020,Irya,Ray,irya.ray515@hotmail.com,2322602563,Chennai,South Province,India,216073,Regular,2024-11-09,True
1021,Ryan,Sharma,ryan.sharma173@yahoo.com,03303654145,Jaipur,North Province,India,850142,VIP,2025-07-09,True
1022,Alka,Barad,alka.barad620@gmail.com,6556981693,Chandigarh,North Province,India,060883,Occasional,2024-02-21,True
1023,Januja,Sankar,januja.sankar748@gmail.com,5951484656,Bhopal,Central Province,India,823662,Regular,2025-10-25,True
1024,Charvi,Ravi,charvi.ravi124@hotmail.com,+914436995777,Nagpur,West Province,India,872148,Regular,2023-11-28,True
1025,Gautami,Chander,gautami.chander279@gmail.com,4332003791,Gurugram,North Province,India,693676,Occasional,2026-01-13,True
1026,Yagnesh,Divan,yagnesh.divan315@hotmail.com,0163287083,Bhopal,Central Province,India,727889,Corporate,2025-07-04,True
1027,Edhitha,Savant,edhitha.savant790@hotmail.com,8687277434,Chennai,South Province,India,347143,Regular,2024-02-05,False
1028,Anita,Nayak,anita.nayak341@yahoo.com,1223623166,Bhopal,Central Province,India,876036,Premium,2025-05-11,True
1029,Lopa,Bahri,lopa.bahri69@hotmail.com,07054668893,Ahmedabad,West Province,India,346706,Regular,2023-05-06,True
1030,Gayathri,Ravel,gayathri.ravel507@hotmail.com,+917298069901,Delhi,North Province,India,272046,Corporate,2026-02-07,False
1031,Falak,Kakar,falak.kakar685@yahoo.com,05646417080,Indore,Central Province,India,310033,Premium,2022-09-20,True
1032,Anmol,Dua,anmol.dua443@gmail.com,+917193745299,Goa,West Province,India,241904,Occasional,2025-05-27,False
1033,Keya,Ranganathan,keya.ranganathan418@hotmail.com,+911931491905,Mysuru,South Province,India,518506,Occasional,2023-10-01,True
1034,Vrishti,Cherian,vrishti.cherian133@yahoo.com,07262849877,Ranchi,East Province,India,945314,Regular,2024-07-13,True
1035,Shravya,Kohli,shravya.kohli245@yahoo.com,9650752735,Noida,North Province,India,549480,Premium,2025-02-08,True
1036,Zansi,Halder,zansi.halder937@gmail.com,+916783777014,Jaipur,North Province,India,634957,Regular,2022-05-19,True
1037,Hemangini,Sandal,hemangini.sandal695@hotmail.com,5574443135,Indore,Central Province,India,823374,Premium,2023-07-25,True
1038,Barkha,Chaudhry,barkha.chaudhry258@gmail.com,03524082400,Gwalior,Central Province,India,271094,VIP,2024-08-26,True
1039,Upasna,Srinivas,upasna.srinivas684@yahoo.com,02047116719,Bengaluru,South Province,India,229413,Regular,2022-07-18,True
1040,Jagat,Saha,jagat.saha699@hotmail.com,9386774964,Siliguri,East Province,India,913341,Premium,2022-04-21,True
1041,Naksh,Khatri,naksh.khatri357@gmail.com,1206797403,Chandigarh,North Province,India,471349,Corporate,2026-01-31,True
1042,Rudra,Sandal,rudra.sandal469@gmail.com,3242102499,Chennai,South Province,India,717464,Regular,2025-01-03,True
1043,Xiti,Zacharia,xiti.zacharia463@yahoo.com,01906594013,Bhubaneswar,East Province,India,490278,Corporate,2022-06-04,True
1044,Riya,Mall,riya.mall563@gmail.com,6717565512,Delhi,North Province,India,674680,Corporate,2025-08-28,False
1045,Suhani,Chakrabarti,suhani.chakrabarti507@yahoo.com,05168087603,Chennai,South Province,India,977034,Premium,2024-04-12,True
1046,Karan,Mani,karan.mani12@yahoo.com,7109324808,Jaipur,North Province,India,131712,Occasional,2024-02-16,True
1047,Wishi,Manne,wishi.manne723@hotmail.com,4677378263,Patna,East Province,India,146584,Occasional,2024-05-16,False
1048,Aarnav,Mandal,aarnav.mandal508@hotmail.com,09972787558,Ujjain,Central Province,India,753396,Regular,2026-01-11,True
1049,Vivaan,Roy,vivaan.roy565@gmail.com,07662702895,Noida,North Province,India,718702,Regular,2026-02-15,True
1050,Nimrat,Dubey,nimrat.dubey524@gmail.com,04596158657,Noida,North Province,India,913431,Occasional,2024-09-03,True
1051,Radha,Chaudhari,radha.chaudhari881@hotmail.com,1724005045,Noida,North Province,India,623869,Regular,2022-06-14,True
1052,Pranit,Garde,pranit.garde974@gmail.com,+919693792374,Kochi,South Province,India,407482,Occasional,2022-09-03,True
1053,Ethan,Sathe,ethan.sathe93@yahoo.com,4647436713,Bhopal,Central Province,India,959440,Regular,2025-06-22,True
1054,Meghana,Maharaj,meghana.maharaj219@gmail.com,0974395339,Raipur,Central Province,India,210470,Premium,2023-06-19,True
1055,Janya,Deep,janya.deep697@gmail.com,05623285884,Surat,West Province,India,474517,Premium,2022-09-26,True
1056,Faqid,Dhaliwal,faqid.dhaliwal646@gmail.com,6851604817,Delhi,North Province,India,496513,Occasional,2024-07-27,False
1057,Urishilla,Bakshi,urishilla.bakshi528@hotmail.com,5931746120,Noida,North Province,India,471138,Regular,2023-03-13,False
1058,Krishna,Rama,krishna.rama301@yahoo.com,08692617964,Jaipur,North Province,India,537735,Regular,2024-01-27,True
1059,Hardik,Pillai,hardik.pillai551@hotmail.com,5064317139,Goa,West Province,India,053293,Regular,2025-09-01,True
1060,Ekapad,Johal,ekapad.johal971@hotmail.com,+913529042284,Nagpur,West Province,India,102053,Occasional,2022-08-01,True
1061,Ekiya,Babu,ekiya.babu169@gmail.com,00268117758,Gurugram,North Province,India,783908,Regular,2025-02-07,True
1062,Charvi,Shanker,charvi.shanker659@hotmail.com,+910766177115,Pune,West Province,India,124998,Occasional,2025-11-08,True
1063,Ekta,Raj,ekta.raj659@hotmail.com,4789611836,Mumbai,West Province,India,365766,Regular,2022-07-09,True
1064,Girish,Munshi,girish.munshi143@yahoo.com,04527111161,Lucknow,North Province,India,280988,Premium,2026-04-29,True
1065,Forum,Das,forum.das447@yahoo.com,06049451983,Ranchi,East Province,India,731585,Premium,2025-12-16,True
1066,Ishwar,Mallick,ishwar.mallick864@hotmail.com,+916899809402,Coimbatore,South Province,India,455022,Regular,2022-03-15,True
1067,Nandini,Boase,nandini.boase325@gmail.com,0183667525,Bhubaneswar,East Province,India,599102,Regular,2022-03-27,False
1068,Nakul,Bawa,nakul.bawa708@hotmail.com,+914767976438,Lucknow,North Province,India,561497,Regular,2023-03-07,True
1069,Darika,Bath,darika.bath777@gmail.com,09003432445,Jabalpur,Central Province,India,076226,Regular,2025-06-25,False
1070,Victor,Tella,victor.tella35@hotmail.com,5160607159,Chennai,South Province,India,966416,Regular,2024-04-24,False
1071,Ansh,Nair,ansh.nair840@gmail.com,7516136968,Siliguri,East Province,India,645352,Regular,2026-02-14,True
1072,Faraj,Uppal,faraj.uppal889@hotmail.com,+918835523124,Chandigarh,North Province,India,292127,Premium,2022-03-21,True
1073,Ucchal,Sen,ucchal.sen850@hotmail.com,9552717744,Patna,East Province,India,581477,VIP,2023-09-18,True
1074,Baljiwan,Bhandari,invalid_user_at_domain_com,01199867980,Gurugram,North Province,India,935978,Regular,2023-01-31,True
1075,Matthew,Bhatia,matthew.bhatia531@yahoo.com,+915182037788,Ahmedabad,West Province,India,554665,Regular,2025-08-06,False
1076,Charles,Natt,charles.natt128@gmail.com,01864492519,Raipur,Central Province,India,546291,Occasional,2022-02-26,True
1077,Dayita,Puri,dayita.puri121@hotmail.com,02816850542,Raipur,Central Province,India,573322,Premium,2022-03-20,True
1078,Faras,Merchant,faras.merchant533@gmail.com,8805929622,Surat,West Province,India,927065,Regular,2025-05-26,True
1079,Wazir,Sawhney,wazir.sawhney735@hotmail.com,07383473597,Hyderabad,South Province,India,468862,Regular,2022-04-01,True
1080,Ryan,Devi,ryan.devi972@yahoo.com,+917581814124,Ujjain,Central Province,India,826137,VIP,2026-01-13,True
1081,Ikshita,Bala,ikshita.bala981@yahoo.com,+916853615305,Surat,West Province,India,522047,Premium,2022-05-24,True
1082,Liam,Singh,liam.singh747@yahoo.com,0104328986,Nagpur,West Province,India,434103,Occasional,2022-09-13,True
1083,Oni,Shankar,oni.shankar723@gmail.com,+917980893246,Patna,East Province,India,953962,Regular,2024-04-04,True
1084,Frederick,Viswanathan,frederick.viswanathan703@yahoo.com,+918888806706,Siliguri,East Province,India,405153,VIP,2024-02-16,True
1085,Hemang,Natarajan,hemang.natarajan571@gmail.com,+915852772217,Raipur,Central Province,India,430305,Corporate,2024-04-11,True
1086,Dayita,Varma,dayita.varma603@yahoo.com,7403450541,Kochi,South Province,India,667652,Premium,2026-05-29,True
1087,Watika,Tank,watika.tank228@yahoo.com,4161692845,Guwahati,East Province,India,154479,Premium,2025-10-15,True
1088,Pooja,Ganesan,pooja.ganesan300@hotmail.com,05705964016,Mysuru,South Province,India,820297,Premium,2022-06-23,True
1089,Bakhshi,Date,bakhshi.date250@gmail.com,+915569092755,Mumbai,West Province,India,192856,Premium,2026-03-19,True
1090,Dipta,Mallick,dipta.mallick57@gmail.com,+910278681447,Chennai,South Province,India,947312,Regular,2022-02-20,True
1091,Ethan,Seth,ethan.seth917@gmail.com,7155188442,Chandigarh,North Province,India,583132,Premium,2024-04-28,True
1092,Warjas,Tak,warjas.tak259@gmail.com,08957829114,Guwahati,East Province,India,786691,Regular,2024-03-29,True
1093,Jeremiah,Nadig,jeremiah.nadig190@hotmail.com,+917785289226,Chandigarh,North Province,India,182422,Corporate,2023-03-25,True
1094,Ekantika,Kar,ekantika.kar265@yahoo.com,4143842498,Kolkata,East Province,India,829922,Occasional,2025-02-15,True
1095,Geetika,Barman,geetika.barman553@gmail.com,+910943969078,Kochi,South Province,India,473647,Occasional,2025-09-29,True
1096,Elijah,Bhasin,elijah.bhasin923@gmail.com,06773592555,Ranchi,East Province,India,258815,Premium,2026-01-13,True
1097,Wyatt,Shukla,wyatt.shukla771@gmail.com,07321046963,Jabalpur,Central Province,India,595327,Occasional,2022-11-22,True
1098,Yutika,Sibal,yutika.sibal794@yahoo.com,07016873395,Mysuru,South Province,India,047974,VIP,2023-07-22,True
1099,Abhiram,Chokshi,abhiram.chokshi89@yahoo.com,+914565060983,Hyderabad,South Province,India,841687,VIP,2024-06-19,True
1100,Ati,Dani,ati.dani92@gmail.com,+916558523986,Ahmedabad,West Province,India,002578,Regular,2025-01-11,True
1101,Tanmayi,Dixit,tanmayi.dixit75@hotmail.com,2595269495,Mysuru,South Province,India,947055,Regular,2023-03-15,True
1102,Imaran,Saha,imaran.saha221@hotmail.com,00974993097,Guwahati,East Province,India,896230,Corporate,2022-05-08,True
1103,Imaran,Halder,imaran.halder887@gmail.com,05626368970,Ujjain,Central Province,India,838578,Occasional,2022-02-10,True
1104,Krisha,Murthy,krisha.murthy315@gmail.com,08585497334,Kolkata,East Province,India,344375,VIP,2023-12-22,True
1105,Varsha,Palla,varsha.palla762@hotmail.com,4419866524,Ranchi,East Province,India,415747,Premium,2026-03-11,True
1106,Tanish,Jaggi,tanish.jaggi289@hotmail.com,08421993308,Kochi,South Province,India,301657,Regular,2023-03-26,True
1107,Harish,Devan,harish.devan827@gmail.com,2677345401,Nagpur,West Province,India,802620,Regular,2025-10-22,True
1108,Mekhala,Tandon,mekhala.tandon556@gmail.com,4004991547,Bhubaneswar,East Province,India,287431,Regular,2025-06-28,True
1109,Ganga,Gaba,ganga.gaba95@hotmail.com,04205493296,Ujjain,Central Province,India,851612,Premium,2022-02-25,True
1110,Logan,Sood,logan.sood276@yahoo.com,+910463745499,Bhubaneswar,East Province,India,453017,Regular,2022-04-13,True
1111,Damyanti,Dutta,damyanti.dutta910@yahoo.com,8414593327,Ahmedabad,West Province,India,795687,Regular,2026-04-08,True
1112,Tejas,Kota,tejas.kota491@hotmail.com,1878519108,Patna,East Province,India,982258,Regular,2022-06-17,True
1113,Riya,Dada,riya.dada80@hotmail.com,+919718707286,Pune,West Province,India,908740,VIP,2025-08-24,True
1114,Meghana,Kumar,meghana.kumar869@gmail.com,3910651801,Jaipur,North Province,India,046226,Regular,2023-02-13,True
1115,Kavya,Raja,kavya.raja127@yahoo.com,06182512868,Kochi,South Province,India,300478,Premium,2025-10-03,True
1116,Panini,Wali,panini.wali630@yahoo.com,+913752431069,Ahmedabad,West Province,India,331190,Premium,2022-12-10,True
1117,Sanya,Bava,sanya.bava120@gmail.com,0673830284,Jaipur,North Province,India,959953,Premium,2023-09-30,False
1118,Chasmum,Dhar,chasmum.dhar416@hotmail.com,3644089268,Ujjain,Central Province,India,056856,Occasional,2024-02-08,True
1119,Nilima,Dixit,nilima.dixit258@yahoo.com,02873342708,Ujjain,Central Province,India,688263,Regular,2025-07-08,True
1120,Aadhya,Jani,aadhya.jani589@yahoo.com,1751830469,Bhopal,Central Province,India,139837,VIP,2026-06-19,True
1121,Sathvik,Natarajan,sathvik.natarajan80@yahoo.com,+913317393638,Siliguri,East Province,India,467854,Premium,2024-01-29,True
1122,Advika,Parsa,advika.parsa453@hotmail.com,07175355609,Guwahati,East Province,India,204899,Occasional,2022-08-05,True
1123,Omisha,Merchant,omisha.merchant455@gmail.com,+915369378547,Siliguri,East Province,India,725228,Regular,2022-11-10,True
1124,Vrinda,Gour,vrinda.gour803@hotmail.com,0801006231,Goa,West Province,India,038750,Premium,2025-01-07,True
1125,Vasudha,Sura,vasudha.sura882@gmail.com,+918860084840,Raipur,Central Province,India,211823,Regular,2023-10-23,False
1126,Rehaan,Vyas,rehaan.vyas778@yahoo.com,04615679334,Surat,West Province,India,016668,Premium,2023-05-15,True
1127,Vamakshi,Bhalla,vamakshi.bhalla516@hotmail.com,+912176591803,Patna,East Province,India,974014,Occasional,2022-02-28,True
1128,Bachittar,Gola,bachittar.gola274@yahoo.com,+913926142939,Hyderabad,South Province,India,856218,Regular,2026-06-22,True
1129,Hiral,Bera,hiral.bera539@gmail.com,03159996504,Goa,West Province,India,735866,Occasional,2022-01-21,True
1130,Quincy,Rai,quincy.rai786@gmail.com,4311426265,Guwahati,East Province,India,110475,Regular,2025-02-11,True
1131,Anamika,Chaudry,anamika.chaudry27@gmail.com,+912678886101,Guwahati,East Province,India,819956,Regular,2026-06-12,True
1132,Advik,Manne,advik.manne605@yahoo.com,01839826224,Hyderabad,South Province,India,472126,Regular,2025-09-21,True
1133,Anya,Sama,anya.sama573@yahoo.com,01543799371,Surat,West Province,India,406596,Regular,2026-03-08,True
1134,Forum,Sarraf,forum.sarraf246@yahoo.com,09245937526,Ahmedabad,West Province,India,479356,Regular,2023-05-30,True
1135,Avni,Ramaswamy,avni.ramaswamy983@yahoo.com,+919398280737,Gurugram,North Province,India,167243,VIP,2025-01-02,True
1136,Zayyan,Dube,zayyan.dube293@hotmail.com,06179796886,Mysuru,South Province,India,589113,VIP,2024-09-18,False
1137,Isha,Ganesan,isha.ganesan112@hotmail.com,0965610143,Gwalior,Central Province,India,756798,Corporate,2023-08-03,True
1138,Matthew,Pai,matthew.pai24@gmail.com,01461125457,Pune,West Province,India,875717,VIP,2023-09-12,True
1139,Sneha,Nagar,sneha.nagar309@gmail.com,00105123828,Delhi,North Province,India,586736,Premium,2025-02-07,True
1140,Qarin,Grewal,qarin.grewal597@hotmail.com,6609379660,Kolkata,East Province,India,341918,Regular,2022-01-26,True
1141,Rachit,Pau,rachit.pau268@yahoo.com,+917147859696,Pune,West Province,India,557924,Occasional,2022-04-16,True
1142,Frado,Desai,frado.desai85@yahoo.com,+913412528669,Chandigarh,North Province,India,966278,Premium,2024-10-04,True
1143,Oscar,Ganesan,oscar.ganesan981@yahoo.com,02257905072,Chennai,South Province,India,688767,Regular,2025-02-26,False
1144,Ojasvi,Sawhney,ojasvi.sawhney436@yahoo.com,+911903404384,Noida,North Province,India,797881,Premium,2026-04-15,True
1145,Ishaan,Loyal,ishaan.loyal471@hotmail.com,08078361340,Coimbatore,South Province,India,451713,Occasional,2024-02-19,True
1146,Shaurya,Panchal,shaurya.panchal592@hotmail.com,6292330958,Jabalpur,Central Province,India,982544,Premium,2023-09-18,True
1147,Amara,Varkey,amara.varkey226@hotmail.com,+912604223253,Jaipur,North Province,India,729466,Regular,2025-07-05,True
1148,Siya,Borra,siya.borra86@hotmail.com,+916845775901,Chennai,South Province,India,518636,Regular,2025-02-04,True
1149,Siddharth,Talwar,siddharth.talwar43@yahoo.com,04589297500,Jabalpur,Central Province,India,701277,Regular,2023-08-20,True
1150,Aadi,Sangha,aadi.sangha249@gmail.com,2424154152,Kolkata,East Province,India,643611,Occasional,2025-11-08,True
1151,Aarav,Kala,aarav.kala445@yahoo.com,+912938700516,Ujjain,Central Province,India,713611,Regular,2023-02-10,True
1152,Harshil,Munshi,harshil.munshi83@yahoo.com,02622189092,Hyderabad,South Province,India,532697,Regular,2022-10-19,True
1153,Teerth,Chadha,teerth.chadha953@gmail.com,+911965652341,Ujjain,Central Province,India,899940,Regular,2025-03-11,True
1154,Charvi,Jha,charvi.jha975@hotmail.com,8364037613,Nagpur,West Province,India,918055,Regular,2024-04-04,True
1155,Kevin,Ram,kevin.ram50@hotmail.com,05827109104,Kolkata,East Province,India,006848,Occasional,2025-05-09,True
1156,Ojasvi,Sampath,ojasvi.sampath103@hotmail.com,01889241418,Raipur,Central Province,India,285691,Regular,2022-02-22,True
1157,Dayita,Sarkar,dayita.sarkar793@hotmail.com,+910316179904,Gwalior,Central Province,India,102027,Premium,2022-02-12,True
1158,Idika,Virk,idika.virk541@hotmail.com,4252410564,Jaipur,North Province,India,491778,Premium,2024-08-21,True
1159,Jagvi,Bhakta,jagvi.bhakta660@yahoo.com,2524191380,Coimbatore,South Province,India,030756,Corporate,2024-06-11,False
1160,Mason,Gola,mason.gola351@gmail.com,6353654195,Patna,East Province,India,802380,Regular,2024-04-16,True
1161,Nandini,Biswas,invalid_user_at_domain_com,04518705349,Hyderabad,South Province,India,937597,Premium,2024-04-23,True
1162,Rohan,Korpal,rohan.korpal475@gmail.com,+916038505064,Ranchi,East Province,India,383670,Regular,2022-03-17,True
1163,Lucky,Mammen,lucky.mammen854@gmail.com,+913865719182,Chandigarh,North Province,India,199062,Occasional,2024-11-19,True
1164,Warjas,Manne,warjas.manne65@yahoo.com,06557431329,Jabalpur,Central Province,India,212775,Regular,2024-04-26,True
1165,Niharika,Dara,niharika.dara788@hotmail.com,03747411249,Siliguri,East Province,India,352135,Regular,2024-06-24,True
1166,Meghana,Varghese,meghana.varghese911@gmail.com,4420678831,Hyderabad,South Province,India,121003,Premium,2024-06-16,True
1167,Kalpit,Hora,kalpit.hora172@yahoo.com,01994101372,Indore,Central Province,India,510702,Regular,2025-12-24,True
1168,Rachita,Rana,rachita.rana871@yahoo.com,+916625324472,Kolkata,East Province,India,999347,Occasional,2023-04-06,True
1169,Nisha,Srinivas,nisha.srinivas520@gmail.com,+914626383806,Gurugram,North Province,India,787598,Occasional,2022-11-12,True
1170,Ekanta,Rama,ekanta.rama493@yahoo.com,+910593040785,Surat,West Province,India,213348,Regular,2024-09-15,True
1171,Daksh,Kanda,daksh.kanda530@hotmail.com,05223955905,Bhubaneswar,East Province,India,937842,VIP,2025-05-12,True
1172,Vritti,Barad,vritti.barad818@gmail.com,+913930870593,Lucknow,North Province,India,525002,Occasional,2026-05-02,True
1173,Lucky,Choudhry,lucky.choudhry299@hotmail.com,01569154522,Raipur,Central Province,India,752895,VIP,2022-01-06,True
1174,Udant,Gill,udant.gill896@yahoo.com,04220969029,Ujjain,Central Province,India,939172,Regular,2024-09-29,True
1175,Garima,Brahmbhatt,garima.brahmbhatt791@gmail.com,05215704331,Ahmedabad,West Province,India,410067,Premium,2025-02-04,True
1176,Oni,Ganesan,oni.ganesan254@yahoo.com,06586179327,Pune,West Province,India,040541,Premium,2025-11-29,True
1177,Ethan,Oommen,ethan.oommen772@gmail.com,02181599706,Kolkata,East Province,India,962015,Premium,2023-10-14,True
1178,Samesh,Gupta,samesh.gupta821@yahoo.com,8844431069,Guwahati,East Province,India,205061,Corporate,2025-09-21,False
1179,Chaitaly,Srinivasan,chaitaly.srinivasan524@gmail.com,+910324171467,Kolkata,East Province,India,418625,Occasional,2022-09-16,True
1180,Lakshmi,Pingle,lakshmi.pingle548@gmail.com,00477434902,Chandigarh,North Province,India,158693,Occasional,2022-07-24,True
1181,Darsh,Ram,darsh.ram168@hotmail.com,08793741608,Kochi,South Province,India,172233,Regular,2025-09-02,True
1182,Jonathan,Basak,jonathan.basak719@yahoo.com,+916329451168,Ahmedabad,West Province,India,854870,Regular,2025-06-30,True
1183,Oni,Chowdhury,oni.chowdhury399@yahoo.com,+912999119148,Nagpur,West Province,India,646799,Occasional,2024-12-28,True
1184,Urvashi,Barad,urvashi.barad642@gmail.com,06299606530,Ranchi,East Province,India,450544,Regular,2022-03-15,True
1185,Avni,Swamy,avni.swamy102@hotmail.com,1324754691,Pune,West Province,India,736785,Regular,2026-03-10,True
1186,Daksh,Varma,daksh.varma720@gmail.com,+914862890233,Chandigarh,North Province,India,307053,Regular,2022-12-07,True
1187,Anusha,Pillay,anusha.pillay377@yahoo.com,6103579727,Mumbai,West Province,India,524140,Regular,2023-08-24,True
1188,Libni,Bawa,libni.bawa708@gmail.com,3333468007,Jabalpur,Central Province,India,290349,VIP,2025-03-05,True
1189,Dalaja,Maharaj,dalaja.maharaj644@yahoo.com,05743748969,Noida,North Province,India,085899,Premium,2024-02-23,True
1190,Barkha,Misra,barkha.misra482@hotmail.com,+917154544432,Indore,Central Province,India,096520,Premium,2023-04-21,True
1191,Widisha,Merchant,widisha.merchant703@yahoo.com,06609935387,Chandigarh,North Province,India,842824,Premium,2023-08-13,True
1192,Gunbir,Sinha,gunbir.sinha664@gmail.com,4825135346,Goa,West Province,India,549471,Occasional,2023-09-05,True
1193,Upma,Bera,upma.bera403@hotmail.com,9917381684,Patna,East Province,India,022356,Occasional,2023-02-12,True
1194,Tanvi,Dhar,tanvi.dhar598@yahoo.com,2175250074,Ranchi,East Province,India,292712,Regular,2024-01-06,True
1195,Radha,Sanghvi,radha.sanghvi291@yahoo.com,07600835058,Gurugram,North Province,India,003354,Regular,2024-03-21,True
1196,Kai,Chauhan,kai.chauhan518@yahoo.com,9421044789,Noida,North Province,India,625753,Corporate,2026-03-07,True
1197,Nitesh,Raval,nitesh.raval234@gmail.com,+913230982150,Coimbatore,South Province,India,489090,Premium,2023-12-23,True
1198,Hritik,Bahri,hritik.bahri935@gmail.com,1676184723,Mysuru,South Province,India,461849,Premium,2022-07-18,True
1199,Laksh,Sahota,laksh.sahota383@gmail.com,9141173934,Kolkata,East Province,India,564208,VIP,2025-04-01,True
1200,Watika,Johal,watika.johal435@hotmail.com,05300119721,Ahmedabad,West Province,India,143744,Regular,2026-03-11,True
1201,Ucchal,Bedi,ucchal.bedi523@gmail.com,+910455611002,Raipur,Central Province,India,557941,Occasional,2024-12-23,True
1202,Kashish,Oommen,kashish.oommen774@gmail.com,+916674676212,Surat,West Province,India,216979,Occasional,2023-08-28,True
1203,Raksha,Golla,raksha.golla782@hotmail.com,05902771670,Kolkata,East Province,India,450899,Occasional,2022-10-16,True
1204,Udarsh,Nigam,udarsh.nigam102@hotmail.com,9163756289,Ranchi,East Province,India,028772,VIP,2024-01-20,True
1205,Falan,Swamy,falan.swamy387@yahoo.com,+915408386631,Bhopal,Central Province,India,797177,Premium,2024-07-20,True
1206,Diya,Dani,diya.dani972@yahoo.com,0166088019,Jabalpur,Central Province,India,883755,Regular,2025-07-31,True
1207,Chatura,Kapoor,chatura.kapoor915@yahoo.com,08997571130,Kolkata,East Province,India,548851,Occasional,2025-06-22,True
1208,Chakradev,Gala,chakradev.gala74@yahoo.com,+916149331637,Indore,Central Province,India,516091,Premium,2025-08-19,True
1209,Shravya,Shankar,shravya.shankar129@hotmail.com,8270808697,Nagpur,West Province,India,922169,Regular,2024-04-16,False
1210,Ekanta,Thaman,ekanta.thaman109@yahoo.com,09346547226,Surat,West Province,India,858333,Regular,2022-08-26,True
1211,Bina,Pai,bina.pai696@hotmail.com,+912885158799,Guwahati,East Province,India,846081,Occasional,2024-01-30,True
1212,Aryan,Raj,aryan.raj770@gmail.com,+910342442043,Jabalpur,Central Province,India,571983,VIP,2025-04-17,True
1213,Lopa,Khanna,lopa.khanna427@hotmail.com,4066658004,Chandigarh,North Province,India,973598,Occasional,2025-06-14,True
1214,Ronith,Hari,ronith.hari465@yahoo.com,02122816064,Pune,West Province,India,229405,Occasional,2024-06-27,True
1215,Unnati,Dubey,unnati.dubey567@gmail.com,+915909479851,Gurugram,North Province,India,832818,Occasional,2024-01-23,True
1216,Nathaniel,Sagar,nathaniel.sagar204@hotmail.com,6153355543,Chandigarh,North Province,India,801573,Occasional,2023-07-20,False
1217,Yagnesh,Baral,yagnesh.baral227@hotmail.com,06164840858,Kolkata,East Province,India,704358,Premium,2025-09-19,True
1218,Fitan,Char,fitan.char351@gmail.com,8013361386,Delhi,North Province,India,207501,Regular,2026-05-31,True
1219,Ethan,Bhagat,ethan.bhagat859@gmail.com,08193466766,Indore,Central Province,India,061809,VIP,2022-05-21,True
1220,Dev,Bath,dev.bath802@hotmail.com,+915814491476,Chennai,South Province,India,072832,Regular,2023-11-04,True
1221,Mahika,Merchant,mahika.merchant143@hotmail.com,+914508821009,Lucknow,North Province,India,881435,Premium,2022-10-24,True
1222,Siddharth,Sachar,siddharth.sachar144@hotmail.com,2223943129,Gurugram,North Province,India,878141,Regular,2022-02-22,True
1223,Zashil,Chaudhari,zashil.chaudhari26@gmail.com,9755231491,Coimbatore,South Province,India,577594,Regular,2023-10-26,True
1224,Michael,Patla,michael.patla773@yahoo.com,02053364525,Ranchi,East Province,India,775478,Regular,2022-08-21,True
1225,Ikbal,Gill,ikbal.gill121@hotmail.com,1428341108,Goa,West Province,India,996930,Premium,2025-04-30,True
1226,Abha,Zacharia,abha.zacharia812@yahoo.com,2563942788,Bhopal,Central Province,India,658039,Occasional,2026-01-29,True
1227,Noah,Varkey,noah.varkey997@gmail.com,02299275037,Surat,West Province,India,145303,Regular,2025-08-10,False
1228,Zarna,Patel,zarna.patel120@yahoo.com,07005184498,Guwahati,East Province,India,665918,Premium,2025-11-06,True
1229,Zayan,Puri,zayan.puri632@gmail.com,6557790827,Delhi,North Province,India,318432,Regular,2023-10-22,True
1230,Rachit,Dugar,rachit.dugar571@yahoo.com,1365177739,Ujjain,Central Province,India,603029,VIP,2025-04-13,True
1231,Naveen,Desai,naveen.desai474@hotmail.com,0920242869,Gwalior,Central Province,India,413797,Premium,2023-08-27,True
1232,Vasatika,Garde,vasatika.garde908@gmail.com,09292984257,Gurugram,North Province,India,366210,VIP,2025-08-26,True
1233,Samaksh,Virk,samaksh.virk919@hotmail.com,6291279908,Kochi,South Province,India,172980,Regular,2024-07-13,True
1234,Raagini,Vig,raagini.vig757@yahoo.com,00863765991,Guwahati,East Province,India,247314,Regular,2024-05-01,True
1235,Nilima,Kurian,nilima.kurian713@gmail.com,+910981806356,Ahmedabad,West Province,India,126944,Occasional,2022-11-09,True
1236,Pallavi,Pau,pallavi.pau108@hotmail.com,06368872588,Delhi,North Province,India,449562,VIP,2024-06-03,True
1237,Jagat,Karpe,jagat.karpe610@yahoo.com,2138658902,Coimbatore,South Province,India,012796,Occasional,2022-05-03,True
1238,Gaurang,Bhatt,gaurang.bhatt904@yahoo.com,+915190669849,Chandigarh,North Province,India,277038,Premium,2023-12-26,True
1239,Bhavika,Hayer,bhavika.hayer329@gmail.com,8839205302,Lucknow,North Province,India,465669,Regular,2025-05-14,True
1240,Sai,Vasa,sai.vasa503@gmail.com,1184895543,Chennai,South Province,India,769042,Regular,2025-09-06,True
1241,Niharika,Toor,niharika.toor790@gmail.com,1845184894,Raipur,Central Province,India,697357,Regular,2022-08-24,True
1242,Triveni,Bala,triveni.bala848@yahoo.com,+914163356588,Ranchi,East Province,India,434165,Premium,2026-04-21,True
1243,Faqid,Gokhale,faqid.gokhale961@yahoo.com,05394237333,Bhopal,Central Province,India,333395,Premium,2025-06-01,True
1244,Nachiket,Chhabra,nachiket.chhabra729@gmail.com,+917908075957,Jaipur,North Province,India,728463,VIP,2023-07-14,False
1245,Kabir,Bhagat,kabir.bhagat900@hotmail.com,07808562718,Mumbai,West Province,India,500369,Regular,2023-01-07,True
1246,Harrison,Nanda,harrison.nanda658@yahoo.com,4284347955,Jaipur,North Province,India,763655,Occasional,2026-02-26,True
1247,Nandini,Mammen,nandini.mammen439@yahoo.com,+919293143866,Indore,Central Province,India,227026,Premium,2024-02-10,True
1248,Xalak,Desai,xalak.desai805@hotmail.com,8574489061,Nagpur,West Province,India,034717,Occasional,2023-10-27,True
1249,Gaurika,Lad,gaurika.lad782@yahoo.com,08845061593,Jaipur,North Province,India,455877,Premium,2022-11-19,True
1250,Farhan,Raj,farhan.raj444@hotmail.com,07225699611,Surat,West Province,India,535544,Premium,2025-09-17,True
1251,Megha,Madan,megha.madan534@yahoo.com,09876220234,Pune,West Province,India,326111,Regular,2026-03-27,True
1252,Urvashi,Bhagat,urvashi.bhagat617@gmail.com,08114921643,Nagpur,West Province,India,472282,Premium,2025-10-21,True
1253,Ayush,Banerjee,ayush.banerjee623@hotmail.com,05778487282,Jaipur,North Province,India,968845,Regular,2024-03-20,True
1254,Vasatika,Zacharia,vasatika.zacharia271@gmail.com,+917456424008,Chennai,South Province,India,547807,Regular,2026-04-15,True
1255,Vansha,Mistry,vansha.mistry189@gmail.com,04930853686,Siliguri,East Province,India,326634,Regular,2024-05-31,True
1256,Fariq,Sami,fariq.sami863@hotmail.com,+918944846312,Coimbatore,South Province,India,417974,Premium,2025-02-18,True
1257,Vyanjana,Guha,vyanjana.guha456@yahoo.com,+912080214427,Siliguri,East Province,India,312073,Regular,2022-03-28,False
1258,Hema,Salvi,hema.salvi597@yahoo.com,05705120461,Goa,West Province,India,234601,Regular,2024-05-29,True
1259,Yuvraj,Rajan,yuvraj.rajan31@yahoo.com,+910371837645,Mumbai,West Province,India,088147,Occasional,2024-04-09,True
1260,Chanchal,Issac,chanchal.issac951@yahoo.com,+913136502491,Jabalpur,Central Province,India,300979,Regular,2025-11-13,True
1261,Mohammed,Prabhu,mohammed.prabhu613@gmail.com,+912719500528,Jaipur,North Province,India,273585,Regular,2024-06-11,True
1262,Reva,Hans,reva.hans236@gmail.com,6524077848,Nagpur,West Province,India,392855,Regular,2023-11-27,True
1263,Upadhriti,Maharaj,upadhriti.maharaj553@hotmail.com,2182744857,Ujjain,Central Province,India,862095,Premium,2022-08-22,True
1264,William,Nagi,william.nagi991@hotmail.com,+918638782945,Ahmedabad,West Province,India,511810,Corporate,2026-01-29,True
1265,Kai,Gokhale,kai.gokhale272@gmail.com,+911731096789,Bengaluru,South Province,India,053910,Regular,2022-10-27,True
1266,Sathvik,Swamy,sathvik.swamy653@gmail.com,00586509480,Jaipur,North Province,India,413811,Premium,2026-05-02,True
1267,Vihaan,Wali,vihaan.wali956@yahoo.com,+913839288619,Jabalpur,Central Province,India,761228,Occasional,2025-10-26,True
1268,Neelima,Thaman,neelima.thaman333@yahoo.com,2897558556,Raipur,Central Province,India,593983,Regular,2025-07-08,True
1269,Keya,Kumar,keya.kumar825@yahoo.com,07600490824,Siliguri,East Province,India,433504,Regular,2023-09-13,True
1270,Yasti,Dubey,yasti.dubey482@gmail.com,+917522459334,Bhopal,Central Province,India,196931,Premium,2023-09-28,True
1271,Ekta,Subramanian,ekta.subramanian894@gmail.com,09194096105,Mumbai,West Province,India,661390,Occasional,2025-08-13,True
1272,Lavanya,Bhagat,lavanya.bhagat483@yahoo.com,0589258320,Gwalior,Central Province,India,799813,Premium,2024-02-27,False
1273,Rachana,Mann,rachana.mann677@yahoo.com,+912517908641,Chandigarh,North Province,India,862278,Regular,2025-03-16,True
1274,Rudra,Sura,rudra.sura471@yahoo.com,9389833146,Indore,Central Province,India,911665,Regular,2022-05-07,True
1275,Ijaya,Halder,ijaya.halder526@yahoo.com,09042597927,Nagpur,West Province,India,335211,Premium,2022-06-22,True
1276,Chatura,Kibe,chatura.kibe545@hotmail.com,+914051477053,Guwahati,East Province,India,388487,Premium,2024-12-09,True
1277,Lohit,Badami,lohit.badami803@yahoo.com,8042043940,Surat,West Province,India,016451,Regular,2024-04-17,True
1278,Anirudh,Master,anirudh.master106@hotmail.com,03681579812,Mumbai,West Province,India,878003,Premium,2023-11-07,True
1279,Dalaja,Nath,dalaja.nath997@yahoo.com,02055543840,Nagpur,West Province,India,608432,Occasional,2025-09-06,True
1280,Harita,Ramaswamy,harita.ramaswamy689@hotmail.com,+911689363926,Mumbai,West Province,India,957823,Regular,2025-04-08,True
1281,Lakshit,Jain,lakshit.jain735@gmail.com,08262925188,Bhubaneswar,East Province,India,252056,Occasional,2025-05-03,True
1282,Nisha,Mitter,nisha.mitter346@yahoo.com,4231220994,Siliguri,East Province,India,933051,Corporate,2026-06-10,True
1283,Vansha,Desai,vansha.desai696@hotmail.com,7526772233,Bhopal,Central Province,India,604633,Regular,2025-08-16,True
1284,Samarth,Bhatti,samarth.bhatti983@gmail.com,09757366096,Ahmedabad,West Province,India,699988,Regular,2023-01-05,False
1285,Balvan,Verma,balvan.verma150@gmail.com,07038860868,Bhubaneswar,East Province,India,347644,Regular,2023-04-09,True
1286,Triya,Ganesan,triya.ganesan562@yahoo.com,09082771812,Noida,North Province,India,665702,Corporate,2026-04-28,True
1287,Sudiksha,Jaggi,sudiksha.jaggi907@yahoo.com,+914521117518,Gurugram,North Province,India,892686,VIP,2023-11-21,True
1288,Caleb,Garde,caleb.garde195@yahoo.com,2222064474,Bhubaneswar,East Province,India,123094,Corporate,2022-11-29,True
1289,Advik,Shanker,advik.shanker54@yahoo.com,08097339776,Mysuru,South Province,India,199038,Regular,2024-06-15,True
1290,Arunima,Johal,arunima.johal301@gmail.com,+912050209945,Kochi,South Province,India,016224,VIP,2025-06-04,True
1291,Peter,Shah,peter.shah326@hotmail.com,5014556168,Coimbatore,South Province,India,472145,Occasional,2023-05-05,True
1292,Odika,Vohra,odika.vohra979@gmail.com,3901981794,Hyderabad,South Province,India,954899,Premium,2025-10-21,True
1293,Irya,Dayal,irya.dayal550@hotmail.com,7877293430,Surat,West Province,India,071396,Regular,2024-10-26,True
1294,Odika,Bath,odika.bath903@yahoo.com,08303441448,Coimbatore,South Province,India,015569,Regular,2022-10-11,True
1295,Ayush,Gill,ayush.gill738@gmail.com,05770272785,Goa,West Province,India,608495,Corporate,2022-07-30,True
1296,Anirudh,Joshi,anirudh.joshi174@hotmail.com,5512405682,Mumbai,West Province,India,291450,Regular,2026-04-12,True
1297,Anita,Sachdev,anita.sachdev979@gmail.com,03574384215,Kochi,South Province,India,317807,Occasional,2022-07-07,True
1298,Xiti,Dube,xiti.dube64@gmail.com,07845218230,Mumbai,West Province,India,681040,Regular,2024-04-29,True
1299,Gagan,Nath,gagan.nath239@yahoo.com,+911840943533,Kolkata,East Province,India,485714,Regular,2024-02-07,False
1300,Manthan,Dugar,manthan.dugar49@yahoo.com,+910988138585,Pune,West Province,India,249321,Regular,2022-10-09,True
1301,Deepa,Nigam,deepa.nigam469@hotmail.com,00207016016,Mysuru,South Province,India,299795,Premium,2024-08-18,True
1302,Devika,Natarajan,devika.natarajan865@gmail.com,8179217174,Lucknow,North Province,India,733294,Regular,2023-03-18,False
1303,Januja,Ramanathan,januja.ramanathan123@gmail.com,5577017157,Gwalior,Central Province,India,245992,VIP,2024-05-16,True
1304,Yashoda,Chauhan,yashoda.chauhan439@yahoo.com,1581487696,Delhi,North Province,India,938276,Premium,2023-05-04,True
1305,Dominic,Oak,dominic.oak621@gmail.com,9669583219,Delhi,North Province,India,199758,Premium,2024-10-20,True
1306,Gunbir,Saxena,gunbir.saxena157@gmail.com,06191965701,Indore,Central Province,India,290227,Regular,2026-01-11,True
1307,Bishakha,Ramakrishnan,bishakha.ramakrishnan436@hotmail.com,7335494651,Pune,West Province,India,986240,Regular,2025-03-14,True
1308,Kala,Bera,kala.bera986@gmail.com,8514036965,Raipur,Central Province,India,666832,Premium,2022-05-19,True
1309,Vaishnavi,Dewan,vaishnavi.dewan409@gmail.com,6562422010,Gwalior,Central Province,India,762126,Occasional,2022-02-11,True
1310,Tamanna,Sandal,tamanna.sandal775@hotmail.com,+917868765326,Patna,East Province,India,973846,Regular,2023-06-04,True
1311,Jeevika,Bandi,jeevika.bandi682@gmail.com,7519712847,Pune,West Province,India,891371,Premium,2026-02-10,True
1312,Devika,Bera,devika.bera370@yahoo.com,0778795654,Pune,West Province,India,209494,Premium,2022-04-01,True
1313,Darsh,Solanki,darsh.solanki722@hotmail.com,+919049047128,Mysuru,South Province,India,442944,Premium,2024-08-09,True
1314,Aarini,Atwal,aarini.atwal804@hotmail.com,+919292752437,Bengaluru,South Province,India,805129,Occasional,2026-01-06,True
1315,Mitesh,Tandon,mitesh.tandon214@yahoo.com,03723950410,Bengaluru,South Province,India,767478,Occasional,2026-06-09,True
1316,Vivaan,Raghavan,vivaan.raghavan844@hotmail.com,6742860476,Goa,West Province,India,801856,Premium,2024-03-26,True
1317,Anjali,Nayak,anjali.nayak892@yahoo.com,01496739385,Hyderabad,South Province,India,580010,VIP,2024-01-02,True
1318,Nisha,Chaudhari,nisha.chaudhari828@hotmail.com,+917534430091,Ahmedabad,West Province,India,939111,Regular,2022-09-12,True
1319,Kalpit,Prashad,kalpit.prashad201@hotmail.com,9212447174,Guwahati,East Province,India,542140,Premium,2023-11-26,True
1320,Lavanya,Rama,lavanya.rama94@yahoo.com,+914427173962,Raipur,Central Province,India,128639,VIP,2026-06-29,True
1321,Hitesh,Sathe,hitesh.sathe310@hotmail.com,01011947072,Indore,Central Province,India,064256,Regular,2025-01-22,True
1322,Aarush,Varma,aarush.varma627@hotmail.com,07661830671,Ahmedabad,West Province,India,546015,VIP,2024-07-02,True
1323,Harini,Buch,harini.buch53@yahoo.com,03280634615,Patna,East Province,India,173203,VIP,2024-07-04,True
1324,Aryan,Khare,aryan.khare664@yahoo.com,01847870050,Jabalpur,Central Province,India,061387,Occasional,2023-07-17,False
1325,Manthan,Kaul,manthan.kaul425@gmail.com,+912707903202,Gurugram,North Province,India,417929,Regular,2025-07-29,True
1326,Devansh,Cherian,devansh.cherian879@gmail.com,09931365651,Bengaluru,South Province,India,530925,Premium,2022-10-20,True
1327,Dev,Dara,dev.dara251@yahoo.com,+916258273902,Jaipur,North Province,India,962071,VIP,2022-05-18,True
1328,Abeer,Amble,abeer.amble629@gmail.com,+919467232487,Ranchi,East Province,India,329092,Regular,2022-03-08,True
1329,Xalak,Chakrabarti,xalak.chakrabarti791@hotmail.com,05608331819,Ahmedabad,West Province,India,883734,Regular,2024-06-28,True
1330,Chatresh,Hari,chatresh.hari675@gmail.com,+917722005436,Surat,West Province,India,597010,Regular,2023-10-06,False
1331,Patrick,Dugar,patrick.dugar521@gmail.com,08113799563,Gurugram,North Province,India,315313,Premium,2023-01-17,True
1332,Nitara,Iyengar,nitara.iyengar276@yahoo.com,+911797062397,Lucknow,North Province,India,652735,VIP,2026-05-07,True
1333,Anamika,Jain,anamika.jain948@yahoo.com,+910904217762,Raipur,Central Province,India,349292,Occasional,2025-11-22,True
1334,Victor,Chadha,victor.chadha186@yahoo.com,7397740633,Bengaluru,South Province,India,693929,Occasional,2024-07-14,True
1335,Abdul,Sahni,abdul.sahni693@gmail.com,+917806867177,Gurugram,North Province,India,180632,Regular,2023-10-17,True
1336,Jagrati,Merchant,jagrati.merchant881@gmail.com,1074279907,Raipur,Central Province,India,262570,Regular,2023-09-07,True
1337,Ekavir,Rajan,ekavir.rajan239@hotmail.com,08046498931,Hyderabad,South Province,India,085016,Regular,2024-11-07,True
1338,Jasmit,Shroff,jasmit.shroff515@hotmail.com,+915528183253,Chennai,South Province,India,793355,Regular,2026-06-07,True
1339,Amara,Thakur,amara.thakur142@hotmail.com,04015577881,Surat,West Province,India,884795,Premium,2025-02-03,True
1340,Dominic,Guha,dominic.guha746@yahoo.com,+911624112412,Surat,West Province,India,238046,Premium,2026-01-08,True
1341,Kevin,Som,kevin.som138@yahoo.com,07043103856,Ranchi,East Province,India,579887,Occasional,2022-06-01,True
1342,Tanvi,Modi,tanvi.modi539@hotmail.com,+914243754025,Guwahati,East Province,India,729284,Regular,2025-10-24,True
1343,Qabil,Gill,qabil.gill196@hotmail.com,2231059274,Ujjain,Central Province,India,238055,VIP,2025-04-18,True
1344,Manbir,Pradhan,manbir.pradhan540@yahoo.com,2841067275,Bhopal,Central Province,India,088547,Regular,2022-09-12,True
1345,Bimala,Din,bimala.din364@hotmail.com,7517028140,Nagpur,West Province,India,937515,Occasional,2023-04-07,True
1346,Christopher,Hayer,christopher.hayer211@hotmail.com,3430187186,Mumbai,West Province,India,759980,Premium,2023-05-29,True
1347,Jalsa,Rao,jalsa.rao639@gmail.com,6565045547,Mysuru,South Province,India,376742,Premium,2023-09-13,True
1348,Panini,Sachdeva,panini.sachdeva167@gmail.com,9123478519,Coimbatore,South Province,India,106462,Regular,2025-04-04,True
1349,Turvi,Devan,turvi.devan52@gmail.com,+916487049478,Raipur,Central Province,India,300244,Corporate,2025-02-28,True
1350,Urmi,Dash,urmi.dash600@hotmail.com,4627301471,Gurugram,North Province,India,979647,Regular,2026-04-29,True
1351,Jagdish,Prakash,jagdish.prakash664@hotmail.com,9042902572,Jabalpur,Central Province,India,204565,Regular,2025-06-19,True
1352,Chanakya,Mann,chanakya.mann989@yahoo.com,1832192855,Raipur,Central Province,India,451895,Regular,2025-08-07,True
1353,Maanas,Arya,maanas.arya84@gmail.com,4576521328,Patna,East Province,India,389888,Premium,2024-07-17,True
1354,Ishaan,Sahni,ishaan.sahni218@yahoo.com,+911207545279,Guwahati,East Province,India,240132,Regular,2024-08-09,True
1355,Lucky,Karan,lucky.karan418@yahoo.com,+913216110760,Nagpur,West Province,India,108907,Regular,2023-12-09,True
1356,Jagat,Kulkarni,jagat.kulkarni257@gmail.com,+914011939325,Bhopal,Central Province,India,124955,Premium,2023-10-16,True
1357,Naveen,Tella,naveen.tella61@hotmail.com,3891190833,Chennai,South Province,India,280138,Regular,2022-07-18,True
1358,Vaishnavi,Peri,vaishnavi.peri995@hotmail.com,2712566383,Jabalpur,Central Province,India,151718,Occasional,2023-05-24,True
1359,Laban,Tandon,laban.tandon330@yahoo.com,4801571647,Goa,West Province,India,738646,Regular,2026-01-16,True
1360,Ranbir,Boase,ranbir.boase910@yahoo.com,5207167811,Jabalpur,Central Province,India,669121,Regular,2024-10-18,True
1361,Januja,Issac,januja.issac999@yahoo.com,+919613674994,Ranchi,East Province,India,579678,Regular,2024-07-25,True
1362,Arya,Din,arya.din516@yahoo.com,+911477320101,Delhi,North Province,India,026952,Premium,2023-07-31,True
1363,Chavvi,Char,chavvi.char18@gmail.com,8773477848,Patna,East Province,India,880061,Corporate,2025-01-04,True
1364,Leela,Sengupta,leela.sengupta792@yahoo.com,07700284276,Nagpur,West Province,India,467197,Regular,2024-01-20,True
1365,Upma,Soni,upma.soni209@hotmail.com,+918064796954,Noida,North Province,India,009025,Regular,2025-02-24,True
1366,Ikshita,Bala,ikshita.bala792@hotmail.com,06165565033,Ranchi,East Province,India,491141,Premium,2024-07-11,True
1367,Geetika,Gara,geetika.gara131@gmail.com,5076986407,Ujjain,Central Province,India,569659,Regular,2025-06-05,True
1368,Guneet,Suresh,guneet.suresh971@gmail.com,3578529456,Ahmedabad,West Province,India,718344,Regular,2025-02-16,True
1369,Champak,Mishra,champak.mishra522@hotmail.com,03919195419,Gwalior,Central Province,India,635148,Regular,2024-04-02,True
1370,Charita,Sant,charita.sant477@hotmail.com,5366498782,Surat,West Province,India,829737,Regular,2024-11-29,True
1371,Amrita,Walia,amrita.walia336@hotmail.com,09083572324,Hyderabad,South Province,India,651364,Regular,2025-06-09,False
1372,Bhavini,Dyal,bhavini.dyal529@yahoo.com,9363123034,Goa,West Province,India,786603,Corporate,2023-11-20,True
1373,Nathaniel,Mahajan,nathaniel.mahajan845@gmail.com,+914482070015,Raipur,Central Province,India,165162,Regular,2024-08-30,True
1374,Warinder,Choudhury,warinder.choudhury325@hotmail.com,8189847139,Chandigarh,North Province,India,559636,VIP,2025-04-10,True
1375,Tejas,Dhawan,tejas.dhawan281@gmail.com,+913476490785,Noida,North Province,India,586734,Occasional,2024-08-29,True
1376,Maanav,Patil,maanav.patil748@yahoo.com,5409003486,Gwalior,Central Province,India,518376,Regular,2023-04-12,True
1377,Abhiram,Ramaswamy,abhiram.ramaswamy644@yahoo.com,01343275604,Ujjain,Central Province,India,776561,VIP,2026-01-16,True
1378,Naveen,Lal,naveen.lal980@hotmail.com,+915698570027,Bengaluru,South Province,India,063459,VIP,2025-03-18,True
1379,Fitan,Choudhry,fitan.choudhry165@gmail.com,+918296577242,Patna,East Province,India,431652,Regular,2024-05-07,True
1380,Maya,Purohit,maya.purohit903@hotmail.com,+910089317342,Gwalior,Central Province,India,696942,Corporate,2024-08-23,True
1381,Gaurav,Pillai,gaurav.pillai584@gmail.com,1086771333,Coimbatore,South Province,India,476263,Regular,2023-03-01,True
1382,Tanveer,Mandal,tanveer.mandal989@hotmail.com,3626204439,Jabalpur,Central Province,India,359710,Regular,2023-10-05,True
1383,Upasna,Deol,upasna.deol702@yahoo.com,6366941180,Goa,West Province,India,537599,VIP,2023-12-27,True
1384,Chakradev,Ahluwalia,chakradev.ahluwalia206@yahoo.com,9646528092,Goa,West Province,India,287572,Occasional,2024-09-18,True
1385,Gaurav,Nadig,gaurav.nadig799@hotmail.com,6241502745,Pune,West Province,India,449485,Regular,2023-09-02,True
1386,Rajata,Gala,rajata.gala367@yahoo.com,7287032032,Patna,East Province,India,742761,Premium,2024-09-09,False
1387,Warda,Baria,warda.baria597@yahoo.com,08777121513,Ahmedabad,West Province,India,228499,Premium,2022-09-07,True
1388,Simon,Agrawal,simon.agrawal833@hotmail.com,2613715041,Patna,East Province,India,591520,Regular,2026-05-03,True
1389,Finn,Sharma,finn.sharma681@hotmail.com,7749050975,Lucknow,North Province,India,304501,Regular,2024-06-24,True
1390,Lakshmi,Chanda,lakshmi.chanda965@yahoo.com,02361032664,Coimbatore,South Province,India,147649,Premium,2023-07-10,True
1391,Karan,Parmer,karan.parmer610@hotmail.com,+915837767499,Noida,North Province,India,165926,Regular,2026-02-26,True
1392,Pooja,Chander,pooja.chander248@gmail.com,5732788147,Indore,Central Province,India,174224,Regular,2025-07-30,True
1393,Yuvraj,Virk,yuvraj.virk799@yahoo.com,09081081866,Kolkata,East Province,India,794549,Regular,2025-10-27,False
1394,Finn,Thakur,finn.thakur967@gmail.com,+917226016459,Kochi,South Province,India,794523,Occasional,2025-08-30,True
1395,Qasim,Brar,qasim.brar302@hotmail.com,4168006102,Hyderabad,South Province,India,769749,Premium,2023-10-20,True
1396,Jalsa,Rana,jalsa.rana247@yahoo.com,+912203103037,Gurugram,North Province,India,368314,Premium,2025-03-21,True
1397,Ubika,Divan,ubika.divan913@yahoo.com,00122777079,Jaipur,North Province,India,349605,Corporate,2024-05-05,False
1398,Abhiram,Chauhan,abhiram.chauhan517@hotmail.com,6679984076,Chandigarh,North Province,India,899730,Regular,2026-06-02,True
1399,Anirudh,Sami,anirudh.sami315@hotmail.com,08146717957,Mumbai,West Province,India,024375,Premium,2022-01-19,True
1400,Raksha,Kata,raksha.kata666@hotmail.com,+919597246657,Ahmedabad,West Province,India,934172,Premium,2024-07-19,True
1401,Oscar,Iyengar,oscar.iyengar289@gmail.com,7167433800,Coimbatore,South Province,India,452280,Regular,2024-08-16,True
1402,Devansh,Nazareth,devansh.nazareth673@yahoo.com,+919318374550,Mysuru,South Province,India,289107,Regular,2024-07-28,True
1403,Tanvi,Choudhry,tanvi.choudhry700@gmail.com,9180812135,Ahmedabad,West Province,India,478712,VIP,2025-03-08,True
1404,Januja,Natt,januja.natt345@gmail.com,+913760375482,Guwahati,East Province,India,456532,Regular,2024-11-21,True
1405,Oviya,Kari,oviya.kari341@gmail.com,06678507208,Chennai,South Province,India,155626,Occasional,2024-09-04,True
1406,Darsh,Ramaswamy,darsh.ramaswamy781@gmail.com,2908466845,Bhubaneswar,East Province,India,048926,Regular,2024-07-03,True
1407,Sanaya,Jha,sanaya.jha21@hotmail.com,9756341085,Ujjain,Central Province,India,288431,Regular,2025-03-19,True
1408,Yasti,Muni,yasti.muni131@hotmail.com,02008943468,Bengaluru,South Province,India,054851,Premium,2025-09-29,True
1409,Champak,Dash,champak.dash328@yahoo.com,09075399893,Ujjain,Central Province,India,449268,Premium,2026-04-26,True
1410,Yug,Cheema,yug.cheema236@yahoo.com,9357126611,Ahmedabad,West Province,India,627371,Regular,2025-06-12,True
1411,Kala,Vora,kala.vora630@yahoo.com,8864976776,Kochi,South Province,India,282772,Regular,2026-03-12,True
1412,Yochana,Wadhwa,yochana.wadhwa855@gmail.com,3770285196,Ranchi,East Province,India,159408,Regular,2025-09-22,True
1413,Michael,Dalal,michael.dalal467@yahoo.com,05447022960,Bhopal,Central Province,India,432701,Premium,2024-12-12,True
1414,Ikshita,Bir,ikshita.bir858@gmail.com,07949756792,Bhopal,Central Province,India,877725,Premium,2022-05-07,True
1415,Gaurav,Rout,gaurav.rout178@yahoo.com,+916580741209,Gwalior,Central Province,India,818139,Regular,2022-11-03,True
1416,Chatresh,Vig,chatresh.vig744@gmail.com,08018204339,Gurugram,North Province,India,189569,Premium,2023-02-25,True
1417,Chakradev,Swamy,chakradev.swamy474@gmail.com,06260856411,Jabalpur,Central Province,India,824224,Regular,2022-04-24,True
1418,Gaurav,Dube,gaurav.dube483@yahoo.com,02095200461,Bhopal,Central Province,India,265461,Premium,2025-02-18,True
1419,Charles,Jain,charles.jain846@gmail.com,9378861405,Chandigarh,North Province,India,861706,Regular,2023-06-06,True
1420,Vivaan,Bahl,vivaan.bahl362@yahoo.com,9138249671,Delhi,North Province,India,258238,VIP,2024-05-17,True
1421,Pallavi,Seth,pallavi.seth42@gmail.com,+917942007494,Delhi,North Province,India,539840,Regular,2024-08-24,True
1422,Neel,Walla,neel.walla671@hotmail.com,+914161284639,Mysuru,South Province,India,547435,Occasional,2026-02-02,True
1423,Harita,Kade,harita.kade394@yahoo.com,5020970026,Guwahati,East Province,India,681180,Regular,2024-02-13,False
1424,Sai,Dasgupta,sai.dasgupta890@yahoo.com,09562017537,Indore,Central Province,India,304531,Regular,2025-08-31,True
1425,Chavvi,Kant,chavvi.kant140@gmail.com,05047930361,Jabalpur,Central Province,India,987283,VIP,2024-12-19,True
1426,Parth,Bhattacharyya,parth.bhattacharyya484@hotmail.com,+911249384308,Delhi,North Province,India,870605,Premium,2023-09-04,True
1427,Rachana,Ray,rachana.ray263@yahoo.com,+918775803046,Jabalpur,Central Province,India,506351,Premium,2023-04-16,True
1428,Aryan,Kara,aryan.kara125@hotmail.com,01332541107,Mysuru,South Province,India,095431,Regular,2026-04-17,True
1429,Urvashi,Khare,urvashi.khare221@yahoo.com,+915831997179,Bhopal,Central Province,India,100651,Regular,2023-05-08,True
1430,Joshua,Bhatia,joshua.bhatia730@yahoo.com,+914961108046,Ranchi,East Province,India,196399,Occasional,2025-10-08,True
1431,Advaith,Setty,advaith.setty249@yahoo.com,06991507859,Chandigarh,North Province,India,110919,Premium,2024-06-17,True
1432,Rishi,Date,rishi.date306@hotmail.com,4567972320,Jaipur,North Province,India,249685,Regular,2024-10-28,True
1433,Deepa,Dhingra,deepa.dhingra622@gmail.com,04954508920,Raipur,Central Province,India,880653,VIP,2025-03-28,True
1434,Sai,Jaggi,sai.jaggi686@gmail.com,03779599594,Hyderabad,South Province,India,521707,Premium,2022-10-21,True
1435,Theodore,Aggarwal,theodore.aggarwal981@hotmail.com,+913793375636,Mumbai,West Province,India,050150,Premium,2025-02-14,True
1436,Ishwar,Dhar,ishwar.dhar447@yahoo.com,03950033423,Mysuru,South Province,India,258323,Premium,2025-10-22,True
1437,Anthony,Goda,anthony.goda400@yahoo.com,+910261534735,Nagpur,West Province,India,289611,VIP,2025-10-06,True
1438,Maanas,De,maanas.de317@gmail.com,+918655963099,Guwahati,East Province,India,842530,Regular,2022-11-02,True
1439,Ati,Date,ati.date317@hotmail.com,7317912868,Bhubaneswar,East Province,India,787255,Occasional,2023-04-07,True
1440,Vasudha,Talwar,vasudha.talwar432@yahoo.com,09690333736,Kolkata,East Province,India,466925,Occasional,2025-02-25,True
1441,Aachal,Chad,aachal.chad271@gmail.com,+914785390789,Kochi,South Province,India,677665,Regular,2023-05-13,True
1442,Widisha,Nadig,widisha.nadig558@yahoo.com,00273415148,Patna,East Province,India,431115,VIP,2022-07-09,True
1443,Balvan,Iyer,balvan.iyer629@yahoo.com,+915444392840,Surat,West Province,India,456690,Premium,2025-10-11,True
1444,Urmi,Vala,urmi.vala697@gmail.com,03337389877,Coimbatore,South Province,India,153663,Premium,2026-01-23,True
1445,Reva,Sengupta,reva.sengupta226@hotmail.com,+915292407553,Ahmedabad,West Province,India,668459,Occasional,2022-02-01,False
1446,Arin,Balay,arin.balay500@gmail.com,+915999966361,Gurugram,North Province,India,371597,Occasional,2026-03-25,True
1447,Daksha,Chander,daksha.chander575@gmail.com,+918209702316,Kochi,South Province,India,334817,Regular,2023-05-06,True
1448,Dakshesh,Pillay,dakshesh.pillay377@hotmail.com,+912566212867,Ranchi,East Province,India,632346,Regular,2025-08-21,True
1449,Vaishnavi,Dutt,vaishnavi.dutt832@hotmail.com,4938743027,Guwahati,East Province,India,693859,Occasional,2022-07-21,True
1450,Vritti,Sharma,vritti.sharma330@yahoo.com,0147546926,Pune,West Province,India,296762,Regular,2024-01-30,True
1451,Girish,Ramaswamy,girish.ramaswamy26@hotmail.com,+913248413768,Mysuru,South Province,India,511856,Regular,2022-10-26,False
1452,Shravya,Gala,shravya.gala312@yahoo.com,+918070176563,Ujjain,Central Province,India,004125,Regular,2024-05-05,True
1453,Ucchal,Sundaram,ucchal.sundaram521@yahoo.com,+911837274220,Ranchi,East Province,India,241862,Premium,2023-05-19,False
1454,Faras,Apte,faras.apte851@hotmail.com,02752308370,Ahmedabad,West Province,India,647090,Premium,2026-04-13,True
1455,Chanakya,Purohit,chanakya.purohit760@gmail.com,+915331060053,Guwahati,East Province,India,312206,VIP,2022-12-11,True
1456,Yauvani,Chokshi,yauvani.chokshi948@yahoo.com,08393866133,Jabalpur,Central Province,India,552065,Occasional,2023-01-12,False
1457,Advik,Ramachandran,advik.ramachandran869@gmail.com,03149501364,Noida,North Province,India,189241,Corporate,2022-03-11,False
1458,Ekta,Rama,ekta.rama150@hotmail.com,2525715099,Delhi,North Province,India,683890,Corporate,2024-04-24,True
1459,Viraj,Bail,viraj.bail527@hotmail.com,+914363910257,Bengaluru,South Province,India,326303,Premium,2023-03-24,True
1460,Sachi,Narasimhan,sachi.narasimhan509@gmail.com,05086403553,Jabalpur,Central Province,India,803396,Regular,2025-09-12,True
1461,Ekanta,Goswami,ekanta.goswami552@yahoo.com,0171302321,Kolkata,East Province,India,983381,VIP,2022-02-04,True
1462,Pooja,Sibal,pooja.sibal842@yahoo.com,+913362934497,Mumbai,West Province,India,471566,Premium,2024-10-25,True
1463,Oliver,Sinha,oliver.sinha546@yahoo.com,08962706614,Bengaluru,South Province,India,824674,Regular,2022-07-17,True
1464,Sudiksha,Mander,sudiksha.mander283@yahoo.com,9715273230,Raipur,Central Province,India,857666,VIP,2023-12-27,True
1465,Kashvi,Rajagopalan,kashvi.rajagopalan259@yahoo.com,09160169236,Guwahati,East Province,India,587506,Occasional,2025-03-03,True
1466,Panini,Koshy,panini.koshy787@gmail.com,00502497243,Gurugram,North Province,India,011669,Regular,2025-08-23,True
1467,Faris,Vasa,faris.vasa67@gmail.com,02644886946,Ranchi,East Province,India,195243,Premium,2024-09-01,True
1468,Mitali,Morar,mitali.morar670@gmail.com,+917011686462,Chandigarh,North Province,India,522372,VIP,2024-06-07,True
1469,Yadavi,Choudhary,yadavi.choudhary245@yahoo.com,3230234679,Noida,North Province,India,214161,Regular,2022-03-29,True
1470,Aradhana,Bhatt,aradhana.bhatt57@yahoo.com,+919377100409,Jabalpur,Central Province,India,138069,Occasional,2023-07-10,True
1471,Zinal,Lata,zinal.lata683@yahoo.com,05965555356,Goa,West Province,India,905510,Regular,2025-02-28,False
1472,Tanmayi,Ratti,tanmayi.ratti611@hotmail.com,+910918435797,Mumbai,West Province,India,305050,Regular,2023-03-01,True
1473,Eshana,Sawhney,eshana.sawhney176@gmail.com,7691567164,Kolkata,East Province,India,289802,Premium,2023-09-05,True
1474,Widisha,Chahal,widisha.chahal349@yahoo.com,8727178333,Siliguri,East Province,India,116025,Regular,2025-01-12,True
1475,Leela,Mand,leela.mand364@gmail.com,4712871539,Noida,North Province,India,566863,Regular,2026-03-07,True
1476,Udant,Lad,udant.lad797@gmail.com,01115931952,Lucknow,North Province,India,690409,Premium,2025-05-24,True
1477,Ranveer,Rama,ranveer.rama289@yahoo.com,05289931608,Mumbai,West Province,India,524377,VIP,2025-07-22,True
1478,Manan,Mander,manan.mander973@gmail.com,0954814973,Hyderabad,South Province,India,460523,Regular,2025-02-06,True
1479,Umang,Ben,umang.ben97@gmail.com,06420865675,Ujjain,Central Province,India,618443,VIP,2024-02-18,True
1480,Meera,Chatterjee,meera.chatterjee94@gmail.com,09047292774,Mysuru,South Province,India,333059,Regular,2022-05-31,True
1481,Harsh,Divan,harsh.divan334@yahoo.com,02015720185,Mysuru,South Province,India,263013,Regular,2024-03-08,True
1482,Mekhala,Suresh,mekhala.suresh789@yahoo.com,9261764750,Surat,West Province,India,111783,Regular,2024-01-08,True
1483,Arin,Srinivasan,arin.srinivasan580@yahoo.com,1926764921,Kochi,South Province,India,182606,Premium,2024-07-08,True
1484,Vrinda,Bhatt,vrinda.bhatt577@hotmail.com,8131292087,Delhi,North Province,India,102932,Regular,2023-12-26,True
1485,Gagan,Kunda,gagan.kunda308@gmail.com,+911845826034,Surat,West Province,India,848729,Regular,2022-01-26,True
1486,Vritti,Munshi,vritti.munshi543@hotmail.com,09883103032,Indore,Central Province,India,329839,Regular,2025-03-17,True
1487,Jagrati,Mall,jagrati.mall284@gmail.com,9618446267,Hyderabad,South Province,India,462831,Premium,2023-09-09,True
1488,Amruta,Hans,amruta.hans316@hotmail.com,09892625660,Patna,East Province,India,141818,Premium,2024-05-12,True
1489,Niharika,Bhatti,niharika.bhatti650@yahoo.com,1554234016,Pune,West Province,India,611284,Premium,2026-01-16,True
1490,Vrishti,Chandran,vrishti.chandran321@hotmail.com,09484910256,Kolkata,East Province,India,588967,Regular,2022-10-05,True
1491,Joshua,Lad,joshua.lad460@gmail.com,8222694053,Jabalpur,Central Province,India,727578,Regular,2023-11-06,True
1492,Bhavini,Majumdar,bhavini.majumdar338@yahoo.com,3414651113,Indore,Central Province,India,290148,Premium,2023-09-08,True
1493,Waida,Anne,waida.anne997@yahoo.com,8277881609,Patna,East Province,India,068538,Regular,2022-12-30,True
1494,Brijesh,Sen,brijesh.sen258@gmail.com,8321528506,Ranchi,East Province,India,625153,Regular,2026-05-21,True
1495,Jacob,Mannan,jacob.mannan964@yahoo.com,04430963480,Patna,East Province,India,970509,Premium,2022-08-22,True
1496,Triveni,Narasimhan,triveni.narasimhan796@yahoo.com,01052650167,Indore,Central Province,India,188261,Premium,2025-10-28,False
1497,Vinaya,Amble,vinaya.amble458@gmail.com,4376545628,Siliguri,East Province,India,177225,VIP,2023-03-06,True
1498,Radha,Ahluwalia,radha.ahluwalia521@yahoo.com,3134026650,Chandigarh,North Province,India,374167,Regular,2025-10-10,True
1499,Warhi,Datta,warhi.datta742@yahoo.com,08621102258,Nagpur,West Province,India,305690,Regular,2022-11-12,True
1500,Radha,Srinivasan,radha.srinivasan606@yahoo.com,07163928234,Ranchi,East Province,India,436371,Regular,2024-09-08,True
1501,Yadavi,Golla,yadavi.golla819@gmail.com,2312604326,Ranchi,East Province,India,931066,Occasional,2022-03-17,True
1502,Damini,Kashyap,damini.kashyap946@gmail.com,06708604145,Gwalior,Central Province,India,563502,Regular,2025-07-30,True
1503,Banjeet,Acharya,banjeet.acharya637@gmail.com,5347491624,Pune,West Province,India,554110,Regular,2025-08-18,False
1504,Kalpit,Narula,kalpit.narula450@yahoo.com,5989534396,Patna,East Province,India,129109,Regular,2026-06-19,True
1505,Rayaan,Hans,rayaan.hans541@hotmail.com,01189547382,Coimbatore,South Province,India,236848,Premium,2026-03-10,True
1506,Idika,Pau,idika.pau410@yahoo.com,1617688029,Kochi,South Province,India,240903,Premium,2024-02-06,True
1507,Mitali,Talwar,mitali.talwar35@hotmail.com,8127868669,Indore,Central Province,India,320293,Premium,2023-12-08,True
1508,Aditya,Varghese,aditya.varghese155@yahoo.com,8443448123,Delhi,North Province,India,834024,Regular,2026-02-04,True
1509,Kiaan,Madan,kiaan.madan366@gmail.com,3381059551,Coimbatore,South Province,India,269450,Premium,2024-09-16,True
1510,Advaith,Parekh,advaith.parekh317@gmail.com,4240891649,Patna,East Province,India,735439,Regular,2022-05-18,True
1511,Megha,Dugal,megha.dugal121@yahoo.com,+916527172722,Lucknow,North Province,India,972404,Premium,2025-08-20,True
1512,Nicholas,Goel,nicholas.goel575@yahoo.com,9312163761,Coimbatore,South Province,India,091660,Regular,2022-12-24,True
1513,Imaran,Arya,imaran.arya424@hotmail.com,+912314290018,Bhubaneswar,East Province,India,132797,Premium,2026-06-22,True
1514,Nihal,Mohanty,nihal.mohanty765@yahoo.com,02308481001,Guwahati,East Province,India,186203,Premium,2022-03-01,True
1515,Arjun,Karan,arjun.karan14@yahoo.com,02543617213,Jabalpur,Central Province,India,451951,VIP,2024-03-07,True
1516,Jalsa,Chad,jalsa.chad828@gmail.com,2268592624,Noida,North Province,India,514754,Occasional,2022-07-28,True
1517,Faraj,Agate,faraj.agate126@gmail.com,2526771196,Pune,West Province,India,215226,Regular,2024-07-26,True
1518,Ira,Nagar,ira.nagar621@yahoo.com,07695236687,Ujjain,Central Province,India,883619,Regular,2023-10-04,True
1519,Oviya,Vyas,oviya.vyas875@hotmail.com,3135030587,Lucknow,North Province,India,105524,Premium,2023-12-22,True
1520,Triveni,Dhawan,triveni.dhawan96@hotmail.com,03330212606,Goa,West Province,India,019179,Premium,2025-04-23,True
1521,Nakul,Balan,nakul.balan197@gmail.com,02131096227,Hyderabad,South Province,India,847657,Regular,2022-08-28,True
1522,Agastya,Mangat,agastya.mangat151@gmail.com,+910092820667,Guwahati,East Province,India,984362,Premium,2025-05-06,True
1523,Anita,Chanda,anita.chanda720@hotmail.com,02369036289,Siliguri,East Province,India,775662,Occasional,2025-01-05,False
1524,Chatura,Prabhu,chatura.prabhu511@hotmail.com,03411159503,Coimbatore,South Province,India,281139,Regular,2022-12-08,True
1525,Advay,More,advay.more896@gmail.com,3034199097,Ranchi,East Province,India,051405,Regular,2022-04-20,True
1526,Barkha,Rao,barkha.rao996@hotmail.com,+915652156818,Chennai,South Province,India,096790,Premium,2024-02-26,True
1527,Bina,Edwin,bina.edwin435@gmail.com,7113322889,Siliguri,East Province,India,725459,VIP,2024-10-04,True
1528,Raagini,Baral,raagini.baral41@hotmail.com,6339912971,Bengaluru,South Province,India,248171,VIP,2025-03-03,True
1529,Suhani,Murthy,suhani.murthy560@gmail.com,02149551127,Lucknow,North Province,India,747219,Regular,2023-04-06,True
1530,Vinaya,Baral,vinaya.baral794@yahoo.com,06692758955,Ujjain,Central Province,India,687409,Premium,2026-05-02,True
1531,Dakshesh,Konda,dakshesh.konda803@hotmail.com,0214629613,Bhopal,Central Province,India,715778,Premium,2023-07-03,False
1532,Udyati,Chopra,udyati.chopra746@gmail.com,+911663651559,Bhopal,Central Province,India,371470,Regular,2026-04-06,True
1533,Nachiket,Singhal,nachiket.singhal859@gmail.com,3590960567,Kolkata,East Province,India,030644,Premium,2026-02-16,True
1534,Patrick,Chacko,patrick.chacko366@gmail.com,+914614768342,Chandigarh,North Province,India,165423,Occasional,2023-06-23,True
1535,Ikshita,Saini,ikshita.saini840@yahoo.com,08265960893,Jaipur,North Province,India,992550,VIP,2023-03-06,True
1536,Matthew,Shanker,matthew.shanker179@gmail.com,05164807279,Ujjain,Central Province,India,033682,Premium,2024-05-26,True
1537,Krishna,Kalita,krishna.kalita369@yahoo.com,+913905504481,Bengaluru,South Province,India,766558,Premium,2025-03-13,True
1538,Pooja,Virk,pooja.virk309@yahoo.com,+912765289286,Hyderabad,South Province,India,464911,Regular,2025-12-12,True
1539,Hemang,Chakraborty,hemang.chakraborty148@hotmail.com,+919617981789,Ujjain,Central Province,India,463378,Occasional,2022-07-15,True
1540,Lakshmi,Contractor,lakshmi.contractor139@gmail.com,01576605384,Lucknow,North Province,India,446306,VIP,2025-09-05,True
1541,Bachittar,Aurora,bachittar.aurora858@gmail.com,+915895529638,Mysuru,South Province,India,396096,Regular,2023-10-22,True
1542,Kabir,Ramakrishnan,kabir.ramakrishnan601@hotmail.com,+916582631281,Guwahati,East Province,India,482531,Premium,2022-10-19,True
1543,Girik,Bal,girik.bal658@yahoo.com,+919209819602,Guwahati,East Province,India,523343,VIP,2022-06-04,True
1544,Yatan,Radhakrishnan,yatan.radhakrishnan294@yahoo.com,0412091179,Ranchi,East Province,India,124421,Premium,2026-03-16,True
1545,Faras,Talwar,faras.talwar605@yahoo.com,+916170617136,Guwahati,East Province,India,572240,Regular,2023-11-02,True
1546,Pranav,Balay,pranav.balay660@gmail.com,05799802841,Gurugram,North Province,India,908088,Premium,2024-07-27,True
1547,Michael,Kalita,michael.kalita233@yahoo.com,+913052312447,Noida,North Province,India,158477,Occasional,2024-03-25,True
1548,Rajata,Vala,rajata.vala858@yahoo.com,+914234619942,Patna,East Province,India,767694,Regular,2023-10-24,True
1549,Eiravati,Chokshi,eiravati.chokshi817@hotmail.com,06395517208,Coimbatore,South Province,India,964985,Regular,2024-09-20,True
1550,Mitali,Balan,mitali.balan651@gmail.com,+915625313552,Delhi,North Province,India,105053,VIP,2022-07-23,True
1551,Udyati,Nagy,udyati.nagy477@gmail.com,1649383184,Jaipur,North Province,India,966553,Regular,2024-06-22,False
1552,Ronith,Bawa,ronith.bawa913@yahoo.com,00461172959,Mysuru,South Province,India,390409,Premium,2022-09-28,True
1553,Aayush,Shenoy,aayush.shenoy379@yahoo.com,+916088050171,Mumbai,West Province,India,445561,Regular,2025-09-02,True
1554,Dhriti,Tak,dhriti.tak650@hotmail.com,+916477159103,Bengaluru,South Province,India,021563,Regular,2024-03-22,True
1555,Onkar,Chakrabarti,onkar.chakrabarti103@gmail.com,5800401041,Kochi,South Province,India,596422,VIP,2025-09-04,True
1556,Triveni,Dar,triveni.dar617@gmail.com,02967188397,Kolkata,East Province,India,457314,Regular,2022-09-29,True
1557,Chaman,Butala,chaman.butala361@yahoo.com,3311703037,Delhi,North Province,India,371539,Corporate,2025-11-25,False
1558,Yoshita,Munshi,yoshita.munshi499@yahoo.com,7281235679,Siliguri,East Province,India,631462,Regular,2022-09-28,True
1559,Damyanti,Chaudry,invalid_user_at_domain_com,01130724078,Delhi,North Province,India,541815,Occasional,2023-10-04,True
1560,Raagini,Kala,raagini.kala156@gmail.com,08685074510,Mysuru,South Province,India,634362,Regular,2025-10-18,True
1561,Anya,Wagle,anya.wagle460@hotmail.com,08610313100,Ujjain,Central Province,India,318143,Regular,2022-12-03,True
1562,Nidhi,Ramanathan,nidhi.ramanathan713@yahoo.com,+913473235494,Kochi,South Province,India,128974,Regular,2025-06-15,True
1563,William,Garde,william.garde136@yahoo.com,1225720765,Jaipur,North Province,India,241209,Premium,2026-03-22,True
1564,Indira,Som,indira.som153@hotmail.com,+917371009438,Patna,East Province,India,211457,Regular,2026-06-09,True
1565,Vritti,Panchal,vritti.panchal624@hotmail.com,07457054589,Coimbatore,South Province,India,148026,VIP,2025-05-15,True
1566,Thomas,Dhar,thomas.dhar220@yahoo.com,00396531361,Gurugram,North Province,India,878245,Premium,2023-09-10,True
1567,Garima,Raman,garima.raman65@hotmail.com,04430985916,Patna,East Province,India,954107,VIP,2025-08-16,True
1568,Manan,Shukla,manan.shukla125@hotmail.com,+918498247414,Kochi,South Province,India,703491,Regular,2024-03-01,True
1569,Chatresh,Suresh,chatresh.suresh379@yahoo.com,+916500425488,Noida,North Province,India,142369,Occasional,2022-01-25,True
1570,Faris,Mannan,faris.mannan569@gmail.com,+917536661449,Jabalpur,Central Province,India,296592,Premium,2024-01-19,True
1571,Ryan,Krishna,ryan.krishna79@gmail.com,08344149782,Delhi,North Province,India,612875,Regular,2025-04-17,True
1572,Yahvi,Parmar,yahvi.parmar303@yahoo.com,06766708061,Chandigarh,North Province,India,943985,Premium,2024-11-03,True
1573,Joshua,Memon,joshua.memon421@gmail.com,02607870104,Guwahati,East Province,India,591497,Regular,2025-12-08,True
1574,Garima,Bhat,garima.bhat95@gmail.com,9803828723,Indore,Central Province,India,440793,Regular,2023-07-23,True
1575,Ishwar,Bhavsar,ishwar.bhavsar344@gmail.com,+919181331708,Chennai,South Province,India,601467,Regular,2025-01-03,True
1576,Qarin,Keer,qarin.keer457@hotmail.com,09791620223,Lucknow,North Province,India,883774,VIP,2025-12-01,True
1577,Bimala,Chaudhry,bimala.chaudhry956@hotmail.com,05466176620,Jaipur,North Province,India,719609,Regular,2022-06-26,True
1578,Chavvi,Bandi,chavvi.bandi692@hotmail.com,9705277402,Bhopal,Central Province,India,883586,VIP,2023-09-26,True
1579,Yochana,Bhatnagar,yochana.bhatnagar150@gmail.com,2595724461,Delhi,North Province,India,679298,VIP,2025-12-20,True
1580,Aashi,Dayal,aashi.dayal811@hotmail.com,09959961002,Goa,West Province,India,117753,Corporate,2024-11-25,True
1581,Warjas,Cheema,warjas.cheema809@gmail.com,6610941017,Pune,West Province,India,902517,Occasional,2026-03-16,True
1582,Krishna,Deol,krishna.deol836@hotmail.com,8334774332,Delhi,North Province,India,831901,Regular,2023-11-18,True
1583,Samar,Bandi,samar.bandi652@gmail.com,+915698152873,Nagpur,West Province,India,978559,Regular,2025-03-26,True
1584,Lakshit,Bhavsar,lakshit.bhavsar889@yahoo.com,06191284117,Mumbai,West Province,India,098503,Premium,2024-10-20,True
1585,Bimala,Krishnamurthy,bimala.krishnamurthy700@yahoo.com,5124189389,Mumbai,West Province,India,690819,VIP,2025-03-21,True
1586,Urishilla,Lall,urishilla.lall889@hotmail.com,+910564350238,Bhopal,Central Province,India,037199,Occasional,2022-04-01,True
1587,Balendra,Pal,balendra.pal952@gmail.com,09918724010,Patna,East Province,India,835674,Regular,2024-02-24,False
1588,Vedant,Bail,vedant.bail768@gmail.com,+913896087066,Noida,North Province,India,668217,Premium,2026-01-02,True
1589,Jacob,Pillai,jacob.pillai337@yahoo.com,+915603319036,Kochi,South Province,India,030102,Regular,2026-01-15,True
1590,Reva,Gole,reva.gole699@yahoo.com,+915593429671,Mumbai,West Province,India,148375,Occasional,2024-10-25,True
1591,Thomas,Sawhney,thomas.sawhney80@hotmail.com,05843845881,Bhopal,Central Province,India,569741,Occasional,2024-04-01,True
1592,Samar,Devan,samar.devan576@hotmail.com,+914831520377,Ahmedabad,West Province,India,070449,Premium,2022-06-26,True
1593,Leena,Mital,leena.mital321@gmail.com,+914967066703,Goa,West Province,India,626804,VIP,2026-05-26,True
1594,Azad,Pall,azad.pall801@gmail.com,5493059660,Goa,West Province,India,864876,VIP,2024-10-07,True
1595,Zilmil,Lad,zilmil.lad16@gmail.com,07320441384,Indore,Central Province,India,960945,Occasional,2022-11-05,True
1596,Amruta,Krishna,amruta.krishna869@hotmail.com,0149542770,Raipur,Central Province,India,070578,Premium,2025-07-26,True
1597,Tejas,Rege,tejas.rege683@gmail.com,1498517244,Mumbai,West Province,India,723229,Regular,2026-04-04,True
1598,Chandran,Kaul,chandran.kaul552@gmail.com,0287950830,Mumbai,West Province,India,405809,Occasional,2023-02-25,True
1599,Wahab,Palla,wahab.palla296@gmail.com,+918718133595,Jaipur,North Province,India,164205,Regular,2025-12-28,False
1600,Jagvi,Nayak,jagvi.nayak927@yahoo.com,5749025042,Jabalpur,Central Province,India,193588,Regular,2025-12-06,False
1601,Hemangini,Kale,hemangini.kale527@yahoo.com,0261139898,Noida,North Province,India,818097,Regular,2022-07-15,True
1602,Zinal,Sastry,zinal.sastry73@yahoo.com,03943535375,Noida,North Province,India,376515,Regular,2025-03-08,False
1603,Yashasvi,Bose,yashasvi.bose881@yahoo.com,7937639283,Hyderabad,South Province,India,929445,Regular,2023-06-19,True
1604,Dipta,Dalal,dipta.dalal288@gmail.com,06829732702,Ahmedabad,West Province,India,648712,Regular,2024-07-16,False
1605,Bahadurjit,Sankar,bahadurjit.sankar169@gmail.com,2128866526,Coimbatore,South Province,India,415599,Regular,2022-08-12,True
1606,Hritik,Bath,hritik.bath558@gmail.com,5767647229,Surat,West Province,India,209957,Regular,2022-09-05,True
1607,Ladli,Nagi,ladli.nagi281@yahoo.com,+918941347509,Patna,East Province,India,456522,Occasional,2024-08-06,True
1608,Benjamin,Kade,benjamin.kade627@yahoo.com,4995154214,Nagpur,West Province,India,773244,Regular,2025-11-28,True
1609,Hitesh,Kata,hitesh.kata738@hotmail.com,02138820908,Pune,West Province,India,070534,Regular,2022-07-06,True
1610,Pooja,Saxena,pooja.saxena316@hotmail.com,+917411767412,Bhopal,Central Province,India,151315,Regular,2025-10-18,False
1611,Naksh,Tripathi,naksh.tripathi579@yahoo.com,07815061853,Chandigarh,North Province,India,032963,VIP,2024-07-15,True
1612,Rohan,Lanka,rohan.lanka153@yahoo.com,+917274231830,Kolkata,East Province,India,178932,Regular,2026-06-14,True
1613,Balvan,Sahota,balvan.sahota853@hotmail.com,09693578243,Chennai,South Province,India,776958,Regular,2023-02-10,True
1614,Vasana,Merchant,vasana.merchant275@gmail.com,+911467536127,Noida,North Province,India,156277,Occasional,2025-04-15,True
1615,Nisha,Keer,nisha.keer464@gmail.com,04836085456,Jaipur,North Province,India,766404,Corporate,2025-08-15,True
1616,Vedika,Kanda,vedika.kanda974@yahoo.com,0476392831,Mumbai,West Province,India,298006,Premium,2022-03-29,True
1617,Gautam,Nath,gautam.nath414@yahoo.com,1083583286,Jabalpur,Central Province,India,425563,Premium,2026-01-23,True
1618,Yuvraj,Arya,yuvraj.arya229@gmail.com,+918186702440,Bhubaneswar,East Province,India,304166,Occasional,2023-12-26,True
1619,Karan,Madan,karan.madan638@gmail.com,+911860089219,Bhubaneswar,East Province,India,394568,Premium,2022-03-12,True
1620,Arin,Mittal,arin.mittal913@yahoo.com,03149764613,Surat,West Province,India,847488,Premium,2024-04-23,True
1621,Yash,Raja,yash.raja439@gmail.com,06581739063,Surat,West Province,India,579145,Regular,2022-10-09,True
1622,Maanas,Chacko,maanas.chacko831@gmail.com,2379312697,Indore,Central Province,India,074645,Premium,2025-07-15,True
1623,Matthew,Bansal,matthew.bansal501@yahoo.com,9960438787,Siliguri,East Province,India,357788,Premium,2024-01-06,True
1624,Finn,Cheema,finn.cheema407@yahoo.com,1620281237,Gwalior,Central Province,India,067287,Regular,2023-10-21,True
1625,Logan,Sahota,logan.sahota927@yahoo.com,+914164485959,Indore,Central Province,India,248395,Corporate,2022-03-02,True
1626,Zilmil,Krishnamurthy,zilmil.krishnamurthy795@yahoo.com,03522870562,Ranchi,East Province,India,710433,Premium,2024-01-03,True
1627,Girindra,Yogi,girindra.yogi682@yahoo.com,01097921583,Bengaluru,South Province,India,034469,Regular,2023-05-23,True
1628,Damini,Pillai,damini.pillai876@hotmail.com,04883192134,Jaipur,North Province,India,491289,Occasional,2025-03-25,True
1629,Leela,Narayanan,leela.narayanan616@hotmail.com,9497320331,Chennai,South Province,India,227051,Regular,2023-04-30,True
1630,Charles,Devan,charles.devan730@hotmail.com,06754813866,Goa,West Province,India,754858,VIP,2022-02-27,False
1631,Farhan,Kala,farhan.kala981@gmail.com,4268774186,Indore,Central Province,India,205756,Regular,2025-02-27,False
1632,Tanay,Halder,tanay.halder189@yahoo.com,02037583094,Ranchi,East Province,India,154809,Premium,2023-09-25,True
1633,Anjali,Bandi,anjali.bandi30@hotmail.com,07604409079,Coimbatore,South Province,India,727810,Premium,2023-03-25,True
1634,Kala,Balakrishnan,kala.balakrishnan358@hotmail.com,2221610705,Indore,Central Province,India,843905,VIP,2022-09-25,True
1635,Edhitha,Gara,edhitha.gara161@hotmail.com,5806601382,Mumbai,West Province,India,127049,Premium,2022-02-14,True
1636,Rushil,Tiwari,rushil.tiwari993@yahoo.com,+910448515791,Noida,North Province,India,111212,Regular,2024-01-18,True
1637,Eesha,Bahri,eesha.bahri354@gmail.com,+913571343240,Ranchi,East Province,India,424295,Regular,2022-07-26,True
1638,Odika,Kara,odika.kara820@gmail.com,03244741759,Mysuru,South Province,India,587209,Premium,2024-06-13,True
1639,Lekha,Dugal,lekha.dugal585@hotmail.com,3654358841,Pune,West Province,India,437401,Premium,2025-12-19,False
1640,Zansi,Grewal,zansi.grewal613@yahoo.com,+917955969051,Pune,West Province,India,026755,Corporate,2025-09-25,True
1641,Harish,Grover,harish.grover756@yahoo.com,02782079799,Pune,West Province,India,673459,Regular,2022-12-30,True
1642,Geetika,Subramanian,geetika.subramanian998@hotmail.com,04038166496,Jabalpur,Central Province,India,282498,Premium,2026-04-28,True
1643,Rushil,Dewan,rushil.dewan664@gmail.com,5014257627,Goa,West Province,India,232441,Premium,2023-03-29,False
1644,Qasim,Keer,qasim.keer89@gmail.com,01328507251,Hyderabad,South Province,India,863767,Regular,2026-03-07,False
1645,Xavier,Char,xavier.char851@yahoo.com,+915265469681,Mysuru,South Province,India,790392,VIP,2022-07-01,True
1646,Wahab,Pillay,wahab.pillay281@yahoo.com,08099613273,Surat,West Province,India,346156,Regular,2022-01-24,True
1647,Pranit,Sandal,pranit.sandal120@gmail.com,04670462268,Ahmedabad,West Province,India,715160,VIP,2026-05-31,True
1648,Naveen,Nagar,naveen.nagar180@gmail.com,8670766046,Siliguri,East Province,India,197857,Occasional,2024-05-09,True
1649,Gautami,Warrior,gautami.warrior394@yahoo.com,+912686120594,Patna,East Province,India,897607,Regular,2025-01-23,True
1650,Baghyawati,Baral,baghyawati.baral713@gmail.com,07509546540,Ujjain,Central Province,India,245607,Regular,2026-04-02,True
1651,Ekta,Mishra,ekta.mishra336@hotmail.com,+919150863218,Lucknow,North Province,India,227645,Regular,2022-02-11,True
1652,Tara,Kohli,tara.kohli174@hotmail.com,9701550291,Pune,West Province,India,815466,VIP,2024-02-08,True
1653,Anthony,Gour,anthony.gour638@hotmail.com,01613944988,Lucknow,North Province,India,059736,Occasional,2025-05-01,True
1654,Anvi,Grewal,anvi.grewal631@yahoo.com,0962440630,Siliguri,East Province,India,244795,Occasional,2022-12-04,True
1655,Gunbir,Kant,gunbir.kant204@gmail.com,+915319497969,Lucknow,North Province,India,867805,Regular,2023-02-25,True
1656,Harini,Nagarajan,harini.nagarajan298@yahoo.com,02773826460,Raipur,Central Province,India,785138,Regular,2025-09-14,True
1657,Kala,Modi,kala.modi870@yahoo.com,07702992959,Ranchi,East Province,India,604873,Premium,2025-01-30,True
1658,Keya,Yogi,keya.yogi311@gmail.com,09116331942,Chandigarh,North Province,India,686536,Corporate,2022-06-29,True
1659,Arya,Nagarajan,arya.nagarajan36@yahoo.com,1588863677,Bhubaneswar,East Province,India,722640,Regular,2022-07-18,True
1660,Gaurika,Shetty,gaurika.shetty325@hotmail.com,+911696663093,Chandigarh,North Province,India,998199,VIP,2022-08-25,True
1661,Nilima,Bajaj,nilima.bajaj567@yahoo.com,3297150968,Mumbai,West Province,India,275327,Regular,2025-08-07,True
1662,Ryan,Naidu,ryan.naidu466@gmail.com,01039773973,Patna,East Province,India,781952,Regular,2023-01-18,True
1663,Yash,Shere,yash.shere587@hotmail.com,+910068761648,Pune,West Province,India,980770,Regular,2023-07-05,True
1664,Brinda,Rao,brinda.rao362@hotmail.com,+915687611249,Delhi,North Province,India,256523,Corporate,2025-09-30,True
1665,Vasudha,Kade,vasudha.kade72@yahoo.com,+915177345475,Indore,Central Province,India,494902,Corporate,2025-02-07,True
1666,Manbir,Vig,manbir.vig897@yahoo.com,+913595442947,Ranchi,East Province,India,422294,Occasional,2025-11-08,True
1667,Leena,Kurian,leena.kurian90@hotmail.com,+910394290458,Kochi,South Province,India,792529,Regular,2023-09-05,True
1668,Yachana,Murthy,yachana.murthy932@hotmail.com,06728727601,Noida,North Province,India,343324,Premium,2025-03-15,True
1669,Jagdish,Hegde,invalid_user_at_domain_com,07908335061,Indore,Central Province,India,814888,VIP,2022-09-04,True
1670,Fariq,Bhalla,fariq.bhalla139@yahoo.com,8334233720,Chennai,South Province,India,841312,Regular,2023-01-30,True
1671,Chavvi,Bhat,chavvi.bhat161@gmail.com,+913997718051,Bhubaneswar,East Province,India,717173,Corporate,2025-07-08,True
1672,Harish,Kale,harish.kale579@hotmail.com,04909617399,Delhi,North Province,India,046947,Regular,2024-03-05,True
1673,Patrick,Narasimhan,patrick.narasimhan949@hotmail.com,08444835488,Goa,West Province,India,712705,Occasional,2024-07-27,True
1674,Yashodhara,Singhal,yashodhara.singhal810@yahoo.com,+912164175823,Gwalior,Central Province,India,334845,Regular,2024-12-06,True
1675,Urmi,Chauhan,urmi.chauhan606@hotmail.com,09392523622,Coimbatore,South Province,India,587964,VIP,2025-04-19,False
1676,Veer,Lall,veer.lall113@yahoo.com,05245557469,Noida,North Province,India,606065,VIP,2026-05-16,True
1677,Logan,Shan,logan.shan402@yahoo.com,+913344505665,Surat,West Province,India,398741,Premium,2023-06-25,True
1678,Falan,Kibe,falan.kibe292@gmail.com,07970673499,Kolkata,East Province,India,010548,Regular,2022-12-19,True
1679,Kala,Sarma,kala.sarma920@yahoo.com,+917215622949,Kolkata,East Province,India,817359,Occasional,2024-03-21,True
1680,Abha,Wali,abha.wali952@yahoo.com,0215573257,Gurugram,North Province,India,755344,Regular,2024-08-31,True
1681,Arin,Dey,arin.dey297@gmail.com,6667080850,Ahmedabad,West Province,India,085874,Corporate,2023-09-29,True
1682,Gauri,Bhavsar,gauri.bhavsar317@hotmail.com,+919181828197,Jaipur,North Province,India,164772,Occasional,2022-10-03,True
1683,Ganga,Bora,ganga.bora436@gmail.com,9578606940,Ahmedabad,West Province,India,003562,Premium,2026-02-01,True
1684,Aashi,Kapoor,aashi.kapoor768@hotmail.com,5873959232,Bhubaneswar,East Province,India,421089,Premium,2024-04-13,True
1685,Balveer,Datta,balveer.datta820@hotmail.com,01553334264,Mumbai,West Province,India,350271,Regular,2024-11-21,True
1686,Keya,Bal,keya.bal809@yahoo.com,3607763369,Jabalpur,Central Province,India,128981,Occasional,2022-10-05,True
1687,Nicholas,Kadakia,nicholas.kadakia906@gmail.com,09556331857,Jaipur,North Province,India,817006,Corporate,2023-01-30,True
1688,Osha,Ratta,osha.ratta61@gmail.com,05416431670,Bengaluru,South Province,India,502329,Occasional,2024-07-23,True
1689,Aditya,Dave,aditya.dave527@hotmail.com,+912700934596,Ahmedabad,West Province,India,622822,Regular,2024-08-08,False
1690,Janya,Choudhary,janya.choudhary510@gmail.com,+917346549500,Jaipur,North Province,India,070260,Premium,2024-02-02,True
1691,Krishna,Vohra,krishna.vohra368@gmail.com,+911053161177,Ranchi,East Province,India,872904,Regular,2025-02-03,True
1692,Vamakshi,Singh,vamakshi.singh102@yahoo.com,+915859177932,Nagpur,West Province,India,822311,Regular,2025-11-11,True
1693,Netra,Mandal,netra.mandal998@hotmail.com,+913342457988,Coimbatore,South Province,India,256529,Regular,2026-05-17,True
1694,Bakhshi,Rajan,bakhshi.rajan285@hotmail.com,+913202032650,Mysuru,South Province,India,753967,Premium,2023-02-28,True
1695,Tanish,Setty,tanish.setty672@hotmail.com,08714855245,Chandigarh,North Province,India,871584,Regular,2022-09-28,True
1696,Dev,Pau,dev.pau834@yahoo.com,0821371184,Hyderabad,South Province,India,547681,Occasional,2025-05-30,True
1697,Yamini,Gopal,yamini.gopal882@yahoo.com,3230358929,Surat,West Province,India,858382,Regular,2024-02-11,True
1698,Kavya,Dutt,kavya.dutt543@gmail.com,2932896340,Patna,East Province,India,468677,Corporate,2025-10-18,True
1699,Ekanta,Deshpande,ekanta.deshpande688@hotmail.com,00148439910,Delhi,North Province,India,227236,Occasional,2024-11-13,True
1700,Nathaniel,Saini,nathaniel.saini633@yahoo.com,3351342619,Ujjain,Central Province,India,372450,Regular,2025-05-01,True
1701,Jacob,Verma,jacob.verma293@yahoo.com,1973741897,Kolkata,East Province,India,154064,Premium,2023-11-20,True
1702,Isaiah,Shukla,isaiah.shukla985@yahoo.com,2743811995,Nagpur,West Province,India,766014,Occasional,2025-12-27,True
1703,Anya,Krishnamurthy,anya.krishnamurthy256@hotmail.com,5645101739,Coimbatore,South Province,India,396417,Occasional,2026-04-17,True
1704,Keya,Venkataraman,keya.venkataraman337@hotmail.com,00919191135,Jabalpur,Central Province,India,605779,Premium,2025-09-14,True
1705,Baljiwan,Rastogi,baljiwan.rastogi938@hotmail.com,6039205146,Patna,East Province,India,745553,Regular,2023-06-16,True
1706,Aradhana,Sehgal,aradhana.sehgal595@gmail.com,07423885652,Noida,North Province,India,155983,Corporate,2025-12-21,True
1707,Edhitha,Mohan,edhitha.mohan663@gmail.com,1659726347,Mysuru,South Province,India,575225,VIP,2024-12-30,True
1708,Amol,Choudhury,amol.choudhury875@gmail.com,4884882691,Goa,West Province,India,119642,Regular,2023-09-07,True
1709,Harini,Walia,harini.walia109@yahoo.com,02614991537,Indore,Central Province,India,382407,Premium,2023-08-25,True
1710,Udarsh,Kanda,udarsh.kanda931@gmail.com,+917320430977,Indore,Central Province,India,889362,Regular,2025-10-24,True
1711,Zilmil,Ratta,zilmil.ratta902@hotmail.com,6454655358,Pune,West Province,India,125389,Regular,2026-03-05,True
1712,Kabir,Char,kabir.char609@hotmail.com,7851935837,Ahmedabad,West Province,India,907977,Regular,2023-06-18,True
1713,Rajata,Bhattacharyya,rajata.bhattacharyya607@gmail.com,+918780572151,Kolkata,East Province,India,940976,Premium,2025-07-23,True
1714,Kiaan,Randhawa,kiaan.randhawa132@gmail.com,7484539862,Bhubaneswar,East Province,India,090591,Occasional,2024-10-21,True
1715,Ekavir,Bhatt,ekavir.bhatt901@hotmail.com,02339220715,Surat,West Province,India,169666,Occasional,2022-04-21,True
1716,Urvi,Devi,urvi.devi593@yahoo.com,+911452647124,Hyderabad,South Province,India,335157,Occasional,2024-04-18,False
1717,Girindra,Viswanathan,girindra.viswanathan194@yahoo.com,+919080512080,Hyderabad,South Province,India,564099,VIP,2026-01-05,True
1718,Kavya,Boase,kavya.boase69@gmail.com,+919728351295,Hyderabad,South Province,India,728270,Regular,2025-07-23,True
1719,Balvan,Yogi,balvan.yogi172@gmail.com,04152982173,Coimbatore,South Province,India,957867,Premium,2026-04-15,True
1720,Jackson,Bhatti,jackson.bhatti454@yahoo.com,+915237360507,Jaipur,North Province,India,815899,Premium,2025-06-12,True
1721,Meera,Iyer,meera.iyer48@yahoo.com,02734666617,Guwahati,East Province,India,715879,Premium,2022-01-10,True
1722,Lopa,Mohan,lopa.mohan863@yahoo.com,00803149982,Lucknow,North Province,India,080046,Premium,2026-03-31,True
1723,Raghav,Pandey,raghav.pandey264@hotmail.com,+916882850317,Gurugram,North Province,India,351373,Regular,2026-02-11,True
1724,Alexander,Bath,alexander.bath402@yahoo.com,+911403526356,Pune,West Province,India,229394,Premium,2022-07-30,True
1725,Pahal,Mukherjee,pahal.mukherjee981@gmail.com,4606664374,Delhi,North Province,India,607231,Regular,2023-09-03,True
1726,Ishwar,D’Alia,ishwar.d’alia454@gmail.com,01285246484,Gwalior,Central Province,India,941163,Occasional,2023-11-23,False
1727,Gabriel,Tank,gabriel.tank778@gmail.com,+918077113062,Surat,West Province,India,136957,Regular,2024-01-06,False
1728,Luke,Sathe,luke.sathe239@hotmail.com,+918335090254,Kolkata,East Province,India,573066,VIP,2023-04-13,True
1729,Michael,Manne,michael.manne183@hotmail.com,+913235707139,Noida,North Province,India,822850,Regular,2024-10-30,True
1730,Isaac,Bhattacharyya,isaac.bhattacharyya271@yahoo.com,8092550213,Chandigarh,North Province,India,609069,VIP,2025-08-04,True
1731,Jagdish,Kapur,jagdish.kapur120@hotmail.com,+919810796496,Bhopal,Central Province,India,379457,Premium,2025-09-17,True
1732,Varenya,Dua,varenya.dua399@yahoo.com,5324264250,Chandigarh,North Province,India,420768,Regular,2024-06-28,True
1733,Utkarsh,Ratti,utkarsh.ratti712@gmail.com,5366677767,Chennai,South Province,India,556283,Premium,2025-11-24,True
1734,Yatan,Kalla,yatan.kalla286@hotmail.com,+919395786543,Gurugram,North Province,India,271874,Premium,2024-12-01,True
1735,Nitara,Behl,nitara.behl746@gmail.com,+915826862703,Kolkata,East Province,India,924926,Premium,2024-11-13,True
1736,Rudra,Dora,rudra.dora633@yahoo.com,07327599801,Chandigarh,North Province,India,100051,Regular,2023-02-11,True
1737,Dhriti,Parikh,dhriti.parikh730@gmail.com,2341595977,Indore,Central Province,India,244182,Regular,2024-01-04,True
1738,Max,Gade,max.gade714@yahoo.com,+918962887431,Jabalpur,Central Province,India,710267,Occasional,2023-03-02,True
1739,Ladli,Sood,ladli.sood101@gmail.com,+919579927079,Delhi,North Province,India,515122,Occasional,2025-10-07,True
1740,Charita,Ramesh,charita.ramesh808@gmail.com,+913541597099,Bhubaneswar,East Province,India,254384,Premium,2022-07-04,True
1741,Zinal,Bajwa,zinal.bajwa246@yahoo.com,02034476504,Lucknow,North Province,India,158029,Premium,2025-08-12,False
1742,Advaith,Bahl,advaith.bahl112@yahoo.com,03766046558,Surat,West Province,India,652548,Corporate,2022-04-13,True
1743,Reyansh,Suresh,reyansh.suresh703@yahoo.com,01715810213,Ahmedabad,West Province,India,251293,Regular,2026-06-30,True
1744,Gagan,Borra,gagan.borra882@gmail.com,0591297519,Delhi,North Province,India,023121,Regular,2022-01-20,True
1745,Gavin,Aggarwal,gavin.aggarwal988@yahoo.com,3301658373,Ahmedabad,West Province,India,927490,Premium,2024-06-15,True
1746,Saanvi,Goyal,saanvi.goyal197@hotmail.com,+911234289311,Lucknow,North Province,India,253269,Regular,2023-12-03,True
1747,Chaman,Sachar,chaman.sachar716@hotmail.com,4364538044,Patna,East Province,India,101750,Occasional,2024-02-29,True
1748,Qushi,Buch,qushi.buch722@hotmail.com,7015959194,Bengaluru,South Province,India,757574,VIP,2022-09-29,False
1749,Vrinda,Munshi,vrinda.munshi943@hotmail.com,3392056775,Bengaluru,South Province,India,777226,Premium,2024-05-02,True
1750,Oni,Bakshi,oni.bakshi398@gmail.com,06265062292,Bhubaneswar,East Province,India,106724,VIP,2025-06-05,True
1751,Geetika,Hora,geetika.hora125@gmail.com,06248433797,Kochi,South Province,India,627051,Occasional,2024-09-26,True
1752,Ekalinga,Naik,ekalinga.naik331@hotmail.com,09423873670,Lucknow,North Province,India,254969,Regular,2025-09-03,True
1753,Jairaj,Dayal,jairaj.dayal751@hotmail.com,05525971075,Ujjain,Central Province,India,335357,Premium,2025-03-26,False
1754,Avni,Oak,avni.oak714@hotmail.com,03259399337,Goa,West Province,India,058162,VIP,2024-12-07,True
1755,Ekanta,Bumb,ekanta.bumb689@hotmail.com,07941763425,Kochi,South Province,India,733055,Premium,2023-12-10,True
1756,Vasudha,Dhingra,vasudha.dhingra21@yahoo.com,07598339914,Gwalior,Central Province,India,388436,Premium,2022-04-22,True
1757,Pallavi,Apte,pallavi.apte86@yahoo.com,03240061572,Guwahati,East Province,India,682975,VIP,2022-12-05,True
1758,Hritik,Mahal,hritik.mahal529@yahoo.com,03974292501,Ahmedabad,West Province,India,587525,Regular,2022-04-14,True
1759,Keya,Bal,keya.bal480@hotmail.com,05625904599,Bhubaneswar,East Province,India,802711,Regular,2022-06-11,True
1760,Logan,Doshi,logan.doshi333@gmail.com,2315551651,Chandigarh,North Province,India,680866,Regular,2024-07-04,True
1761,Mohammed,Chakraborty,mohammed.chakraborty432@gmail.com,02143308003,Delhi,North Province,India,003322,Regular,2024-04-06,True
1762,Xiti,Nagarajan,xiti.nagarajan662@yahoo.com,06084706810,Noida,North Province,India,903397,Regular,2025-06-21,True
1763,Abhimanyu,Palla,abhimanyu.palla477@hotmail.com,+919582632809,Mysuru,South Province,India,485862,Occasional,2025-10-07,True
1764,Saksham,Kunda,saksham.kunda349@yahoo.com,+915461470798,Jaipur,North Province,India,321061,Premium,2024-07-19,True
1765,Samesh,Iyengar,samesh.iyengar382@hotmail.com,4394570394,Siliguri,East Province,India,804032,VIP,2025-09-07,True
1766,Gauri,Jhaveri,gauri.jhaveri373@yahoo.com,6576927789,Bengaluru,South Province,India,319100,Corporate,2023-12-01,False
1767,Chandresh,Apte,chandresh.apte392@yahoo.com,+914769210533,Goa,West Province,India,514604,VIP,2024-12-05,True
1768,Bakhshi,Dar,bakhshi.dar851@yahoo.com,+914731072011,Kochi,South Province,India,798440,VIP,2022-10-15,True
1769,Varsha,Bhatnagar,varsha.bhatnagar210@hotmail.com,2316600767,Lucknow,North Province,India,209014,Regular,2025-06-05,False
1770,Baghyawati,Srinivas,baghyawati.srinivas854@gmail.com,00433700968,Bhubaneswar,East Province,India,304519,VIP,2024-07-25,True
1771,Jhalak,Shan,jhalak.shan958@yahoo.com,2558825562,Chandigarh,North Province,India,575427,Premium,2022-04-06,True
1772,Nikita,Parsa,nikita.parsa684@yahoo.com,+919425577820,Chandigarh,North Province,India,829582,Premium,2024-07-25,True
1773,Liam,Jha,liam.jha763@hotmail.com,01618808190,Kolkata,East Province,India,823571,Regular,2024-12-22,False
1774,Eshana,Prakash,invalid_user_at_domain_com,08639561372,Jabalpur,Central Province,India,081721,Occasional,2024-11-07,True
1775,Damini,Khurana,damini.khurana844@yahoo.com,03813000413,Indore,Central Province,India,114716,Regular,2026-02-05,True
1776,Ishita,Rau,ishita.rau526@gmail.com,9456534699,Gwalior,Central Province,India,990707,Occasional,2023-10-22,True
1777,Ekaja,Panchal,ekaja.panchal264@gmail.com,07681699570,Ujjain,Central Province,India,071748,Regular,2026-04-11,False
1778,George,Butala,george.butala151@gmail.com,1765397054,Surat,West Province,India,396102,Regular,2022-10-01,True
1779,Ayaan,Toor,ayaan.toor570@yahoo.com,+918274968049,Raipur,Central Province,India,872742,Occasional,2025-12-07,True
1780,Balveer,Mannan,balveer.mannan215@hotmail.com,06121377306,Ujjain,Central Province,India,604235,Regular,2023-03-22,True
1781,Wakeeta,Karnik,wakeeta.karnik737@hotmail.com,01122299077,Nagpur,West Province,India,608581,Premium,2022-09-29,False
1782,Omya,Som,omya.som662@gmail.com,06861114576,Gwalior,Central Province,India,210219,Regular,2025-11-22,True
1783,Rachit,Hegde,rachit.hegde606@yahoo.com,8584712961,Goa,West Province,India,332426,Premium,2024-09-10,True
1784,Advay,Prabhu,advay.prabhu925@gmail.com,0184980425,Siliguri,East Province,India,733777,Corporate,2026-03-12,True
1785,Tanish,Chaudhary,tanish.chaudhary119@gmail.com,08812282178,Kolkata,East Province,India,923653,Regular,2024-12-06,True
1786,Adweta,Ray,adweta.ray778@gmail.com,00560356793,Jaipur,North Province,India,798623,VIP,2023-07-01,False
1787,Bhavna,Tank,bhavna.tank717@gmail.com,09061812054,Pune,West Province,India,475489,VIP,2022-05-08,True
1788,Eta,Morar,eta.morar843@yahoo.com,7698999275,Bhopal,Central Province,India,758891,Premium,2024-01-05,True
1789,Zayan,Loyal,zayan.loyal672@yahoo.com,09835539354,Indore,Central Province,India,586449,Premium,2026-03-01,True
1790,Panini,Guha,panini.guha58@hotmail.com,+914358853798,Nagpur,West Province,India,143395,Occasional,2025-09-22,True
1791,Qadim,Taneja,qadim.taneja23@yahoo.com,+916749785249,Goa,West Province,India,416860,VIP,2022-04-21,True
1792,Ekalinga,Gulati,ekalinga.gulati731@yahoo.com,07894896340,Bhubaneswar,East Province,India,791766,VIP,2025-07-21,True
1793,Dhriti,Dar,dhriti.dar627@gmail.com,+911500141884,Gwalior,Central Province,India,163090,Regular,2026-02-21,True
1794,Advaith,Choudhury,advaith.choudhury191@yahoo.com,4463339994,Hyderabad,South Province,India,320895,Occasional,2024-07-08,True
1795,Thomas,Garg,thomas.garg132@yahoo.com,+918902199471,Mysuru,South Province,India,363379,Regular,2024-11-18,True
1796,Noah,Ghose,noah.ghose174@gmail.com,01034699673,Raipur,Central Province,India,116772,Premium,2022-09-24,True
1797,Leena,Rai,leena.rai969@gmail.com,4376855078,Surat,West Province,India,793521,Regular,2025-12-24,True
1798,Krishna,Ganguly,krishna.ganguly802@yahoo.com,+913556434369,Goa,West Province,India,093170,Occasional,2022-04-15,True
1799,Lopa,Pai,lopa.pai596@yahoo.com,00767616453,Surat,West Province,India,547223,Premium,2026-06-06,True
1800,Zansi,Wali,zansi.wali989@gmail.com,+916503121980,Goa,West Province,India,184724,Regular,2023-03-27,True
1801,Lucky,Sarin,lucky.sarin566@yahoo.com,+913642813190,Indore,Central Province,India,487623,Premium,2024-05-01,True
1802,Anay,Hayre,anay.hayre349@hotmail.com,1114281785,Chennai,South Province,India,282305,Regular,2025-09-20,True
1803,Onveer,Magar,onveer.magar584@hotmail.com,+918806220722,Gwalior,Central Province,India,959473,Corporate,2024-08-30,False
1804,Suhani,Gill,suhani.gill364@hotmail.com,+913290162047,Delhi,North Province,India,688687,Regular,2025-10-01,True
1805,Zinal,Pandya,zinal.pandya991@hotmail.com,6486287203,Gwalior,Central Province,India,954196,Regular,2023-05-15,True
1806,Lavanya,Prashad,lavanya.prashad272@yahoo.com,00573036279,Kolkata,East Province,India,463203,Premium,2024-03-01,True
1807,Reva,Krishnan,reva.krishnan832@yahoo.com,07753726032,Raipur,Central Province,India,450576,Premium,2024-11-19,True
1808,Rachita,Brahmbhatt,rachita.brahmbhatt338@hotmail.com,05887071553,Nagpur,West Province,India,820128,Premium,2023-01-30,False
1809,Anamika,Bhasin,anamika.bhasin17@gmail.com,3850765975,Coimbatore,South Province,India,450891,Premium,2024-12-28,True
1810,Raksha,Sura,raksha.sura865@yahoo.com,0898126574,Mysuru,South Province,India,231964,Regular,2024-05-18,True
1811,Meera,Kannan,meera.kannan774@gmail.com,+914023693626,Siliguri,East Province,India,301204,Premium,2022-05-28,True
1812,Vasudha,Bhatti,invalid_user_at_domain_com,02711759574,Mumbai,West Province,India,582984,Regular,2022-06-29,True
1813,Yatan,Kara,yatan.kara851@gmail.com,07458476094,Bhopal,Central Province,India,128333,Regular,2025-03-23,True
1814,Ucchal,Dua,ucchal.dua424@gmail.com,8856669541,Guwahati,East Province,India,297150,Regular,2025-07-14,True
1815,Rajata,Ravi,rajata.ravi666@yahoo.com,+916705514377,Noida,North Province,India,936634,VIP,2022-01-13,True
1816,Yagnesh,Gala,yagnesh.gala878@yahoo.com,+919596111102,Bhopal,Central Province,India,712007,Regular,2025-12-06,False
1817,Peter,Bali,peter.bali712@gmail.com,05591024510,Lucknow,North Province,India,090326,Regular,2026-05-31,True
1818,Vritti,Chokshi,vritti.chokshi851@yahoo.com,4981942179,Guwahati,East Province,India,281793,Premium,2024-03-20,True
1819,Bhanumati,Balay,bhanumati.balay774@yahoo.com,02775844663,Indore,Central Province,India,533722,Regular,2022-10-07,True
1820,Balhaar,Buch,balhaar.buch157@gmail.com,1217221455,Raipur,Central Province,India,766189,Regular,2025-07-22,True
1821,Chasmum,Kadakia,chasmum.kadakia905@yahoo.com,0526351004,Mumbai,West Province,India,277657,Premium,2025-02-07,True
1822,Kiaan,Narain,kiaan.narain413@hotmail.com,6592024617,Noida,North Province,India,202389,Premium,2025-05-06,False
1823,Warhi,Mall,warhi.mall769@gmail.com,2600559550,Pune,West Province,India,783325,Occasional,2026-03-13,True
1824,Yashasvi,Mahal,yashasvi.mahal155@hotmail.com,08999360798,Siliguri,East Province,India,870450,Regular,2024-11-15,True
1825,Nikita,Bhatnagar,nikita.bhatnagar195@yahoo.com,07993593744,Pune,West Province,India,394640,Premium,2022-08-23,True
1826,Veer,Baria,veer.baria670@gmail.com,03606014886,Noida,North Province,India,849079,Premium,2024-08-02,True
1827,Tanay,Walla,tanay.walla212@hotmail.com,4136852830,Lucknow,North Province,India,153701,VIP,2022-07-21,True
1828,Kai,Kuruvilla,kai.kuruvilla697@gmail.com,4462632514,Ahmedabad,West Province,India,881121,Premium,2022-09-20,True
1829,Aarush,Khatri,aarush.khatri335@gmail.com,02175188781,Bhopal,Central Province,India,941515,Premium,2023-02-01,True
1830,Patrick,Rama,patrick.rama166@gmail.com,4091122528,Nagpur,West Province,India,750566,Premium,2025-04-11,True
1831,Hemang,Vala,hemang.vala14@yahoo.com,+912397913787,Surat,West Province,India,553007,Regular,2022-12-12,True
1832,Raghav,Aggarwal,raghav.aggarwal147@hotmail.com,00556057121,Patna,East Province,India,927788,Premium,2024-01-07,True
1833,Harini,Dar,harini.dar377@hotmail.com,+915348640104,Guwahati,East Province,India,462456,VIP,2024-07-01,True
1834,Falan,Wali,falan.wali631@yahoo.com,+917446004521,Jaipur,North Province,India,899151,Regular,2025-08-15,True
1835,Girish,Lalla,girish.lalla279@yahoo.com,01293913044,Coimbatore,South Province,India,898484,VIP,2023-02-07,True
1836,Harish,Raval,harish.raval656@gmail.com,06154021190,Delhi,North Province,India,707568,Regular,2024-11-04,True
1837,Hredhaan,Lalla,hredhaan.lalla938@gmail.com,8315229107,Ranchi,East Province,India,228360,Regular,2023-03-12,True
1838,Anjali,Guha,anjali.guha803@yahoo.com,3063963845,Jabalpur,Central Province,India,696944,Regular,2025-09-01,True
1839,Zaid,Dash,zaid.dash147@hotmail.com,04970169342,Ujjain,Central Province,India,913203,Premium,2023-08-19,True
1840,Zaid,Batra,zaid.batra20@hotmail.com,+916234190310,Patna,East Province,India,153722,Premium,2024-10-25,True
1841,Jatin,Pillay,jatin.pillay785@yahoo.com,06847323653,Ujjain,Central Province,India,774604,Premium,2022-12-06,True
1842,Aarush,Sant,aarush.sant685@yahoo.com,+910078436142,Coimbatore,South Province,India,426078,Occasional,2025-03-04,True
1843,Dhruv,Sha,dhruv.sha234@yahoo.com,03734764273,Patna,East Province,India,203763,VIP,2022-03-24,True
1844,Yashodhara,Dhillon,yashodhara.dhillon53@gmail.com,05841484601,Ahmedabad,West Province,India,344389,Premium,2023-04-25,True
1845,Qadim,Taneja,qadim.taneja949@hotmail.com,+912058695073,Surat,West Province,India,146449,Premium,2024-08-19,True
1846,Ryan,Ratti,ryan.ratti543@hotmail.com,9951679335,Mumbai,West Province,India,557385,Premium,2025-12-12,True
1847,Waida,Kari,waida.kari593@yahoo.com,0119236037,Goa,West Province,India,811872,Regular,2025-01-19,True
1848,Timothy,Kala,timothy.kala929@gmail.com,01040961497,Goa,West Province,India,153911,Corporate,2025-08-31,True
1849,Zashil,Yadav,zashil.yadav425@hotmail.com,3074820736,Bhubaneswar,East Province,India,118939,Regular,2024-11-23,True
1850,Arunima,Acharya,arunima.acharya16@yahoo.com,5578201904,Guwahati,East Province,India,223023,Premium,2025-05-22,True
1851,Shaurya,Hora,shaurya.hora536@gmail.com,07073920135,Chennai,South Province,India,621276,Premium,2022-06-07,True
1852,Abhimanyu,Garg,abhimanyu.garg626@yahoo.com,+918261123126,Chennai,South Province,India,632488,VIP,2024-01-12,True
1853,Forum,Sethi,forum.sethi747@gmail.com,8937629745,Kochi,South Province,India,930364,Regular,2023-11-08,True
1854,Keya,Wason,keya.wason175@yahoo.com,+919120381876,Bhubaneswar,East Province,India,082832,Premium,2025-04-24,True
1855,Wridesh,Bedi,wridesh.bedi597@hotmail.com,8138815881,Bengaluru,South Province,India,458220,Premium,2022-09-19,True
1856,Prisha,Swaminathan,prisha.swaminathan160@gmail.com,+913182971681,Bhopal,Central Province,India,724500,Regular,2025-03-18,True
1857,Advay,Bala,advay.bala623@hotmail.com,0015291137,Coimbatore,South Province,India,785090,Occasional,2024-04-10,True
1858,Mason,Pandit,mason.pandit469@yahoo.com,01844421829,Mumbai,West Province,India,478122,Premium,2023-03-20,True
1859,Bhavya,Thaker,bhavya.thaker860@hotmail.com,+915670867009,Bhubaneswar,East Province,India,043655,Regular,2023-03-26,True
1860,Gaurang,Pathak,gaurang.pathak685@hotmail.com,4826691362,Indore,Central Province,India,835505,Premium,2025-06-30,True
1861,Dayita,Garde,dayita.garde614@hotmail.com,00807063369,Surat,West Province,India,950982,Regular,2025-05-06,True
1862,Jeremiah,Bhattacharyya,jeremiah.bhattacharyya217@gmail.com,00164818804,Bengaluru,South Province,India,287738,Premium,2022-02-03,True
1863,Rishi,Radhakrishnan,rishi.radhakrishnan108@hotmail.com,+918164321269,Bhubaneswar,East Province,India,289464,Regular,2025-05-25,True
1864,Nathan,Bail,nathan.bail554@gmail.com,02586314417,Bhopal,Central Province,India,646255,Premium,2026-05-25,True
1865,Bina,Basak,bina.basak933@gmail.com,03558243017,Siliguri,East Province,India,464489,Premium,2022-09-24,True
1866,Yashasvi,Bajaj,yashasvi.bajaj389@gmail.com,1538882452,Ranchi,East Province,India,905040,Occasional,2024-05-11,True
1867,Bishakha,Khare,bishakha.khare818@gmail.com,+913538495163,Bhubaneswar,East Province,India,111978,VIP,2024-09-14,True
1868,Unnati,Dasgupta,unnati.dasgupta147@hotmail.com,+919339137326,Bhopal,Central Province,India,306011,Regular,2024-05-21,True
1869,Yashasvi,Taneja,yashasvi.taneja907@yahoo.com,01786880023,Lucknow,North Province,India,091561,Premium,2025-05-10,True
1870,Joshua,Viswanathan,joshua.viswanathan818@gmail.com,+916577449160,Gurugram,North Province,India,659520,Regular,2026-03-03,True
1871,Faraj,Mukhopadhyay,faraj.mukhopadhyay680@hotmail.com,+911894184336,Bhopal,Central Province,India,509263,Regular,2024-02-08,True
1872,Onkar,Dugar,onkar.dugar168@gmail.com,9821374556,Patna,East Province,India,140428,Regular,2022-08-07,True
1873,Nikita,Basak,nikita.basak588@yahoo.com,0537666081,Goa,West Province,India,260030,Regular,2024-05-17,True
1874,Zinal,Jani,zinal.jani575@yahoo.com,06910627153,Bhubaneswar,East Province,India,234550,VIP,2024-04-26,True
1875,Qushi,Upadhyay,qushi.upadhyay505@hotmail.com,+916917768293,Goa,West Province,India,401348,Regular,2025-02-10,True
1876,Abdul,Wable,abdul.wable763@yahoo.com,+915437882603,Nagpur,West Province,India,591015,Regular,2024-03-26,True
1877,Siya,Badami,siya.badami467@hotmail.com,+918599144920,Gurugram,North Province,India,492699,VIP,2023-04-16,False
1878,Osha,Prashad,osha.prashad420@hotmail.com,08997184285,Jaipur,North Province,India,932591,VIP,2024-11-07,True
1879,Chaitaly,Bail,chaitaly.bail733@hotmail.com,09932312342,Ujjain,Central Province,India,698069,Regular,2025-11-02,True
1880,Arin,Solanki,arin.solanki492@gmail.com,01760723483,Delhi,North Province,India,595382,Occasional,2022-10-25,True
1881,Anay,Mane,anay.mane389@gmail.com,06129965082,Lucknow,North Province,India,958264,Regular,2023-03-31,True
1882,Girik,Raja,girik.raja681@hotmail.com,05613087612,Guwahati,East Province,India,859514,Premium,2025-06-11,True
1883,Rehaan,Loke,rehaan.loke849@yahoo.com,2394840027,Bhopal,Central Province,India,008696,Regular,2026-05-04,True
1884,Lopa,Bhatnagar,lopa.bhatnagar963@gmail.com,+916831139500,Jaipur,North Province,India,680941,Corporate,2025-09-07,True
1885,Chaaya,Bora,chaaya.bora538@hotmail.com,00762839762,Noida,North Province,India,534407,Premium,2024-11-11,True
1886,Ridhi,Savant,ridhi.savant680@hotmail.com,06207266292,Lucknow,North Province,India,081776,Regular,2023-05-05,True
1887,Champak,Dyal,champak.dyal695@hotmail.com,9140688413,Surat,West Province,India,373125,Regular,2023-12-25,True
1888,Ishita,Garg,ishita.garg730@gmail.com,06178170321,Bhopal,Central Province,India,920613,Regular,2026-02-18,True
1889,Pahal,Khanna,pahal.khanna946@hotmail.com,5277895613,Nagpur,West Province,India,718444,Premium,2025-02-19,True
1890,Chandran,Ganguly,chandran.ganguly996@hotmail.com,00264801644,Pune,West Province,India,373416,Regular,2025-05-26,False
1891,Upma,Warrior,upma.warrior189@gmail.com,+917782210217,Bhopal,Central Province,India,134862,Regular,2023-06-19,True
1892,Harini,Swamy,harini.swamy358@hotmail.com,9736383182,Noida,North Province,India,605397,Occasional,2023-08-26,True
1893,Arin,Tailor,arin.tailor598@hotmail.com,8661770673,Goa,West Province,India,820506,Regular,2026-06-13,True
1894,Maanas,Chad,maanas.chad798@hotmail.com,+912355216505,Ranchi,East Province,India,146921,Regular,2024-09-17,True
1895,Owen,Bora,owen.bora928@hotmail.com,+915967908984,Siliguri,East Province,India,699848,Premium,2024-08-01,True
1896,Amol,Dutt,amol.dutt401@gmail.com,+915093869484,Lucknow,North Province,India,495988,Premium,2022-05-19,False
1897,Dominic,Chad,dominic.chad988@yahoo.com,07887071523,Hyderabad,South Province,India,767382,Regular,2024-04-24,True
1898,Atharv,Seth,atharv.seth105@yahoo.com,01917798768,Pune,West Province,India,996872,Regular,2023-08-12,True
1899,Kai,Nagarajan,kai.nagarajan963@hotmail.com,3708580623,Mumbai,West Province,India,040566,Regular,2025-02-09,True
1900,Garima,Shan,garima.shan197@hotmail.com,+910124825544,Coimbatore,South Province,India,867963,Occasional,2023-07-06,True
1901,Logan,Pandit,logan.pandit214@hotmail.com,02328946338,Kochi,South Province,India,562415,Regular,2026-02-18,True
1902,Rachit,Walia,rachit.walia217@yahoo.com,7256292693,Pune,West Province,India,589513,Corporate,2023-04-15,True
1903,Yamini,Cherian,yamini.cherian119@hotmail.com,6550784685,Pune,West Province,India,957443,Regular,2026-05-15,True
1904,Abhimanyu,Hari,abhimanyu.hari792@yahoo.com,9189117972,Ranchi,East Province,India,385934,Occasional,2022-01-14,False
1905,Baljiwan,Chadha,baljiwan.chadha332@yahoo.com,+916415471553,Patna,East Province,India,325936,Premium,2025-06-25,False
1906,Vamakshi,Vohra,vamakshi.vohra197@gmail.com,+916750094214,Raipur,Central Province,India,052769,Occasional,2024-10-02,True
1907,Jairaj,Viswanathan,jairaj.viswanathan778@yahoo.com,0927045238,Surat,West Province,India,622586,Premium,2023-03-31,True
1908,Omaja,Bhardwaj,omaja.bhardwaj43@yahoo.com,8678744227,Guwahati,East Province,India,854859,Premium,2025-01-12,True
1909,Pahal,Patla,pahal.patla725@yahoo.com,9428249116,Kochi,South Province,India,020002,Premium,2022-09-04,True
1910,Damyanti,Pradhan,damyanti.pradhan225@hotmail.com,+919313215513,Delhi,North Province,India,557083,Regular,2025-10-12,True
1911,Pavani,Gopal,pavani.gopal201@hotmail.com,+914448896699,Goa,West Province,India,273677,Premium,2023-06-16,True
1912,Brinda,Sachdev,brinda.sachdev384@gmail.com,0258254318,Ranchi,East Province,India,281231,Regular,2023-12-04,True
1913,Jonathan,Iyengar,jonathan.iyengar391@hotmail.com,+910491060183,Siliguri,East Province,India,472387,Regular,2026-03-21,True
1914,Hemani,Bajwa,hemani.bajwa144@hotmail.com,+917681722577,Bhubaneswar,East Province,India,458472,Occasional,2025-03-16,True
1915,Ladli,Dubey,ladli.dubey833@hotmail.com,+915291876831,Gurugram,North Province,India,082717,Regular,2023-07-07,True
1916,Parth,Bhatnagar,parth.bhatnagar829@yahoo.com,3373992052,Bhubaneswar,East Province,India,299936,Occasional,2022-10-26,True
1917,Onveer,Chaudhuri,onveer.chaudhuri521@hotmail.com,05914388232,Jaipur,North Province,India,539835,Regular,2024-05-13,True
1918,Darika,Loke,darika.loke333@yahoo.com,+917773264309,Gwalior,Central Province,India,449791,VIP,2026-01-15,True
1919,Pranit,Sekhon,pranit.sekhon417@hotmail.com,7029271205,Gwalior,Central Province,India,978713,Regular,2022-04-08,True
1920,Vritti,Narain,vritti.narain869@gmail.com,8832201256,Hyderabad,South Province,India,832004,Premium,2024-09-02,True
1921,Vrinda,Shroff,vrinda.shroff378@hotmail.com,8975358523,Ahmedabad,West Province,India,003044,Premium,2024-01-10,False
1922,Warinder,Rama,warinder.rama431@hotmail.com,+919951715239,Ahmedabad,West Province,India,029295,Regular,2022-02-10,True
1923,Arjun,Chanda,arjun.chanda599@yahoo.com,+917483093096,Indore,Central Province,India,139719,Premium,2025-03-27,True
1924,Ishwar,Dhillon,ishwar.dhillon699@yahoo.com,+912213217672,Ahmedabad,West Province,India,191116,Premium,2023-10-28,True
1925,Neha,Cheema,neha.cheema638@gmail.com,+910190725873,Kolkata,East Province,India,930493,Regular,2024-02-20,True
1926,Raagini,Rai,raagini.rai837@yahoo.com,+918027481242,Chennai,South Province,India,140868,Occasional,2025-08-04,True
1927,Logan,Nazareth,logan.nazareth879@gmail.com,5229462093,Gwalior,Central Province,India,561039,Occasional,2024-04-08,True
1928,Hemani,Dave,hemani.dave334@hotmail.com,7013712436,Pune,West Province,India,858564,Premium,2023-10-05,True
1929,Kalpit,Kala,kalpit.kala287@gmail.com,01202706159,Ujjain,Central Province,India,738740,Occasional,2024-03-20,True
1930,Ojas,Bhat,ojas.bhat543@yahoo.com,1669063224,Nagpur,West Province,India,554203,Occasional,2025-04-17,True
1931,Bhavika,Bali,bhavika.bali755@gmail.com,+911095679756,Bengaluru,South Province,India,915795,Regular,2022-09-14,True
1932,Kamya,Mane,kamya.mane416@yahoo.com,+913471247601,Jaipur,North Province,India,801810,Regular,2022-12-08,True
1933,Sarthak,Bala,sarthak.bala36@hotmail.com,08317641726,Ranchi,East Province,India,808157,VIP,2022-04-21,True
1934,Hredhaan,Divan,hredhaan.divan642@hotmail.com,+911507138067,Delhi,North Province,India,307351,Regular,2023-06-22,True
1935,Champak,Mani,champak.mani263@yahoo.com,4743621300,Patna,East Province,India,258857,VIP,2023-04-15,True
1936,Pooja,Sanghvi,pooja.sanghvi868@hotmail.com,07031805339,Chennai,South Province,India,274666,Regular,2024-12-14,True
1937,Manthan,Brar,manthan.brar488@yahoo.com,1832700046,Ahmedabad,West Province,India,614590,Occasional,2024-09-02,True
1938,Ekansh,Dada,ekansh.dada148@gmail.com,09771400493,Goa,West Province,India,949053,Occasional,2024-06-30,True
1939,Dominic,Nadig,dominic.nadig477@gmail.com,+914998094976,Coimbatore,South Province,India,313797,Premium,2025-05-08,True
1940,Jai,Sachdeva,jai.sachdeva665@yahoo.com,8416612374,Jabalpur,Central Province,India,779433,Premium,2024-12-08,True
1941,Owen,Naidu,owen.naidu242@yahoo.com,+913899499197,Surat,West Province,India,142620,Corporate,2025-01-10,True
1942,Tanish,Sibal,tanish.sibal169@gmail.com,7821160204,Surat,West Province,India,813599,Regular,2023-06-17,True
1943,Yochana,Thaman,yochana.thaman490@hotmail.com,02117088948,Hyderabad,South Province,India,186448,Premium,2023-08-11,True
1944,Lakshit,Dyal,lakshit.dyal19@gmail.com,05883978570,Guwahati,East Province,India,004806,VIP,2023-09-06,True
1945,Urvi,Nagarajan,urvi.nagarajan17@yahoo.com,1236914961,Indore,Central Province,India,287942,Premium,2026-06-20,True
1946,Pallavi,Thaman,pallavi.thaman265@gmail.com,06970409531,Jabalpur,Central Province,India,196156,Regular,2024-03-19,True
1947,Chaitanya,Talwar,chaitanya.talwar279@hotmail.com,3274883565,Guwahati,East Province,India,796240,Regular,2023-03-28,True
1948,Oviya,Mandal,oviya.mandal711@hotmail.com,06834960478,Gwalior,Central Province,India,217028,Regular,2025-11-22,True
1949,Hamsini,Chaudry,hamsini.chaudry202@yahoo.com,+912593648820,Raipur,Central Province,India,486883,Occasional,2024-04-25,True
1950,Benjamin,Sarin,benjamin.sarin476@gmail.com,06728799160,Mumbai,West Province,India,141319,Premium,2025-07-28,True
1951,Yuvraj,Parmar,yuvraj.parmar338@hotmail.com,2361337605,Jabalpur,Central Province,India,304588,Regular,2023-01-20,True
1952,Girindra,Rattan,girindra.rattan114@yahoo.com,0254472419,Bhopal,Central Province,India,650344,Regular,2023-01-16,True
1953,Ayaan,Saha,ayaan.saha248@yahoo.com,+917718249898,Siliguri,East Province,India,880678,Regular,2022-01-17,True
1954,Maanav,Chatterjee,maanav.chatterjee329@yahoo.com,+917468135926,Hyderabad,South Province,India,486989,VIP,2024-05-10,True
1955,Yuvraj,Randhawa,yuvraj.randhawa820@hotmail.com,8748694155,Surat,West Province,India,501192,Regular,2025-11-28,True
1956,Pranit,Bhardwaj,pranit.bhardwaj804@hotmail.com,05360511716,Bengaluru,South Province,India,398863,Regular,2023-06-30,True
1957,Oviya,Murthy,oviya.murthy846@gmail.com,02189455906,Chennai,South Province,India,000994,Regular,2023-05-28,True
1958,Laban,Misra,laban.misra463@hotmail.com,4204664896,Kochi,South Province,India,760564,Regular,2026-04-29,False
1959,Neel,Atwal,neel.atwal799@yahoo.com,06577580974,Kochi,South Province,India,338906,Regular,2026-02-14,True
1960,Kalpit,Kibe,kalpit.kibe707@yahoo.com,06622654016,Kochi,South Province,India,995300,Occasional,2024-03-07,False
1961,Pavani,Dyal,pavani.dyal53@gmail.com,+912242767746,Mysuru,South Province,India,591601,VIP,2026-01-31,True
1962,Farhan,Goel,farhan.goel663@yahoo.com,1158488600,Lucknow,North Province,India,179867,Regular,2024-09-12,True
1963,Warda,Datta,warda.datta125@gmail.com,+912995704726,Gurugram,North Province,India,261212,Regular,2023-03-23,True
1964,Chatresh,Jani,chatresh.jani292@hotmail.com,03753659680,Jaipur,North Province,India,852548,Premium,2026-06-15,True
1965,Parth,Mukherjee,parth.mukherjee605@gmail.com,+918385454006,Bengaluru,South Province,India,454752,VIP,2022-03-28,True
1966,Ronith,Bose,ronith.bose799@gmail.com,+913274897917,Indore,Central Province,India,633427,Regular,2024-01-31,True
1967,Omkaar,Balasubramanian,omkaar.balasubramanian356@gmail.com,8621750801,Gurugram,North Province,India,304530,Occasional,2025-06-20,False
1968,Libni,Karpe,libni.karpe670@yahoo.com,8824935340,Delhi,North Province,India,181677,Regular,2023-12-30,True
1969,Yashasvi,Mangat,yashasvi.mangat248@hotmail.com,+916524445446,Jaipur,North Province,India,838517,Regular,2024-09-26,True
1970,Teerth,Seshadri,teerth.seshadri207@hotmail.com,1053912878,Surat,West Province,India,869996,Regular,2026-02-10,True
1971,Yoshita,Dubey,yoshita.dubey506@hotmail.com,0457927147,Hyderabad,South Province,India,463019,VIP,2022-03-22,True
1972,Lakshmi,Krishnan,lakshmi.krishnan204@gmail.com,02383972833,Ujjain,Central Province,India,218706,Premium,2024-09-30,True
1973,Naksh,Kade,naksh.kade291@gmail.com,8098322101,Nagpur,West Province,India,232001,Occasional,2024-08-17,True
1974,Libni,Shenoy,libni.shenoy553@yahoo.com,01008987610,Indore,Central Province,India,435614,Regular,2022-05-22,True
1975,David,Keer,david.keer474@hotmail.com,05319807468,Goa,West Province,India,354695,Regular,2024-01-22,True
1976,Guneet,Banerjee,guneet.banerjee914@gmail.com,+910762054596,Siliguri,East Province,India,150066,Regular,2023-01-15,True
1977,Madhavi,Sami,madhavi.sami748@yahoo.com,+911065411340,Indore,Central Province,India,851699,Regular,2023-10-19,False
1978,Amruta,Singh,amruta.singh709@gmail.com,9058366834,Bhubaneswar,East Province,India,689996,Premium,2024-12-09,True
1979,Nathaniel,Rama,nathaniel.rama429@hotmail.com,00838688891,Raipur,Central Province,India,879150,Premium,2023-10-23,True
1980,Kamala,Sanghvi,kamala.sanghvi54@gmail.com,07197609320,Ujjain,Central Province,India,265789,Corporate,2022-05-17,True
1981,Rachit,Rai,rachit.rai507@gmail.com,01809521755,Jaipur,North Province,India,177741,Regular,2022-08-08,True
1982,Lakshit,Sura,lakshit.sura548@yahoo.com,09211882419,Siliguri,East Province,India,264222,Premium,2024-09-30,True
1983,Vansha,Natt,vansha.natt630@hotmail.com,1704542185,Lucknow,North Province,India,570568,VIP,2023-03-29,True
1984,Jonathan,Agate,jonathan.agate960@hotmail.com,+912570900163,Mysuru,South Province,India,640723,Occasional,2024-10-03,True
1985,Laban,Mallick,laban.mallick771@yahoo.com,+918289540017,Lucknow,North Province,India,247312,Occasional,2025-02-16,True
1986,Oni,Bora,oni.bora853@yahoo.com,5071058011,Nagpur,West Province,India,092711,Premium,2022-04-30,True
1987,Divya,Grewal,divya.grewal977@yahoo.com,+910537092300,Lucknow,North Province,India,169500,Regular,2022-06-09,True
1988,Veda,Kunda,veda.kunda554@hotmail.com,1894854329,Gurugram,North Province,India,698936,Regular,2023-04-19,True
1989,Hemangini,Deep,hemangini.deep980@hotmail.com,04716198273,Coimbatore,South Province,India,813104,Regular,2025-07-04,True
1990,Gaurangi,Bath,gaurangi.bath794@gmail.com,08963217435,Siliguri,East Province,India,483526,Premium,2022-08-05,True
1991,Darpan,Ravi,darpan.ravi447@yahoo.com,6067398344,Siliguri,East Province,India,842536,Occasional,2025-09-24,True
1992,Chanchal,Ravi,chanchal.ravi526@gmail.com,0550774065,Coimbatore,South Province,India,955156,Regular,2024-04-02,True
1993,Nathaniel,Jha,nathaniel.jha934@hotmail.com,+910908551074,Jabalpur,Central Province,India,913111,Regular,2023-12-23,False
1994,Turvi,Tripathi,turvi.tripathi792@yahoo.com,+919025476022,Ahmedabad,West Province,India,695354,Premium,2024-04-24,True
1995,Fiyaz,Goel,fiyaz.goel586@gmail.com,+912275950026,Goa,West Province,India,151532,Premium,2023-05-08,True
1996,Idika,Lad,idika.lad378@yahoo.com,9507407173,Ujjain,Central Province,India,798059,Occasional,2023-06-05,True
1997,Jasmit,Bala,jasmit.bala45@gmail.com,1006493403,Kolkata,East Province,India,045203,Occasional,2026-01-27,True
1998,Priya,Bath,priya.bath16@hotmail.com,4118491359,Indore,Central Province,India,855359,Regular,2023-09-11,True
1999,Harini,Din,harini.din851@gmail.com,06100679900,Mumbai,West Province,India,968018,Occasional,2026-04-30,True
2000,Lila,Sarna,lila.sarna594@yahoo.com,00378423394,Gwalior,Central Province,India,953006,Occasional,2025-02-13,True
2001,Vritti,Shanker,vritti.shanker169@yahoo.com,+915503250173,Chandigarh,North Province,India,542624,Regular,2023-12-30,True
2002,Hitesh,Sharaf,hitesh.sharaf272@hotmail.com,02902923345,Indore,Central Province,India,100906,Corporate,2023-04-23,True
2003,Chakradhar,Parekh,chakradhar.parekh761@gmail.com,+918868430211,Ranchi,East Province,India,673290,Regular,2023-03-22,True
2004,Baghyawati,Natt,baghyawati.natt855@yahoo.com,09887592129,Bhubaneswar,East Province,India,426033,Occasional,2024-09-26,True
2005,Oni,Gola,oni.gola317@gmail.com,2755821477,Noida,North Province,India,920711,Regular,2025-08-08,True
2006,Hemangini,Edwin,hemangini.edwin67@gmail.com,8023621921,Kolkata,East Province,India,818970,Occasional,2026-05-17,True
2007,Jasmit,Chandra,jasmit.chandra900@yahoo.com,+911863855881,Guwahati,East Province,India,977216,VIP,2022-09-04,True
2008,Zansi,Basu,zansi.basu806@hotmail.com,+915378931869,Bhopal,Central Province,India,897284,Premium,2025-07-22,True
2009,Garima,Mukhopadhyay,garima.mukhopadhyay562@gmail.com,1822720028,Bhopal,Central Province,India,948232,Premium,2023-10-16,True
2010,Nachiket,Bhargava,nachiket.bhargava699@yahoo.com,+914474328116,Chennai,South Province,India,993020,VIP,2022-04-14,True
2011,Joshua,Banik,joshua.banik526@hotmail.com,+910423227752,Ranchi,East Province,India,353028,Regular,2025-03-24,True
2012,Girik,Sahni,girik.sahni354@yahoo.com,+916463005937,Bhubaneswar,East Province,India,756919,Regular,2022-09-28,True
2013,Udarsh,Deo,udarsh.deo278@gmail.com,0291617469,Noida,North Province,India,298310,Regular,2024-03-28,True
2014,Adya,Kota,adya.kota582@hotmail.com,4196622913,Chennai,South Province,India,670805,Regular,2024-09-11,True
2015,Nidra,Pillay,nidra.pillay640@yahoo.com,07063621986,Indore,Central Province,India,504944,Occasional,2025-02-23,True
2016,Charita,Bansal,charita.bansal805@yahoo.com,06349339650,Bengaluru,South Province,India,962732,Regular,2023-06-30,True
2017,Om,Rajan,om.rajan697@gmail.com,01142436258,Bhopal,Central Province,India,421880,Regular,2022-08-19,True
2018,Waida,Chaudhari,waida.chaudhari618@hotmail.com,6234199643,Hyderabad,South Province,India,853247,Premium,2023-12-07,True
2019,Rachit,Pau,rachit.pau851@hotmail.com,+915833343031,Hyderabad,South Province,India,587605,Occasional,2025-06-16,True
2020,Amara,Pingle,amara.pingle956@yahoo.com,6947576945,Kochi,South Province,India,536597,Corporate,2022-04-02,True
2021,Anika,Ramaswamy,anika.ramaswamy755@yahoo.com,9861634212,Pune,West Province,India,450809,Occasional,2026-04-01,True
2022,Gaurangi,Mohan,gaurangi.mohan958@hotmail.com,+915269255966,Jaipur,North Province,India,721307,Regular,2025-06-25,True
2023,Anya,Deshpande,anya.deshpande720@gmail.com,09142614048,Mumbai,West Province,India,326145,Corporate,2023-12-05,True
2024,Dayamai,Kala,dayamai.kala224@hotmail.com,+917963731008,Kolkata,East Province,India,785221,VIP,2023-11-11,True
2025,Fariq,Pillay,fariq.pillay274@hotmail.com,7184523542,Gwalior,Central Province,India,874470,Premium,2026-03-17,True
2026,Isaiah,Tank,isaiah.tank694@gmail.com,2086523777,Mysuru,South Province,India,966563,Regular,2025-12-02,True
2027,Robert,Sidhu,robert.sidhu184@gmail.com,+914005278105,Bhopal,Central Province,India,800027,Regular,2023-06-08,True
2028,Pranav,Dave,pranav.dave486@gmail.com,02573160943,Raipur,Central Province,India,368172,Premium,2022-04-19,True
2029,Bakhshi,Issac,bakhshi.issac688@gmail.com,+916955286209,Siliguri,East Province,India,973525,Occasional,2023-07-10,True
2030,Indira,Kala,indira.kala898@gmail.com,+912273938992,Delhi,North Province,India,457353,Occasional,2023-08-23,True
2031,Kai,Karan,kai.karan111@yahoo.com,01850761087,Ranchi,East Province,India,826971,Occasional,2025-12-24,True
2032,Yashasvi,Dutt,yashasvi.dutt200@gmail.com,00107126158,Gwalior,Central Province,India,882176,Regular,2022-06-30,False
2033,Adweta,Walla,adweta.walla50@yahoo.com,07357422332,Ujjain,Central Province,India,280194,Regular,2022-02-14,True
2034,Zehaan,Dube,zehaan.dube772@yahoo.com,9222560629,Surat,West Province,India,350637,Regular,2024-03-16,True
2035,Yash,Bhavsar,yash.bhavsar319@hotmail.com,+918046741307,Ahmedabad,West Province,India,384185,Regular,2025-07-04,False
2036,Manthan,Arya,manthan.arya650@hotmail.com,+913626084639,Raipur,Central Province,India,561547,Regular,2022-05-07,True
2037,Chakradev,Pathak,chakradev.pathak240@yahoo.com,09121516411,Noida,North Province,India,564091,Regular,2023-07-28,True
2038,Keya,Kakar,keya.kakar401@hotmail.com,07875207020,Bengaluru,South Province,India,262019,Premium,2026-02-03,True
2039,Watika,Char,watika.char596@gmail.com,1241393696,Kochi,South Province,India,897609,Regular,2023-05-08,False
2040,Urvi,Kale,urvi.kale565@gmail.com,+916773192276,Raipur,Central Province,India,759889,Regular,2024-07-08,True
2041,Vaishnavi,Salvi,invalid_user_at_domain_com,+913943191654,Gwalior,Central Province,India,089523,Regular,2025-11-01,True
2042,Jeet,Dhillon,jeet.dhillon940@gmail.com,+911915057644,Indore,Central Province,India,470002,Occasional,2024-05-30,True
2043,Osha,Shetty,osha.shetty79@yahoo.com,04867649797,Indore,Central Province,India,163656,Premium,2023-10-13,False
2044,Bahadurjit,Kurian,bahadurjit.kurian869@yahoo.com,+910635537309,Jaipur,North Province,India,496927,Occasional,2023-10-13,True
2045,Ridhi,Brar,ridhi.brar320@gmail.com,9529635305,Surat,West Province,India,025512,Regular,2024-04-22,False
2046,Naveen,Shere,naveen.shere202@yahoo.com,3643159489,Pune,West Province,India,965466,Regular,2026-05-15,True
2047,Yug,Misra,yug.misra630@yahoo.com,04344149169,Gwalior,Central Province,India,934497,Premium,2023-07-01,True
2048,Bhavani,Kara,bhavani.kara36@hotmail.com,06408822309,Chennai,South Province,India,862973,Regular,2025-11-08,True
2049,Anamika,Chaudhry,anamika.chaudhry876@gmail.com,+911097202170,Bhubaneswar,East Province,India,548534,Premium,2024-10-25,True
2050,Nitara,Prabhakar,nitara.prabhakar513@yahoo.com,09220300449,Pune,West Province,India,461293,Premium,2024-03-04,True
2051,Chatura,Bala,chatura.bala792@gmail.com,5121375658,Bengaluru,South Province,India,359570,Occasional,2024-04-16,False
2052,Qushi,Brar,qushi.brar697@hotmail.com,3145843456,Bhubaneswar,East Province,India,311388,Occasional,2026-03-01,True
2053,Kamala,Bava,kamala.bava897@gmail.com,02362203347,Jaipur,North Province,India,246310,Premium,2024-06-18,True
2054,Charvi,Kata,charvi.kata424@hotmail.com,09686800852,Bhubaneswar,East Province,India,690217,VIP,2024-05-25,True
2055,Raksha,Mangal,raksha.mangal413@gmail.com,04304350238,Siliguri,East Province,India,022894,Premium,2023-10-03,True
2056,Pahal,Raman,pahal.raman666@yahoo.com,+917523328293,Gwalior,Central Province,India,202569,Occasional,2024-12-11,True
2057,Hritik,Kale,hritik.kale477@gmail.com,+913033467711,Bhopal,Central Province,India,750762,Corporate,2024-07-13,True
2058,Vanya,Palan,vanya.palan415@yahoo.com,+910245301239,Coimbatore,South Province,India,723034,Occasional,2025-01-06,True
2059,Karan,Batra,karan.batra655@gmail.com,4719017222,Ranchi,East Province,India,050764,Occasional,2026-04-17,True
2060,Turvi,Chaudry,turvi.chaudry802@yahoo.com,7546199240,Guwahati,East Province,India,583872,Corporate,2023-09-16,True
2061,Upasna,Divan,upasna.divan951@yahoo.com,1225909566,Patna,East Province,India,482373,Regular,2025-06-09,True
2062,Raghav,Seth,raghav.seth472@hotmail.com,+912121101878,Kochi,South Province,India,358690,Regular,2025-08-16,True
2063,Ethan,Sha,ethan.sha569@gmail.com,04039251999,Coimbatore,South Province,India,529517,Regular,2025-11-26,True
2064,Harsh,Gera,harsh.gera474@gmail.com,+917643387220,Kolkata,East Province,India,422162,Premium,2023-01-02,True
2065,Krisha,Nagi,krisha.nagi266@hotmail.com,09633083344,Kochi,South Province,India,704887,Regular,2022-07-04,True
2066,Yashoda,Narayanan,yashoda.narayanan136@gmail.com,07020596851,Mysuru,South Province,India,377492,Regular,2026-02-10,True
2067,Mekhala,Sane,invalid_user_at_domain_com,3295634277,Mumbai,West Province,India,522592,Regular,2024-12-08,True
2068,Anay,Sahota,anay.sahota397@gmail.com,05812920592,Gwalior,Central Province,India,941156,Premium,2022-11-24,True
2069,Tejas,Basak,tejas.basak902@gmail.com,5596363726,Hyderabad,South Province,India,942066,Premium,2025-03-04,True
2070,Faqid,Nayak,faqid.nayak739@hotmail.com,09808513313,Chennai,South Province,India,049832,Regular,2026-04-25,True
2071,Devansh,Chacko,devansh.chacko195@gmail.com,+911215481582,Patna,East Province,India,868764,Regular,2025-07-06,True
2072,Abhiram,Chawla,abhiram.chawla793@hotmail.com,+918548806442,Bengaluru,South Province,India,062987,Regular,2025-06-29,True
2073,Riya,Vohra,riya.vohra632@yahoo.com,+915856646419,Ranchi,East Province,India,234219,Occasional,2022-01-12,True
2074,Lohit,Sarin,lohit.sarin474@gmail.com,+911320410429,Ujjain,Central Province,India,831478,Regular,2024-09-01,True
2075,Isaac,Chana,isaac.chana913@yahoo.com,7269999498,Bhopal,Central Province,India,283180,Premium,2023-05-17,True
2076,Dakshesh,Kanda,dakshesh.kanda199@yahoo.com,06020005328,Indore,Central Province,India,386310,Regular,2022-04-11,True
2077,Ekanta,Batra,ekanta.batra693@yahoo.com,+914383805826,Jaipur,North Province,India,990076,Premium,2022-03-08,True
2078,Rachana,Gade,rachana.gade121@yahoo.com,03328389633,Mumbai,West Province,India,618518,Regular,2022-04-11,True
2079,Neha,Goel,neha.goel718@yahoo.com,01368410132,Goa,West Province,India,339218,Premium,2025-09-15,True
2080,Yashoda,Kapur,yashoda.kapur777@yahoo.com,+917918750677,Indore,Central Province,India,106592,Premium,2024-07-21,False
2081,Abeer,Yohannan,abeer.yohannan387@hotmail.com,+914319279761,Lucknow,North Province,India,815969,Occasional,2023-10-24,True
2082,Yatin,Mistry,yatin.mistry309@yahoo.com,7202665686,Ranchi,East Province,India,959125,Premium,2022-05-13,True
2083,Sara,Jayaraman,sara.jayaraman433@yahoo.com,8992553946,Ahmedabad,West Province,India,742990,Premium,2024-12-15,True
2084,Sai,Loyal,sai.loyal595@hotmail.com,02966941799,Bhopal,Central Province,India,708089,VIP,2022-08-12,True
2085,Tanvi,Mohanty,tanvi.mohanty715@hotmail.com,7485994641,Chandigarh,North Province,India,984167,Premium,2026-01-22,True
2086,Xavier,Mani,xavier.mani878@yahoo.com,5369881649,Surat,West Province,India,445092,Regular,2025-05-31,True
2087,Yutika,Ramesh,yutika.ramesh639@gmail.com,02102627066,Raipur,Central Province,India,890082,Premium,2022-09-23,True
2088,Anika,Warrior,anika.warrior914@yahoo.com,08130889830,Guwahati,East Province,India,748839,Premium,2023-01-04,True
2089,Urvi,Lala,urvi.lala34@hotmail.com,+918563027500,Bengaluru,South Province,India,305661,Premium,2022-08-31,True
2090,Ishani,Jani,ishani.jani433@gmail.com,06418493784,Coimbatore,South Province,India,790870,Regular,2024-04-29,True
2091,Jagat,Wali,jagat.wali216@yahoo.com,+916001365103,Bengaluru,South Province,India,444299,Premium,2025-08-04,True
2092,Caleb,Ramaswamy,caleb.ramaswamy528@yahoo.com,05686524062,Lucknow,North Province,India,155996,Premium,2023-09-07,True
2093,Vanya,Devan,vanya.devan359@yahoo.com,02221905334,Gurugram,North Province,India,047476,Regular,2023-11-14,True
2094,Chavvi,Mani,chavvi.mani348@hotmail.com,05939652138,Jaipur,North Province,India,507124,Corporate,2023-02-02,False
2095,Gauri,Pall,gauri.pall46@gmail.com,+912900362211,Guwahati,East Province,India,327726,Premium,2026-06-21,True
2096,Anika,Wason,anika.wason483@hotmail.com,3958558522,Ranchi,East Province,India,252516,VIP,2023-11-18,True
2097,Jack,Thakkar,jack.thakkar588@yahoo.com,05917105080,Noida,North Province,India,491477,VIP,2023-09-06,True
2098,Damyanti,Luthra,damyanti.luthra601@yahoo.com,+915352478417,Bhopal,Central Province,India,594973,Premium,2023-03-03,True
2099,Abha,Mann,abha.mann297@hotmail.com,+910537880331,Mumbai,West Province,India,611338,Corporate,2022-11-02,True
2100,Qabil,Sane,qabil.sane872@gmail.com,7882815278,Siliguri,East Province,India,304862,Regular,2024-12-30,True
2101,Diya,Bhatnagar,diya.bhatnagar895@yahoo.com,+911746535378,Coimbatore,South Province,India,189156,VIP,2022-08-28,True
2102,Vanya,Guha,vanya.guha288@yahoo.com,06717762969,Nagpur,West Province,India,433629,Regular,2022-03-06,True
2103,Aarini,Puri,aarini.puri859@hotmail.com,04509999001,Hyderabad,South Province,India,898573,Occasional,2024-07-14,True
2104,Anay,Wali,anay.wali393@gmail.com,5211896844,Pune,West Province,India,464884,VIP,2022-08-18,True
2105,Tanvi,Prabhakar,tanvi.prabhakar35@yahoo.com,+918575958281,Chandigarh,North Province,India,221797,VIP,2024-11-02,True
2106,Ethan,Devan,ethan.devan955@yahoo.com,8397170598,Chennai,South Province,India,451436,Premium,2023-11-28,True
2107,Watika,Dutta,watika.dutta797@hotmail.com,08112303885,Ahmedabad,West Province,India,811939,Occasional,2022-10-21,True
2108,Vyanjana,Yohannan,vyanjana.yohannan220@gmail.com,05900992177,Ujjain,Central Province,India,552866,VIP,2022-09-29,True
2109,Sarthak,Kant,sarthak.kant328@yahoo.com,+915880705326,Bhopal,Central Province,India,119391,Occasional,2022-01-09,True
2110,Advaith,Kothari,advaith.kothari488@hotmail.com,+919742551360,Bhopal,Central Province,India,858181,Occasional,2023-11-14,True
2111,Brijesh,Mander,brijesh.mander786@yahoo.com,+912437361587,Mumbai,West Province,India,662713,Regular,2025-03-28,True
2112,Ikshita,Upadhyay,ikshita.upadhyay303@hotmail.com,6933539005,Pune,West Province,India,615473,Regular,2023-01-30,True
2113,Gabriel,Natt,gabriel.natt289@yahoo.com,03979255116,Siliguri,East Province,India,369028,Regular,2022-08-29,True
2114,Wriddhish,Sinha,wriddhish.sinha536@yahoo.com,+917028966605,Noida,North Province,India,428164,Regular,2025-02-20,True
2115,Aahana,Biswas,aahana.biswas154@hotmail.com,6101975358,Raipur,Central Province,India,640510,Occasional,2023-07-10,True
2116,Ranbir,Agarwal,ranbir.agarwal82@gmail.com,03042763628,Indore,Central Province,India,444718,Regular,2022-12-17,True
2117,Victor,Nadig,victor.nadig143@gmail.com,+919690676490,Jabalpur,Central Province,India,288498,Regular,2022-04-14,True
2118,Suhani,Madan,suhani.madan65@yahoo.com,01358727174,Delhi,North Province,India,068811,Regular,2024-02-25,True
2119,Leela,Madan,leela.madan866@hotmail.com,+913439881873,Gwalior,Central Province,India,758333,Premium,2025-07-13,True
2120,Nidhi,Mander,nidhi.mander847@yahoo.com,00413090915,Ahmedabad,West Province,India,860282,Regular,2023-11-12,True
2121,Meghana,Deol,meghana.deol792@yahoo.com,02041231905,Bhopal,Central Province,India,720441,Premium,2026-03-28,True
2122,Anmol,Bhalla,anmol.bhalla327@hotmail.com,7941932453,Kolkata,East Province,India,097941,Premium,2024-07-22,True
2123,Maanas,Dhawan,maanas.dhawan980@yahoo.com,7098726496,Guwahati,East Province,India,225174,Regular,2023-04-20,True
2124,Maanas,Goyal,maanas.goyal411@yahoo.com,+914326118900,Raipur,Central Province,India,468616,Regular,2024-01-15,True
2125,Tanveer,Bedi,tanveer.bedi509@yahoo.com,+912867202009,Ahmedabad,West Province,India,366219,Regular,2024-07-17,True
2126,Jalsa,Hegde,jalsa.hegde876@yahoo.com,9005779500,Surat,West Province,India,732590,Regular,2024-08-02,True
2127,Atharv,Shenoy,atharv.shenoy530@gmail.com,7130722113,Gwalior,Central Province,India,908716,Regular,2022-09-18,True
2128,Warhi,Dhar,warhi.dhar675@gmail.com,+910454617192,Lucknow,North Province,India,707443,Regular,2025-02-12,True
2129,Niharika,Bhagat,niharika.bhagat433@gmail.com,+914422521602,Guwahati,East Province,India,239412,Regular,2025-04-24,True
2130,Anay,Magar,anay.magar77@yahoo.com,7726903265,Kochi,South Province,India,132761,Regular,2024-02-26,True
2131,Udyati,Mital,udyati.mital455@hotmail.com,0245598516,Jabalpur,Central Province,India,211915,Premium,2026-05-26,True
2132,Gavin,Garde,gavin.garde695@yahoo.com,6498647868,Chennai,South Province,India,237600,Regular,2025-09-19,False
2133,Xiti,Vora,xiti.vora616@yahoo.com,07408378191,Jabalpur,Central Province,India,749921,Premium,2022-08-23,True
2134,Rajeshri,Mital,rajeshri.mital325@gmail.com,+916983692353,Chandigarh,North Province,India,848647,Occasional,2022-12-27,True
2135,Balveer,Thaman,balveer.thaman799@gmail.com,+913986546220,Gurugram,North Province,India,123720,Corporate,2025-05-06,True
2136,Jagrati,Narasimhan,jagrati.narasimhan846@gmail.com,+913000088634,Delhi,North Province,India,739190,Regular,2023-03-22,True
2137,Aarush,Varty,aarush.varty162@hotmail.com,9114160091,Jaipur,North Province,India,923273,Premium,2025-09-15,True
2138,Tanmayi,Wali,tanmayi.wali210@hotmail.com,7906085481,Gwalior,Central Province,India,746300,Regular,2024-07-04,True
2139,Arin,Varma,arin.varma945@yahoo.com,3361137118,Goa,West Province,India,519854,Premium,2026-06-15,True
2140,Forum,Thaker,forum.thaker101@gmail.com,4203401535,Siliguri,East Province,India,466075,Premium,2023-12-07,True
2141,Keya,Krishna,keya.krishna882@yahoo.com,4667201082,Jabalpur,Central Province,India,028182,Regular,2022-09-19,True
2142,Lakshit,Kapadia,lakshit.kapadia730@hotmail.com,09402620858,Bhopal,Central Province,India,745273,Premium,2022-01-02,False
2143,Jagrati,Hans,invalid_user_at_domain_com,02357004129,Lucknow,North Province,India,828518,Regular,2022-03-05,True
2144,Jack,Sahota,jack.sahota425@gmail.com,2559046100,Nagpur,West Province,India,923046,Regular,2024-02-23,True
2145,Nilima,Bajwa,nilima.bajwa202@gmail.com,+912838271012,Kochi,South Province,India,296151,Premium,2022-10-12,True
2146,Jeremiah,Balan,jeremiah.balan305@hotmail.com,08507665344,Surat,West Province,India,042276,Occasional,2022-11-12,True
2147,Theodore,Mital,theodore.mital673@yahoo.com,+911915305734,Bengaluru,South Province,India,243586,Regular,2022-05-27,True
2148,Fiyaz,Swaminathan,fiyaz.swaminathan149@yahoo.com,2251272670,Siliguri,East Province,India,665622,Regular,2024-06-13,True
2149,Anya,Bose,anya.bose722@hotmail.com,06878494771,Guwahati,East Province,India,903500,Premium,2026-06-04,True
2150,Nitara,Chopra,nitara.chopra444@hotmail.com,08974223543,Kochi,South Province,India,046682,Premium,2024-11-09,True
2151,Indrajit,Dora,indrajit.dora444@gmail.com,06495254920,Pune,West Province,India,441119,Premium,2023-01-16,True
2152,Waida,Hayre,waida.hayre285@hotmail.com,1827306343,Mysuru,South Province,India,948821,Regular,2024-10-24,True
2153,Zansi,Malhotra,zansi.malhotra591@hotmail.com,08066405110,Mumbai,West Province,India,125434,Premium,2022-03-19,True
2154,Fitan,Grewal,fitan.grewal91@gmail.com,+911604986037,Jabalpur,Central Province,India,186003,Regular,2025-11-15,True
2155,Nihal,Bhatia,nihal.bhatia90@hotmail.com,+911978999011,Surat,West Province,India,003471,Premium,2024-11-24,True
2156,Wridesh,Chhabra,wridesh.chhabra769@hotmail.com,01978601625,Kochi,South Province,India,841947,Premium,2025-07-15,True
2157,Falguni,Patla,falguni.patla637@gmail.com,1137535821,Gwalior,Central Province,India,728878,Regular,2023-10-02,True
2158,Aarush,Sinha,aarush.sinha534@gmail.com,09037161608,Chandigarh,North Province,India,972239,Occasional,2024-07-18,True
2159,Leena,Krishnamurthy,leena.krishnamurthy993@yahoo.com,01837530768,Surat,West Province,India,024808,Occasional,2023-12-24,True
2160,Jeevika,Pandey,jeevika.pandey955@yahoo.com,0024432362,Bengaluru,South Province,India,169069,Premium,2025-11-24,True
2161,Lavanya,Pandey,invalid_user_at_domain_com,06706751691,Raipur,Central Province,India,952150,Premium,2022-05-06,True
2162,Jack,Ray,jack.ray838@yahoo.com,+916107033508,Gurugram,North Province,India,243198,VIP,2023-08-21,True
2163,Tristan,Devan,tristan.devan527@yahoo.com,4813004169,Kolkata,East Province,India,053021,Regular,2022-09-17,True
2164,Jyoti,Bobal,jyoti.bobal297@yahoo.com,05864633953,Pune,West Province,India,811050,Regular,2025-06-15,True
2165,Jagat,Majumdar,jagat.majumdar941@yahoo.com,04278961573,Noida,North Province,India,512817,Premium,2022-12-24,True
2166,Waida,Narayan,waida.narayan277@gmail.com,+913959781554,Patna,East Province,India,609723,VIP,2022-12-26,True
2167,Leela,Bahl,leela.bahl361@gmail.com,04654677205,Coimbatore,South Province,India,710730,Occasional,2022-03-09,False
2168,Xiti,Sheth,xiti.sheth780@gmail.com,06478370317,Indore,Central Province,India,438027,Occasional,2024-10-12,True
2169,Chaman,Bora,chaman.bora753@yahoo.com,5726029254,Mysuru,South Province,India,862728,Premium,2024-06-20,True
2170,Zaitra,Mital,zaitra.mital280@gmail.com,06642076327,Mumbai,West Province,India,353867,VIP,2025-08-08,True
2171,Omisha,Devi,omisha.devi497@yahoo.com,2386879060,Kochi,South Province,India,886932,Regular,2024-03-27,True
2172,Dakshesh,Natt,dakshesh.natt709@yahoo.com,+914050892739,Indore,Central Province,India,159764,VIP,2024-02-17,True
2173,Aditya,Murthy,aditya.murthy22@gmail.com,5670789775,Coimbatore,South Province,India,426190,Regular,2024-06-09,True
2174,Wyatt,Vyas,wyatt.vyas994@yahoo.com,+912736273202,Siliguri,East Province,India,271117,Premium,2023-10-09,False
2175,Kamala,Suri,kamala.suri372@yahoo.com,1716204298,Noida,North Province,India,144869,Occasional,2025-07-29,True
2176,Viraj,Bali,viraj.bali283@yahoo.com,+911690392202,Ahmedabad,West Province,India,980142,Corporate,2023-07-08,True
2177,Mitali,Luthra,mitali.luthra801@yahoo.com,+910680177031,Jabalpur,Central Province,India,370500,Premium,2024-08-02,True
2178,Bishakha,Issac,bishakha.issac355@gmail.com,+916724469317,Indore,Central Province,India,947638,Premium,2024-11-30,False
2179,Abdul,Zacharia,abdul.zacharia698@gmail.com,0654025998,Goa,West Province,India,193932,Regular,2022-01-22,True
2180,Turvi,Dugar,turvi.dugar116@yahoo.com,+918129163504,Kolkata,East Province,India,026676,Premium,2024-12-11,True
2181,Garima,Garg,garima.garg44@yahoo.com,+918453974995,Ahmedabad,West Province,India,708864,Regular,2023-01-31,True
2182,Aarnav,Sahota,aarnav.sahota983@hotmail.com,05602080192,Ujjain,Central Province,India,221543,Premium,2023-03-21,True
2183,Bachittar,Mammen,bachittar.mammen143@yahoo.com,9093225333,Delhi,North Province,India,023510,Regular,2025-05-23,True
2184,Mitesh,Prasad,mitesh.prasad722@hotmail.com,05019354503,Indore,Central Province,India,988843,Regular,2022-08-16,True
2185,Rishi,Korpal,rishi.korpal954@gmail.com,+914362962080,Gurugram,North Province,India,983124,Occasional,2024-07-17,True
2186,Anamika,Chana,anamika.chana809@gmail.com,0759659992,Ahmedabad,West Province,India,123763,Regular,2022-11-28,True
2187,Faqid,Srivastava,faqid.srivastava71@yahoo.com,09542106294,Guwahati,East Province,India,937591,Regular,2023-11-13,True
2188,Kevin,Golla,kevin.golla513@yahoo.com,01317536264,Kochi,South Province,India,528646,Occasional,2022-05-23,True
2189,Harshil,Dhar,harshil.dhar513@hotmail.com,+919617300992,Bhubaneswar,East Province,India,524032,Regular,2025-08-14,True
2190,Hitesh,Bhatnagar,hitesh.bhatnagar668@yahoo.com,3550514321,Bhubaneswar,East Province,India,430877,Regular,2025-06-11,True
2191,Triya,Dey,triya.dey84@yahoo.com,09254221883,Mumbai,West Province,India,581920,Regular,2022-03-13,True
2192,Chasmum,Subramanian,chasmum.subramanian162@yahoo.com,+916769333299,Kolkata,East Province,India,515902,Premium,2024-10-16,True
2193,Harini,Sibal,harini.sibal282@hotmail.com,4640858588,Gurugram,North Province,India,825672,Regular,2024-03-10,True
2194,Nidhi,Gera,nidhi.gera537@gmail.com,8467292543,Ranchi,East Province,India,519628,VIP,2022-01-08,True
2195,Nathan,Gera,nathan.gera874@gmail.com,00182562472,Guwahati,East Province,India,394201,VIP,2024-04-07,True
2196,Omkaar,Gaba,omkaar.gaba13@gmail.com,01499290096,Noida,North Province,India,270266,Regular,2023-04-08,True
2197,Aadi,Lala,aadi.lala558@yahoo.com,+919563217400,Kolkata,East Province,India,910193,Occasional,2025-03-07,True
2198,Yatan,Prabhakar,yatan.prabhakar657@gmail.com,9222471193,Surat,West Province,India,006082,Occasional,2022-04-24,True
2199,Triya,Sunder,triya.sunder92@hotmail.com,+915646160762,Goa,West Province,India,438500,Corporate,2023-11-28,True
2200,Eshana,Kari,eshana.kari190@yahoo.com,+913461762313,Nagpur,West Province,India,610944,Premium,2023-02-20,False
2201,Girik,Saran,girik.saran409@yahoo.com,+913165441372,Hyderabad,South Province,India,768576,Occasional,2025-11-26,True
2202,Azad,Sami,azad.sami916@hotmail.com,+914942904617,Surat,West Province,India,518870,Premium,2022-06-23,True
2203,Gabriel,Talwar,gabriel.talwar35@hotmail.com,9324202483,Bengaluru,South Province,India,444172,VIP,2023-01-31,True
2204,Theodore,Luthra,theodore.luthra821@yahoo.com,05386947902,Guwahati,East Province,India,485362,Premium,2022-05-10,True
2205,Omya,Barman,omya.barman47@yahoo.com,7238641009,Jabalpur,Central Province,India,385574,Regular,2022-02-03,True
2206,Owen,Chand,owen.chand226@yahoo.com,4359900937,Chandigarh,North Province,India,460476,Corporate,2022-08-31,True
2207,Girindra,Memon,girindra.memon162@gmail.com,08844370661,Siliguri,East Province,India,564672,VIP,2025-01-03,True
2208,Lipika,Kaur,lipika.kaur154@yahoo.com,1541858990,Delhi,North Province,India,277291,Premium,2026-02-15,True
2209,Advay,Varughese,advay.varughese728@yahoo.com,00786043566,Bhopal,Central Province,India,503374,Premium,2023-05-13,True
2210,Pavani,Upadhyay,pavani.upadhyay109@gmail.com,+910677306718,Lucknow,North Province,India,226679,Premium,2026-06-14,True
2211,Avni,Bumb,avni.bumb126@hotmail.com,+918788653859,Bhopal,Central Province,India,673963,Premium,2022-08-06,True
2212,Daksha,Gara,daksha.gara446@hotmail.com,9876055049,Bengaluru,South Province,India,217048,Regular,2023-02-20,True
2213,Pahal,Brahmbhatt,pahal.brahmbhatt710@hotmail.com,07066320162,Patna,East Province,India,739928,Premium,2022-09-05,True
2214,Faris,Yadav,faris.yadav187@gmail.com,01826533717,Bengaluru,South Province,India,864942,Regular,2025-04-29,True
2215,Nidhi,Manne,nidhi.manne723@gmail.com,+913983135490,Kochi,South Province,India,459967,Regular,2022-12-11,True
2216,Avi,Rai,avi.rai146@hotmail.com,+911958730549,Coimbatore,South Province,India,438843,Regular,2022-03-25,True
2217,Chatura,Din,chatura.din171@hotmail.com,1781678066,Jabalpur,Central Province,India,315890,Regular,2026-05-12,True
2218,Harshil,Raghavan,harshil.raghavan958@hotmail.com,09281503701,Delhi,North Province,India,092640,Regular,2023-01-03,True
2219,Sanaya,Bava,sanaya.bava836@gmail.com,+918808172628,Surat,West Province,India,968244,VIP,2025-11-21,True
2220,Eta,Balan,eta.balan665@hotmail.com,+917288959274,Chennai,South Province,India,168069,Regular,2022-10-21,True
2221,Isaiah,Rajan,isaiah.rajan718@gmail.com,+917662080820,Chennai,South Province,India,917026,Regular,2025-06-04,True
2222,Robert,Lalla,robert.lalla652@yahoo.com,03596245870,Ranchi,East Province,India,204242,Corporate,2022-06-30,True
2223,Kashvi,Kale,kashvi.kale251@yahoo.com,0912375302,Kolkata,East Province,India,976039,Regular,2025-02-16,False
2224,Krisha,Sen,krisha.sen893@gmail.com,+914365240553,Noida,North Province,India,481875,VIP,2024-01-12,True
2225,Arya,Babu,arya.babu651@gmail.com,04882159773,Kochi,South Province,India,466232,Premium,2026-04-27,True
2226,Vihaan,Sangha,vihaan.sangha162@gmail.com,06799864912,Bengaluru,South Province,India,949722,Premium,2026-06-20,False
2227,Chandresh,Kunda,chandresh.kunda173@gmail.com,8622699206,Guwahati,East Province,India,617996,Premium,2022-12-28,True
2228,Peter,Gulati,peter.gulati455@yahoo.com,09992998335,Ahmedabad,West Province,India,688777,Regular,2023-03-06,True
2229,Rachit,Pradhan,rachit.pradhan768@yahoo.com,+914134820849,Kolkata,East Province,India,153983,Regular,2022-08-02,True
2230,Frado,Dubey,frado.dubey537@gmail.com,00001440762,Bengaluru,South Province,India,430491,Regular,2024-09-20,True
2231,Teerth,Mital,teerth.mital343@gmail.com,+913897528720,Ranchi,East Province,India,564224,Regular,2025-04-02,True
2232,Advay,Narayan,advay.narayan122@hotmail.com,2082353097,Pune,West Province,India,691948,Regular,2026-05-15,True
2233,Nandini,Dass,nandini.dass922@hotmail.com,0568201753,Bhubaneswar,East Province,India,796618,Regular,2024-02-09,True
2234,Qushi,Nath,qushi.nath158@yahoo.com,+914043474125,Kolkata,East Province,India,137956,Regular,2024-06-11,True
2235,Gunbir,Arya,gunbir.arya149@gmail.com,07732175036,Kochi,South Province,India,920259,Premium,2024-02-04,True
2236,Ekavir,Issac,ekavir.issac353@hotmail.com,03370342444,Ahmedabad,West Province,India,489047,Regular,2023-02-19,True
2237,Raagini,Bal,raagini.bal123@yahoo.com,8623510765,Lucknow,North Province,India,917085,Occasional,2022-10-07,True
2238,Gaurav,Subramanian,gaurav.subramanian917@hotmail.com,+912895145634,Hyderabad,South Province,India,918580,Regular,2023-03-27,True
2239,Hemangini,Pal,hemangini.pal576@hotmail.com,1157449653,Indore,Central Province,India,607700,Occasional,2025-03-29,True
2240,Bhavani,Apte,invalid_user_at_domain_com,+910454184039,Jabalpur,Central Province,India,218039,Premium,2023-03-20,True
2241,Lavanya,Ramesh,lavanya.ramesh763@gmail.com,0385886407,Gurugram,North Province,India,265295,Occasional,2024-05-26,True
2242,Gautam,Raja,gautam.raja923@yahoo.com,6933356230,Ranchi,East Province,India,974408,Occasional,2023-04-01,False
2243,Yashica,Bera,yashica.bera55@yahoo.com,00898709201,Bhopal,Central Province,India,843113,Regular,2024-05-05,True
2244,Maanav,Ramakrishnan,maanav.ramakrishnan553@yahoo.com,+911584858052,Bhopal,Central Province,India,321196,Regular,2024-05-21,True
2245,Bachittar,Merchant,bachittar.merchant256@yahoo.com,2205397077,Chandigarh,North Province,India,544708,Regular,2024-10-11,True
2246,Laksh,Hegde,laksh.hegde377@gmail.com,01461995394,Bhubaneswar,East Province,India,766262,Regular,2022-09-29,True
2247,Yuvraj,Narain,yuvraj.narain695@hotmail.com,6053026184,Delhi,North Province,India,257870,Regular,2024-09-09,True
2248,Tarak,Rama,tarak.rama34@hotmail.com,00506306636,Ujjain,Central Province,India,502816,Occasional,2025-04-10,True
2249,Amaira,Anand,amaira.anand199@hotmail.com,9103909120,Mysuru,South Province,India,025209,VIP,2024-04-10,True
2250,Adweta,Nori,adweta.nori11@gmail.com,3759795319,Siliguri,East Province,India,600986,Occasional,2025-07-21,True
2251,Caleb,Deol,caleb.deol313@yahoo.com,07454492054,Goa,West Province,India,453811,Regular,2022-03-08,True
2252,Amol,Dara,amol.dara823@hotmail.com,9655834456,Gwalior,Central Province,India,229521,Regular,2025-03-24,True
2253,Wakeeta,Talwar,wakeeta.talwar964@gmail.com,06603616248,Raipur,Central Province,India,070472,Regular,2026-02-15,False
2254,Oviya,Ravi,oviya.ravi402@gmail.com,+913515850153,Mumbai,West Province,India,173167,Regular,2022-08-16,True
2255,Girindra,Mutti,girindra.mutti673@yahoo.com,+915879052244,Ahmedabad,West Province,India,339547,Premium,2022-12-25,True
2256,Alka,Bhalla,alka.bhalla254@hotmail.com,04531579057,Chennai,South Province,India,918986,Premium,2023-11-17,True
2257,Radhika,Mital,radhika.mital781@hotmail.com,09365618335,Ujjain,Central Province,India,487680,VIP,2023-03-06,True
2258,Kavya,Sidhu,kavya.sidhu706@gmail.com,+913771843019,Ahmedabad,West Province,India,209567,Regular,2024-10-28,True
2259,Wyatt,Kalla,wyatt.kalla507@gmail.com,+919732396440,Ahmedabad,West Province,India,825326,Premium,2024-07-15,True
2260,Triveni,Puri,triveni.puri704@hotmail.com,2427739238,Siliguri,East Province,India,202320,Corporate,2024-12-25,True
2261,Girindra,Krishnamurthy,girindra.krishnamurthy829@hotmail.com,+911693328442,Ranchi,East Province,India,471998,Premium,2024-01-24,True
2262,Manthan,Andra,manthan.andra99@hotmail.com,05515452607,Jaipur,North Province,India,699913,Regular,2024-07-26,True
2263,Timothy,Dash,timothy.dash178@gmail.com,+916433226227,Mumbai,West Province,India,773316,Regular,2022-08-12,True
2264,Yashawini,Bandi,yashawini.bandi543@yahoo.com,04707038503,Bhubaneswar,East Province,India,059529,Occasional,2023-02-23,True
2265,Yahvi,Modi,yahvi.modi964@gmail.com,4107402740,Siliguri,East Province,India,758267,Regular,2025-01-13,True
2266,Osha,Devi,osha.devi31@yahoo.com,0620036385,Siliguri,East Province,India,461497,Regular,2025-08-13,True
2267,Amara,Murty,amara.murty353@hotmail.com,09318399798,Coimbatore,South Province,India,914986,Regular,2025-08-13,True
2268,Bakhshi,Murty,bakhshi.murty691@yahoo.com,+914932664322,Surat,West Province,India,946121,Premium,2025-04-30,True
2269,Naksh,Walla,naksh.walla590@hotmail.com,+911594853400,Guwahati,East Province,India,276223,Regular,2023-09-15,True
2270,Daksha,Tank,daksha.tank505@yahoo.com,+912567871888,Hyderabad,South Province,India,237887,Regular,2023-04-10,True
2271,Dalbir,Narayan,dalbir.narayan301@hotmail.com,4168061349,Jaipur,North Province,India,647998,Premium,2023-12-25,True
2272,Anika,Raman,anika.raman302@gmail.com,5867949638,Mysuru,South Province,India,097236,Regular,2025-01-01,True
2273,Jagdish,Bedi,jagdish.bedi129@hotmail.com,+919261662016,Chennai,South Province,India,557864,Regular,2023-05-03,True
2274,Ganga,Tata,ganga.tata388@hotmail.com,6555751247,Kochi,South Province,India,400068,Regular,2023-06-18,True
2275,Sanya,Nazareth,sanya.nazareth362@hotmail.com,08240516654,Gurugram,North Province,India,122444,Regular,2023-10-12,True
2276,Ekapad,Vala,ekapad.vala134@hotmail.com,7402338686,Coimbatore,South Province,India,835701,Occasional,2023-09-10,True
2277,Sneha,Bahri,sneha.bahri960@gmail.com,03094423860,Bhubaneswar,East Province,India,050898,Regular,2024-07-27,True
2278,Udant,Balasubramanian,udant.balasubramanian672@hotmail.com,01349096197,Gwalior,Central Province,India,972452,VIP,2023-11-10,True
2279,Amruta,Choudhary,amruta.choudhary160@gmail.com,06948045073,Goa,West Province,India,674809,VIP,2025-09-27,True
2280,Ekanta,Tara,ekanta.tara125@hotmail.com,3940598026,Patna,East Province,India,294420,VIP,2025-11-12,True
2281,Viraj,Chana,viraj.chana129@yahoo.com,9258490734,Mysuru,South Province,India,031977,Regular,2025-02-02,True
2282,Urishilla,Mangal,urishilla.mangal104@hotmail.com,07595141864,Kochi,South Province,India,308829,Regular,2024-01-02,True
2283,Ekaja,Venkatesh,ekaja.venkatesh237@yahoo.com,8419623326,Coimbatore,South Province,India,586942,VIP,2024-12-14,True
2284,Tripti,Salvi,tripti.salvi561@yahoo.com,08317306629,Bengaluru,South Province,India,151817,Corporate,2022-06-21,True
2285,Xiti,Doctor,xiti.doctor209@yahoo.com,+916559469890,Noida,North Province,India,232723,Premium,2024-03-18,True
2286,Urvi,Dani,urvi.dani379@yahoo.com,8902237900,Bhopal,Central Province,India,548708,Regular,2025-09-27,True
2287,Avni,Shukla,avni.shukla391@yahoo.com,5417675539,Patna,East Province,India,889073,Regular,2024-03-01,True
2288,Turvi,Varkey,turvi.varkey99@gmail.com,09157908945,Surat,West Province,India,268384,Regular,2025-02-22,True
2289,Yauvani,Savant,yauvani.savant177@yahoo.com,+918020761239,Guwahati,East Province,India,121905,Corporate,2023-08-15,False
2290,Gaurang,Chaudhry,gaurang.chaudhry152@gmail.com,8861820706,Siliguri,East Province,India,901079,Corporate,2024-04-28,True
2291,Kevin,Kanda,kevin.kanda496@yahoo.com,+919826893348,Chennai,South Province,India,497035,Occasional,2023-09-14,True
2292,Chaitanya,Salvi,chaitanya.salvi784@yahoo.com,07896833557,Mumbai,West Province,India,773123,Regular,2025-04-24,True
2293,Harish,Naidu,harish.naidu579@yahoo.com,00570521879,Surat,West Province,India,844404,Premium,2022-12-25,True
2294,Jhalak,Upadhyay,jhalak.upadhyay862@hotmail.com,+911141470123,Chennai,South Province,India,036871,Regular,2023-01-16,True
2295,Ekta,Ramaswamy,ekta.ramaswamy321@hotmail.com,1097797802,Lucknow,North Province,India,445684,Premium,2025-04-13,True
2296,Adya,Sabharwal,invalid_user_at_domain_com,4036640163,Bengaluru,South Province,India,957378,Regular,2026-06-09,True
2297,Sathvik,Dani,sathvik.dani691@yahoo.com,7572927318,Kolkata,East Province,India,830291,Occasional,2025-09-01,True
2298,Garima,Pillay,garima.pillay260@hotmail.com,4233241651,Siliguri,East Province,India,483966,Regular,2025-08-13,True
2299,Arjun,Shukla,arjun.shukla773@gmail.com,04674621595,Kolkata,East Province,India,174916,Regular,2025-05-11,True
2300,Devansh,Sathe,devansh.sathe712@gmail.com,00221816981,Patna,East Province,India,134476,Premium,2025-07-10,True
2301,Dalbir,Kumer,dalbir.kumer760@hotmail.com,+917740292864,Lucknow,North Province,India,302650,Premium,2024-11-15,True
2302,Leena,Grover,leena.grover159@gmail.com,3667719666,Coimbatore,South Province,India,102563,Regular,2022-04-30,True
2303,Arunima,Ghosh,arunima.ghosh64@gmail.com,+912234998013,Hyderabad,South Province,India,683675,Regular,2022-12-01,True
2304,Amol,Chandra,amol.chandra308@yahoo.com,09152446144,Mumbai,West Province,India,923351,Premium,2023-08-17,False
2305,Tanvi,Modi,tanvi.modi653@yahoo.com,06426018637,Indore,Central Province,India,631995,Regular,2026-04-19,True
2306,Lakshmi,Natt,lakshmi.natt903@yahoo.com,2277641490,Coimbatore,South Province,India,385025,Regular,2023-10-23,True
2307,Hemal,Bhatt,hemal.bhatt724@hotmail.com,3444867228,Ahmedabad,West Province,India,904733,Premium,2025-11-04,True
2308,Dominic,Krishnan,dominic.krishnan23@yahoo.com,06157493251,Raipur,Central Province,India,497887,Regular,2022-10-22,True
2309,Edhitha,Kala,edhitha.kala953@gmail.com,+910409543776,Guwahati,East Province,India,183085,Occasional,2023-11-28,True
2310,Yadavi,Behl,yadavi.behl861@gmail.com,+918731439151,Coimbatore,South Province,India,436786,Regular,2023-03-29,True
2311,Onkar,Chawla,onkar.chawla876@gmail.com,08187109685,Ujjain,Central Province,India,425706,Premium,2024-12-12,True
2312,Aarnav,Dhar,aarnav.dhar948@yahoo.com,3315423060,Chandigarh,North Province,India,230286,Regular,2024-08-01,True
2313,Gautami,Nayak,gautami.nayak329@hotmail.com,+915224114206,Chandigarh,North Province,India,701514,Premium,2023-12-15,True
2314,Ekaja,Dhar,ekaja.dhar791@gmail.com,+916633822224,Ranchi,East Province,India,053922,Occasional,2024-12-07,True
2315,Patrick,Batta,patrick.batta844@yahoo.com,02019011348,Mumbai,West Province,India,339133,Regular,2026-03-05,True
2316,Owen,Patla,owen.patla324@gmail.com,6132394564,Mysuru,South Province,India,234286,Regular,2023-04-10,True
2317,Chanchal,Misra,chanchal.misra791@hotmail.com,06024986634,Chandigarh,North Province,India,095367,VIP,2025-11-15,True
2318,Urvashi,Kibe,urvashi.kibe211@yahoo.com,9852973561,Guwahati,East Province,India,266559,Regular,2022-03-29,True
2319,Dominic,Loke,dominic.loke490@yahoo.com,02538096641,Gwalior,Central Province,India,753369,Regular,2022-05-02,True
2320,Kamala,Dutta,kamala.dutta20@yahoo.com,04665353896,Lucknow,North Province,India,985324,VIP,2025-09-29,True
2321,Samaksh,Rama,samaksh.rama932@yahoo.com,2415712763,Indore,Central Province,India,543468,Regular,2025-04-18,True
2322,Falguni,Tella,falguni.tella876@hotmail.com,03906168249,Delhi,North Province,India,939981,VIP,2022-10-26,True
2323,Ojasvi,Char,ojasvi.char174@yahoo.com,+918116837103,Raipur,Central Province,India,737260,Occasional,2023-12-23,True
2324,Urishilla,Ganesan,urishilla.ganesan593@gmail.com,+914896780826,Indore,Central Province,India,931214,Regular,2024-10-31,True
2325,Mitali,Hegde,mitali.hegde742@hotmail.com,07625429264,Noida,North Province,India,633917,Regular,2023-03-21,True
2326,Liam,Mital,liam.mital111@gmail.com,+916948112664,Bhopal,Central Province,India,196706,Occasional,2026-01-25,False
2327,Udarsh,Kamdar,udarsh.kamdar613@yahoo.com,+919101612590,Patna,East Province,India,639949,Regular,2025-11-30,True
2328,Bahadurjit,Bumb,bahadurjit.bumb398@gmail.com,+913443767348,Jaipur,North Province,India,409841,Regular,2023-12-28,True
2329,David,Bobal,david.bobal331@yahoo.com,09301481160,Kolkata,East Province,India,991004,Regular,2026-04-09,True
2330,Neel,Barad,neel.barad379@gmail.com,8661680199,Kochi,South Province,India,342134,VIP,2026-04-11,True
2331,Yachana,Narayan,yachana.narayan515@yahoo.com,4203531607,Delhi,North Province,India,791386,Regular,2023-11-03,True
2332,Daniel,Buch,daniel.buch713@yahoo.com,01171321940,Ujjain,Central Province,India,470288,Occasional,2023-10-01,True
2333,Gaurang,Mann,gaurang.mann885@gmail.com,+912874527193,Jabalpur,Central Province,India,785764,Regular,2023-08-19,True
2334,Priya,Guha,priya.guha193@hotmail.com,+913810749161,Siliguri,East Province,India,232154,Regular,2024-01-23,True
2335,Chanakya,Borra,chanakya.borra545@hotmail.com,+911535069626,Chandigarh,North Province,India,684552,Premium,2024-06-16,True
2336,Ekantika,Gill,ekantika.gill721@hotmail.com,04102547179,Kochi,South Province,India,885669,Premium,2024-03-31,True
2337,Barkha,Toor,barkha.toor213@hotmail.com,3005195675,Bengaluru,South Province,India,355842,Regular,2024-01-15,True
2338,Qarin,Sen,qarin.sen868@hotmail.com,1726625650,Kolkata,East Province,India,607001,Regular,2023-04-22,True
2339,Chaitaly,Maharaj,chaitaly.maharaj784@gmail.com,+910686240871,Gwalior,Central Province,India,066890,VIP,2023-07-14,True
2340,Anita,Chaudhry,anita.chaudhry692@yahoo.com,+918207623811,Patna,East Province,India,223282,Premium,2024-09-01,True
2341,Pratyush,Gill,pratyush.gill160@hotmail.com,+914084752835,Ranchi,East Province,India,004108,VIP,2023-07-26,True
2342,Amrita,Sethi,amrita.sethi246@hotmail.com,+913511350535,Surat,West Province,India,228920,Premium,2024-10-15,True
2343,Rajeshri,Mann,rajeshri.mann860@gmail.com,5780978302,Gurugram,North Province,India,104194,Regular,2022-04-19,True
2344,Forum,Kibe,forum.kibe705@yahoo.com,+919528144786,Kochi,South Province,India,428021,Regular,2025-05-23,True
2345,Yashvi,Kapoor,yashvi.kapoor88@gmail.com,03578037891,Bhopal,Central Province,India,139743,Premium,2026-04-06,True
2346,Neha,Atwal,neha.atwal310@yahoo.com,08557599408,Guwahati,East Province,India,290696,Premium,2023-02-18,True
2347,Chandran,Misra,chandran.misra838@yahoo.com,+918986061065,Goa,West Province,India,733745,Occasional,2023-12-05,True
2348,Sachi,Bassi,sachi.bassi402@gmail.com,05276136814,Chandigarh,North Province,India,253084,Premium,2022-09-01,True
2349,Robert,Srinivas,robert.srinivas43@hotmail.com,09929644477,Guwahati,East Province,India,508423,Regular,2022-03-15,True
2350,Lohit,Krishna,lohit.krishna513@gmail.com,+914800417241,Nagpur,West Province,India,536915,Regular,2022-12-03,True
2351,Hamsini,Murty,hamsini.murty122@yahoo.com,09062796024,Guwahati,East Province,India,570333,Premium,2026-04-14,True
2352,Maanas,Nigam,maanas.nigam595@hotmail.com,4523158286,Ujjain,Central Province,India,040296,Premium,2025-01-09,True
2353,Manya,Gour,manya.gour410@hotmail.com,9172174292,Coimbatore,South Province,India,041678,Regular,2022-04-25,True
2354,Peter,Dar,peter.dar371@yahoo.com,3926693706,Ranchi,East Province,India,250313,VIP,2025-10-17,True
2355,Naksh,Tella,naksh.tella56@gmail.com,08502206190,Delhi,North Province,India,933359,Regular,2025-04-24,True
2356,Upkaar,Suri,upkaar.suri922@hotmail.com,01900002956,Bhopal,Central Province,India,622564,Premium,2026-04-17,True
2357,Waida,Bhatt,waida.bhatt431@hotmail.com,5594079923,Patna,East Province,India,453231,Regular,2024-01-02,True
2358,Lekha,Sidhu,lekha.sidhu329@yahoo.com,1456474370,Chennai,South Province,India,945391,Premium,2025-08-20,True
2359,Faris,Seth,faris.seth355@yahoo.com,06650527612,Lucknow,North Province,India,928157,Regular,2022-08-23,True
2360,Christopher,Ray,christopher.ray894@hotmail.com,+919022311678,Chandigarh,North Province,India,067635,Regular,2025-09-09,True
2361,Yatan,Deshmukh,yatan.deshmukh722@gmail.com,+917185921268,Patna,East Province,India,856371,Premium,2022-02-11,True
2362,Fiyaz,Mangal,fiyaz.mangal409@gmail.com,4300037539,Surat,West Province,India,313246,Regular,2025-03-14,True
2363,Hemangini,Thakkar,hemangini.thakkar701@yahoo.com,09327841783,Kolkata,East Province,India,659153,Regular,2025-11-15,True
2364,Liam,Barman,liam.barman316@gmail.com,+914065266426,Pune,West Province,India,351272,Regular,2025-06-13,True
2365,Ati,Mutti,ati.mutti87@yahoo.com,+913756569764,Siliguri,East Province,India,849622,Corporate,2026-06-01,True
2366,Arya,Mani,arya.mani314@hotmail.com,01046250692,Ahmedabad,West Province,India,568512,Occasional,2022-04-08,True
2367,Chatura,Sama,chatura.sama990@gmail.com,06729350979,Coimbatore,South Province,India,442129,Regular,2026-03-02,True
2368,Imaran,Mitra,imaran.mitra289@yahoo.com,5022347780,Noida,North Province,India,579725,Regular,2023-11-21,True
2369,Jackson,Venkatesh,jackson.venkatesh365@yahoo.com,0703398214,Guwahati,East Province,India,823372,VIP,2023-03-06,True
2370,Daksh,Madan,daksh.madan453@yahoo.com,+916767063632,Goa,West Province,India,301122,Premium,2023-09-07,True
2371,Avi,Bawa,avi.bawa649@hotmail.com,8484264833,Guwahati,East Province,India,679608,Premium,2023-05-30,True
2372,Ojas,Zachariah,ojas.zachariah652@hotmail.com,07136054946,Indore,Central Province,India,085649,VIP,2022-02-08,True
2373,Charles,Comar,charles.comar686@gmail.com,+914951935001,Jabalpur,Central Province,India,546175,Occasional,2023-03-13,True
2374,Darpan,Zachariah,darpan.zachariah555@gmail.com,+918890441040,Patna,East Province,India,315668,Corporate,2025-07-30,True
2375,Harini,Borra,harini.borra651@hotmail.com,+915381483747,Ranchi,East Province,India,580309,Regular,2026-01-28,True
2376,Advik,Chauhan,advik.chauhan164@yahoo.com,5647177840,Bhubaneswar,East Province,India,902716,VIP,2023-05-08,True
2377,Samarth,Sule,samarth.sule890@hotmail.com,+916115866861,Guwahati,East Province,India,997675,Corporate,2023-10-15,True
2378,Saksham,Issac,saksham.issac853@gmail.com,01705058353,Kochi,South Province,India,581956,Regular,2023-07-01,True
2379,Falak,Sarraf,falak.sarraf254@hotmail.com,+918535339982,Indore,Central Province,India,266217,Regular,2024-04-11,True
2380,Vasatika,Nayak,vasatika.nayak507@hotmail.com,+911584668793,Hyderabad,South Province,India,302853,Premium,2024-08-08,True
2381,Nakul,Shere,nakul.shere289@gmail.com,06698345150,Jaipur,North Province,India,528546,Regular,2022-11-23,True
2382,Hredhaan,Khare,hredhaan.khare190@gmail.com,7308972073,Nagpur,West Province,India,777711,Premium,2025-02-01,True
2383,Yachana,Master,yachana.master890@gmail.com,02786309007,Kolkata,East Province,India,210242,Occasional,2022-04-24,True
2384,Rishi,Merchant,rishi.merchant928@hotmail.com,07305777196,Mumbai,West Province,India,997165,Regular,2024-04-13,True
2385,Radha,Palla,radha.palla872@yahoo.com,07640996833,Chandigarh,North Province,India,400952,Regular,2026-01-23,True
2386,Neel,Manda,neel.manda690@gmail.com,6537932219,Bhopal,Central Province,India,439070,Corporate,2024-12-04,False
2387,Janaki,Mane,janaki.mane915@yahoo.com,3601579115,Raipur,Central Province,India,101626,Regular,2024-10-13,True
2388,Aditya,Balasubramanian,aditya.balasubramanian764@hotmail.com,+912658934759,Ahmedabad,West Province,India,833548,Regular,2025-04-11,True
2389,Xiti,Jhaveri,xiti.jhaveri157@yahoo.com,01921496791,Kochi,South Province,India,638664,Regular,2023-03-23,True
2390,Wriddhish,Dugal,wriddhish.dugal270@gmail.com,+911726652824,Surat,West Province,India,854927,Occasional,2024-04-16,True
2391,Kabir,Mannan,kabir.mannan981@gmail.com,+910208601460,Raipur,Central Province,India,190854,Regular,2025-12-03,True
2392,Sathvik,Dhar,sathvik.dhar996@yahoo.com,+916303356369,Siliguri,East Province,India,010009,Regular,2023-05-20,True
2393,Charles,Vora,charles.vora742@hotmail.com,3187810480,Hyderabad,South Province,India,835415,Regular,2024-08-31,True
2394,Pranit,Bedi,pranit.bedi688@hotmail.com,3043766136,Bhopal,Central Province,India,280812,VIP,2026-02-23,True
2395,Laksh,Sanghvi,laksh.sanghvi403@hotmail.com,+915947470531,Hyderabad,South Province,India,058330,Regular,2025-02-05,False
2396,Rachita,Tank,rachita.tank557@gmail.com,7984218914,Nagpur,West Province,India,693765,Occasional,2022-09-07,True
2397,Ayush,Chawla,ayush.chawla959@yahoo.com,06718776288,Kolkata,East Province,India,636885,Occasional,2024-03-15,True
2398,Aryan,Chahal,aryan.chahal225@hotmail.com,6276292266,Jaipur,North Province,India,788093,Occasional,2023-09-02,True
2399,Sara,Ranganathan,sara.ranganathan910@gmail.com,05228989074,Siliguri,East Province,India,598125,Corporate,2023-10-12,True
2400,Harita,Sood,harita.sood852@yahoo.com,02659764083,Lucknow,North Province,India,805014,VIP,2022-06-14,True
2401,Jeet,Sastry,jeet.sastry442@gmail.com,05789391295,Patna,East Province,India,518871,Occasional,2026-01-09,True
2402,Ishaan,Morar,ishaan.morar528@hotmail.com,00050092449,Mysuru,South Province,India,878757,Regular,2023-06-19,True
2403,Chandran,Kaul,chandran.kaul474@hotmail.com,+912930112501,Ujjain,Central Province,India,074290,Premium,2023-11-01,True
2404,Neelima,Padmanabhan,neelima.padmanabhan820@gmail.com,+912336931806,Mysuru,South Province,India,007302,Premium,2024-06-27,True
2405,Advika,Gera,advika.gera331@yahoo.com,6249753740,Mysuru,South Province,India,714469,Premium,2023-09-18,True
2406,Jhalak,Reddy,jhalak.reddy796@hotmail.com,04068735445,Coimbatore,South Province,India,451466,Corporate,2026-01-01,True
2407,Omya,Pandya,omya.pandya821@hotmail.com,+914834835862,Ujjain,Central Province,India,736648,Occasional,2024-04-20,True
2408,Dhriti,Khosla,dhriti.khosla713@gmail.com,+917758708943,Hyderabad,South Province,India,698344,Premium,2022-12-22,True
2409,Yagnesh,Sani,yagnesh.sani434@hotmail.com,5805045050,Pune,West Province,India,846720,Regular,2022-06-22,True
2410,Charan,Shankar,charan.shankar31@gmail.com,02939077372,Ranchi,East Province,India,450380,Occasional,2023-04-05,False
2411,Dev,Sama,dev.sama938@gmail.com,08515020450,Ujjain,Central Province,India,814353,Regular,2023-04-14,True
2412,Dhruv,Dewan,dhruv.dewan60@yahoo.com,4337953111,Nagpur,West Province,India,359042,Regular,2022-12-12,True
2413,Nandini,Parmar,nandini.parmar991@gmail.com,04286625108,Pune,West Province,India,738385,Regular,2022-07-02,False
2414,Ijaya,Master,ijaya.master548@yahoo.com,+914609193511,Delhi,North Province,India,455537,Regular,2026-01-11,True
2415,Azad,Sahni,azad.sahni131@gmail.com,02816733746,Siliguri,East Province,India,215756,Regular,2024-10-09,True
2416,Ojas,Sandal,ojas.sandal516@yahoo.com,+912608481876,Ahmedabad,West Province,India,099069,Regular,2026-03-09,True
2417,Vivaan,Chacko,vivaan.chacko853@hotmail.com,03039951670,Coimbatore,South Province,India,505998,Regular,2023-03-18,True
2418,Luke,Dass,luke.dass821@hotmail.com,6731234388,Bhubaneswar,East Province,India,485142,Regular,2024-04-16,True
2419,Dakshesh,Dhillon,dakshesh.dhillon471@yahoo.com,3645028231,Pune,West Province,India,427557,Occasional,2025-06-19,True
2420,Kritika,Shukla,kritika.shukla490@gmail.com,9115490443,Kolkata,East Province,India,834369,Regular,2022-01-22,True
2421,Kashish,Kar,kashish.kar740@gmail.com,+912977115062,Siliguri,East Province,India,792651,Regular,2023-03-11,True
2422,Siya,Kala,siya.kala107@gmail.com,1629108739,Raipur,Central Province,India,219836,Premium,2022-05-30,True
2423,Faqid,Nagy,faqid.nagy630@yahoo.com,+917671052987,Kochi,South Province,India,074599,Occasional,2023-12-27,False
2424,Faris,Prakash,faris.prakash839@gmail.com,+914450020268,Ujjain,Central Province,India,878903,Regular,2026-03-13,True
2425,Dayita,Pal,dayita.pal414@gmail.com,+919586760304,Jabalpur,Central Province,India,934675,Premium,2023-09-12,True
2426,Chameli,Biswas,chameli.biswas193@hotmail.com,2368810138,Bhopal,Central Province,India,721051,Regular,2025-04-03,True
2427,Yagnesh,Konda,yagnesh.konda101@yahoo.com,00184220138,Surat,West Province,India,532083,Regular,2022-09-28,True
2428,Faraj,Ram,faraj.ram330@hotmail.com,+916360389173,Hyderabad,South Province,India,907894,Regular,2022-08-28,True
2429,Vedika,Sangha,vedika.sangha958@yahoo.com,+910005214107,Nagpur,West Province,India,716348,Regular,2024-01-09,True
2430,Janya,Bala,janya.bala958@hotmail.com,8951237085,Goa,West Province,India,191944,Regular,2026-04-09,True
2431,Janaki,Lad,janaki.lad513@yahoo.com,09729655619,Hyderabad,South Province,India,767137,VIP,2026-02-18,True
2432,Sanaya,Dada,sanaya.dada162@hotmail.com,8862639561,Kolkata,East Province,India,667830,Regular,2023-01-22,True
2433,Kashish,Patla,kashish.patla732@yahoo.com,+917138874022,Patna,East Province,India,461446,Premium,2022-12-01,True
2434,Lakshmi,Goda,lakshmi.goda375@yahoo.com,03304117614,Kolkata,East Province,India,152483,Occasional,2024-06-23,True
2435,Isaiah,Ranganathan,isaiah.ranganathan876@hotmail.com,6364704656,Guwahati,East Province,India,987036,VIP,2022-08-19,True
2436,Vihaan,Aggarwal,vihaan.aggarwal899@gmail.com,08379363159,Mumbai,West Province,India,291270,Regular,2023-02-22,True
2437,Leela,Narayan,leela.narayan922@hotmail.com,+914104062911,Raipur,Central Province,India,228247,Premium,2025-02-27,True
2438,Jeet,Venkataraman,jeet.venkataraman594@gmail.com,+911817960757,Noida,North Province,India,974997,Regular,2026-04-20,False
2439,Dakshesh,Mutti,dakshesh.mutti106@gmail.com,+911711486565,Kochi,South Province,India,898106,Occasional,2025-10-18,True
2440,Faraj,Tailor,faraj.tailor614@gmail.com,5631631297,Chandigarh,North Province,India,572616,Occasional,2024-02-05,True
2441,Dalaja,Roy,dalaja.roy93@gmail.com,08811938999,Pune,West Province,India,682013,Premium,2022-03-01,True
2442,Agastya,Tata,agastya.tata988@gmail.com,07532163361,Guwahati,East Province,India,179854,Regular,2025-07-10,True
2443,Balhaar,Bath,balhaar.bath647@yahoo.com,9037295458,Mumbai,West Province,India,835639,Occasional,2025-09-05,True
2444,Jatin,Dua,jatin.dua893@yahoo.com,03922551741,Indore,Central Province,India,581476,Regular,2023-03-09,True
2445,Praneel,Cherian,praneel.cherian82@hotmail.com,+913601863994,Mumbai,West Province,India,413845,Premium,2026-03-04,True
2446,Vivaan,Chandra,vivaan.chandra192@yahoo.com,03093079685,Chandigarh,North Province,India,964598,Regular,2023-06-07,True
2447,Ucchal,Deshmukh,ucchal.deshmukh882@hotmail.com,00899217735,Kolkata,East Province,India,668113,Regular,2022-02-12,True
2448,Tanveer,Singhal,tanveer.singhal780@gmail.com,07072173402,Patna,East Province,India,222419,Occasional,2025-08-18,True
2449,Victor,Bhat,victor.bhat452@yahoo.com,3236540181,Surat,West Province,India,442484,VIP,2026-06-29,False
2450,Nachiket,Balasubramanian,nachiket.balasubramanian691@gmail.com,4350947651,Indore,Central Province,India,861564,Regular,2024-01-06,True
2451,Abhiram,Mane,abhiram.mane916@gmail.com,07539891370,Kochi,South Province,India,424519,Regular,2024-07-01,True
2452,Daksh,Trivedi,daksh.trivedi784@gmail.com,01103565942,Jabalpur,Central Province,India,023766,Regular,2022-07-04,True
2453,Rachita,Sampath,rachita.sampath446@hotmail.com,+912953386194,Kochi,South Province,India,183909,Regular,2025-07-15,True
2454,Vihaan,Mody,invalid_user_at_domain_com,02406628346,Siliguri,East Province,India,348893,Premium,2023-04-05,True
2455,Wazir,Kurian,wazir.kurian672@gmail.com,05186694086,Ranchi,East Province,India,424382,Premium,2025-07-13,True
2456,Leela,Deol,leela.deol499@hotmail.com,05074350952,Kolkata,East Province,India,947039,Regular,2026-06-30,False
2457,Prisha,Sami,prisha.sami447@yahoo.com,03591765047,Pune,West Province,India,883009,Regular,2024-12-07,True
2458,Harini,Mahal,harini.mahal120@gmail.com,8734496686,Delhi,North Province,India,798994,Premium,2024-11-17,True
2459,Tanmayi,Babu,tanmayi.babu592@yahoo.com,1706901497,Siliguri,East Province,India,103847,Corporate,2026-01-15,True
2460,Harshil,Nayar,harshil.nayar525@yahoo.com,05665051886,Bhopal,Central Province,India,167449,Regular,2026-04-24,True
2461,Pratyush,Jayaraman,pratyush.jayaraman196@yahoo.com,3596985045,Bhubaneswar,East Province,India,566937,Corporate,2026-05-30,True
2462,Hemal,Mukhopadhyay,hemal.mukhopadhyay331@gmail.com,+914286178925,Siliguri,East Province,India,140250,Premium,2023-09-02,True
2463,Wridesh,Yohannan,wridesh.yohannan359@yahoo.com,7626481638,Ranchi,East Province,India,936806,Occasional,2023-06-27,True
2464,Rohan,Naidu,rohan.naidu90@hotmail.com,03010127896,Chennai,South Province,India,193048,VIP,2023-01-15,True
2465,Jyoti,Din,jyoti.din28@hotmail.com,07586703656,Chandigarh,North Province,India,036344,Regular,2024-12-30,True
2466,Baghyawati,Kakar,baghyawati.kakar481@hotmail.com,4689633181,Mysuru,South Province,India,335761,Premium,2024-09-04,True
2467,Vansha,Batta,vansha.batta320@yahoo.com,+911744577626,Ujjain,Central Province,India,636785,Premium,2024-09-23,False
2468,Benjamin,Upadhyay,benjamin.upadhyay996@hotmail.com,9774759443,Nagpur,West Province,India,852953,Premium,2025-10-11,True
2469,Sanaya,Sharaf,sanaya.sharaf148@yahoo.com,+913767687404,Mumbai,West Province,India,076751,Regular,2022-09-14,True
2470,Darika,Saxena,darika.saxena889@yahoo.com,+914115733099,Gurugram,North Province,India,009406,Regular,2023-01-21,True
2471,Kashish,Rao,kashish.rao456@yahoo.com,8234453856,Mysuru,South Province,India,352326,Corporate,2023-05-11,True
2472,Qushi,Balay,qushi.balay318@hotmail.com,0047091103,Indore,Central Province,India,956119,VIP,2022-06-26,True
2473,Yachana,Rastogi,yachana.rastogi180@yahoo.com,+911815837466,Kolkata,East Province,India,447761,Occasional,2022-08-27,True
2474,Yashvi,Rege,yashvi.rege30@hotmail.com,00479666829,Guwahati,East Province,India,525659,Occasional,2024-08-23,True
2475,Kavya,Badal,kavya.badal859@hotmail.com,9142330292,Hyderabad,South Province,India,640547,Corporate,2025-03-12,True
2476,Wyatt,Warrior,wyatt.warrior877@yahoo.com,+912140513186,Delhi,North Province,India,047473,VIP,2025-07-15,False
2477,Tanay,Chana,tanay.chana620@yahoo.com,08524744203,Siliguri,East Province,India,944102,VIP,2025-03-31,False
2478,Upkaar,Thaman,upkaar.thaman507@yahoo.com,3518664774,Chandigarh,North Province,India,313518,Premium,2024-03-29,True
2479,Raghav,Anand,raghav.anand72@gmail.com,08534658153,Bhubaneswar,East Province,India,217895,Premium,2026-01-02,True
2480,Hemal,Bhardwaj,hemal.bhardwaj284@hotmail.com,4128655816,Goa,West Province,India,592383,Occasional,2022-05-11,True
2481,Gunbir,Kannan,gunbir.kannan647@yahoo.com,9180038146,Kolkata,East Province,India,429242,Occasional,2024-10-10,True
2482,Harshil,Pingle,harshil.pingle304@hotmail.com,03091218527,Kolkata,East Province,India,411461,VIP,2022-11-27,True
2483,Ronith,Krish,ronith.krish234@gmail.com,05530153030,Bhubaneswar,East Province,India,407781,Premium,2024-11-05,True
2484,Harish,Batta,harish.batta489@hotmail.com,6598455766,Ujjain,Central Province,India,454182,Regular,2025-09-07,True
2485,Guneet,Dhaliwal,guneet.dhaliwal678@yahoo.com,9452064191,Guwahati,East Province,India,616691,VIP,2025-10-10,True
2486,Anay,Bhargava,anay.bhargava299@hotmail.com,8224216826,Coimbatore,South Province,India,217562,Premium,2023-03-01,True
2487,Lakshmi,Raj,lakshmi.raj214@gmail.com,+918347910059,Bhubaneswar,East Province,India,257228,Regular,2022-12-21,True
2488,Tamanna,Bawa,tamanna.bawa250@hotmail.com,+912200748597,Guwahati,East Province,India,438712,Regular,2023-09-14,True
2489,Inaya,Chakrabarti,inaya.chakrabarti375@yahoo.com,02058028606,Lucknow,North Province,India,480224,Premium,2023-06-19,True
2490,Agastya,Sahota,agastya.sahota355@yahoo.com,07476950904,Bhopal,Central Province,India,898566,Regular,2022-05-11,True
2491,Aashi,Jayaraman,aashi.jayaraman508@gmail.com,+916556238878,Noida,North Province,India,656993,Regular,2023-04-04,True
2492,Ethan,Jha,ethan.jha908@yahoo.com,0622901138,Mumbai,West Province,India,047947,Premium,2026-04-27,True
2493,Fariq,Aurora,fariq.aurora116@gmail.com,0351489538,Gwalior,Central Province,India,944191,VIP,2025-10-03,False
2494,Aashi,Sharaf,aashi.sharaf123@hotmail.com,0534728395,Guwahati,East Province,India,673095,Occasional,2026-03-28,True
2495,Timothy,Date,timothy.date52@hotmail.com,6708488686,Bhopal,Central Province,India,629258,Premium,2025-02-25,True
2496,Quincy,Dutt,quincy.dutt170@hotmail.com,+918018323530,Jaipur,North Province,India,885684,VIP,2024-01-11,True
2497,Pahal,Sundaram,pahal.sundaram901@yahoo.com,7809645837,Jabalpur,Central Province,India,495975,Regular,2026-02-09,True
2498,Manan,Buch,manan.buch878@gmail.com,03175559289,Pune,West Province,India,487411,Regular,2022-09-09,False
2499,Bishakha,Vyas,bishakha.vyas359@yahoo.com,2675119976,Jaipur,North Province,India,534965,Regular,2024-08-28,True
2500,Eesha,Bora,eesha.bora782@yahoo.com,6419678963,Ahmedabad,West Province,India,093582,Regular,2026-01-04,True
2501,Darsh,Choudhary,darsh.choudhary781@yahoo.com,+910159722422,Chennai,South Province,India,834927,Premium,2026-03-23,True
2502,Lakshmi,Roy,lakshmi.roy950@hotmail.com,+919846018040,Kochi,South Province,India,348015,Regular,2024-04-26,True
2503,Theodore,Sarna,theodore.sarna976@hotmail.com,+915866715544,Ujjain,Central Province,India,053926,Regular,2024-01-11,True
2504,Banjeet,Sarkar,banjeet.sarkar976@yahoo.com,06272053649,Gurugram,North Province,India,192856,Regular,2024-11-25,True
2505,Sai,Dube,sai.dube72@hotmail.com,00215538307,Bhubaneswar,East Province,India,558212,Regular,2024-06-07,True
2506,Libni,Gopal,libni.gopal656@yahoo.com,03956784460,Coimbatore,South Province,India,890751,Occasional,2022-04-29,True
2507,Harish,Thaman,harish.thaman421@gmail.com,07551294414,Raipur,Central Province,India,531649,Occasional,2024-05-08,True
2508,Pranav,Venkatesh,pranav.venkatesh331@hotmail.com,+918597477656,Nagpur,West Province,India,907055,Occasional,2026-03-02,True
2509,Chavvi,Lall,chavvi.lall952@hotmail.com,3436877156,Goa,West Province,India,209490,Regular,2025-06-04,True
2510,Vidhi,Ravel,vidhi.ravel817@hotmail.com,+914153597710,Coimbatore,South Province,India,115477,Premium,2025-07-02,True
2511,Veer,Mani,veer.mani804@hotmail.com,03148722557,Nagpur,West Province,India,641354,Regular,2024-04-08,True
2512,Vinaya,More,vinaya.more409@gmail.com,08557395232,Noida,North Province,India,558095,VIP,2023-11-17,True
2513,Vedika,Mitra,vedika.mitra300@yahoo.com,08166028413,Coimbatore,South Province,India,233470,Regular,2025-01-12,True
2514,Charita,Badami,charita.badami785@yahoo.com,+914697147973,Goa,West Province,India,185595,Premium,2023-11-29,True
2515,Benjamin,Vasa,benjamin.vasa257@hotmail.com,+917456017039,Gwalior,Central Province,India,101759,Corporate,2023-06-14,True
2516,Azaan,Baral,azaan.baral759@gmail.com,00679490786,Ranchi,East Province,India,855162,Regular,2022-08-15,True
2517,Imaran,Patla,imaran.patla58@hotmail.com,+918967635367,Raipur,Central Province,India,558960,VIP,2022-09-11,False
2518,Vrinda,Bhardwaj,vrinda.bhardwaj764@yahoo.com,+912883413351,Patna,East Province,India,901430,Regular,2025-03-18,True
2519,Upadhriti,Mukherjee,upadhriti.mukherjee589@gmail.com,04936635796,Mysuru,South Province,India,148030,VIP,2025-04-06,False
2520,Charan,Shan,charan.shan368@hotmail.com,3565826082,Gwalior,Central Province,India,263794,Regular,2023-04-24,True
2521,Ekansh,Dhaliwal,ekansh.dhaliwal741@hotmail.com,6691122321,Ujjain,Central Province,India,252611,Regular,2022-10-14,True
2522,Vrinda,Din,vrinda.din606@yahoo.com,4657446532,Lucknow,North Province,India,544118,Regular,2024-11-23,True
2523,Gunbir,Walia,gunbir.walia738@hotmail.com,5136738052,Kolkata,East Province,India,388193,Regular,2022-10-28,True
2524,Sai,Sanghvi,sai.sanghvi919@hotmail.com,01847146220,Delhi,North Province,India,483335,Regular,2024-05-20,True
2525,Amara,Bhasin,amara.bhasin548@gmail.com,+912728360308,Lucknow,North Province,India,647709,Regular,2025-10-18,True
2526,Advaith,Sama,advaith.sama520@hotmail.com,7618376295,Patna,East Province,India,767162,Premium,2025-04-11,False
2527,Girindra,Tara,girindra.tara853@gmail.com,+914888680418,Siliguri,East Province,India,930326,Regular,2024-05-03,True
2528,Chameli,Narasimhan,chameli.narasimhan142@yahoo.com,09674199160,Siliguri,East Province,India,390649,Occasional,2024-07-26,True
2529,Bachittar,Sur,bachittar.sur227@hotmail.com,+913425197018,Bhopal,Central Province,India,589136,Premium,2025-11-23,True
2530,Lucky,Raman,lucky.raman953@yahoo.com,+917421531936,Coimbatore,South Province,India,526022,Occasional,2024-01-27,True
2531,Isaiah,Sampath,invalid_user_at_domain_com,0887548029,Kolkata,East Province,India,358384,Premium,2022-09-05,True
2532,Rehaan,Butala,rehaan.butala322@gmail.com,05735174546,Bengaluru,South Province,India,510214,Occasional,2024-01-31,True
2533,Champak,Chakrabarti,champak.chakrabarti156@gmail.com,3319558979,Kolkata,East Province,India,359717,Regular,2026-06-09,True
2534,Waida,Bumb,waida.bumb230@yahoo.com,0305687094,Lucknow,North Province,India,246051,Regular,2023-08-04,True
2535,Manya,Kulkarni,manya.kulkarni367@hotmail.com,+918953376841,Delhi,North Province,India,677600,Regular,2025-01-26,True
2536,Lipika,Mammen,lipika.mammen589@gmail.com,05973173033,Ranchi,East Province,India,496757,Premium,2023-09-27,True
2537,Aishani,Oak,invalid_user_at_domain_com,+914848094731,Guwahati,East Province,India,560542,Premium,2026-01-14,True
2538,Veda,Behl,veda.behl789@yahoo.com,9594761110,Ujjain,Central Province,India,976475,Regular,2024-08-01,True
2539,Bimala,Panchal,bimala.panchal649@yahoo.com,07289722693,Mumbai,West Province,India,854039,Premium,2026-06-27,True
2540,Advaith,Tripathi,advaith.tripathi563@yahoo.com,6856066992,Kochi,South Province,India,138268,Regular,2023-11-26,True
2541,Vamakshi,Bandi,vamakshi.bandi671@hotmail.com,07779570399,Siliguri,East Province,India,263779,Regular,2023-07-23,True
2542,Qarin,Sawhney,qarin.sawhney825@gmail.com,1073512896,Noida,North Province,India,206824,VIP,2025-07-14,True
2543,Saksham,Gade,saksham.gade97@gmail.com,+913023993446,Gurugram,North Province,India,606943,Regular,2025-02-19,True
2544,Aarnav,Rastogi,aarnav.rastogi544@hotmail.com,02357865294,Bhopal,Central Province,India,285370,Regular,2025-03-13,True
2545,Bachittar,Raja,bachittar.raja968@yahoo.com,08854875311,Delhi,North Province,India,425542,Premium,2025-09-10,False
2546,Abeer,Naik,abeer.naik859@gmail.com,06425507868,Pune,West Province,India,860203,VIP,2023-05-18,True
2547,Kalpit,Ganguly,kalpit.ganguly631@gmail.com,+911701958663,Kolkata,East Province,India,879872,Regular,2024-12-28,True
2548,Zilmil,Taneja,zilmil.taneja457@gmail.com,1424956291,Kolkata,East Province,India,964416,Regular,2023-11-28,True
2549,Abhiram,Keer,abhiram.keer273@gmail.com,+918880700510,Raipur,Central Province,India,874512,Regular,2024-02-22,False
2550,Ansh,Din,ansh.din157@hotmail.com,+910175454164,Indore,Central Province,India,921046,Regular,2023-08-08,True
2551,Ojasvi,Deep,ojasvi.deep704@yahoo.com,00152697442,Hyderabad,South Province,India,360785,Regular,2024-04-14,True
2552,Brinda,Gulati,brinda.gulati740@gmail.com,+919587238368,Pune,West Province,India,601457,Regular,2022-02-25,True
2553,Mitesh,Karnik,mitesh.karnik924@gmail.com,07148581970,Pune,West Province,India,501967,Regular,2024-04-25,True
2554,Vasudha,Deo,vasudha.deo255@gmail.com,2519201828,Delhi,North Province,India,233297,VIP,2023-02-19,True
2555,Aarush,Luthra,aarush.luthra526@hotmail.com,3795829158,Ranchi,East Province,India,511639,Regular,2026-03-21,True
2556,Sachi,Chacko,sachi.chacko576@yahoo.com,2075741424,Lucknow,North Province,India,396262,Regular,2024-08-09,True
2557,Hiral,Buch,hiral.buch945@hotmail.com,3124977367,Siliguri,East Province,India,244343,Occasional,2023-04-24,True
2558,Hema,Modi,hema.modi262@hotmail.com,08729657156,Ujjain,Central Province,India,380299,VIP,2022-07-27,True
2559,Champak,Kara,champak.kara426@yahoo.com,0424796000,Hyderabad,South Province,India,091657,Regular,2025-03-09,True
2560,Vedant,Sridhar,vedant.sridhar155@yahoo.com,+914266225492,Indore,Central Province,India,369309,Regular,2026-05-23,False
2561,Frado,Loyal,frado.loyal994@hotmail.com,+911527311722,Coimbatore,South Province,India,414756,Occasional,2024-05-17,True
2562,Agastya,Apte,agastya.apte306@hotmail.com,+918429335984,Chandigarh,North Province,India,422983,Premium,2025-06-25,True
2563,Ekantika,Sahni,ekantika.sahni622@hotmail.com,07715390226,Chandigarh,North Province,India,473650,Regular,2023-07-14,True
2564,Brijesh,Jain,brijesh.jain609@gmail.com,9090064761,Nagpur,West Province,India,427873,Corporate,2023-03-12,True
2565,Ekta,Nadkarni,ekta.nadkarni586@yahoo.com,0423169792,Mysuru,South Province,India,675493,Regular,2024-12-29,True
2566,Ronith,Mohan,ronith.mohan579@gmail.com,9690453925,Jaipur,North Province,India,878357,Occasional,2026-01-24,True
2567,Rudra,Kothari,rudra.kothari990@hotmail.com,+913307345330,Coimbatore,South Province,India,364122,Corporate,2024-10-30,True
2568,Chaaya,Soni,chaaya.soni780@yahoo.com,+919853720335,Nagpur,West Province,India,516023,VIP,2023-06-20,True
2569,Kevin,Narain,kevin.narain480@gmail.com,+917155587094,Ahmedabad,West Province,India,422456,Occasional,2023-03-08,True
2570,Dalaja,Bobal,dalaja.bobal633@gmail.com,9255125380,Mysuru,South Province,India,819135,Premium,2022-01-05,True
2571,Ansh,Palla,ansh.palla926@hotmail.com,3494197157,Kochi,South Province,India,571663,Premium,2025-02-12,True
2572,Oscar,Varma,oscar.varma816@hotmail.com,2463061621,Ranchi,East Province,India,635200,Occasional,2022-06-16,True
2573,Tara,Sarin,tara.sarin465@gmail.com,00420598685,Bhopal,Central Province,India,977143,Premium,2025-10-07,True
2574,Tanveer,Sami,tanveer.sami406@gmail.com,0901014610,Ranchi,East Province,India,927888,Regular,2024-01-04,True
2575,Guneet,Yogi,guneet.yogi389@hotmail.com,+910461638816,Delhi,North Province,India,851856,Occasional,2024-08-05,True
2576,Chakradev,Palla,chakradev.palla786@hotmail.com,+919656882672,Mysuru,South Province,India,072720,Regular,2022-02-10,False
2577,Isaac,Mannan,isaac.mannan845@yahoo.com,+913735640783,Pune,West Province,India,830697,Premium,2022-07-04,True
2578,Zinal,Prabhu,zinal.prabhu381@gmail.com,4549836714,Chennai,South Province,India,749066,Regular,2024-10-08,True
2579,Yutika,Sahni,yutika.sahni210@yahoo.com,01857116456,Indore,Central Province,India,595634,Occasional,2022-01-15,True
2580,Yuvraj,Chakraborty,yuvraj.chakraborty522@hotmail.com,+917392002585,Lucknow,North Province,India,533777,Premium,2025-03-11,True
2581,Wyatt,Badami,wyatt.badami627@hotmail.com,+911678719261,Ujjain,Central Province,India,487201,Premium,2025-10-29,True
2582,Maanas,Lala,maanas.lala140@hotmail.com,+912545500549,Mysuru,South Province,India,809983,Regular,2022-05-14,True
2583,Warhi,Ratti,warhi.ratti811@hotmail.com,03887246163,Coimbatore,South Province,India,343830,Regular,2026-02-01,True
2584,Ayaan,Balan,ayaan.balan555@hotmail.com,+914352949307,Gurugram,North Province,India,179965,Premium,2025-10-20,True
2585,Anika,Sachdev,anika.sachdev666@yahoo.com,+918973518962,Kolkata,East Province,India,527560,Premium,2024-05-24,True
2586,Aayush,Gandhi,aayush.gandhi290@gmail.com,+910234056771,Surat,West Province,India,515890,Regular,2024-04-13,True
2587,Adweta,Chaudry,adweta.chaudry787@hotmail.com,2805166608,Patna,East Province,India,239278,Regular,2024-11-25,True
2588,Chaaya,Majumdar,chaaya.majumdar555@yahoo.com,9098636152,Lucknow,North Province,India,695844,Regular,2024-05-10,True
2589,Chavvi,Dugal,chavvi.dugal911@gmail.com,+912482488631,Hyderabad,South Province,India,737145,Premium,2022-06-17,True
2590,Benjamin,Kara,benjamin.kara990@gmail.com,+918026691419,Mysuru,South Province,India,960610,Regular,2024-05-17,True
2591,Aishani,Sha,aishani.sha74@gmail.com,9119925692,Hyderabad,South Province,India,768834,Premium,2023-09-29,True
2592,Dev,Bath,dev.bath616@gmail.com,01413181181,Guwahati,East Province,India,051325,VIP,2022-02-19,False
2593,Jack,Saxena,jack.saxena494@hotmail.com,0447085609,Pune,West Province,India,067148,Regular,2022-08-09,True
2594,Tara,Vyas,tara.vyas823@gmail.com,+910314564572,Lucknow,North Province,India,757940,Regular,2024-11-30,True
2595,Suhani,Loyal,suhani.loyal792@gmail.com,+913744999870,Gwalior,Central Province,India,391369,Regular,2024-06-17,True
2596,Bhavya,Chakraborty,bhavya.chakraborty948@gmail.com,6410603267,Delhi,North Province,India,318057,Regular,2022-05-05,True
2597,Mekhala,Khurana,mekhala.khurana951@gmail.com,0108965461,Jaipur,North Province,India,536064,Corporate,2022-05-07,True
2598,Ansh,Bhat,ansh.bhat77@yahoo.com,04867948698,Ujjain,Central Province,India,848170,Regular,2024-06-03,True
2599,Yatin,Ravi,yatin.ravi421@gmail.com,+910770177375,Lucknow,North Province,India,933078,Regular,2024-02-21,True
2600,Harshil,Choudhry,harshil.choudhry685@gmail.com,01960049021,Coimbatore,South Province,India,441559,Premium,2026-06-01,True
2601,Pallavi,Sem,pallavi.sem644@yahoo.com,+913384965523,Guwahati,East Province,India,703353,Regular,2025-06-24,True
2602,Aarav,Bhakta,aarav.bhakta346@yahoo.com,9926653619,Chandigarh,North Province,India,731739,Premium,2024-11-25,True
2603,Chavvi,Sane,chavvi.sane79@hotmail.com,+914872385865,Noida,North Province,India,927687,Premium,2025-12-31,True
2604,George,Lal,george.lal531@hotmail.com,+913493179670,Indore,Central Province,India,055817,Regular,2025-07-29,True
2605,Veer,Nagarajan,veer.nagarajan258@yahoo.com,2116250698,Jabalpur,Central Province,India,546463,Regular,2023-01-16,True
2606,Sara,Aurora,sara.aurora456@gmail.com,05570393427,Hyderabad,South Province,India,866925,Premium,2025-04-12,True
2607,Ekanta,Date,ekanta.date916@hotmail.com,0509260001,Ahmedabad,West Province,India,015616,Premium,2025-04-10,True
2608,Ekavir,Sharaf,ekavir.sharaf361@gmail.com,4498121300,Patna,East Province,India,384699,Regular,2025-05-20,False
2609,Charan,Ravel,charan.ravel704@yahoo.com,+913310448177,Gwalior,Central Province,India,655619,Regular,2025-09-08,True
2610,Lakshit,Date,lakshit.date362@gmail.com,8220631864,Bhopal,Central Province,India,761302,Regular,2024-05-14,True
2611,Ranveer,Sachdev,ranveer.sachdev203@yahoo.com,+916936835991,Bengaluru,South Province,India,764032,Premium,2023-12-01,True
2612,Umang,Bir,umang.bir349@hotmail.com,3252826712,Ranchi,East Province,India,937949,Occasional,2025-11-19,True
2613,Ekani,Gandhi,ekani.gandhi438@gmail.com,02964448436,Goa,West Province,India,811143,Regular,2023-09-06,True
2614,Timothy,Batra,timothy.batra952@yahoo.com,00980587715,Chandigarh,North Province,India,590627,Regular,2023-03-26,True
2615,Varenya,Ben,varenya.ben228@gmail.com,09120463721,Kochi,South Province,India,266032,Regular,2025-07-01,True
2616,Ranveer,Naik,ranveer.naik220@hotmail.com,01802955999,Nagpur,West Province,India,737939,Regular,2024-02-09,True
2617,Jagrati,Suresh,jagrati.suresh85@hotmail.com,05192474111,Lucknow,North Province,India,367038,Regular,2022-01-21,True
2618,Pavani,Divan,pavani.divan209@yahoo.com,07611258423,Hyderabad,South Province,India,008056,Premium,2024-06-20,True
2619,Zaid,Balay,zaid.balay213@hotmail.com,2924828732,Mumbai,West Province,India,078831,Regular,2022-03-02,True
2620,Onveer,Sastry,onveer.sastry357@gmail.com,6548522072,Nagpur,West Province,India,197084,Corporate,2022-12-23,True
2621,Lakshit,Singhal,lakshit.singhal873@yahoo.com,1627963651,Bengaluru,South Province,India,955510,Regular,2022-12-27,True
2622,Andrew,Patla,andrew.patla816@gmail.com,+918194842262,Kochi,South Province,India,003607,Occasional,2025-09-03,True
2623,Krish,Dayal,krish.dayal255@gmail.com,00283034243,Hyderabad,South Province,India,539169,Regular,2024-07-23,True
2624,Lohit,Balan,lohit.balan648@hotmail.com,+916631669687,Coimbatore,South Province,India,033045,Occasional,2026-06-25,True
2625,Arya,Krishnan,arya.krishnan913@gmail.com,+916166497008,Delhi,North Province,India,458015,Occasional,2022-10-23,True
2626,Girish,Suri,girish.suri721@yahoo.com,02962809241,Coimbatore,South Province,India,505096,Regular,2024-02-14,True
2627,Ojasvi,Chaudhary,ojasvi.chaudhary640@hotmail.com,3152552322,Bengaluru,South Province,India,588377,Premium,2026-04-12,True
2628,Daksha,Keer,daksha.keer263@yahoo.com,00476253950,Pune,West Province,India,115255,Regular,2023-11-03,True
2629,Yashawini,Saran,yashawini.saran917@gmail.com,07888260317,Coimbatore,South Province,India,890304,Premium,2025-04-11,True
2630,Jagrati,Walla,jagrati.walla76@hotmail.com,+919718614229,Siliguri,East Province,India,554592,Regular,2025-06-13,True
2631,Chakradev,Nanda,chakradev.nanda541@hotmail.com,09675779911,Raipur,Central Province,India,798304,Premium,2024-10-18,True
2632,Garima,Sibal,garima.sibal504@yahoo.com,+917451160895,Goa,West Province,India,015221,VIP,2025-11-23,True
2633,Samesh,Jaggi,samesh.jaggi663@yahoo.com,8960083476,Goa,West Province,India,289899,Occasional,2024-04-01,True
2634,Utkarsh,Amble,utkarsh.amble926@hotmail.com,04611399799,Jaipur,North Province,India,715603,Regular,2023-03-26,True
2635,Siddharth,Verma,siddharth.verma445@hotmail.com,08852858986,Bhubaneswar,East Province,India,843976,Occasional,2023-09-19,True
2636,Xavier,Behl,xavier.behl96@hotmail.com,0073794999,Ahmedabad,West Province,India,457444,Regular,2025-02-01,True
2637,Imaran,Bassi,imaran.bassi245@yahoo.com,09262654347,Ranchi,East Province,India,916043,Premium,2023-12-22,True
2638,Harita,Varma,harita.varma471@gmail.com,8590799658,Raipur,Central Province,India,783756,Premium,2024-05-22,True
2639,Ekbal,Radhakrishnan,ekbal.radhakrishnan401@yahoo.com,4340730717,Patna,East Province,India,613500,Regular,2023-07-14,True
2640,Vyanjana,Trivedi,vyanjana.trivedi377@hotmail.com,+916922338540,Nagpur,West Province,India,369995,Occasional,2022-06-05,True
2641,Kalpit,Nath,kalpit.nath669@hotmail.com,+912312653273,Gwalior,Central Province,India,514972,Regular,2025-01-24,True
2642,Adweta,Bera,adweta.bera83@gmail.com,+912347714695,Bengaluru,South Province,India,935555,Regular,2022-08-31,True
2643,Siya,Barman,siya.barman347@gmail.com,+910617413644,Pune,West Province,India,947612,Regular,2025-10-14,True
2644,Hritik,Krish,hritik.krish628@hotmail.com,1270650761,Pune,West Province,India,228305,Occasional,2025-12-16,False
2645,Libni,Minhas,libni.minhas798@yahoo.com,08530455559,Raipur,Central Province,India,026356,Regular,2022-01-18,True
2646,Abeer,Tata,abeer.tata785@yahoo.com,08943327639,Guwahati,East Province,India,460082,Premium,2025-04-02,True
2647,Yash,Ratta,yash.ratta243@hotmail.com,02690222097,Indore,Central Province,India,506179,Regular,2024-03-25,True
2648,Baljiwan,Sankaran,baljiwan.sankaran611@hotmail.com,00151200393,Bhubaneswar,East Province,India,490769,VIP,2024-11-22,True
2649,Vamakshi,Gade,vamakshi.gade97@gmail.com,02183339192,Patna,East Province,India,921053,Regular,2026-06-10,True
2650,Aryan,Srinivasan,aryan.srinivasan470@gmail.com,+912600822837,Bhubaneswar,East Province,India,427054,Occasional,2024-06-17,True
2651,Ekiya,Swaminathan,ekiya.swaminathan322@hotmail.com,8728206322,Coimbatore,South Province,India,126980,Occasional,2022-09-20,True
2652,Bishakha,Kuruvilla,bishakha.kuruvilla439@yahoo.com,6589524760,Ahmedabad,West Province,India,064724,Regular,2023-04-07,True
2653,Hema,Goel,hema.goel611@yahoo.com,03787477884,Raipur,Central Province,India,709465,Regular,2023-10-30,True
2654,Varenya,Sidhu,varenya.sidhu591@yahoo.com,+916129889728,Chennai,South Province,India,268092,Premium,2023-11-08,True
2655,Yauvani,Din,yauvani.din400@yahoo.com,1641700537,Gwalior,Central Province,India,860566,Regular,2024-03-11,True
2656,Yutika,Anne,yutika.anne496@gmail.com,+916647951279,Jabalpur,Central Province,India,124285,Regular,2023-01-21,True
2657,Wazir,Prakash,wazir.prakash105@hotmail.com,4160199198,Siliguri,East Province,India,808701,Regular,2023-09-16,True
2658,Urishilla,Agarwal,urishilla.agarwal627@hotmail.com,6715207710,Bengaluru,South Province,India,404336,Premium,2025-11-12,True
2659,Kashish,Savant,kashish.savant220@hotmail.com,07246105110,Chandigarh,North Province,India,070178,Regular,2023-08-05,True
2660,Janaki,Bala,janaki.bala387@hotmail.com,+910502549723,Chandigarh,North Province,India,010297,Premium,2022-04-28,True
2661,Janya,Solanki,janya.solanki123@yahoo.com,7539659744,Guwahati,East Province,India,526942,Regular,2022-11-18,True
2662,Daksh,Manda,daksh.manda143@gmail.com,04153740513,Chandigarh,North Province,India,793766,Occasional,2023-02-27,True
2663,Sara,Raghavan,sara.raghavan598@hotmail.com,+916085571749,Bhubaneswar,East Province,India,584968,Occasional,2025-05-21,True
2664,Yashodhara,Brar,yashodhara.brar479@yahoo.com,09908035862,Ujjain,Central Province,India,057445,Regular,2025-11-03,True
2665,Avi,Sarkar,avi.sarkar854@gmail.com,+914535279111,Kochi,South Province,India,085184,Regular,2022-05-12,True
2666,Nirja,Samra,nirja.samra910@hotmail.com,8593213596,Raipur,Central Province,India,830734,Premium,2025-03-11,True
2667,Abhiram,Baral,abhiram.baral304@gmail.com,+916425972055,Gurugram,North Province,India,829878,Premium,2022-07-06,True
2668,Harsh,Dhaliwal,harsh.dhaliwal821@gmail.com,07498474604,Nagpur,West Province,India,937178,Regular,2025-12-28,True
2669,Zayyan,Som,zayyan.som193@gmail.com,+914617275804,Kochi,South Province,India,292676,Occasional,2023-05-26,True
2670,Yahvi,Vasa,yahvi.vasa197@hotmail.com,7988775445,Guwahati,East Province,India,741340,Premium,2025-09-11,True
2671,Jack,Deshpande,jack.deshpande290@hotmail.com,3605962751,Jaipur,North Province,India,463890,Occasional,2022-11-20,True
2672,Indrajit,Dua,indrajit.dua749@yahoo.com,4479365611,Gurugram,North Province,India,686223,Occasional,2026-01-27,True
2673,David,Shroff,david.shroff387@gmail.com,6594805316,Ranchi,East Province,India,227433,Regular,2022-09-06,True
2674,Chatresh,Kala,chatresh.kala178@yahoo.com,2718624475,Surat,West Province,India,311213,Regular,2024-07-12,True
2675,Akshay,Swamy,akshay.swamy664@hotmail.com,+918780661545,Kolkata,East Province,India,866356,Premium,2022-05-30,True
2676,Eshana,Minhas,eshana.minhas418@gmail.com,0288252128,Patna,East Province,India,690594,Occasional,2026-03-08,True
2677,Madhavi,Vora,madhavi.vora736@yahoo.com,+918828470520,Lucknow,North Province,India,132988,Occasional,2022-08-23,True
2678,Triveni,Chand,triveni.chand79@hotmail.com,+913203668642,Guwahati,East Province,India,786268,Regular,2024-08-02,True
2679,Hamsini,Grewal,hamsini.grewal850@yahoo.com,+918760320877,Bhubaneswar,East Province,India,471062,Regular,2024-08-22,True
2680,Vedant,Kapadia,vedant.kapadia191@yahoo.com,5573562327,Noida,North Province,India,004535,Regular,2022-07-25,True
2681,Ishanvi,Singhal,ishanvi.singhal697@gmail.com,+912732285704,Bhubaneswar,East Province,India,402555,VIP,2022-06-08,True
2682,Bina,Roy,bina.roy192@hotmail.com,3977041167,Kochi,South Province,India,596467,Regular,2024-01-04,True
2683,Viraj,Wable,viraj.wable723@yahoo.com,06904484673,Indore,Central Province,India,229124,Regular,2024-06-24,True
2684,Ganga,Pandey,ganga.pandey743@hotmail.com,07006239459,Ujjain,Central Province,India,264076,Premium,2025-09-18,True
2685,Arjun,Naidu,arjun.naidu622@gmail.com,+911203398013,Surat,West Province,India,162833,Regular,2022-04-18,True
2686,Ishani,Samra,ishani.samra940@hotmail.com,0581080153,Chennai,South Province,India,743567,Regular,2024-02-07,True
2687,Ansh,Dayal,ansh.dayal355@hotmail.com,7728715659,Kolkata,East Province,India,957945,Corporate,2022-01-30,True
2688,Warda,Oak,warda.oak826@hotmail.com,09955055362,Jaipur,North Province,India,714854,Corporate,2022-07-17,True
2689,Falan,Kapur,falan.kapur534@hotmail.com,02525207882,Bengaluru,South Province,India,651192,Regular,2024-05-01,True
2690,George,Mistry,george.mistry649@yahoo.com,04452030276,Ujjain,Central Province,India,730882,Regular,2023-01-24,True
2691,Charita,Bhandari,charita.bhandari228@gmail.com,5321244029,Kolkata,East Province,India,634094,Regular,2023-04-21,True
2692,Gautam,Goda,gautam.goda333@hotmail.com,+918052579599,Chandigarh,North Province,India,047941,Regular,2025-09-01,True
2693,Laban,Khalsa,laban.khalsa844@gmail.com,04601891134,Bengaluru,South Province,India,485713,Regular,2025-09-09,True
2694,Tanish,Sankaran,tanish.sankaran430@hotmail.com,+917686127342,Delhi,North Province,India,120291,Regular,2023-03-24,True
2695,Samar,Thakkar,samar.thakkar820@gmail.com,+910149480298,Gurugram,North Province,India,888196,Occasional,2025-01-03,True
2696,Nitara,Mittal,nitara.mittal624@yahoo.com,+913191990821,Hyderabad,South Province,India,356831,Regular,2022-07-14,True
2697,Riya,Doshi,riya.doshi720@gmail.com,06704171038,Siliguri,East Province,India,918740,Regular,2026-04-29,True
2698,Ekani,Balan,ekani.balan79@gmail.com,+913203449560,Nagpur,West Province,India,148765,Regular,2024-09-14,True
2699,Dalbir,Tandon,dalbir.tandon533@yahoo.com,02572316316,Jabalpur,Central Province,India,378110,Premium,2024-02-23,True
2700,Diya,Sarraf,diya.sarraf248@gmail.com,+919963066700,Ujjain,Central Province,India,994696,Regular,2022-01-28,True
2701,Mekhala,Korpal,invalid_user_at_domain_com,+913370071580,Lucknow,North Province,India,971408,Regular,2023-04-30,True
2702,Osha,Hora,osha.hora393@gmail.com,+913430658744,Delhi,North Province,India,923759,Premium,2022-10-09,True
2703,Abdul,Tailor,abdul.tailor48@gmail.com,+918582585455,Bhubaneswar,East Province,India,391960,Regular,2025-08-07,True
2704,Tanish,Mukhopadhyay,tanish.mukhopadhyay147@hotmail.com,+913678838736,Siliguri,East Province,India,238004,Regular,2023-11-05,True
2705,Warinder,Sabharwal,warinder.sabharwal434@yahoo.com,05846648674,Noida,North Province,India,637120,Premium,2026-06-10,True
2706,Mugdha,Kari,mugdha.kari349@gmail.com,05529776014,Jaipur,North Province,India,840811,Regular,2026-02-09,True
2707,Amruta,Kulkarni,amruta.kulkarni830@gmail.com,07281436116,Gurugram,North Province,India,114603,Premium,2023-05-24,True
2708,Keya,Borra,keya.borra339@gmail.com,9260555465,Jabalpur,Central Province,India,268368,Regular,2024-12-03,True
2709,Aadhya,Kata,aadhya.kata986@yahoo.com,01403445459,Chandigarh,North Province,India,660030,Regular,2022-05-24,True
2710,Gabriel,Chanda,gabriel.chanda103@hotmail.com,02272386974,Chennai,South Province,India,173683,Regular,2022-09-15,True
2711,Jhalak,Bhakta,jhalak.bhakta90@hotmail.com,07093409916,Chennai,South Province,India,081136,Regular,2024-11-05,True
2712,Aashi,Bahl,aashi.bahl260@gmail.com,08484377006,Mysuru,South Province,India,795951,Regular,2023-02-09,True
2713,Dalaja,Golla,dalaja.golla469@hotmail.com,04496695421,Ahmedabad,West Province,India,562752,Occasional,2025-03-26,True
2714,Xiti,Amble,xiti.amble417@gmail.com,+916173447945,Kolkata,East Province,India,351638,Regular,2024-01-07,True
2715,Vedant,Gaba,vedant.gaba762@yahoo.com,08971001707,Ranchi,East Province,India,294576,Regular,2025-06-02,True
2716,Falan,Khatri,falan.khatri400@gmail.com,09484142355,Kolkata,East Province,India,833728,Regular,2026-04-10,True
2717,Urmi,Parmer,urmi.parmer166@yahoo.com,7981302656,Goa,West Province,India,771158,Premium,2025-01-05,True
2718,Kalpit,Bhattacharyya,kalpit.bhattacharyya474@hotmail.com,00894107911,Guwahati,East Province,India,114644,Regular,2023-09-19,True
2719,Lakshmi,Bumb,lakshmi.bumb149@gmail.com,8309754247,Kolkata,East Province,India,885237,VIP,2023-11-14,True
2720,Vasudha,Master,vasudha.master892@hotmail.com,7700788125,Bengaluru,South Province,India,251218,Premium,2022-01-27,True
2721,Azaan,Gade,azaan.gade972@gmail.com,07990966602,Guwahati,East Province,India,538395,Regular,2024-05-01,True
2722,Tripti,Bhatnagar,tripti.bhatnagar666@yahoo.com,06821003709,Guwahati,East Province,India,703780,Occasional,2023-09-23,True
2723,Yauvani,Saha,yauvani.saha964@hotmail.com,6932070983,Delhi,North Province,India,849267,Premium,2024-02-28,True
2724,Daksha,Zachariah,daksha.zachariah945@yahoo.com,02965074456,Patna,East Province,India,726765,VIP,2026-04-29,True
2725,Anya,Chakraborty,anya.chakraborty387@hotmail.com,2817947795,Siliguri,East Province,India,034522,Premium,2025-11-11,True
2726,Darsh,Grewal,darsh.grewal258@yahoo.com,+916930326452,Siliguri,East Province,India,733090,Premium,2023-05-21,False
2727,Triya,Kuruvilla,triya.kuruvilla702@gmail.com,6351685224,Nagpur,West Province,India,675125,Regular,2025-12-18,True
2728,Ryan,Subramaniam,ryan.subramaniam476@hotmail.com,9005366933,Hyderabad,South Province,India,763342,Occasional,2025-05-24,True
2729,Mason,Walia,mason.walia984@yahoo.com,6283723722,Coimbatore,South Province,India,931033,Premium,2025-03-30,True
2730,Urishilla,Bera,urishilla.bera738@gmail.com,9423403704,Delhi,North Province,India,333188,Occasional,2025-08-12,True
2731,Shivansh,Walla,shivansh.walla941@yahoo.com,06125780473,Bhopal,Central Province,India,198517,Regular,2024-11-27,True
2732,Oviya,Rajan,oviya.rajan319@hotmail.com,+916455442157,Patna,East Province,India,792640,Premium,2025-11-17,True
2733,Ekantika,Jhaveri,ekantika.jhaveri761@hotmail.com,+917396885934,Ranchi,East Province,India,883903,Regular,2023-09-23,True
2734,Tanmayi,Sidhu,tanmayi.sidhu596@hotmail.com,8331503219,Delhi,North Province,India,965510,VIP,2025-07-26,True
2735,Joshua,Narula,joshua.narula224@gmail.com,06686067347,Hyderabad,South Province,India,714998,Occasional,2026-03-14,True
2736,Priya,Koshy,priya.koshy845@gmail.com,9591038524,Mumbai,West Province,India,762215,Premium,2022-12-11,True
2737,Indira,Rattan,indira.rattan680@gmail.com,7439639949,Ranchi,East Province,India,940389,Regular,2024-05-03,True
2738,Ijaya,Nagi,ijaya.nagi730@hotmail.com,06565317087,Hyderabad,South Province,India,002102,Regular,2023-01-17,True
2739,Unni,Jani,unni.jani590@yahoo.com,6325673223,Bhopal,Central Province,India,874939,Corporate,2024-07-11,True
2740,Dhruv,Sandhu,dhruv.sandhu838@hotmail.com,00191090488,Gurugram,North Province,India,607326,VIP,2023-01-10,True
2741,Dayamai,Modi,dayamai.modi944@yahoo.com,9378595417,Guwahati,East Province,India,090937,Premium,2025-07-07,True
2742,Gunbir,Sachdeva,gunbir.sachdeva97@yahoo.com,5810457346,Bengaluru,South Province,India,944733,Regular,2023-08-24,True
2743,Ridhi,Bhandari,ridhi.bhandari250@hotmail.com,5289056651,Mumbai,West Province,India,784771,Premium,2025-04-14,True
2744,Yadavi,Khalsa,yadavi.khalsa282@yahoo.com,03450968593,Delhi,North Province,India,625023,VIP,2022-05-06,True
2745,Chakradev,Vaidya,chakradev.vaidya226@hotmail.com,9646924343,Bhopal,Central Province,India,486952,Premium,2022-07-18,True
2746,Isaac,Grover,isaac.grover282@gmail.com,5603871088,Gwalior,Central Province,India,354694,Occasional,2026-04-09,True
2747,Lakshmi,Sane,lakshmi.sane354@gmail.com,09037647476,Goa,West Province,India,161221,Regular,2024-05-29,True
2748,Hamsini,Basu,hamsini.basu691@gmail.com,9655868190,Pune,West Province,India,415893,Regular,2024-01-10,True
2749,Tanveer,Kalita,tanveer.kalita13@yahoo.com,+918660138550,Ahmedabad,West Province,India,295738,Premium,2022-07-25,True
2750,Advay,Cherian,advay.cherian135@gmail.com,+912457181580,Bengaluru,South Province,India,194999,Occasional,2025-05-17,True
2751,Jack,Gupta,jack.gupta643@yahoo.com,5055191939,Hyderabad,South Province,India,871867,Premium,2024-07-14,True
2752,Faraj,Subramanian,faraj.subramanian202@gmail.com,0492932850,Jabalpur,Central Province,India,196129,Regular,2025-09-14,True
2753,Thomas,Johal,thomas.johal378@gmail.com,+913495220940,Mumbai,West Province,India,371775,Occasional,2025-07-21,False
2754,Ikshita,Rajan,ikshita.rajan249@gmail.com,7480661126,Nagpur,West Province,India,030695,Premium,2024-06-28,True
2755,Ethan,Sanghvi,ethan.sanghvi448@yahoo.com,01211860181,Bhopal,Central Province,India,239933,Occasional,2023-12-15,False
2756,Daniel,Gopal,daniel.gopal936@yahoo.com,09879206231,Siliguri,East Province,India,596889,Regular,2025-12-03,True
2757,Henry,Bahri,henry.bahri156@hotmail.com,6196804505,Indore,Central Province,India,112036,Occasional,2025-12-29,True
2758,Abeer,Venkataraman,abeer.venkataraman519@gmail.com,04180446081,Bhopal,Central Province,India,140834,VIP,2022-09-19,True
2759,Pavani,Nanda,pavani.nanda927@yahoo.com,09506095806,Jabalpur,Central Province,India,745669,Regular,2022-12-11,True
2760,Thomas,Pall,thomas.pall226@hotmail.com,0742941429,Indore,Central Province,India,495776,Regular,2023-05-14,False
2761,Praneel,Mutti,praneel.mutti742@gmail.com,8476691953,Delhi,North Province,India,164728,Regular,2024-06-09,False
2762,Nandini,Dasgupta,nandini.dasgupta297@yahoo.com,06859026297,Surat,West Province,India,116628,Regular,2026-04-19,True
2763,Mohini,Saran,mohini.saran691@gmail.com,+914982468967,Siliguri,East Province,India,165627,Regular,2022-09-10,True
2764,Vritti,Merchant,vritti.merchant718@gmail.com,+911572312524,Kolkata,East Province,India,352560,Regular,2026-06-18,True
2765,Aadi,Verma,aadi.verma669@yahoo.com,8949617215,Gwalior,Central Province,India,520535,Regular,2022-05-13,True
2766,Rushil,Chahal,rushil.chahal813@gmail.com,1845605993,Siliguri,East Province,India,232210,Premium,2025-08-08,True
2767,Frederick,Din,frederick.din128@hotmail.com,04314140878,Chennai,South Province,India,437798,Regular,2023-06-15,True
2768,Matthew,Modi,matthew.modi969@gmail.com,+911168231379,Nagpur,West Province,India,810096,Regular,2025-04-27,False
2769,Matthew,Mukhopadhyay,matthew.mukhopadhyay883@gmail.com,05789635587,Raipur,Central Province,India,452634,Regular,2022-09-18,True
2770,Yadavi,Virk,yadavi.virk614@hotmail.com,+913725442253,Lucknow,North Province,India,117882,Premium,2022-05-07,True
2771,Aryan,Narula,aryan.narula383@gmail.com,+914553882872,Patna,East Province,India,476766,VIP,2026-04-29,False
2772,Kritika,Basu,kritika.basu626@hotmail.com,+918874587120,Coimbatore,South Province,India,531368,Premium,2025-09-21,True
2773,Jagvi,Gupta,jagvi.gupta333@gmail.com,02621074144,Noida,North Province,India,010614,Regular,2024-08-01,False
2774,Bhavini,Parekh,bhavini.parekh476@gmail.com,9645744331,Kochi,South Province,India,115333,Regular,2025-10-24,True
2775,Aradhana,Seshadri,aradhana.seshadri326@gmail.com,6970100343,Noida,North Province,India,499758,Premium,2023-10-18,True
2776,Ishani,Sachdev,ishani.sachdev499@hotmail.com,+918881786021,Nagpur,West Province,India,992794,Premium,2025-03-21,True
2777,Teerth,Shan,teerth.shan70@yahoo.com,+918274903312,Nagpur,West Province,India,239548,Occasional,2024-02-11,True
2778,Banjeet,Sarna,banjeet.sarna727@gmail.com,07314836874,Mysuru,South Province,India,774070,VIP,2023-04-06,False
2779,Timothy,Rau,timothy.rau411@yahoo.com,05600762282,Kochi,South Province,India,282193,Regular,2026-01-29,True
2780,Yahvi,Sagar,yahvi.sagar411@hotmail.com,+917847264393,Bengaluru,South Province,India,045969,Regular,2025-01-27,True
2781,Ojas,Bansal,ojas.bansal83@yahoo.com,06048531234,Surat,West Province,India,358498,Premium,2024-03-11,True
2782,Gavin,Chowdhury,gavin.chowdhury413@hotmail.com,4651242106,Mysuru,South Province,India,781704,Regular,2025-01-27,True
2783,Umang,Puri,umang.puri321@yahoo.com,8116595585,Bhopal,Central Province,India,219379,Premium,2025-12-24,True
2784,Rudra,Chawla,rudra.chawla504@gmail.com,03659727676,Kochi,South Province,India,775935,Regular,2025-11-26,True
2785,Pavani,Bora,pavani.bora762@gmail.com,01749195380,Mysuru,South Province,India,267233,Premium,2023-02-05,True
2786,Agastya,Suri,agastya.suri814@yahoo.com,+915001113915,Bhopal,Central Province,India,804423,Occasional,2025-10-21,True
2787,Nitara,Krishnamurthy,nitara.krishnamurthy958@yahoo.com,2149901086,Siliguri,East Province,India,647904,Regular,2022-12-11,True
2788,Gaurav,Oommen,gaurav.oommen130@yahoo.com,+918067996736,Bhubaneswar,East Province,India,209610,Occasional,2022-04-18,True
2789,Pratyush,Hari,pratyush.hari652@yahoo.com,+916432058699,Jabalpur,Central Province,India,245971,VIP,2022-11-01,True
2790,Januja,Pathak,januja.pathak510@hotmail.com,09327701154,Jaipur,North Province,India,773260,Regular,2024-03-23,True
2791,Panini,Trivedi,panini.trivedi394@yahoo.com,08888610859,Mysuru,South Province,India,358679,VIP,2026-03-07,False
2792,Chaaya,Kala,chaaya.kala401@hotmail.com,+916447026327,Chandigarh,North Province,India,765964,Regular,2025-08-24,True
2793,Gaurika,Vasa,gaurika.vasa129@yahoo.com,6694947155,Mumbai,West Province,India,474502,Regular,2022-09-03,True
2794,Zehaan,Bajwa,zehaan.bajwa610@yahoo.com,+917729084896,Indore,Central Province,India,394503,Premium,2022-02-17,True
2795,Ridhi,Palla,ridhi.palla106@yahoo.com,0780538338,Nagpur,West Province,India,693291,VIP,2026-03-07,True
2796,Yug,Ray,yug.ray454@hotmail.com,04804073730,Siliguri,East Province,India,150632,Regular,2025-12-10,True
2797,Aarini,Balan,aarini.balan940@yahoo.com,+910265838796,Mumbai,West Province,India,346746,Occasional,2026-01-01,True
2798,Amaira,Ramesh,amaira.ramesh413@yahoo.com,0332739974,Siliguri,East Province,India,592094,Premium,2022-02-10,True
2799,Ekaraj,Bera,ekaraj.bera541@gmail.com,+912760781951,Jabalpur,Central Province,India,484977,Corporate,2022-05-11,True
2800,Upasna,Jain,upasna.jain929@hotmail.com,+913061443575,Jaipur,North Province,India,789350,Regular,2025-09-10,True
2801,Hemangini,Goswami,hemangini.goswami467@yahoo.com,+912706875670,Bengaluru,South Province,India,181292,Corporate,2025-02-10,True
2802,William,Rastogi,william.rastogi678@gmail.com,+919123774599,Coimbatore,South Province,India,133768,Regular,2023-02-27,True
2803,Sanaya,Andra,sanaya.andra528@yahoo.com,8079106510,Delhi,North Province,India,407078,Regular,2022-09-13,False
2804,Samarth,Yogi,samarth.yogi10@hotmail.com,4784830348,Kochi,South Province,India,736540,Regular,2025-09-09,True
2805,Bishakha,Lala,bishakha.lala556@hotmail.com,+917280903178,Raipur,Central Province,India,643167,Regular,2025-09-11,True
2806,Zilmil,Nanda,zilmil.nanda630@hotmail.com,8444088959,Goa,West Province,India,032075,Premium,2023-12-23,True
2807,Rajata,Ahluwalia,rajata.ahluwalia252@hotmail.com,02699015230,Gurugram,North Province,India,999663,Regular,2022-04-02,True
2808,Theodore,Bail,theodore.bail575@hotmail.com,+913565403079,Chennai,South Province,India,540273,Regular,2025-05-18,True
2809,Nihal,Bal,nihal.bal442@gmail.com,+919531850042,Mysuru,South Province,India,182068,Regular,2025-06-28,True
2810,Jonathan,Bhakta,jonathan.bhakta419@yahoo.com,1093054847,Siliguri,East Province,India,857797,Premium,2022-12-01,False
2811,Samarth,Vora,samarth.vora558@hotmail.com,+914553815182,Siliguri,East Province,India,238264,Regular,2022-10-21,True
2812,Karan,Pant,karan.pant671@gmail.com,5255768815,Nagpur,West Province,India,903081,Regular,2025-11-28,True
2813,Pallavi,Narasimhan,pallavi.narasimhan439@yahoo.com,08761504884,Gwalior,Central Province,India,508924,Corporate,2022-12-02,True
2814,Bhavya,Ray,bhavya.ray997@hotmail.com,00350769555,Guwahati,East Province,India,558810,Premium,2022-02-23,True
2815,Yashica,Desai,yashica.desai710@hotmail.com,+917754777745,Noida,North Province,India,541238,Premium,2022-08-14,True
2816,Sara,Divan,sara.divan806@yahoo.com,9379790070,Lucknow,North Province,India,559484,Regular,2023-11-15,True
2817,Omaja,Shenoy,omaja.shenoy110@yahoo.com,1662395671,Hyderabad,South Province,India,559350,Regular,2022-01-21,False
2818,Om,Seshadri,om.seshadri957@yahoo.com,04906412272,Kolkata,East Province,India,653145,Regular,2026-05-23,True
2819,Isaiah,Jaggi,isaiah.jaggi107@yahoo.com,+917005455834,Goa,West Province,India,595562,Premium,2024-09-29,True
2820,Jason,Samra,jason.samra632@hotmail.com,3357668089,Goa,West Province,India,049108,Regular,2023-07-10,True
2821,Omisha,Behl,omisha.behl363@yahoo.com,+911715578521,Surat,West Province,India,933686,Corporate,2023-01-06,True
2822,Chakradhar,Kibe,chakradhar.kibe913@gmail.com,6089888501,Gwalior,Central Province,India,558391,Corporate,2025-05-02,True
2823,Girik,Chokshi,girik.chokshi713@yahoo.com,+912026400933,Hyderabad,South Province,India,963790,Premium,2022-01-20,True
2824,Qasim,Agate,qasim.agate591@hotmail.com,3887821889,Chennai,South Province,India,844781,VIP,2024-02-15,True
2825,Nitara,Sethi,nitara.sethi265@yahoo.com,03420834812,Nagpur,West Province,India,266474,Premium,2026-05-12,True
2826,Manthan,Sachar,manthan.sachar372@yahoo.com,00478327966,Bhubaneswar,East Province,India,795818,VIP,2024-06-17,True
2827,Urvi,Sawhney,urvi.sawhney974@yahoo.com,09924687144,Surat,West Province,India,939953,VIP,2024-12-02,False
2828,George,Narain,george.narain888@yahoo.com,06423940269,Hyderabad,South Province,India,896496,Regular,2025-07-25,True
2829,Madhavi,Sahota,madhavi.sahota91@hotmail.com,1182292324,Mumbai,West Province,India,872203,Regular,2025-07-23,True
2830,Unni,Johal,unni.johal68@gmail.com,08406138674,Jaipur,North Province,India,783045,Regular,2025-03-24,True
2831,Falak,Rajan,falak.rajan703@hotmail.com,07657868005,Kolkata,East Province,India,126764,Premium,2024-05-18,True
2832,Aadhya,Lalla,aadhya.lalla711@gmail.com,03270561465,Guwahati,East Province,India,442004,Occasional,2024-11-20,True
2833,Matthew,Chahal,matthew.chahal641@hotmail.com,6747152035,Chandigarh,North Province,India,919850,Regular,2022-01-29,True
2834,Harini,Rege,harini.rege729@yahoo.com,1335850814,Gurugram,North Province,India,229876,Premium,2024-05-20,True
2835,Nirja,Jayaraman,nirja.jayaraman53@gmail.com,09042338106,Ujjain,Central Province,India,891700,Premium,2025-06-01,False
2836,Januja,Dora,januja.dora86@gmail.com,1845749659,Indore,Central Province,India,527025,Regular,2022-12-25,True
2837,Pushti,Chandran,pushti.chandran517@gmail.com,03583040775,Mumbai,West Province,India,306109,Regular,2024-05-15,True
2838,Michael,Dey,michael.dey265@gmail.com,08974537147,Lucknow,North Province,India,204319,Corporate,2025-10-22,True
2839,Jonathan,Sawhney,jonathan.sawhney504@yahoo.com,+911266656023,Lucknow,North Province,India,616558,Regular,2023-09-05,True
2840,Anthony,Sahota,anthony.sahota955@gmail.com,07555267203,Jabalpur,Central Province,India,702751,Regular,2023-03-22,False
2841,Abhimanyu,Amble,abhimanyu.amble923@yahoo.com,6870690571,Bhopal,Central Province,India,218167,Premium,2024-08-06,True
2842,Samaksh,Gole,samaksh.gole481@gmail.com,03933054849,Mumbai,West Province,India,165707,Regular,2025-06-14,True
2843,Chaman,Guha,chaman.guha200@gmail.com,+918302426468,Lucknow,North Province,India,519020,Regular,2026-01-19,True
2844,Daksha,Biswas,daksha.biswas96@hotmail.com,+915488051093,Guwahati,East Province,India,465336,Premium,2023-02-09,True
2845,Samaksh,Khanna,samaksh.khanna17@gmail.com,07543700984,Kolkata,East Province,India,643770,Regular,2024-09-25,True
2846,Manan,Char,manan.char393@yahoo.com,+914701259283,Kochi,South Province,India,971785,Regular,2024-03-20,True
2847,Lajita,Wadhwa,lajita.wadhwa121@gmail.com,06975059173,Coimbatore,South Province,India,010559,Occasional,2023-07-06,True
2848,Fiyaz,Radhakrishnan,fiyaz.radhakrishnan372@hotmail.com,3317936470,Bhubaneswar,East Province,India,406545,VIP,2022-10-14,True
2849,Manthan,Natt,manthan.natt301@hotmail.com,+915707650946,Bengaluru,South Province,India,078562,Regular,2023-01-24,True
2850,Qabil,Sengupta,qabil.sengupta692@gmail.com,2602611868,Mumbai,West Province,India,109360,Regular,2022-11-25,True
2851,Ekansh,Mallick,ekansh.mallick510@hotmail.com,+918170032762,Mumbai,West Province,India,587777,Premium,2024-05-12,True
2852,Chandran,Chad,chandran.chad792@yahoo.com,9726821195,Hyderabad,South Province,India,964607,VIP,2026-03-19,True
2853,Shivani,Jain,invalid_user_at_domain_com,09569192205,Bhubaneswar,East Province,India,356397,Regular,2022-08-13,True
2854,Barkha,Wali,barkha.wali23@hotmail.com,2500751674,Hyderabad,South Province,India,735818,VIP,2024-10-21,True
2855,Kalpit,Chowdhury,kalpit.chowdhury765@yahoo.com,7487477935,Surat,West Province,India,843835,Regular,2025-05-07,True
2856,Libni,Singh,libni.singh789@gmail.com,+915201930646,Surat,West Province,India,267191,Regular,2022-06-19,True
2857,Osha,Gulati,osha.gulati297@gmail.com,03031387830,Indore,Central Province,India,682875,VIP,2023-05-26,True
2858,Vincent,Keer,vincent.keer213@yahoo.com,02620294874,Mysuru,South Province,India,811282,Premium,2024-05-28,True
2859,Neha,Hegde,invalid_user_at_domain_com,5173922293,Gurugram,North Province,India,778650,Premium,2026-02-04,True
2860,Yash,Malhotra,yash.malhotra162@hotmail.com,7505577791,Ujjain,Central Province,India,431243,Regular,2025-07-23,True
2861,Chasmum,Nagar,chasmum.nagar961@gmail.com,03811575092,Lucknow,North Province,India,209480,Regular,2023-01-29,True
2862,Raghav,Rai,raghav.rai399@hotmail.com,5756294339,Bengaluru,South Province,India,686708,Regular,2022-04-15,True
2863,Divya,Nair,divya.nair446@gmail.com,09439441010,Chennai,South Province,India,279749,Premium,2023-11-20,True
2864,Reyansh,Palla,reyansh.palla285@yahoo.com,2101818896,Lucknow,North Province,India,329357,Regular,2022-08-14,False
2865,Ekani,Kade,ekani.kade926@hotmail.com,08111570347,Bhubaneswar,East Province,India,601642,Regular,2023-10-18,True
2866,Leena,Grover,leena.grover339@yahoo.com,05462021354,Gurugram,North Province,India,922394,Regular,2026-03-06,True
2867,Aayush,Suri,aayush.suri199@gmail.com,03434660954,Bhopal,Central Province,India,006039,Regular,2024-06-01,True
2868,Faraj,Behl,faraj.behl109@yahoo.com,5163521412,Ahmedabad,West Province,India,224175,Premium,2022-08-17,True
2869,Mohini,Bhavsar,mohini.bhavsar769@yahoo.com,0956418541,Hyderabad,South Province,India,336650,Corporate,2024-01-09,True
2870,Logan,Vasa,logan.vasa390@yahoo.com,1565817915,Gwalior,Central Province,India,829052,Regular,2025-05-23,True
2871,Daksha,Gokhale,daksha.gokhale918@gmail.com,+919114299948,Jabalpur,Central Province,India,414013,Regular,2022-06-28,True
2872,Yochana,Pathak,yochana.pathak610@hotmail.com,6993914265,Bhopal,Central Province,India,012017,Occasional,2022-03-26,True
2873,Chasmum,Basak,chasmum.basak466@gmail.com,+919844698886,Chennai,South Province,India,594818,Occasional,2025-12-14,True
2874,Manan,Sheth,manan.sheth318@gmail.com,1367591644,Gwalior,Central Province,India,532180,VIP,2023-12-04,False
2875,Girish,Chaudhari,girish.chaudhari167@gmail.com,+918523156823,Coimbatore,South Province,India,284022,Regular,2026-01-16,True
2876,Zayan,Rana,zayan.rana922@gmail.com,07132025342,Ujjain,Central Province,India,867077,Occasional,2023-06-02,True
2877,Lekha,Balan,lekha.balan469@yahoo.com,+919398766740,Raipur,Central Province,India,721075,Premium,2024-01-20,True
2878,Pranav,Master,pranav.master439@hotmail.com,+910330510972,Kolkata,East Province,India,725426,Premium,2024-09-15,False
2879,Hiral,Mann,hiral.mann290@gmail.com,08939276398,Jaipur,North Province,India,238182,Premium,2025-05-12,True
2880,Yasti,Halder,yasti.halder823@yahoo.com,3278680704,Noida,North Province,India,357318,Occasional,2022-05-05,True
2881,Jhalak,Keer,jhalak.keer555@gmail.com,+916992135347,Guwahati,East Province,India,507077,Occasional,2025-11-03,False
2882,Kavya,Ahuja,kavya.ahuja531@hotmail.com,8494999635,Kochi,South Province,India,686621,Regular,2026-03-18,True
2883,Wazir,Apte,wazir.apte221@yahoo.com,5194845422,Ranchi,East Province,India,955133,Regular,2023-07-11,True
2884,Bakhshi,Narang,bakhshi.narang19@hotmail.com,+915419635110,Coimbatore,South Province,India,745136,Occasional,2025-11-27,True
2885,Veer,Ratti,veer.ratti747@yahoo.com,9050417372,Ranchi,East Province,India,342678,Premium,2025-12-20,True
2886,Unnati,Baral,unnati.baral284@hotmail.com,+912381281718,Hyderabad,South Province,India,547521,Premium,2025-12-21,True
2887,Ekavir,Edwin,ekavir.edwin308@yahoo.com,5963731149,Noida,North Province,India,310886,Regular,2023-05-03,True
2888,Neel,Khosla,neel.khosla904@gmail.com,05940038180,Pune,West Province,India,648510,VIP,2023-07-08,True
2889,Chaitanya,Dayal,chaitanya.dayal128@gmail.com,2414081702,Chennai,South Province,India,616878,Regular,2024-12-30,True
2890,Sanaya,Handa,sanaya.handa95@gmail.com,+914999703204,Raipur,Central Province,India,474334,Occasional,2023-10-27,True
2891,Dalaja,Dayal,dalaja.dayal428@gmail.com,+916510046010,Nagpur,West Province,India,131355,Occasional,2022-10-01,True
2892,Gauri,Shah,gauri.shah853@hotmail.com,02072239567,Gurugram,North Province,India,176189,Regular,2022-01-22,True
2893,Watika,Setty,watika.setty26@yahoo.com,07751387712,Pune,West Province,India,981893,Premium,2023-06-09,False
2894,Tanmayi,Dyal,tanmayi.dyal773@gmail.com,08730451945,Bhopal,Central Province,India,868173,Premium,2026-01-19,False
2895,Avni,Comar,avni.comar628@hotmail.com,0796403157,Nagpur,West Province,India,859391,Premium,2025-07-23,True
2896,Eshana,Khare,eshana.khare218@hotmail.com,02054493392,Hyderabad,South Province,India,195406,Premium,2023-07-05,True
2897,Vedant,Varty,vedant.varty247@yahoo.com,07020715378,Bhubaneswar,East Province,India,205555,VIP,2024-07-02,True
2898,Theodore,Nagarajan,theodore.nagarajan517@yahoo.com,00789677888,Kochi,South Province,India,210072,Regular,2022-07-11,True
2899,Aditya,Malhotra,aditya.malhotra512@gmail.com,4711246175,Chennai,South Province,India,804104,Occasional,2025-03-12,True
2900,Prisha,Rege,prisha.rege176@yahoo.com,+918644262447,Mumbai,West Province,India,498671,Occasional,2023-09-28,True
2901,Ishwar,Babu,ishwar.babu156@gmail.com,7703325704,Indore,Central Province,India,307324,Regular,2022-05-23,True
2902,Krisha,Sampath,krisha.sampath549@hotmail.com,9749030438,Kolkata,East Province,India,779989,Regular,2026-01-23,True
2903,Luke,Lal,luke.lal396@yahoo.com,2470481130,Noida,North Province,India,864323,Regular,2022-07-24,True
2904,Fiyaz,Lalla,fiyaz.lalla145@yahoo.com,6518127591,Gurugram,North Province,India,003437,Regular,2022-03-31,True
2905,Anika,Hora,anika.hora23@hotmail.com,+915674053625,Mysuru,South Province,India,231154,VIP,2025-05-13,True
2906,Ikbal,Bhavsar,ikbal.bhavsar847@gmail.com,0206071369,Noida,North Province,India,005221,Regular,2026-02-16,True
2907,Dayamai,Lanka,dayamai.lanka787@gmail.com,6735384256,Chennai,South Province,India,161599,Premium,2024-09-10,True
2908,Deepa,Madan,deepa.madan500@hotmail.com,+916184553758,Hyderabad,South Province,India,682950,Regular,2023-11-11,True
2909,Hredhaan,Madan,hredhaan.madan136@hotmail.com,4023235859,Nagpur,West Province,India,580352,Regular,2025-01-18,True
2910,Yashoda,Vasa,yashoda.vasa533@gmail.com,00750781973,Raipur,Central Province,India,442524,Occasional,2022-07-30,True
2911,Urvashi,Tailor,urvashi.tailor242@yahoo.com,04449649304,Jaipur,North Province,India,400606,Regular,2022-02-19,True
2912,Yasti,Deshmukh,yasti.deshmukh403@yahoo.com,08627553779,Pune,West Province,India,854609,Premium,2025-11-02,True
2913,Harrison,Dey,harrison.dey122@gmail.com,+914072545396,Chandigarh,North Province,India,160993,Regular,2022-12-14,False
2914,Lohit,Krishnan,lohit.krishnan640@yahoo.com,+917926251743,Ahmedabad,West Province,India,603250,Regular,2022-06-06,True
2915,Vihaan,Mishra,vihaan.mishra164@gmail.com,9884427895,Delhi,North Province,India,361794,Regular,2025-05-23,True
2916,Oeshi,Lala,oeshi.lala445@yahoo.com,09595781273,Indore,Central Province,India,742718,Regular,2025-10-23,True
2917,Veer,Deo,veer.deo366@gmail.com,4023936276,Goa,West Province,India,764040,Occasional,2023-08-11,True
2918,Arunima,Ramachandran,arunima.ramachandran965@yahoo.com,5112863811,Siliguri,East Province,India,502289,Regular,2024-01-26,True
2919,Neel,Barad,neel.barad806@yahoo.com,4595282767,Delhi,North Province,India,423935,Premium,2022-11-01,True
2920,Alka,Kalla,alka.kalla825@gmail.com,7327839692,Guwahati,East Province,India,510026,VIP,2026-01-17,True
2921,Aarav,Suri,aarav.suri447@yahoo.com,+911434869653,Delhi,North Province,India,155731,Occasional,2025-03-29,True
2922,Atharv,Parekh,atharv.parekh196@gmail.com,+918983187309,Lucknow,North Province,India,079337,VIP,2022-09-19,True
2923,Shivani,Kari,shivani.kari720@gmail.com,+919734148502,Guwahati,East Province,India,590826,Occasional,2024-09-12,True
2924,Andrew,Acharya,andrew.acharya953@hotmail.com,+917220871218,Pune,West Province,India,523959,Regular,2025-09-01,True
2925,Odika,Barad,odika.barad514@gmail.com,+913159987517,Ranchi,East Province,India,790323,Premium,2024-12-29,True
2926,Akshay,Vora,akshay.vora742@hotmail.com,+916094175024,Kolkata,East Province,India,300788,Regular,2025-04-04,True
2927,Pallavi,Tak,pallavi.tak250@hotmail.com,08755850959,Mysuru,South Province,India,450497,Regular,2022-06-28,True
2928,Patrick,Kothari,invalid_user_at_domain_com,09462728651,Lucknow,North Province,India,420438,Occasional,2025-02-17,False
2929,Anamika,Naik,anamika.naik879@gmail.com,4621764349,Lucknow,North Province,India,941667,Corporate,2024-01-10,True
2930,Aahana,Bandi,aahana.bandi157@yahoo.com,8698585749,Hyderabad,South Province,India,106672,Corporate,2024-07-31,True
2931,Pushti,Mann,pushti.mann857@gmail.com,7939789537,Bhubaneswar,East Province,India,012493,Regular,2023-03-08,True
2932,Imaran,Sankar,imaran.sankar156@hotmail.com,05982437804,Gurugram,North Province,India,040793,Regular,2025-12-12,True
2933,Lopa,Padmanabhan,lopa.padmanabhan728@gmail.com,7569269203,Patna,East Province,India,735712,Regular,2022-04-21,True
2934,Januja,Ramachandran,januja.ramachandran40@yahoo.com,+911230085789,Ranchi,East Province,India,915324,Regular,2022-11-20,True
2935,Pratyush,Oak,pratyush.oak592@yahoo.com,00098057836,Bengaluru,South Province,India,303413,Corporate,2022-01-26,True
2936,Nidra,Nigam,nidra.nigam153@hotmail.com,+912985684997,Kochi,South Province,India,070600,VIP,2026-03-03,True
2937,Wishi,Magar,wishi.magar749@yahoo.com,+914337004917,Surat,West Province,India,436871,Regular,2024-04-22,True
2938,Lakshmi,Khare,lakshmi.khare169@hotmail.com,7621577405,Lucknow,North Province,India,586618,Regular,2022-08-16,True
2939,Manthan,Mannan,manthan.mannan174@hotmail.com,7414278531,Indore,Central Province,India,198872,Regular,2024-10-27,True
2940,Omya,Johal,omya.johal859@hotmail.com,09212233998,Ranchi,East Province,India,159007,Regular,2025-12-27,True
2941,Jason,Kakar,jason.kakar443@gmail.com,0448456771,Nagpur,West Province,India,417660,Occasional,2023-04-11,True
2942,Chaman,Mutti,chaman.mutti983@yahoo.com,9391164576,Noida,North Province,India,765766,Regular,2024-02-13,True
2943,Nandini,Krishnamurthy,nandini.krishnamurthy411@yahoo.com,00852085296,Bhopal,Central Province,India,552175,Regular,2023-03-25,True
2944,David,Mani,david.mani846@hotmail.com,8878298872,Gwalior,Central Province,India,544220,Premium,2022-06-08,True
2945,Raagini,Bose,raagini.bose65@hotmail.com,8506929873,Guwahati,East Province,India,400672,Corporate,2022-12-04,True
2946,Dalaja,Sachdeva,dalaja.sachdeva116@yahoo.com,+919032143031,Hyderabad,South Province,India,933011,Regular,2022-08-11,True
2947,Isaac,Trivedi,isaac.trivedi298@yahoo.com,0654885587,Mumbai,West Province,India,524529,Regular,2023-05-06,True
2948,Maya,Chawla,maya.chawla784@yahoo.com,+914369745783,Coimbatore,South Province,India,179838,Occasional,2022-01-23,True
2949,Tanmayi,Chakraborty,tanmayi.chakraborty256@hotmail.com,+915566963389,Mysuru,South Province,India,864178,Regular,2022-03-08,False
2950,Lohit,Narain,lohit.narain819@hotmail.com,00199916246,Bhopal,Central Province,India,762936,Premium,2025-02-28,True
2951,Bhanumati,Devan,bhanumati.devan375@yahoo.com,5179736799,Lucknow,North Province,India,102719,VIP,2022-01-18,False
2952,Dalbir,Munshi,dalbir.munshi779@hotmail.com,2038721215,Indore,Central Province,India,904562,Regular,2023-10-07,True
2953,Dalaja,Madan,dalaja.madan109@yahoo.com,2201656633,Mysuru,South Province,India,508243,Regular,2025-10-13,True
2954,Karan,Rajagopal,karan.rajagopal836@gmail.com,03814030755,Bhopal,Central Province,India,142024,VIP,2024-10-25,True
2955,Chameli,Gupta,chameli.gupta899@yahoo.com,+917450933280,Guwahati,East Province,India,024404,Occasional,2025-04-15,True
2956,Samaksh,Chadha,samaksh.chadha90@gmail.com,0771823532,Mysuru,South Province,India,737655,Occasional,2024-08-06,True
2957,Aarini,Sastry,aarini.sastry679@yahoo.com,+917275735548,Chennai,South Province,India,471266,Regular,2025-10-27,True
2958,Priya,Cherian,priya.cherian633@yahoo.com,3939294270,Gwalior,Central Province,India,150134,Premium,2026-02-01,False
2959,Tristan,Krish,tristan.krish144@hotmail.com,+916279895824,Surat,West Province,India,733912,Regular,2026-05-28,True
2960,Caleb,Kant,caleb.kant802@yahoo.com,+919127593955,Kolkata,East Province,India,142116,Premium,2025-12-30,True
2961,Rachit,Goel,rachit.goel991@gmail.com,6591004436,Gwalior,Central Province,India,364443,Regular,2022-06-03,True
2962,Naveen,Sahota,naveen.sahota156@hotmail.com,+914220072276,Kolkata,East Province,India,527808,VIP,2022-01-31,True
2963,Sanaya,Nagarajan,sanaya.nagarajan475@hotmail.com,01093385300,Chandigarh,North Province,India,900632,Regular,2022-07-12,False
2964,Hema,Varkey,hema.varkey600@hotmail.com,07754658617,Bengaluru,South Province,India,847034,Regular,2023-07-28,True
2965,Anusha,Sama,anusha.sama481@hotmail.com,+913246568415,Mysuru,South Province,India,635175,Regular,2026-04-30,True
2966,Warda,Jani,warda.jani956@yahoo.com,+918517696595,Surat,West Province,India,560033,Regular,2025-08-24,True
2967,Sara,Murty,sara.murty382@gmail.com,+919648421092,Jabalpur,Central Province,India,251455,Occasional,2022-03-23,True
2968,Varsha,Pillay,varsha.pillay461@hotmail.com,+917237660414,Ujjain,Central Province,India,643029,Regular,2022-09-22,True
2969,Urmi,Batra,urmi.batra708@hotmail.com,+913722982109,Ahmedabad,West Province,India,524392,Regular,2022-06-20,True
2970,Ojas,Pingle,ojas.pingle68@gmail.com,+914962840769,Noida,North Province,India,390878,VIP,2025-08-11,True
2971,Simon,Menon,simon.menon883@yahoo.com,07900782446,Bhopal,Central Province,India,669483,Regular,2022-11-13,True
2972,Raagini,Agrawal,raagini.agrawal238@hotmail.com,4386825085,Jabalpur,Central Province,India,925629,Regular,2022-05-30,True
2973,Vansha,Gour,vansha.gour489@yahoo.com,09232572734,Lucknow,North Province,India,892704,Premium,2024-08-12,True
2974,Unni,Goel,unni.goel194@gmail.com,3446661051,Kolkata,East Province,India,961806,VIP,2022-06-25,True
2975,Yochana,Randhawa,yochana.randhawa421@gmail.com,8688792449,Guwahati,East Province,India,039518,Regular,2023-02-13,True
2976,Prisha,Naik,prisha.naik729@yahoo.com,+913440883318,Jabalpur,Central Province,India,801693,VIP,2023-03-12,True
2977,Amrita,Singh,amrita.singh169@yahoo.com,1237793980,Kolkata,East Province,India,220163,Occasional,2025-01-21,True
2978,Gopal,Thaker,gopal.thaker42@yahoo.com,+910023915231,Hyderabad,South Province,India,363140,Occasional,2025-03-09,True
2979,Peter,Buch,peter.buch450@gmail.com,00231896720,Lucknow,North Province,India,295903,Occasional,2026-06-06,True
2980,Guneet,Shan,guneet.shan710@yahoo.com,5690001917,Bengaluru,South Province,India,532448,Regular,2026-04-03,True
2981,William,Kurian,william.kurian80@gmail.com,7151547469,Bengaluru,South Province,India,170870,Regular,2022-10-18,True
2982,Kiaan,Subramanian,kiaan.subramanian229@gmail.com,2040093808,Guwahati,East Province,India,491232,Premium,2024-12-10,True
2983,Isaiah,Rai,isaiah.rai360@hotmail.com,0059324183,Delhi,North Province,India,527625,Occasional,2024-05-27,True
2984,Manbir,Basak,manbir.basak503@gmail.com,+913116795428,Hyderabad,South Province,India,267011,Premium,2024-05-08,True
2985,Nandini,Sehgal,nandini.sehgal373@hotmail.com,+911678629025,Mysuru,South Province,India,538642,Occasional,2024-06-13,True
2986,Rachana,Savant,rachana.savant925@gmail.com,+912209941753,Noida,North Province,India,405319,Premium,2026-05-23,True
2987,Avni,Borde,avni.borde341@gmail.com,5075508485,Gwalior,Central Province,India,846770,Premium,2022-10-24,True
2988,Viraj,Taneja,invalid_user_at_domain_com,06797008307,Mumbai,West Province,India,440583,Premium,2022-11-05,True
2989,Ekanta,Narang,ekanta.narang700@hotmail.com,+911727279732,Mumbai,West Province,India,901832,Regular,2026-06-11,True
2990,Advay,Patel,advay.patel659@gmail.com,+912134063680,Chandigarh,North Province,India,990502,Regular,2022-09-15,False
2991,Chavvi,Barman,chavvi.barman773@yahoo.com,01174711706,Delhi,North Province,India,857968,Occasional,2023-03-24,True
2992,Nidra,Hayer,nidra.hayer396@hotmail.com,1240790448,Indore,Central Province,India,388190,Regular,2025-05-15,True
2993,Jeet,Chaudhry,jeet.chaudhry988@yahoo.com,06767761952,Mysuru,South Province,India,960170,Regular,2025-03-27,True
2994,Michael,Chandra,michael.chandra524@yahoo.com,04517702238,Lucknow,North Province,India,453478,Corporate,2023-09-21,True
2995,Nicholas,Sarraf,nicholas.sarraf433@yahoo.com,2532095928,Siliguri,East Province,India,898735,Regular,2024-07-22,True
2996,Yadavi,Tara,yadavi.tara793@gmail.com,02993357024,Jabalpur,Central Province,India,939866,Regular,2024-12-07,False
2997,Rohan,Wadhwa,rohan.wadhwa191@yahoo.com,04844273983,Guwahati,East Province,India,652391,Premium,2024-02-04,True
2998,Omaja,Setty,omaja.setty875@yahoo.com,+912735334062,Guwahati,East Province,India,166334,Premium,2023-08-07,True
2999,Daniel,Dada,daniel.dada970@yahoo.com,2156345263,Nagpur,West Province,India,288623,Occasional,2025-06-24,True
3000,Robert,Patla,robert.patla675@yahoo.com,+914445514344,Delhi,North Province,India,111754,Regular,2022-07-03,False
