order_item_id,order_id,product_id,quantity,unit_price,discount,line_total
100001,50001,602,2,817.44,163.49,1471.39
100002,50001,791,1,11369.6,0.0,11369.6
100003,50001,572,2,1098.59,0.0,2197.18
100004,50001,567,1,7980.38,0.0,7980.38
100005,50002,621,3,1304.44,0.0,3913.32
100006,50003,677,1,3625.43,0.0,3625.43
100007,50004,625,2,54397.72,0.0,108795.44
100008,50005,718,1,6766.17,0.0,6766.17
100009,50005,702,2,569.75,0.0,1139.5
100010,50005,774,1,1776.67,88.83,1687.84
100011,50006,540,1,32834.15,0.0,32834.15
100012,50006,618,1,161.7,0.0,161.7
100013,50006,571,1,11994.11,0.0,11994.11
100014,50007,716,2,1117.48,223.5,2011.46
100015,50007,592,1,1511.43,0.0,1511.43
100016,50007,584,2,1377.03,0.0,2754.06
100017,50007,704,3,1165.72,349.72,3147.44
100018,50008,749,2,1601.66,160.17,3043.15
100019,50009,731,1,1578.26,157.83,1420.43
100020,50010,718,1,6766.17,0.0,6766.17
100021,50011,733,1,1597.66,0.0,1597.66
100022,50012,690,1,1805.43,90.27,1715.16
100023,50012,630,2,2387.03,0.0,4774.06
100024,50013,519,1,849.44,0.0,849.44
100025,50014,575,2,253.01,0.0,506.02
100026,50015,769,1,1383.36,0.0,1383.36
100027,50015,792,1,2835.7,141.78,2693.92
100028,50015,735,2,1557.67,311.53,2803.81
100029,50016,655,1,5152.69,0.0,5152.69
100030,50016,717,2,902.81,90.28,1715.34
100031,50017,793,2,2448.49,0.0,4896.98
100032,50017,634,2,5262.27,526.23,9998.31
100033,50017,656,1,9107.06,0.0,9107.06
100034,50018,757,2,13097.42,1309.74,24885.1
100035,50019,567,1,7980.38,798.04,7182.34
100036,50019,641,2,3333.39,0.0,6666.78
100037,50019,637,1,3516.12,175.81,3340.31
100038,50020,716,2,1117.48,0.0,2234.96
100039,50021,728,1,2491.24,249.12,2242.12
100040,50022,793,5,2448.49,612.12,11630.33
100041,50023,662,1,9986.23,0.0,9986.23
100042,50024,512,2,1219.3,0.0,2438.6
100043,50025,564,1,1265.51,0.0,1265.51
100044,50025,550,1,3272.22,0.0,3272.22
100045,50026,612,1,2192.78,0.0,2192.78
100046,50027,663,1,1339.76,133.98,1205.78
100047,50027,758,1,2596.01,0.0,2596.01
100048,50027,775,3,3454.82,0.0,10364.46
100049,50027,773,4,5708.39,0.0,22833.56
100050,50028,551,1,3446.79,172.34,3274.45
100051,50029,758,1,2596.01,129.8,2466.21
100052,50029,542,4,1742.37,0.0,6969.48
100053,50030,700,1,6725.93,672.59,6053.34
100054,50031,603,1,18106.09,0.0,18106.09
100055,50031,666,1,4195.88,0.0,4195.88
100056,50031,568,2,5802.78,0.0,11605.56
100057,50031,651,1,4691.47,0.0,4691.47
100058,50032,582,2,8407.83,0.0,16815.66
100059,50032,626,2,236.68,23.67,449.69
100060,50032,737,1,454.39,0.0,454.39
100061,50033,776,2,1371.98,0.0,2743.96
100062,50033,562,3,1170.27,0.0,3510.81
100063,50033,774,2,1776.67,355.33,3198.01
100064,50034,726,2,983.03,0.0,1966.06
100065,50034,720,3,3038.53,911.56,0.01
100066,50035,625,2,54397.72,0.0,108795.44
100067,50036,626,2,236.68,0.0,473.36
100068,50037,519,2,849.44,0.0,1698.88
100069,50038,582,1,8407.83,0.0,8407.83
100070,50039,650,3,6201.76,0.0,18605.28
100071,50040,687,2,1705.39,170.54,3240.24
100072,50041,757,1,13097.42,0.0,13097.42
100073,50041,661,4,16283.24,3256.65,61876.31
100074,50042,676,1,865.11,0.0,865.11
100075,50042,616,2,594.6,118.92,1070.28
100076,50042,659,2,364.24,0.0,728.48
100077,50042,606,1,290.06,43.51,246.55
100078,50043,604,1,5835.32,0.0,5835.32
100079,50043,687,1,1705.39,0.0,1705.39
100080,50043,517,1,12096.53,0.0,12096.53
100081,50044,627,1,348.17,17.41,330.76
100082,50044,626,2,236.68,23.67,449.69
100083,50045,783,1,39234.63,0.0,39234.63
100084,50045,643,3,55447.46,0.0,166342.38
100085,50046,745,1,5138.19,513.82,4624.37
100086,50046,738,1,4031.99,201.6,3830.39
100087,50046,551,1,3446.79,0.0,3446.79
100088,50047,792,1,2835.7,0.0,2835.7
100089,50048,734,2,839.57,83.96,1595.18
100090,50048,501,1,45292.52,0.0,45292.52
100091,50048,629,1,717.69,0.0,717.69
100092,50049,758,2,2596.01,0.0,5192.02
100093,50049,659,2,364.24,0.0,728.48
100094,50050,722,2,53128.36,0.0,106256.72
100095,50051,619,1,577.92,0.0,577.92
100096,50052,793,1,2448.49,0.0,2448.49
100097,50052,580,1,1023.86,0.0,1023.86
100098,50053,714,1,44813.18,0.0,44813.18
100099,50053,638,4,9668.28,3867.31,34805.81
100100,50054,658,1,711.18,0.0,711.18
100101,50055,572,5,1098.59,549.29,4943.66
100102,50056,692,1,7325.8,0.0,7325.8
100103,50057,726,1,983.03,0.0,983.03
100104,50057,641,1,3333.39,0.0,3333.39
100105,50058,750,1,182.17,36.43,145.74
100106,50059,725,1,6229.36,0.0,6229.36
100107,50059,646,2,6680.81,0.0,13361.62
100108,50060,788,1,8889.42,0.0,8889.42
100109,50060,546,1,12181.16,609.06,11572.1
100110,50061,661,2,16283.24,0.0,32566.48
100111,50061,685,1,9687.25,0.0,9687.25
100112,50061,729,1,2699.1,0.0,2699.1
100113,50062,719,2,15471.04,3094.21,27847.87
100114,50062,703,3,2609.04,0.0,7827.12
100115,50063,668,1,1156.71,0.0,1156.71
100116,50063,776,1,1371.98,0.0,1371.98
100117,50063,752,1,14566.93,0.0,14566.93
100118,50064,598,2,579.36,115.87,1042.85
100119,50065,594,2,55089.87,0.0,110179.74
100120,50066,651,1,4691.47,469.15,4222.32
100121,50067,668,1,1156.71,57.84,1098.87
100122,50068,796,1,1462.48,0.0,1462.48
100123,50068,579,1,17100.24,0.0,17100.24
100124,50069,536,1,1067.42,0.0,1067.42
100125,50070,612,2,2192.78,0.0,4385.56
100126,50071,607,1,10316.31,0.0,10316.31
100127,50071,695,1,24310.04,2431.0,21879.04
100128,50072,765,1,37606.92,0.0,37606.92
100129,50072,563,4,5426.08,1085.22,20619.1
100130,50073,685,1,9687.25,1453.09,8234.16
100131,50073,745,1,5138.19,0.0,5138.19
100132,50073,631,1,1647.26,329.45,1317.81
100133,50074,654,2,2895.35,579.07,5211.63
100134,50074,618,3,161.7,0.0,485.1
100135,50074,544,5,6582.2,1645.55,31265.45
100136,50075,580,1,1023.86,0.0,1023.86
100137,50076,713,3,5412.77,0.0,16238.31
100138,50077,999999,2,1705.39,0.0,3410.78
100139,50077,557,1,783.76,0.0,783.76
100140,50078,515,3,1144.81,0.0,3434.43
100141,50079,587,1,790.56,0.0,790.56
100142,50079,581,1,2900.19,0.0,2900.19
100143,50080,569,1,46883.02,0.0,46883.02
100144,50080,501,3,45292.52,0.0,135877.56
100145,50081,793,1,2448.49,0.0,2448.49
100146,50082,707,1,626.29,31.31,594.98
100147,50083,737,1,454.39,90.88,363.51
100148,50083,767,1,2764.13,414.62,2349.51
100149,50084,698,5,9291.61,0.0,46458.05
100150,50084,525,2,4003.31,800.66,7205.96
100151,50084,602,1,817.44,0.0,817.44
100152,50085,796,10,1462.48,0.0,14624.8
100153,50085,708,1,10297.58,0.0,10297.58
100154,50085,732,2,3277.37,327.74,6227.0
100155,50086,750,2,182.17,18.22,346.12
100156,50086,782,1,9360.71,0.0,9360.71
100157,50086,734,1,839.57,0.0,839.57
100158,50087,557,1,783.76,39.19,744.57
100159,50088,759,1,8304.75,830.48,7474.27
100160,50088,594,1,55089.87,0.0,55089.87
100161,50088,704,2,1165.72,0.0,2331.44
100162,50088,762,2,886.5,0.0,1773.0
100163,50089,772,1,6175.25,0.0,6175.25
100164,50089,586,1,4444.5,222.23,4222.27
100165,50090,718,4,6766.17,4059.7,23004.98
100166,50090,604,1,5835.32,875.3,4960.02
100167,50090,643,5,55447.46,41585.59,235651.71
100168,50090,526,1,5568.93,0.0,5568.93
100169,50091,535,1,2114.96,0.0,2114.96
100170,50092,715,1,61205.17,0.0,61205.17
100171,50093,800,4,2202.18,0.0,8808.72
100172,50094,660,1,3268.31,326.83,2941.48
100173,50095,733,1,1597.66,319.53,1278.13
100174,50095,579,3,17100.24,0.0,51300.72
100175,50096,800,1,2202.18,110.11,2092.07
100176,50097,686,3,4182.59,627.39,11920.38
100177,50097,624,3,391.05,234.63,938.52
100178,50098,642,2,6612.07,0.0,13224.14
100179,50098,629,2,717.69,0.0,1435.38
100180,50099,723,2,3644.62,0.0,7289.24
100181,50100,696,2,4358.64,0.0,8717.28
100182,50100,522,2,39986.91,15994.76,63979.06
100183,50101,716,2,1117.48,0.0,2234.96
100184,50101,702,2,569.75,0.0,1139.5
100185,50102,722,1,53128.36,0.0,53128.36
100186,50102,514,2,8817.04,0.0,17634.08
100187,50103,684,5,59645.43,0.0,298227.15
100188,50103,677,1,3625.43,0.0,3625.43
100189,50103,681,1,5353.16,1070.63,4282.53
100190,50104,665,2,2533.05,506.61,4559.49
100191,50104,706,1,14673.28,0.0,14673.28
100192,50105,663,2,1339.76,0.0,2679.52
100193,50105,657,1,8779.23,0.0,8779.23
100194,50105,552,1,10613.41,0.0,10613.41
100195,50105,547,2,817.17,0.0,1634.34
100196,50106,798,1,3816.99,0.0,3816.99
100197,50107,539,1,1082.58,54.13,1028.45
100198,50107,602,3,817.44,122.62,2329.7
100199,50108,554,1,5371.45,0.0,5371.45
100200,50108,651,3,4691.47,0.0,14074.41
100201,50108,792,1,2835.7,567.14,2268.56
100202,50108,543,1,4352.44,0.0,4352.44
100203,50109,507,1,5384.85,1076.97,4307.88
100204,50110,712,3,12089.2,0.0,36267.6
100205,50110,596,2,1919.15,575.75,3262.55
100206,50111,690,1,1805.43,270.81,1534.62
100207,50112,627,1,348.17,69.63,278.54
100208,50112,776,2,1371.98,0.0,2743.96
100209,50112,797,1,1277.35,0.0,1277.35
100210,50113,615,1,24337.83,2433.78,21904.05
100211,50113,739,1,9905.71,0.0,9905.71
100212,50114,530,3,3414.81,0.0,10244.43
100213,50115,630,4,2387.03,477.41,9070.71
100214,50116,611,1,15431.65,0.0,15431.65
100215,50116,732,3,3277.37,1474.82,8357.29
100216,50116,659,1,364.24,0.0,364.24
100217,50116,776,2,1371.98,0.0,2743.96
100218,50116,656,1,9107.06,455.35,8651.71
100219,50117,583,1,9641.6,482.08,9159.52
100220,50117,600,2,6469.3,0.0,12938.6
100221,50118,707,1,626.29,93.94,532.35
100222,50119,550,1,3272.22,0.0,3272.22
100223,50120,680,5,1294.32,323.58,6148.02
100224,50121,786,2,5485.59,0.0,10971.18
100225,50121,531,1,10687.35,2137.47,8549.88
100226,50122,692,4,7325.8,0.0,29303.2
100227,50122,536,2,1067.42,0.0,2134.84
100228,50123,726,1,983.03,98.3,884.73
100229,50123,591,1,9106.57,455.33,8651.24
100230,50124,650,1,6201.76,310.09,5891.67
100231,50125,673,4,1038.9,623.34,3532.26
100232,50126,627,1,348.17,0.0,348.17
100233,50127,746,3,1732.13,0.0,5196.39
100234,50127,551,2,3446.79,0.0,6893.58
100235,50127,767,2,2764.13,276.41,5251.85
100236,50127,547,1,817.17,0.0,817.17
100237,50127,665,2,2533.05,0.0,5066.1
100238,50128,665,1,2533.05,126.65,2406.4
100239,50129,522,1,39986.91,0.0,39986.91
100240,50130,774,1,1776.67,0.0,1776.67
100241,50130,515,1,1144.81,228.96,915.85
100242,50131,592,1,1511.43,75.57,1435.86
100243,50131,761,3,1440.57,0.0,4321.71
100244,50132,793,2,2448.49,0.0,4896.98
100245,50133,670,5,2118.7,2118.7,8474.8
100246,50134,633,2,1617.01,161.7,3072.32
100247,50134,717,3,902.81,0.0,2708.43
100248,50135,694,2,1970.24,0.0,3940.48
100249,50135,643,2,55447.46,5544.75,105350.17
100250,50135,598,1,579.36,28.97,550.39
100251,50136,751,1,25845.26,0.0,25845.26
100252,50137,775,1,3454.82,345.48,3109.34
100253,50138,566,1,8272.67,0.0,8272.67
100254,50139,535,2,2114.96,0.0,4229.92
100255,50139,624,1,391.05,0.0,391.05
100256,50139,724,1,2567.59,385.14,2182.45
100257,50140,675,1,16586.98,2488.05,14098.93
100258,50140,629,1,717.69,0.0,717.69
100259,50140,590,4,2022.4,0.0,8089.6
100260,50140,680,1,1294.32,64.72,1229.6
100261,50141,771,1,1072.89,0.0,1072.89
100262,50142,587,1,790.56,0.0,790.56
100263,50142,665,1,2533.05,0.0,2533.05
100264,50143,615,2,24337.83,0.0,48675.66
100265,50144,645,1,3816.62,190.83,3625.79
100266,50144,699,2,713.36,71.34,1355.38
100267,50145,615,2,24337.83,0.0,48675.66
100268,50145,574,5,20894.55,20894.55,83578.2
100269,50145,647,3,48665.91,0.0,145997.73
100270,50146,778,5,2068.11,0.0,10340.55
100271,50146,617,2,1324.53,0.0,2649.06
100272,50147,738,2,4031.99,0.0,8063.98
100273,50147,687,1,1705.39,0.0,1705.39
100274,50147,673,2,1038.9,0.0,2077.8
100275,50147,667,4,558.92,111.78,2123.9
100276,50148,658,1,711.18,0.0,711.18
100277,50149,603,1,18106.09,0.0,18106.09
100278,50150,606,1,290.06,14.5,275.56
100279,50151,602,1,817.44,0.0,817.44
100280,50151,578,3,6521.84,0.0,19565.52
100281,50152,519,2,849.44,0.0,1698.88
100282,50152,550,1,3272.22,327.22,2945.0
100283,50153,610,1,26733.01,0.0,26733.01
100284,50154,649,1,699.68,0.0,699.68
100285,50154,656,3,9107.06,0.0,27321.18
100286,50155,741,2,1969.25,590.77,3347.73
100287,50155,644,5,36167.51,9041.88,171795.67
100288,50156,999999,1,24310.04,2431.0,21879.04
100289,50157,511,5,856.8,642.6,3641.4
100290,50158,570,2,4486.57,448.66,8524.48
100291,50159,650,1,6201.76,1240.35,4961.41
100292,50159,543,1,4352.44,217.62,4134.82
100293,50160,767,3,2764.13,0.0,8292.39
100294,50161,722,1,53128.36,0.0,53128.36
100295,50162,506,1,1305.17,0.0,1305.17
100296,50162,794,1,482.29,0.0,482.29
100297,50162,510,2,640.28,0.0,1280.56
100298,50163,568,2,5802.78,0.0,11605.56
100299,50163,678,1,37877.29,0.0,37877.29
100300,50164,559,2,5502.85,0.0,11005.7
100301,50164,512,1,1219.3,0.0,1219.3
100302,50164,566,1,8272.67,827.27,7445.4
100303,50165,580,2,1023.86,307.16,1740.56
100304,50165,799,1,2348.69,352.3,1996.39
100305,50166,542,1,1742.37,87.12,1655.25
100306,50166,596,1,1919.15,95.96,1823.19
100307,50166,547,1,817.17,40.86,776.31
100308,50166,502,1,15084.04,1508.4,13575.64
100309,50167,532,1,820.25,0.0,820.25
100310,50167,727,1,11354.29,0.0,11354.29
100311,50168,539,1,1082.58,0.0,1082.58
100312,50168,597,10,535.83,0.0,5358.3
100313,50169,719,1,15471.04,0.0,15471.04
100314,50170,534,1,46679.73,7001.96,39677.77
100315,50170,532,1,820.25,82.03,738.22
100316,50170,533,1,10801.02,540.05,10260.97
100317,50171,686,1,4182.59,209.13,3973.46
100318,50171,534,1,46679.73,0.0,46679.73
100319,50172,598,1,579.36,86.9,492.46
100320,50172,617,1,1324.53,132.45,1192.08
100321,50172,588,4,490.64,0.0,1962.56
100322,50172,522,3,39986.91,0.0,119960.73
100323,50172,681,1,5353.16,267.66,5085.5
100324,50173,577,1,795.1,0.0,795.1
100325,50174,742,1,31236.95,0.0,31236.95
100326,50175,756,1,372.34,55.85,316.49
100327,50176,666,2,4195.88,419.59,7972.17
100328,50177,658,2,711.18,0.0,1422.36
100329,50178,675,2,16586.98,3317.4,29856.56
100330,50178,692,1,7325.8,1465.16,5860.64
100331,50179,620,3,607.15,273.22,1548.23
100332,50180,670,2,2118.7,635.61,3601.79
100333,50181,628,1,6761.04,1014.16,5746.88
100334,50181,751,1,25845.26,3876.79,21968.47
100335,50182,637,1,3516.12,0.0,3516.12
100336,50183,743,2,892.31,0.0,1784.62
100337,50183,627,3,348.17,0.0,1044.51
100338,50183,615,1,24337.83,0.0,24337.83
100339,50184,597,2,535.83,53.58,1018.08
100340,50184,562,1,1170.27,117.03,1053.24
100341,50184,652,1,13563.11,1356.31,12206.8
100342,50185,513,1,1399.58,69.98,1329.6
100343,50186,581,1,2900.19,290.02,2610.17
100344,50187,584,1,1377.03,0.0,1377.03
100345,50188,693,1,1213.14,60.66,1152.48
100346,50189,645,1,3816.62,381.66,3434.96
100347,50190,535,1,2114.96,0.0,2114.96
100348,50191,712,1,12089.2,0.0,12089.2
100349,50192,781,2,508.19,0.0,1016.38
100350,50192,546,1,12181.16,1827.17,10353.99
100351,50193,616,1,594.6,0.0,594.6
100352,50194,703,1,2609.04,260.9,2348.14
100353,50195,519,1,849.44,0.0,849.44
100354,50196,704,1,1165.72,174.86,990.86
100355,50196,609,2,3589.04,0.0,7178.08
100356,50196,578,1,6521.84,0.0,6521.84
100357,50197,634,1,5262.27,263.11,4999.16
100358,50198,605,1,1048.97,104.9,944.07
100359,50198,595,2,2237.17,671.15,3803.19
100360,50198,558,1,9344.26,0.0,9344.26
100361,50199,685,2,9687.25,0.0,19374.5
100362,50199,738,3,4031.99,1209.6,10886.37
100363,50199,528,1,951.12,0.0,951.12
100364,50200,699,2,713.36,0.0,1426.72
100365,50200,668,-3,1156.71,0.0,0.01
100366,50200,735,1,1557.67,311.53,1246.14
100367,50200,701,3,11805.02,0.0,35415.06
100368,50201,641,1,3333.39,166.67,3166.72
100369,50201,501,5,45292.52,0.0,226462.6
100370,50201,656,1,9107.06,455.35,8651.71
100371,50202,518,3,49561.42,0.0,148684.26
100372,50203,516,3,14192.65,6386.69,36191.26
100373,50204,512,2,1219.3,0.0,2438.6
100374,50205,755,1,923.61,0.0,923.61
100375,50206,644,1,36167.51,0.0,36167.51
100376,50206,645,2,3816.62,1526.65,6106.59
100377,50206,999999,1,1732.13,86.61,1645.52
100378,50207,619,0,577.92,0.0,577.92
100379,50207,525,1,4003.31,400.33,3602.98
100380,50208,665,1,2533.05,0.0,2533.05
100381,50208,678,1,37877.29,7575.46,30301.83
100382,50209,722,1,53128.36,0.0,53128.36
100383,50210,585,1,29624.84,4443.73,25181.11
100384,50210,522,5,39986.91,0.0,199934.55
100385,50211,606,1,290.06,0.0,290.06
100386,50211,703,1,2609.04,0.0,2609.04
100387,50212,585,2,29624.84,5924.97,53324.71
100388,50212,617,1,1324.53,0.0,1324.53
100389,50213,709,2,5677.52,2271.01,9084.03
100390,50214,501,3,45292.52,27175.51,108702.05
100391,50215,708,1,10297.58,0.0,10297.58
100392,50216,607,1,10316.31,1031.63,9284.68
100393,50217,707,1,626.29,0.0,626.29
100394,50218,522,1,39986.91,0.0,39986.91
100395,50218,752,2,14566.93,2913.39,26220.47
100396,50218,517,1,12096.53,0.0,12096.53
100397,50218,756,1,372.34,18.62,353.72
100398,50219,520,5,1736.99,868.5,7816.45
100399,50220,549,2,13993.54,0.0,27987.08
100400,50220,733,5,1597.66,0.0,7988.3
100401,50220,695,1,24310.04,2431.0,21879.04
100402,50221,515,1,1144.81,0.0,1144.81
100403,50221,760,1,11301.08,565.05,10736.03
100404,50222,765,1,37606.92,0.0,37606.92
100405,50222,752,3,14566.93,0.0,43700.79
100406,50223,747,1,805.8,0.0,805.8
100407,50224,615,1,24337.83,1216.89,23120.94
100408,50225,585,1,29624.84,1481.24,28143.6
100409,50226,689,1,11449.91,0.0,11449.91
100410,50226,779,1,9166.85,0.0,9166.85
100411,50227,625,3,54397.72,24478.97,138714.19
100412,50228,780,1,3012.88,0.0,3012.88
100413,50229,604,1,5835.32,0.0,5835.32
100414,50230,637,1,3516.12,0.0,3516.12
100415,50231,744,1,6141.59,0.0,6141.59
100416,50232,566,3,8272.67,0.0,24818.01
100417,50233,712,3,12089.2,0.0,36267.6
100418,50234,703,2,2609.04,782.71,4435.37
100419,50234,515,1,1144.81,57.24,1087.57
100420,50234,599,3,2796.57,419.49,7970.22
100421,50235,581,1,2900.19,0.0,2900.19
100422,50235,624,2,391.05,0.0,782.1
100423,50236,521,1,3815.32,0.0,3815.32
100424,50237,668,3,1156.71,0.0,3470.13
100425,50237,658,1,711.18,71.12,640.06
100426,50238,794,1,482.29,0.0,482.29
100427,50238,571,1,11994.11,0.0,11994.11
100428,50239,648,1,1203.65,0.0,1203.65
100429,50240,672,1,9227.41,0.0,9227.41
100430,50241,572,2,1098.59,0.0,2197.18
100431,50241,652,1,13563.11,0.0,13563.11
100432,50241,598,2,579.36,0.0,1158.72
100433,50242,673,1,1038.9,51.95,986.95
100434,50243,776,1,1371.98,68.6,1303.38
100435,50243,675,1,16586.98,3317.4,13269.58
100436,50244,782,1,9360.71,0.0,9360.71
100437,50245,699,1,713.36,0.0,713.36
100438,50246,556,1,3671.69,0.0,3671.69
100439,50247,531,1,10687.35,2137.47,8549.88
100440,50247,506,2,1305.17,0.0,2610.34
100441,50248,682,1,707.75,0.0,707.75
100442,50248,622,1,2792.75,279.28,2513.47
100443,50248,578,3,6521.84,0.0,19565.52
100444,50248,512,2,1219.3,487.72,1950.88
100445,50249,627,3,348.17,0.0,1044.51
100446,50250,658,1,711.18,71.12,640.06
100447,50251,577,2,795.1,0.0,1590.2
100448,50252,752,1,14566.93,0.0,14566.93
100449,50252,724,1,2567.59,0.0,2567.59
100450,50252,769,1,1383.36,0.0,1383.36
100451,50253,707,1,626.29,0.0,626.29
100452,50254,513,2,1399.58,0.0,2799.16
100453,50254,789,2,2799.8,0.0,5599.6
100454,50254,625,1,54397.72,0.0,54397.72
100455,50255,618,1,161.7,24.25,137.45
100456,50256,601,5,17813.81,0.0,89069.05
100457,50256,519,2,849.44,0.0,1698.88
100458,50257,631,1,1647.26,0.0,1647.26
100459,50257,732,1,3277.37,491.61,2785.76
100460,50258,527,1,43071.55,0.0,43071.55
100461,50258,794,1,482.29,0.0,482.29
100462,50258,591,1,9106.57,1821.31,7285.26
100463,50259,774,1,1776.67,0.0,1776.67
100464,50259,564,1,1265.51,0.0,1265.51
100465,50259,737,1,454.39,45.44,408.95
100466,50260,530,1,3414.81,0.0,3414.81
100467,50260,702,1,569.75,0.0,569.75
100468,50261,557,2,783.76,0.0,1567.52
100469,50262,771,2,1072.89,107.29,2038.49
100470,50263,767,2,2764.13,0.0,5528.26
100471,50263,682,3,707.75,0.0,2123.25
100472,50264,519,1,849.44,0.0,849.44
100473,50265,513,1,1399.58,0.0,1399.58
100474,50266,572,1,1098.59,0.0,1098.59
100475,50266,655,1,5152.69,0.0,5152.69
100476,50266,703,1,2609.04,0.0,2609.04
100477,50267,575,3,253.01,113.85,645.18
100478,50268,540,3,32834.15,0.0,98502.45
100479,50268,651,1,4691.47,938.29,3753.18
100480,50268,682,3,707.75,0.0,2123.25
100481,50269,788,1,8889.42,0.0,8889.42
100482,50270,736,1,6075.78,0.0,6075.78
100483,50270,678,1,37877.29,0.0,37877.29
100484,50270,668,1,1156.71,0.0,1156.71
100485,50271,579,1,17100.24,855.01,16245.23
100486,50271,694,2,1970.24,197.02,3743.46
100487,50272,613,1,11372.12,0.0,11372.12
100488,50273,719,1,15471.04,2320.66,13150.38
100489,50273,781,1,508.19,0.0,508.19
100490,50273,791,3,11369.6,0.0,34108.8
100491,50274,541,2,2124.38,424.88,3823.88
100492,50275,670,1,2118.7,105.94,2012.76
100493,50275,668,3,1156.71,0.0,3470.13
100494,50276,748,1,2116.96,317.54,1799.42
100495,50277,632,3,2338.49,0.0,7015.47
100496,50277,555,3,9558.13,0.0,28674.39
100497,50278,712,1,12089.2,0.0,12089.2
100498,50278,705,1,17197.08,0.0,17197.08
100499,50279,708,2,10297.58,0.0,20595.16
100500,50280,752,1,14566.93,1456.69,13110.24
100501,50280,703,1,2609.04,130.45,2478.59
100502,50280,610,1,26733.01,0.0,26733.01
100503,50281,505,1,5998.46,899.77,5098.69
100504,50281,577,4,795.1,318.04,2862.36
100505,50281,777,2,2061.3,0.0,4122.6
100506,50282,683,1,873.55,131.03,742.52
100507,50282,793,1,2448.49,0.0,2448.49
100508,50282,545,1,1464.92,292.98,1171.94
100509,50283,752,1,14566.93,0.0,14566.93
100510,50284,634,1,5262.27,526.23,4736.04
100511,50285,674,2,7676.03,767.6,14584.46
100512,50286,715,2,61205.17,0.0,122410.34
100513,50286,621,1,1304.44,65.22,1239.22
100514,50286,659,1,364.24,0.0,364.24
100515,50287,671,2,3564.48,0.0,7128.96
100516,50288,655,3,5152.69,772.9,14685.17
100517,50288,608,1,667.69,0.0,667.69
100518,50289,738,1,4031.99,403.2,3628.79
100519,50289,704,2,1165.72,116.57,2214.87
100520,50289,666,2,4195.88,1678.35,6713.41
100521,50290,548,1,8285.36,1657.07,6628.29
100522,50291,604,2,5835.32,583.53,11087.11
100523,50291,593,2,1214.64,242.93,2186.35
100524,50291,714,1,44813.18,0.0,44813.18
100525,50291,520,1,1736.99,173.7,1563.29
100526,50292,759,1,8304.75,1245.71,7059.04
100527,50292,641,10,3333.39,1666.7,31667.2
100528,50293,781,1,508.19,101.64,406.55
100529,50294,533,3,10801.02,1620.15,30782.91
100530,50294,743,1,892.31,0.0,892.31
100531,50294,714,1,44813.18,0.0,44813.18
100532,50294,738,1,4031.99,201.6,3830.39
100533,50295,772,1,6175.25,0.0,6175.25
100534,50296,641,4,3333.39,0.0,13333.56
100535,50296,775,3,3454.82,518.22,9846.24
100536,50296,780,2,3012.88,602.58,5423.18
100537,50297,648,3,1203.65,541.64,3069.31
100538,50297,560,1,407.29,20.36,386.93
100539,50298,626,4,236.68,0.0,946.72
100540,50299,713,3,5412.77,0.0,16238.31
100541,50299,583,1,9641.6,0.0,9641.6
100542,50300,563,5,5426.08,0.0,27130.4
100543,50300,502,1,15084.04,0.0,15084.04
100544,50300,623,2,2674.16,534.83,4813.49
100545,50300,534,1,46679.73,0.0,46679.73
100546,50300,639,2,5888.93,0.0,11777.86
100547,50301,629,2,717.69,215.31,1220.07
100548,50302,676,1,865.11,86.51,778.6
100549,50303,700,2,6725.93,0.0,13451.86
100550,50304,535,3,2114.96,951.73,5393.15
100551,50304,617,2,1324.53,0.0,2649.06
100552,50305,597,1,535.83,0.0,535.83
100553,50306,662,3,9986.23,0.0,29958.69
100554,50307,784,10,1641.14,820.57,15590.83
100555,50308,660,1,3268.31,0.0,3268.31
100556,50309,633,3,1617.01,970.21,3880.82
100557,50309,695,5,24310.04,0.0,121550.2
100558,50309,579,1,17100.24,855.01,16245.23
100559,50309,644,1,36167.51,0.0,36167.51
100560,50309,675,1,16586.98,0.0,16586.98
100561,50310,559,1,5502.85,0.0,5502.85
100562,50311,619,1,577.92,57.79,520.13
100563,50311,526,2,5568.93,1670.68,9467.18
100564,50311,642,1,6612.07,330.6,6281.47
100565,50312,707,2,626.29,0.0,1252.58
100566,50313,503,1,1376.24,0.0,1376.24
100567,50314,788,1,8889.42,0.0,8889.42
100568,50314,627,2,348.17,0.0,696.34
100569,50315,761,1,1440.57,0.0,1440.57
100570,50316,753,1,1068.74,0.0,1068.74
100571,50316,781,2,508.19,0.0,1016.38
100572,50316,622,1,2792.75,0.0,2792.75
100573,50317,564,1,1265.51,63.28,1202.23
100574,50317,716,1,1117.48,0.0,1117.48
100575,50318,798,1,3816.99,0.0,3816.99
100576,50318,562,10,1170.27,585.14,11117.56
100577,50318,628,2,6761.04,676.1,12845.98
100578,50319,557,3,783.76,0.0,2351.28
100579,50320,689,1,11449.91,0.0,11449.91
100580,50320,667,1,558.92,27.95,530.97
100581,50320,711,3,5931.42,0.0,17794.26
100582,50321,641,1,3333.39,0.0,3333.39
100583,50322,605,1,1048.97,0.0,1048.97
100584,50322,712,1,12089.2,0.0,12089.2
100585,50323,615,1,24337.83,1216.89,23120.94
100586,50324,569,1,46883.02,0.0,46883.02
100587,50325,557,1,783.76,0.0,783.76
100588,50325,638,3,9668.28,0.0,29004.84
100589,50325,690,1,1805.43,0.0,1805.43
100590,50325,768,1,10470.08,2094.02,8376.06
100591,50326,785,2,1136.17,0.0,2272.34
100592,50326,795,1,18501.43,0.0,18501.43
100593,50327,715,1,61205.17,0.0,61205.17
100594,50327,791,1,11369.6,0.0,11369.6
100595,50327,675,2,16586.98,0.0,33173.96
100596,50328,789,1,2799.8,0.0,2799.8
100597,50328,683,1,873.55,0.0,873.55
100598,50329,617,1,1324.53,0.0,1324.53
100599,50330,605,1,1048.97,52.45,996.52
100600,50330,740,1,38799.36,7759.87,31039.49
100601,50330,712,1,12089.2,604.46,11484.74
100602,50331,710,1,10731.06,0.0,10731.06
100603,50332,561,1,2177.62,0.0,2177.62
100604,50333,642,1,6612.07,330.6,6281.47
100605,50334,711,3,5931.42,0.0,17794.26
100606,50335,683,1,873.55,0.0,873.55
100607,50335,732,2,3277.37,1310.95,5243.79
100608,50336,524,2,1357.31,0.0,2714.62
100609,50337,569,1,46883.02,2344.15,44538.87
100610,50338,579,3,17100.24,0.0,51300.72
100611,50338,533,1,10801.02,0.0,10801.02
100612,50339,609,1,3589.04,0.0,3589.04
100613,50339,538,2,8640.93,0.0,17281.86
100614,50339,579,2,17100.24,1710.02,32490.46
100615,50340,669,2,5183.71,0.0,10367.42
100616,50340,732,1,3277.37,0.0,3277.37
100617,50340,581,3,2900.19,0.0,8700.57
100618,50340,773,1,5708.39,285.42,5422.97
100619,50341,775,1,3454.82,0.0,3454.82
100620,50342,558,1,9344.26,1401.64,7942.62
100621,50342,787,1,27577.51,1378.88,26198.63
100622,50343,526,1,5568.93,278.45,5290.48
100623,50344,634,1,5262.27,0.0,5262.27
100624,50345,546,2,12181.16,0.0,24362.32
100625,50345,766,2,4834.22,0.0,9668.44
100626,50345,576,2,2970.75,0.0,5941.5
100627,50346,514,1,8817.04,0.0,8817.04
100628,50346,513,2,1399.58,139.96,2659.2
100629,50346,516,1,14192.65,709.63,13483.02
100630,50347,514,2,8817.04,3526.82,14107.26
100631,50348,634,1,5262.27,0.0,5262.27
100632,50348,582,2,8407.83,0.0,16815.66
100633,50348,544,1,6582.2,0.0,6582.2
100634,50349,661,1,16283.24,0.0,16283.24
100635,50349,695,1,24310.04,0.0,24310.04
100636,50349,741,1,1969.25,0.0,1969.25
100637,50350,772,1,6175.25,0.0,6175.25
100638,50350,577,1,795.1,0.0,795.1
100639,50351,588,2,490.64,0.0,981.28
100640,50352,711,2,5931.42,593.14,11269.7
100641,50353,770,1,2789.39,0.0,2789.39
100642,50353,595,1,2237.17,0.0,2237.17
100643,50353,565,1,322.27,32.23,290.04
100644,50354,633,1,1617.01,0.0,1617.01
100645,50354,591,3,9106.57,0.0,27319.71
100646,50355,625,1,54397.72,0.0,54397.72
100647,50356,658,1,711.18,0.0,711.18
100648,50356,709,3,5677.52,1703.26,15329.3
100649,50357,629,1,717.69,107.65,610.04
100650,50358,692,1,7325.8,0.0,7325.8
100651,50358,649,2,699.68,0.0,1399.36
100652,50358,522,2,39986.91,0.0,79973.82
100653,50358,596,4,1919.15,1151.49,6525.11
100654,50359,649,1,699.68,139.94,559.74
100655,50360,624,1,391.05,0.0,391.05
100656,50361,532,1,820.25,41.01,779.24
100657,50361,675,10,16586.98,0.0,165869.8
100658,50361,520,1,1736.99,0.0,1736.99
100659,50362,703,2,2609.04,521.81,4696.27
100660,50362,614,1,30296.77,1514.84,28781.93
100661,50363,602,1,817.44,0.0,817.44
100662,50364,521,3,3815.32,572.3,10873.66
100663,50364,709,1,5677.52,567.75,5109.77
100664,50364,518,1,49561.42,0.0,49561.42
100665,50364,540,1,32834.15,0.0,32834.15
100666,50364,543,1,4352.44,0.0,4352.44
100667,50365,516,1,14192.65,0.0,14192.65
100668,50366,694,1,1970.24,98.51,1871.73
100669,50367,713,3,5412.77,811.92,15426.39
100670,50367,502,1,15084.04,754.2,14329.84
100671,50368,770,1,2789.39,0.0,2789.39
100672,50368,795,1,18501.43,0.0,18501.43
100673,50368,647,1,48665.91,0.0,48665.91
100674,50369,759,1,8304.75,0.0,8304.75
100675,50370,651,1,4691.47,0.0,4691.47
100676,50371,753,4,1068.74,0.0,4274.96
100677,50372,510,4,640.28,384.17,2176.95
100678,50373,514,1,8817.04,0.0,8817.04
100679,50373,698,1,9291.61,464.58,8827.03
100680,50374,761,1,1440.57,0.0,1440.57
100681,50374,782,2,9360.71,0.0,18721.42
100682,50374,594,2,55089.87,5508.99,104670.75
100683,50375,560,1,407.29,0.0,407.29
100684,50375,624,1,391.05,0.0,391.05
100685,50375,656,1,9107.06,0.0,9107.06
100686,50375,784,2,1641.14,0.0,3282.28
100687,50376,564,1,1265.51,0.0,1265.51
100688,50376,528,2,951.12,0.0,1902.24
100689,50377,647,4,48665.91,9733.18,184930.46
100690,50377,794,1,482.29,0.0,482.29
100691,50377,594,2,55089.87,0.0,110179.74
100692,50378,693,3,1213.14,181.97,3457.45
100693,50378,652,2,13563.11,1356.31,25769.91
100694,50379,575,2,253.01,0.0,506.02
100695,50379,775,2,3454.82,0.0,6909.64
100696,50380,792,3,2835.7,0.0,8507.1
100697,50380,600,3,6469.3,1940.79,17467.11
100698,50380,590,1,2022.4,202.24,1820.16
100699,50381,786,1,5485.59,274.28,5211.31
100700,50381,743,1,892.31,0.0,892.31
100701,50382,617,2,1324.53,132.45,2516.61
100702,50382,767,1,2764.13,0.0,2764.13
100703,50382,613,4,11372.12,0.0,45488.48
100704,50382,667,3,558.92,167.68,1509.08
100705,50383,573,3,620.76,0.0,1862.28
100706,50384,684,2,59645.43,0.0,119290.86
100707,50384,779,1,9166.85,916.69,8250.16
100708,50385,508,2,5538.85,0.0,11077.7
100709,50385,788,3,8889.42,4000.24,22668.02
100710,50385,747,2,805.8,161.16,1450.44
100711,50386,637,1,3516.12,0.0,3516.12
100712,50386,705,2,17197.08,3439.42,30954.74
100713,50386,778,1,2068.11,310.22,1757.89
100714,50387,764,1,38368.4,0.0,38368.4
100715,50388,542,2,1742.37,348.47,3136.27
100716,50389,999999,1,1072.89,53.64,1019.25
100717,50390,591,3,9106.57,0.0,27319.71
100718,50391,644,1,36167.51,5425.13,30742.38
100719,50392,572,1,1098.59,0.0,1098.59
100720,50392,707,1,626.29,0.0,626.29
100721,50392,711,3,5931.42,889.71,16904.55
100722,50392,567,3,7980.38,3591.17,20349.97
100723,50393,512,2,1219.3,0.0,2438.6
100724,50393,704,5,1165.72,0.0,5828.6
100725,50393,769,1,1383.36,0.0,1383.36
100726,50394,706,4,14673.28,0.0,58693.12
100727,50394,556,1,3671.69,734.34,2937.35
100728,50394,740,3,38799.36,5819.9,110578.18
100729,50394,779,1,9166.85,0.0,9166.85
100730,50395,663,1,1339.76,0.0,1339.76
100731,50395,568,1,5802.78,0.0,5802.78
100732,50395,740,1,38799.36,1939.97,36859.39
100733,50395,754,1,9295.64,0.0,9295.64
100734,50395,780,1,3012.88,602.58,2410.3
100735,50396,549,1,13993.54,0.0,13993.54
100736,50397,774,1,1776.67,0.0,1776.67
100737,50398,508,3,5538.85,830.83,15785.72
100738,50399,766,4,4834.22,0.0,19336.88
100739,50400,725,2,6229.36,1245.87,11212.85
100740,50400,620,1,607.15,60.72,546.43
100741,50401,710,2,10731.06,4292.42,17169.7
100742,50401,515,1,1144.81,114.48,1030.33
100743,50401,674,1,7676.03,383.8,7292.23
100744,50401,618,1,161.7,8.08,153.62
100745,50401,794,10,482.29,0.0,4822.9
100746,50402,576,3,2970.75,0.0,8912.25
100747,50403,679,1,53522.92,0.0,53522.92
100748,50404,730,2,713.55,0.0,1427.1
100749,50404,554,1,5371.45,0.0,5371.45
100750,50405,734,1,839.57,0.0,839.57
100751,50405,521,2,3815.32,0.0,7630.64
100752,50406,565,4,322.27,64.45,1224.63
100753,50406,520,1,1736.99,173.7,1563.29
100754,50406,670,1,2118.7,105.94,2012.76
100755,50406,518,2,49561.42,0.0,99122.84
100756,50407,763,2,66.59,6.66,126.52
100757,50407,784,1,1641.14,0.0,1641.14
100758,50408,726,1,983.03,0.0,983.03
100759,50408,547,3,817.17,0.0,2451.51
100760,50409,540,5,32834.15,0.0,164170.75
100761,50410,577,3,795.1,0.0,2385.3
100762,50411,765,1,37606.92,0.0,37606.92
100763,50412,596,2,1919.15,383.83,3454.47
100764,50413,700,2,6725.93,0.0,13451.86
100765,50413,696,1,4358.64,0.0,4358.64
100766,50413,670,1,2118.7,0.0,2118.7
100767,50414,736,1,6075.78,0.0,6075.78
100768,50414,702,2,569.75,0.0,1139.5
100769,50415,638,3,9668.28,0.0,29004.84
100770,50415,701,4,11805.02,0.0,47220.08
100771,50416,668,1,1156.71,0.0,1156.71
100772,50416,596,5,1919.15,0.0,9595.75
100773,50417,614,1,30296.77,3029.68,27267.09
100774,50417,676,1,865.11,0.0,865.11
100775,50418,751,4,25845.26,0.0,103381.04
100776,50418,766,1,4834.22,0.0,4834.22
100777,50418,635,1,3079.07,153.95,2925.12
100778,50418,698,3,9291.61,0.0,27874.83
100779,50419,539,1,1082.58,0.0,1082.58
100780,50419,558,1,9344.26,934.43,8409.83
100781,50419,747,1,805.8,0.0,805.8
100782,50420,733,1,1597.66,159.77,1437.89
100783,50421,715,1,61205.17,6120.52,55084.65
100784,50422,637,4,3516.12,0.0,0.01
100785,50423,682,1,707.75,0.0,707.75
100786,50424,568,1,5802.78,0.0,5802.78
100787,50424,745,1,5138.19,0.0,5138.19
100788,50425,786,4,5485.59,2194.24,19748.12
100789,50425,720,1,3038.53,0.0,3038.53
100790,50425,714,2,44813.18,0.0,89626.36
100791,50425,530,1,3414.81,341.48,3073.33
100792,50426,644,2,36167.51,0.0,72335.02
100793,50426,778,1,2068.11,206.81,1861.3
100794,50426,674,2,7676.03,1535.21,13816.85
100795,50427,720,4,3038.53,0.0,12154.12
100796,50427,671,1,3564.48,0.0,3564.48
100797,50427,514,1,8817.04,440.85,8376.19
100798,50427,570,1,4486.57,672.99,3813.58
100799,50428,536,1,1067.42,0.0,1067.42
100800,50428,607,1,10316.31,515.82,9800.49
100801,50428,503,1,1376.24,68.81,1307.43
100802,50429,752,1,14566.93,2913.39,11653.54
100803,50430,650,1,6201.76,0.0,6201.76
100804,50430,712,1,12089.2,0.0,12089.2
100805,50431,770,2,2789.39,0.0,5578.78
100806,50431,612,1,2192.78,219.28,1973.5
100807,50431,589,1,17388.16,869.41,16518.75
100808,50431,779,3,9166.85,1375.03,26125.52
100809,50432,767,1,2764.13,0.0,2764.13
100810,50432,626,2,236.68,0.0,473.36
100811,50432,713,1,5412.77,0.0,5412.77
100812,50433,680,1,1294.32,64.72,1229.6
100813,50433,746,1,1732.13,86.61,1645.52
100814,50433,738,1,4031.99,0.0,4031.99
100815,50434,733,1,1597.66,0.0,1597.66
100816,50434,696,1,4358.64,435.86,3922.78
100817,50434,784,2,1641.14,656.46,2625.82
100818,50435,612,4,2192.78,438.56,8332.56
100819,50436,791,2,11369.6,3410.88,19328.32
100820,50436,610,4,26733.01,5346.6,101585.44
100821,50437,574,3,20894.55,0.0,62683.65
100822,50437,622,1,2792.75,558.55,2234.2
100823,50438,714,1,44813.18,2240.66,42572.52
100824,50439,627,4,348.17,0.0,1392.68
100825,50440,560,3,407.29,61.09,1160.78
100826,50440,593,3,1214.64,0.0,3643.92
100827,50441,740,2,38799.36,11639.81,65958.91
100828,50442,766,1,4834.22,241.71,4592.51
100829,50442,625,5,54397.72,0.0,271988.6
100830,50442,567,1,7980.38,399.02,7581.36
100831,50442,577,2,795.1,0.0,1590.2
100832,50443,739,1,9905.71,0.0,9905.71
100833,50444,691,1,12820.07,0.0,12820.07
100834,50444,764,1,38368.4,5755.26,32613.14
100835,50445,542,2,1742.37,348.47,3136.27
100836,50446,608,3,667.69,0.0,2003.07
100837,50447,679,1,53522.92,0.0,53522.92
100838,50447,513,3,1399.58,0.0,4198.74
100839,50447,548,1,8285.36,828.54,7456.82
100840,50447,656,3,9107.06,0.0,27321.18
100841,50448,575,2,253.01,0.0,506.02
100842,50448,704,1,1165.72,116.57,1049.15
100843,50448,525,4,4003.31,3202.65,12810.59
100844,50448,578,1,6521.84,652.18,5869.66
100845,50449,696,1,4358.64,0.0,4358.64
100846,50450,771,4,1072.89,0.0,4291.56
100847,50450,725,2,6229.36,622.94,11835.78
100848,50451,592,2,1511.43,151.14,2871.72
100849,50451,734,1,839.57,0.0,839.57
100850,50452,786,2,5485.59,548.56,10422.62
100851,50453,577,3,795.1,0.0,2385.3
100852,50453,647,2,48665.91,0.0,97331.82
100853,50453,693,5,1213.14,303.29,5762.41
100854,50453,566,3,8272.67,0.0,24818.01
100855,50453,509,2,3363.13,336.31,6389.95
100856,50454,755,2,923.61,0.0,1847.22
100857,50454,509,1,3363.13,0.0,3363.13
100858,50455,567,1,7980.38,0.0,7980.38
100859,50456,528,1,951.12,0.0,951.12
100860,50457,532,2,820.25,328.1,1312.4
100861,50457,727,1,11354.29,1135.43,10218.86
100862,50458,555,4,9558.13,0.0,38232.52
100863,50458,676,3,865.11,129.77,2465.56
100864,50458,664,1,18695.4,934.77,17760.63
100865,50458,634,3,5262.27,0.0,15786.81
100866,50459,732,1,3277.37,327.74,2949.63
100867,50459,689,2,11449.91,0.0,22899.82
100868,50460,627,3,348.17,0.0,1044.51
100869,50460,629,2,717.69,0.0,1435.38
100870,50460,746,1,1732.13,0.0,1732.13
100871,50461,712,1,12089.2,0.0,12089.2
100872,50462,779,1,9166.85,916.69,8250.16
100873,50462,507,2,5384.85,0.0,10769.7
100874,50463,738,1,4031.99,0.0,4031.99
100875,50463,544,1,6582.2,0.0,6582.2
100876,50464,772,4,6175.25,0.0,24701.0
100877,50465,723,1,3644.62,0.0,3644.62
100878,50466,516,1,14192.65,0.0,14192.65
100879,50467,726,4,983.03,393.21,3538.91
100880,50468,571,1,11994.11,0.0,11994.11
100881,50468,744,1,6141.59,0.0,6141.59
100882,50469,560,1,407.29,0.0,407.29
100883,50470,800,1,2202.18,330.33,1871.85
100884,50470,621,1,1304.44,65.22,1239.22
100885,50471,534,1,46679.73,0.0,46679.73
100886,50472,755,5,923.61,230.9,4387.15
100887,50472,703,2,2609.04,0.0,5218.08
100888,50472,771,1,1072.89,53.64,1019.25
100889,50473,551,1,3446.79,0.0,3446.79
100890,50473,999999,1,795.1,0.0,795.1
100891,50473,611,1,15431.65,0.0,15431.65
100892,50473,749,1,1601.66,0.0,1601.66
100893,50474,559,2,5502.85,0.0,11005.7
100894,50474,729,3,2699.1,0.0,8097.3
100895,50475,736,2,6075.78,0.0,12151.56
100896,50476,633,3,1617.01,727.65,4123.38
100897,50476,549,1,13993.54,2798.71,11194.83
100898,50477,759,1,8304.75,0.0,8304.75
100899,50477,800,1,2202.18,440.44,1761.74
100900,50478,761,1,1440.57,144.06,1296.51
100901,50479,562,1,1170.27,175.54,994.73
100902,50480,760,1,11301.08,1695.16,9605.92
100903,50481,664,1,18695.4,0.0,18695.4
100904,50482,544,4,6582.2,0.0,26328.8
100905,50483,787,1,27577.51,1378.88,26198.63
100906,50483,759,1,8304.75,1245.71,7059.04
100907,50484,682,1,707.75,0.0,707.75
100908,50485,783,2,39234.63,0.0,78469.26
100909,50486,694,1,1970.24,197.02,1773.22
100910,50487,650,2,6201.76,1860.53,10542.99
100911,50488,636,1,1717.09,0.0,1717.09
100912,50488,720,1,3038.53,0.0,3038.53
100913,50489,683,1,873.55,0.0,873.55
100914,50489,797,1,1277.35,0.0,1277.35
100915,50489,625,2,54397.72,0.0,108795.44
100916,50489,709,1,5677.52,0.0,5677.52
100917,50489,641,1,3333.39,166.67,3166.72
100918,50490,728,1,2491.24,124.56,2366.68
100919,50490,795,1,18501.43,0.0,18501.43
100920,50490,535,1,2114.96,211.5,1903.46
100921,50491,584,1,1377.03,0.0,1377.03
100922,50491,605,2,1048.97,314.69,1783.25
100923,50491,709,1,5677.52,1135.5,4542.02
100924,50492,512,3,1219.3,0.0,3657.9
100925,50493,663,2,1339.76,401.93,2277.59
100926,50494,741,2,1969.25,0.0,3938.5
100927,50494,748,1,2116.96,0.0,2116.96
100928,50494,534,2,46679.73,4667.97,88691.49
100929,50495,783,1,39234.63,0.0,39234.63
100930,50496,595,4,2237.17,0.0,8948.68
100931,50496,702,2,569.75,0.0,1139.5
100932,50496,693,2,1213.14,0.0,2426.28
100933,50497,791,2,11369.6,2273.92,20465.28
100934,50497,660,1,3268.31,0.0,3268.31
100935,50498,593,3,1214.64,364.39,3279.53
100936,50498,530,10,3414.81,0.0,34148.1
100937,50499,532,1,820.25,0.0,820.25
100938,50500,565,1,322.27,0.0,322.27
100939,50500,552,1,10613.41,0.0,10613.41
100940,50500,764,1,38368.4,1918.42,36449.98
100941,50500,797,1,1277.35,127.73,1149.62
100942,50500,634,1,5262.27,1052.45,4209.82
100943,50501,641,2,3333.39,0.0,6666.78
100944,50501,786,1,5485.59,0.0,5485.59
100945,50502,687,1,1705.39,0.0,1705.39
100946,50503,599,1,2796.57,279.66,2516.91
100947,50503,760,1,11301.08,1130.11,10170.97
100948,50503,515,3,1144.81,343.44,3090.99
100949,50503,718,3,6766.17,0.0,20298.51
100950,50504,678,1,37877.29,0.0,37877.29
100951,50505,593,5,1214.64,607.32,5465.88
100952,50506,662,2,9986.23,0.0,19972.46
100953,50507,758,2,2596.01,1038.4,4153.62
100954,50507,629,1,717.69,107.65,610.04
100955,50507,774,1,1776.67,0.0,1776.67
100956,50507,765,1,37606.92,7521.38,30085.54
100957,50508,796,1,1462.48,219.37,1243.11
100958,50509,710,1,10731.06,0.0,10731.06
100959,50509,635,1,3079.07,0.0,3079.07
100960,50509,585,1,29624.84,1481.24,28143.6
100961,50509,718,3,6766.17,0.0,20298.51
100962,50509,539,1,1082.58,54.13,1028.45
100963,50510,587,1,790.56,0.0,790.56
100964,50511,758,1,2596.01,259.6,2336.41
100965,50511,667,4,558.92,0.0,2235.68
100966,50511,630,2,2387.03,0.0,4774.06
100967,50512,601,3,17813.81,0.0,53441.43
100968,50513,752,1,14566.93,2185.04,12381.89
100969,50513,544,1,6582.2,0.0,6582.2
100970,50514,599,3,2796.57,0.0,8389.71
100971,50515,778,1,2068.11,206.81,1861.3
100972,50516,600,1,6469.3,1293.86,5175.44
100973,50516,517,5,12096.53,0.0,60482.65
100974,50517,618,3,161.7,0.0,485.1
100975,50518,726,1,983.03,147.45,835.58
100976,50518,743,3,892.31,0.0,2676.93
100977,50518,759,1,8304.75,0.0,8304.75
100978,50519,774,3,1776.67,266.5,5063.51
100979,50520,665,1,2533.05,0.0,2533.05
100980,50521,698,1,9291.61,0.0,9291.61
100981,50521,791,1,11369.6,0.0,11369.6
100982,50521,797,3,1277.35,191.6,3640.45
100983,50522,641,3,3333.39,500.01,9500.16
100984,50523,777,1,2061.3,0.0,2061.3
100985,50523,696,1,4358.64,0.0,4358.64
100986,50523,630,1,2387.03,0.0,2387.03
100987,50523,590,1,2022.4,202.24,1820.16
100988,50523,638,1,9668.28,0.0,9668.28
100989,50524,791,1,11369.6,0.0,11369.6
100990,50525,560,1,407.29,0.0,407.29
100991,50526,524,3,1357.31,0.0,4071.93
100992,50527,506,1,1305.17,130.52,1174.65
100993,50528,784,4,1641.14,328.23,6236.33
100994,50528,649,2,699.68,0.0,1399.36
100995,50529,782,1,9360.71,0.0,9360.71
100996,50529,571,5,11994.11,0.0,59970.55
100997,50529,600,2,6469.3,0.0,12938.6
100998,50530,594,2,55089.87,0.0,110179.74
100999,50530,502,1,15084.04,754.2,14329.84
101000,50530,690,1,1805.43,180.54,1624.89
101001,50531,700,1,6725.93,0.0,6725.93
101002,50531,717,2,902.81,270.84,1534.78
101003,50531,638,1,9668.28,0.0,9668.28
101004,50532,729,1,2699.1,0.0,2699.1
101005,50533,768,2,10470.08,0.0,20940.16
101006,50534,694,2,1970.24,0.0,3940.48
101007,50534,774,1,1776.67,0.0,1776.67
101008,50535,790,1,723.68,144.74,578.94
101009,50535,561,2,2177.62,0.0,4355.24
101010,50536,540,1,32834.15,4925.12,27909.03
101011,50537,684,1,59645.43,11929.09,47716.34
101012,50538,503,2,1376.24,550.5,2201.98
101013,50539,762,1,886.5,177.3,709.2
101014,50540,652,1,13563.11,0.0,13563.11
101015,50541,707,4,626.29,0.0,2505.16
101016,50542,731,2,1578.26,473.48,2683.04
101017,50542,528,3,951.12,0.0,2853.36
101018,50543,651,1,4691.47,469.15,4222.32
101019,50544,565,1,322.27,0.0,322.27
101020,50544,688,1,9656.12,1448.42,8207.7
101021,50545,528,1,951.12,0.0,951.12
101022,50546,668,1,1156.71,0.0,1156.71
101023,50546,644,4,36167.51,14467.0,130203.04
101024,50546,503,1,1376.24,68.81,1307.43
101025,50546,530,2,3414.81,0.0,6829.62
101026,50547,692,1,7325.8,732.58,6593.22
101027,50547,504,4,3910.83,782.17,14861.15
101028,50547,747,2,805.8,0.0,1611.6
101029,50548,545,1,1464.92,0.0,1464.92
101030,50549,726,1,983.03,0.0,983.03
101031,50549,528,1,951.12,95.11,856.01
101032,50549,792,1,2835.7,141.78,2693.92
101033,50550,660,2,3268.31,326.83,6209.79
101034,50550,788,1,8889.42,444.47,8444.95
101035,50551,712,1,12089.2,0.0,12089.2
101036,50551,677,1,3625.43,0.0,3625.43
101037,50551,568,3,5802.78,0.0,17408.34
101038,50552,660,2,3268.31,0.0,6536.62
101039,50553,788,2,8889.42,0.0,17778.84
101040,50554,685,1,9687.25,1453.09,8234.16
101041,50554,725,1,6229.36,934.4,5294.96
101042,50554,632,1,2338.49,0.0,2338.49
101043,50555,600,1,6469.3,0.0,6469.3
101044,50556,591,2,9106.57,0.0,18213.14
101045,50556,663,5,1339.76,1004.82,5693.98
101046,50557,728,4,2491.24,498.25,9466.71
101047,50558,582,2,8407.83,0.0,16815.66
101048,50558,606,1,290.06,43.51,246.55
101049,50558,790,3,723.68,0.0,2171.04
101050,50558,594,1,55089.87,2754.49,52335.38
101051,50559,543,10,4352.44,0.0,43524.4
101052,50560,652,2,13563.11,0.0,27126.22
101053,50561,690,3,1805.43,0.0,5416.29
101054,50562,570,3,4486.57,1345.97,12113.74
101055,50562,594,3,55089.87,0.0,165269.61
101056,50562,725,5,6229.36,0.0,31146.8
101057,50563,610,3,26733.01,12029.85,68169.18
101058,50564,674,1,7676.03,0.0,7676.03
101059,50564,517,3,12096.53,0.0,36289.59
101060,50565,682,2,707.75,0.0,1415.5
101061,50566,505,5,5998.46,0.0,29992.3
101062,50567,797,1,1277.35,0.0,1277.35
101063,50568,646,1,6680.81,0.0,6680.81
101064,50568,533,2,10801.02,0.0,21602.04
101065,50569,684,2,59645.43,0.0,119290.86
101066,50569,678,1,37877.29,0.0,37877.29
101067,50569,625,1,54397.72,0.0,54397.72
101068,50569,692,1,7325.8,1098.87,6226.93
101069,50570,781,1,508.19,0.0,508.19
101070,50570,531,1,10687.35,1068.74,9618.61
101071,50570,538,3,8640.93,5184.56,20738.23
101072,50570,780,1,3012.88,150.64,2862.24
101073,50571,692,1,7325.8,0.0,7325.8
101074,50571,616,1,594.6,59.46,535.14
101075,50572,538,5,8640.93,0.0,43204.65
101076,50572,753,1,1068.74,0.0,1068.74
101077,50572,609,1,3589.04,0.0,3589.04
101078,50573,577,2,795.1,0.0,1590.2
101079,50573,613,3,11372.12,0.0,34116.36
101080,50574,524,1,1357.31,0.0,1357.31
101081,50575,560,1,407.29,0.0,407.29
101082,50576,734,2,839.57,335.83,1343.31
101083,50576,672,1,9227.41,1845.48,7381.93
101084,50577,717,1,902.81,0.0,902.81
101085,50577,660,4,3268.31,0.0,13073.24
101086,50578,690,1,1805.43,0.0,1805.43
101087,50579,728,1,2491.24,249.12,2242.12
101088,50580,587,1,790.56,79.06,711.5
101089,50581,751,2,25845.26,0.0,51690.52
101090,50581,503,1,1376.24,137.62,1238.62
101091,50582,661,1,16283.24,0.0,16283.24
101092,50583,526,2,5568.93,1113.79,10024.07
101093,50584,781,5,508.19,127.05,2413.9
101094,50585,660,3,3268.31,490.25,9314.68
101095,50586,783,0,39234.63,0.0,39234.63
101096,50587,531,1,10687.35,2137.47,8549.88
101097,50587,630,-1,2387.03,238.7,4535.36
101098,50587,546,4,12181.16,4872.46,43852.18
101099,50587,643,2,55447.46,0.0,110894.92
101100,50588,507,1,5384.85,269.24,5115.61
101101,50589,725,1,6229.36,622.94,5606.42
101102,50590,567,1,7980.38,0.0,7980.38
101103,50591,677,1,3625.43,0.0,3625.43
101104,50591,619,3,577.92,0.0,1733.76
101105,50591,726,1,983.03,0.0,983.03
101106,50592,538,1,8640.93,864.09,7776.84
101107,50592,741,1,1969.25,295.39,1673.86
101108,50593,999999,3,348.17,52.23,992.28
101109,50594,715,1,61205.17,0.0,61205.17
101110,50594,750,3,182.17,109.3,437.21
101111,50594,508,1,5538.85,1107.77,4431.08
101112,50594,757,1,13097.42,2619.48,0.01
101113,50595,702,1,569.75,0.0,569.75
101114,50595,686,1,4182.59,418.26,3764.33
101115,50596,657,2,8779.23,0.0,17558.46
101116,50597,733,1,1597.66,159.77,1437.89
101117,50598,631,3,1647.26,247.09,4694.69
101118,50598,611,4,15431.65,0.0,61726.6
101119,50598,711,1,5931.42,296.57,5634.85
101120,50598,571,1,11994.11,0.0,11994.11
101121,50599,551,2,3446.79,1034.04,5859.54
101122,50599,709,2,5677.52,567.75,10787.29
101123,50599,576,1,2970.75,0.0,2970.75
101124,50599,623,1,2674.16,0.0,2674.16
101125,50600,596,1,1919.15,0.0,1919.15
101126,50600,688,4,9656.12,5793.67,32830.81
101127,50600,530,1,3414.81,170.74,3244.07
101128,50600,687,1,1705.39,85.27,1620.12
101129,50600,773,1,5708.39,285.42,5422.97
101130,50601,789,2,2799.8,0.0,5599.6
101131,50602,672,4,9227.41,0.0,36909.64
101132,50603,758,1,2596.01,0.0,2596.01
101133,50603,696,1,4358.64,0.0,4358.64
101134,50603,533,1,10801.02,0.0,10801.02
101135,50603,721,3,5715.09,0.0,17145.27
101136,50604,705,1,17197.08,0.0,17197.08
101137,50605,623,3,2674.16,0.0,8022.48
101138,50605,507,1,5384.85,538.49,4846.36
101139,50605,733,1,1597.66,0.0,1597.66
101140,50606,636,1,1717.09,0.0,1717.09
101141,50606,779,3,9166.85,4125.08,23375.47
101142,50607,732,1,3277.37,327.74,2949.63
101143,50607,791,1,11369.6,2273.92,9095.68
101144,50607,712,2,12089.2,0.0,24178.4
101145,50608,586,1,4444.5,222.23,4222.27
101146,50608,573,1,620.76,93.11,527.65
101147,50608,562,1,1170.27,0.0,1170.27
101148,50609,756,1,372.34,0.0,372.34
101149,50610,675,1,16586.98,0.0,16586.98
101150,50610,576,1,2970.75,0.0,2970.75
101151,50611,532,2,820.25,0.0,1640.5
101152,50612,689,1,11449.91,0.0,11449.91
101153,50613,664,1,18695.4,1869.54,16825.86
101154,50614,564,2,1265.51,0.0,2531.02
101155,50614,612,2,2192.78,0.0,4385.56
101156,50615,579,1,17100.24,0.0,17100.24
101157,50616,627,2,348.17,139.27,557.07
101158,50616,677,1,3625.43,543.81,3081.62
101159,50616,566,2,8272.67,0.0,16545.34
101160,50617,598,3,579.36,86.9,1651.18
101161,50618,614,1,30296.77,0.0,30296.77
101162,50618,682,1,707.75,0.0,707.75
101163,50618,616,1,594.6,0.0,594.6
101164,50619,562,2,1170.27,234.05,2106.49
101165,50619,759,1,8304.75,0.0,8304.75
101166,50620,784,2,1641.14,164.11,3118.17
101167,50620,614,1,30296.77,0.0,30296.77
101168,50620,786,3,5485.59,822.84,15633.93
101169,50621,707,1,626.29,0.0,626.29
101170,50622,573,2,620.76,0.0,1241.52
101171,50622,583,10,9641.6,0.0,96416.0
101172,50622,761,10,1440.57,1440.57,12965.13
101173,50622,509,1,3363.13,168.16,3194.97
101174,50622,555,2,9558.13,955.81,18160.45
101175,50623,673,1,1038.9,51.95,986.95
101176,50624,626,1,236.68,0.0,236.68
101177,50624,535,2,2114.96,0.0,4229.92
101178,50624,559,1,5502.85,0.0,5502.85
101179,50625,788,1,8889.42,444.47,8444.95
101180,50625,666,1,4195.88,0.0,4195.88
101181,50625,577,-1,795.1,0.0,795.1
101182,50626,661,2,16283.24,3256.65,29309.83
101183,50627,535,5,2114.96,0.0,10574.8
101184,50627,689,1,11449.91,1144.99,10304.92
101185,50627,545,2,1464.92,0.0,2929.84
101186,50627,720,1,3038.53,0.0,3038.53
101187,50628,731,1,1578.26,157.83,1420.43
101188,50628,781,1,508.19,50.82,457.37
101189,50629,755,1,923.61,46.18,877.43
101190,50630,721,1,5715.09,285.75,5429.34
101191,50630,707,1,626.29,0.0,626.29
101192,50630,737,1,454.39,0.0,454.39
101193,50631,595,1,2237.17,0.0,2237.17
101194,50631,568,2,5802.78,0.0,11605.56
101195,50632,716,1,1117.48,55.87,1061.61
101196,50632,681,1,5353.16,267.66,5085.5
101197,50633,696,1,4358.64,0.0,4358.64
101198,50633,669,1,5183.71,259.19,4924.52
101199,50634,536,1,1067.42,0.0,1067.42
101200,50635,646,1,6680.81,334.04,6346.77
101201,50636,723,1,3644.62,0.0,3644.62
101202,50637,678,1,37877.29,7575.46,30301.83
101203,50638,613,1,11372.12,0.0,11372.12
101204,50639,726,2,983.03,0.0,1966.06
101205,50639,541,2,2124.38,0.0,4248.76
101206,50639,557,1,783.76,39.19,744.57
101207,50639,790,1,723.68,36.18,687.5
101208,50640,606,1,290.06,0.0,290.06
101209,50641,792,2,2835.7,0.0,5671.4
101210,50641,672,1,9227.41,461.37,8766.04
101211,50642,650,2,6201.76,1240.35,11163.17
101212,50642,614,1,30296.77,0.0,30296.77
101213,50642,658,1,711.18,35.56,675.62
101214,50642,632,1,2338.49,116.92,2221.57
101215,50643,639,1,5888.93,0.0,5888.93
101216,50643,710,2,10731.06,1073.11,20389.01
101217,50644,745,2,5138.19,0.0,10276.38
101218,50645,639,1,5888.93,0.0,5888.93
101219,50645,552,1,10613.41,1592.01,9021.4
101220,50646,523,1,6428.51,0.0,6428.51
101221,50647,742,2,31236.95,0.0,62473.9
101222,50648,656,1,9107.06,0.0,9107.06
101223,50649,683,1,873.55,0.0,873.55
101224,50649,555,2,9558.13,0.0,19116.26
101225,50650,673,2,1038.9,207.78,1870.02
101226,50651,536,2,1067.42,0.0,2134.84
101227,50651,634,1,5262.27,263.11,4999.16
101228,50652,594,1,55089.87,0.0,55089.87
101229,50653,594,1,55089.87,0.0,55089.87
101230,50654,703,2,2609.04,0.0,5218.08
101231,50655,573,3,620.76,0.0,1862.28
101232,50655,792,1,2835.7,0.0,2835.7
101233,50656,739,1,9905.71,1981.14,7924.57
101234,50657,688,1,9656.12,0.0,9656.12
101235,50657,525,4,4003.31,0.0,16013.24
101236,50657,584,1,1377.03,0.0,1377.03
101237,50658,767,10,2764.13,1382.07,26259.23
101238,50659,611,1,15431.65,0.0,15431.65
101239,50659,605,1,1048.97,0.0,1048.97
101240,50659,506,2,1305.17,130.52,2479.82
101241,50659,618,1,161.7,0.0,161.7
101242,50659,512,4,1219.3,0.0,4877.2
101243,50660,628,1,6761.04,0.0,6761.04
101244,50660,530,1,3414.81,512.22,2902.59
101245,50660,589,1,17388.16,0.0,17388.16
101246,50661,639,2,5888.93,2355.57,9422.29
101247,50662,798,4,3816.99,763.4,14504.56
101248,50662,509,1,3363.13,0.0,3363.13
101249,50662,547,1,817.17,0.0,817.17
101250,50662,733,3,1597.66,0.0,4792.98
101251,50662,584,3,1377.03,206.55,3924.54
101252,50663,754,1,9295.64,0.0,9295.64
101253,50664,685,2,9687.25,0.0,19374.5
101254,50665,521,2,3815.32,0.0,0.01
101255,50666,760,2,11301.08,0.0,22602.16
101256,50667,596,1,1919.15,0.0,1919.15
101257,50667,552,1,10613.41,2122.68,8490.73
101258,50667,567,1,7980.38,399.02,7581.36
101259,50667,544,5,6582.2,0.0,32911.0
101260,50668,749,1,1601.66,0.0,1601.66
101261,50669,629,1,717.69,0.0,717.69
101262,50669,682,1,707.75,0.0,707.75
101263,50669,592,1,1511.43,0.0,1511.43
101264,50669,663,1,1339.76,0.0,1339.76
101265,50669,557,1,783.76,0.0,783.76
101266,50670,634,1,5262.27,263.11,4999.16
101267,50671,604,1,5835.32,875.3,4960.02
101268,50671,649,3,699.68,0.0,2099.04
101269,50671,651,3,4691.47,0.0,14074.41
101270,50672,506,2,1305.17,130.52,2479.82
101271,50672,692,1,7325.8,732.58,6593.22
101272,50672,694,1,1970.24,197.02,1773.22
101273,50673,608,4,667.69,0.0,2670.76
101274,50673,582,1,8407.83,0.0,8407.83
101275,50674,684,1,59645.43,0.0,59645.43
101276,50675,515,1,1144.81,171.72,973.09
101277,50675,689,1,11449.91,0.0,11449.91
101278,50676,663,1,1339.76,66.99,1272.77
101279,50677,710,2,10731.06,4292.42,17169.7
101280,50677,589,1,17388.16,0.0,17388.16
101281,50677,652,1,13563.11,0.0,13563.11
101282,50678,555,1,9558.13,0.0,9558.13
101283,50679,543,1,4352.44,0.0,4352.44
101284,50680,558,3,9344.26,0.0,28032.78
101285,50680,691,1,12820.07,2564.01,10256.06
101286,50680,776,1,1371.98,0.0,1371.98
101287,50680,579,2,17100.24,0.0,34200.48
101288,50681,569,3,46883.02,7032.45,133616.61
101289,50682,769,1,1383.36,138.34,1245.02
101290,50683,999999,1,2177.62,108.88,2068.74
101291,50683,723,1,3644.62,0.0,3644.62
101292,50683,567,4,7980.38,3192.15,28729.37
101293,50684,584,2,1377.03,0.0,2754.06
101294,50685,558,1,9344.26,467.21,8877.05
101295,50685,547,1,817.17,81.72,735.45
101296,50686,602,1,817.44,0.0,817.44
101297,50687,587,1,790.56,0.0,790.56
101298,50687,502,1,15084.04,0.0,0.01
101299,50688,668,1,1156.71,173.51,983.2
101300,50688,592,3,1511.43,0.0,4534.29
101301,50689,588,1,490.64,0.0,490.64
101302,50689,790,2,723.68,0.0,1447.36
101303,50689,532,1,820.25,0.0,820.25
101304,50690,698,1,9291.61,0.0,9291.61
101305,50690,605,3,1048.97,0.0,3146.91
101306,50691,707,1,626.29,0.0,626.29
101307,50691,591,1,9106.57,1821.31,7285.26
101308,50691,704,1,1165.72,233.14,932.58
101309,50692,777,3,2061.3,309.2,5874.7
101310,50693,771,2,1072.89,214.58,1931.2
101311,50693,745,4,5138.19,0.0,20552.76
101312,50693,667,4,558.92,0.0,2235.68
101313,50694,798,1,3816.99,190.85,3626.14
101314,50695,566,1,8272.67,0.0,8272.67
101315,50696,715,1,61205.17,0.0,61205.17
101316,50696,797,2,1277.35,0.0,2554.7
101317,50696,774,2,1776.67,710.67,2842.67
101318,50696,627,3,348.17,0.0,1044.51
101319,50697,682,1,707.75,0.0,707.75
101320,50697,795,1,18501.43,0.0,18501.43
101321,50697,549,1,13993.54,2798.71,11194.83
101322,50698,728,3,2491.24,0.0,7473.72
101323,50698,653,2,4298.41,0.0,8596.82
101324,50699,656,1,9107.06,0.0,9107.06
101325,50699,533,1,10801.02,0.0,10801.02
101326,50699,725,1,6229.36,311.47,5917.89
101327,50699,999999,1,482.29,0.0,482.29
101328,50699,703,2,2609.04,0.0,5218.08
101329,50700,655,1,5152.69,0.0,5152.69
101330,50700,558,1,9344.26,1401.64,7942.62
101331,50700,711,1,5931.42,0.0,5931.42
101332,50701,515,1,1144.81,0.0,1144.81
101333,50701,636,2,1717.09,171.71,3262.47
101334,50702,517,1,12096.53,0.0,12096.53
101335,50703,779,1,9166.85,0.0,9166.85
101336,50704,794,3,482.29,144.69,1302.18
101337,50704,785,1,1136.17,0.0,1136.17
101338,50704,598,2,579.36,0.0,1158.72
101339,50705,713,1,5412.77,811.92,4600.85
101340,50705,622,1,2792.75,0.0,2792.75
101341,50706,707,1,626.29,93.94,532.35
101342,50707,634,2,5262.27,0.0,10524.54
101343,50708,758,3,2596.01,1168.2,6619.83
101344,50708,746,2,1732.13,0.0,3464.26
101345,50709,605,1,1048.97,52.45,996.52
101346,50709,719,1,15471.04,0.0,15471.04
101347,50710,702,4,569.75,0.0,2279.0
101348,50710,748,4,2116.96,846.78,7621.06
101349,50710,641,1,3333.39,0.0,3333.39
101350,50710,676,1,865.11,0.0,865.11
101351,50711,571,2,11994.11,0.0,23988.22
101352,50711,662,3,9986.23,0.0,29958.69
101353,50711,718,1,6766.17,0.0,6766.17
101354,50712,746,3,1732.13,0.0,5196.39
101355,50713,588,1,490.64,49.06,441.58
101356,50714,648,1,1203.65,60.18,1143.47
101357,50714,671,3,3564.48,0.0,10693.44
101358,50714,679,1,53522.92,0.0,53522.92
101359,50714,612,1,2192.78,0.0,2192.78
101360,50715,574,2,20894.55,0.0,41789.1
101361,50716,678,1,37877.29,1893.86,35983.43
101362,50717,678,1,37877.29,3787.73,34089.56
101363,50718,730,1,713.55,107.03,606.52
101364,50718,535,1,2114.96,105.75,2009.21
101365,50719,618,2,161.7,16.17,307.23
101366,50720,652,1,13563.11,0.0,13563.11
101367,50720,558,2,9344.26,3737.7,14950.82
101368,50720,737,1,454.39,0.0,454.39
101369,50721,600,1,6469.3,0.0,6469.3
101370,50722,594,4,55089.87,0.0,220359.48
101371,50722,719,1,15471.04,2320.66,13150.38
101372,50723,647,3,48665.91,0.0,145997.73
101373,50724,668,3,1156.71,0.0,3470.13
101374,50725,790,3,723.68,0.0,2171.04
101375,50726,727,4,11354.29,0.0,45417.16
101376,50726,694,1,1970.24,295.54,1674.7
101377,50727,693,1,1213.14,181.97,1031.17
101378,50727,721,1,5715.09,0.0,5715.09
101379,50728,675,1,16586.98,0.0,16586.98
101380,50728,746,3,1732.13,519.64,4676.75
101381,50729,768,3,10470.08,0.0,31410.24
101382,50729,649,1,699.68,0.0,699.68
101383,50730,735,1,1557.67,0.0,1557.67
101384,50730,799,3,2348.69,704.61,6341.46
101385,50730,690,3,1805.43,0.0,5416.29
101386,50731,527,1,43071.55,2153.58,40917.97
101387,50731,592,1,1511.43,0.0,1511.43
101388,50731,574,2,20894.55,2089.45,39699.65
101389,50732,732,3,3277.37,0.0,9832.11
101390,50733,637,1,3516.12,527.42,2988.7
101391,50733,606,1,290.06,0.0,290.06
101392,50733,718,1,6766.17,0.0,6766.17
101393,50734,542,1,1742.37,87.12,1655.25
101394,50735,512,3,1219.3,0.0,3657.9
101395,50735,794,1,482.29,0.0,482.29
101396,50735,586,1,4444.5,444.45,4000.05
101397,50736,661,1,16283.24,0.0,16283.24
101398,50736,759,2,8304.75,3321.9,13287.6
101399,50737,563,1,5426.08,0.0,5426.08
101400,50738,743,1,892.31,89.23,803.08
101401,50738,658,1,711.18,0.0,711.18
101402,50739,552,2,10613.41,0.0,21226.82
101403,50739,758,1,2596.01,389.4,2206.61
101404,50740,772,1,6175.25,0.0,6175.25
101405,50741,706,1,14673.28,0.0,14673.28
101406,50741,791,2,11369.6,0.0,22739.2
101407,50742,688,2,9656.12,0.0,19312.24
101408,50743,750,1,182.17,0.0,0.01
101409,50744,569,3,46883.02,0.0,140649.06
101410,50744,761,1,1440.57,0.0,1440.57
101411,50745,676,3,865.11,0.0,2595.33
101412,50746,712,1,12089.2,0.0,12089.2
101413,50746,540,10,32834.15,0.0,328341.5
101414,50747,654,3,2895.35,0.0,8686.05
101415,50747,710,1,10731.06,0.0,10731.06
101416,50748,636,1,1717.09,0.0,1717.09
101417,50749,639,1,5888.93,0.0,5888.93
101418,50750,795,1,18501.43,0.0,18501.43
101419,50750,523,2,6428.51,1285.7,11571.32
101420,50751,775,2,3454.82,0.0,6909.64
101421,50752,622,3,2792.75,837.83,7540.42
101422,50753,601,1,17813.81,3562.76,14251.05
101423,50754,639,1,5888.93,0.0,5888.93
101424,50754,518,1,49561.42,0.0,49561.42
101425,50754,604,1,5835.32,0.0,5835.32
101426,50755,620,1,607.15,0.0,607.15
101427,50756,507,2,5384.85,0.0,10769.7
101428,50757,566,1,8272.67,0.0,8272.67
101429,50758,620,2,607.15,0.0,1214.3
101430,50758,544,1,6582.2,0.0,6582.2
101431,50758,518,2,49561.42,0.0,99122.84
101432,50759,790,1,723.68,0.0,723.68
101433,50760,659,4,364.24,218.54,1238.42
101434,50760,551,1,3446.79,0.0,3446.79
101435,50761,631,1,1647.26,0.0,1647.26
101436,50761,795,1,18501.43,3700.29,14801.14
101437,50762,610,1,26733.01,0.0,26733.01
101438,50762,589,2,17388.16,0.0,34776.32
101439,50762,715,1,61205.17,0.0,61205.17
101440,50763,730,1,713.55,107.03,606.52
101441,50763,587,2,790.56,0.0,1581.12
101442,50764,685,1,9687.25,1937.45,7749.8
101443,50765,550,1,3272.22,0.0,3272.22
101444,50766,518,2,49561.42,0.0,99122.84
101445,50767,742,2,31236.95,0.0,62473.9
101446,50767,539,1,1082.58,0.0,1082.58
101447,50768,558,10,9344.26,0.0,93442.6
101448,50769,632,1,2338.49,0.0,2338.49
101449,50770,568,1,5802.78,0.0,5802.78
101450,50770,595,0,2237.17,0.0,2237.17
101451,50770,685,3,9687.25,0.0,29061.75
101452,50770,574,1,20894.55,4178.91,16715.64
101453,50771,743,3,892.31,0.0,2676.93
101454,50772,616,4,594.6,0.0,2378.4
101455,50773,569,1,46883.02,0.0,46883.02
101456,50774,555,1,9558.13,0.0,9558.13
101457,50775,708,2,10297.58,2059.52,18535.64
101458,50775,647,3,48665.91,0.0,145997.73
101459,50776,738,1,4031.99,0.0,4031.99
101460,50777,619,3,577.92,0.0,1733.76
101461,50777,725,1,6229.36,0.0,6229.36
101462,50778,523,1,6428.51,0.0,6428.51
101463,50779,702,-1,569.75,0.0,569.75
101464,50779,566,1,8272.67,0.0,8272.67
101465,50779,602,4,817.44,0.0,3269.76
101466,50779,667,1,558.92,0.0,558.92
101467,50779,618,1,161.7,0.0,161.7
101468,50780,603,3,18106.09,0.0,0.01
101469,50780,752,1,14566.93,0.0,14566.93
101470,50780,576,1,2970.75,0.0,2970.75
101471,50780,508,1,5538.85,0.0,5538.85
101472,50780,684,1,59645.43,2982.27,56663.16
101473,50781,793,10,2448.49,0.0,24484.9
101474,50781,791,1,11369.6,1136.96,10232.64
101475,50782,578,2,6521.84,0.0,13043.68
101476,50782,621,1,1304.44,130.44,1174.0
101477,50782,572,2,1098.59,329.58,1867.6
101478,50783,673,1,1038.9,207.78,831.12
101479,50784,626,1,236.68,0.0,236.68
101480,50785,723,1,3644.62,0.0,3644.62
101481,50786,785,2,1136.17,113.62,2158.72
101482,50787,634,2,5262.27,526.23,9998.31
101483,50788,729,1,2699.1,404.86,2294.24
101484,50789,727,0,11354.29,0.0,11354.29
101485,50790,777,1,2061.3,0.0,2061.3
101486,50790,547,1,817.17,0.0,817.17
101487,50790,760,4,11301.08,0.0,45204.32
101488,50791,536,1,1067.42,53.37,1014.05
101489,50792,660,1,3268.31,490.25,2778.06
101490,50793,787,4,27577.51,0.0,110310.04
101491,50794,668,1,1156.71,0.0,1156.71
101492,50794,678,3,37877.29,0.0,113631.87
101493,50795,788,1,8889.42,0.0,8889.42
101494,50796,566,1,8272.67,1654.53,6618.14
101495,50797,506,2,1305.17,0.0,2610.34
101496,50797,755,1,923.61,184.72,738.89
101497,50798,591,1,9106.57,0.0,9106.57
101498,50798,574,2,20894.55,0.0,41789.1
101499,50798,726,5,983.03,0.0,4915.15
101500,50799,605,3,1048.97,0.0,3146.91
101501,50799,659,1,364.24,72.85,291.39
101502,50799,752,1,14566.93,2913.39,11653.54
101503,50800,735,1,1557.67,311.53,1246.14
101504,50800,594,1,55089.87,5508.99,49580.88
101505,50801,567,3,7980.38,0.0,23941.14
101506,50801,642,1,6612.07,0.0,6612.07
101507,50801,540,3,32834.15,9850.25,88652.2
101508,50801,727,1,11354.29,0.0,11354.29
101509,50802,712,5,12089.2,0.0,60446.0
101510,50803,661,3,16283.24,4884.97,43964.75
101511,50804,557,1,783.76,78.38,705.38
101512,50804,578,1,6521.84,0.0,6521.84
101513,50805,705,2,17197.08,0.0,34394.16
101514,50806,753,1,1068.74,0.0,1068.74
101515,50806,601,1,17813.81,0.0,17813.81
101516,50807,757,2,13097.42,0.0,26194.84
101517,50807,758,1,2596.01,259.6,2336.41
101518,50807,592,1,1511.43,302.29,1209.14
101519,50808,523,1,6428.51,964.28,5464.23
101520,50808,999999,1,55089.87,2754.49,52335.38
101521,50808,547,1,817.17,81.72,735.45
101522,50809,771,1,1072.89,107.29,965.6
101523,50810,528,1,951.12,0.0,951.12
101524,50810,530,2,3414.81,0.0,6829.62
101525,50811,546,2,12181.16,0.0,24362.32
101526,50812,551,1,3446.79,0.0,3446.79
101527,50813,699,2,713.36,214.01,1212.71
101528,50813,580,2,1023.86,102.39,1945.33
101529,50814,739,3,9905.71,4457.57,25259.56
101530,50814,769,2,1383.36,0.0,2766.72
101531,50814,669,4,5183.71,0.0,20734.84
101532,50815,771,2,1072.89,214.58,1931.2
101533,50816,617,4,1324.53,0.0,5298.12
101534,50816,740,1,38799.36,1939.97,36859.39
101535,50816,999999,1,9344.26,467.21,8877.05
101536,50817,697,1,17716.2,1771.62,15944.58
101537,50817,629,1,717.69,0.0,717.69
101538,50818,504,1,3910.83,195.54,3715.29
101539,50818,594,2,55089.87,0.0,110179.74
101540,50818,647,1,48665.91,4866.59,43799.32
101541,50819,570,1,4486.57,0.0,4486.57
101542,50820,697,1,17716.2,0.0,17716.2
101543,50820,696,1,4358.64,0.0,4358.64
101544,50820,783,1,39234.63,0.0,39234.63
101545,50821,687,1,1705.39,0.0,1705.39
101546,50821,573,1,620.76,0.0,620.76
101547,50822,602,1,817.44,163.49,653.95
101548,50823,558,1,9344.26,0.0,9344.26
101549,50823,776,3,1371.98,0.0,4115.94
101550,50823,614,1,30296.77,0.0,30296.77
101551,50824,618,1,161.7,0.0,161.7
101552,50825,699,1,713.36,71.34,642.02
101553,50825,649,1,699.68,69.97,629.71
101554,50826,509,3,3363.13,1513.41,8575.98
101555,50827,800,2,2202.18,440.44,3963.92
101556,50828,557,2,783.76,235.13,1332.39
101557,50828,571,3,11994.11,0.0,35982.33
101558,50828,780,1,3012.88,0.0,3012.88
101559,50829,693,3,1213.14,181.97,3457.45
101560,50830,652,2,13563.11,0.0,27126.22
101561,50831,519,1,849.44,0.0,849.44
101562,50832,635,2,3079.07,0.0,6158.14
101563,50833,663,1,1339.76,0.0,1339.76
101564,50834,758,2,2596.01,0.0,5192.02
101565,50834,667,1,558.92,0.0,558.92
101566,50834,736,1,6075.78,607.58,5468.2
101567,50835,654,1,2895.35,0.0,2895.35
101568,50835,524,1,1357.31,0.0,1357.31
101569,50836,674,2,7676.03,3070.41,12281.65
101570,50836,607,1,10316.31,0.0,10316.31
101571,50837,744,1,6141.59,307.08,5834.51
101572,50837,527,1,43071.55,0.0,43071.55
101573,50838,690,2,1805.43,0.0,3610.86
101574,50839,796,1,1462.48,0.0,1462.48
101575,50840,665,1,2533.05,0.0,2533.05
101576,50841,582,1,8407.83,0.0,8407.83
101577,50842,593,1,1214.64,121.46,1093.18
101578,50843,590,1,2022.4,0.0,2022.4
101579,50843,576,1,2970.75,0.0,2970.75
101580,50844,717,1,902.81,90.28,812.53
101581,50845,707,1,626.29,0.0,626.29
101582,50845,796,4,1462.48,584.99,5264.93
101583,50845,784,4,1641.14,0.0,6564.56
101584,50846,792,1,2835.7,567.14,2268.56
101585,50846,782,3,9360.71,0.0,28082.13
101586,50847,537,1,7317.24,1097.59,6219.65
101587,50848,521,3,3815.32,572.3,10873.66
101588,50849,630,3,2387.03,0.0,7161.09
101589,50850,728,1,2491.24,0.0,2491.24
101590,50851,667,1,558.92,0.0,558.92
101591,50852,613,1,11372.12,568.61,10803.51
101592,50852,616,10,594.6,0.0,5946.0
101593,50853,679,2,53522.92,0.0,107045.84
101594,50854,670,3,2118.7,0.0,6356.1
101595,50855,692,1,7325.8,366.29,6959.51
101596,50856,687,2,1705.39,341.08,3069.7
101597,50857,588,1,490.64,0.0,490.64
101598,50858,517,1,12096.53,0.0,12096.53
101599,50859,606,1,290.06,58.01,232.05
101600,50860,677,2,3625.43,362.54,6888.32
101601,50860,531,5,10687.35,0.0,53436.75
101602,50860,559,2,5502.85,550.29,10455.41
101603,50861,600,3,6469.3,0.0,19407.9
101604,50861,626,1,236.68,35.5,201.18
101605,50861,599,1,2796.57,0.0,2796.57
101606,50862,563,3,5426.08,1627.82,14650.42
101607,50862,565,2,322.27,0.0,644.54
101608,50863,569,4,46883.02,0.0,187532.08
101609,50864,643,1,55447.46,0.0,55447.46
101610,50864,582,1,8407.83,840.78,7567.05
101611,50865,551,1,3446.79,0.0,3446.79
101612,50865,568,1,5802.78,0.0,5802.78
101613,50865,593,1,1214.64,182.2,1032.44
101614,50865,703,3,2609.04,0.0,7827.12
101615,50865,729,1,2699.1,134.96,2564.14
101616,50866,514,2,8817.04,0.0,17634.08
101617,50866,718,1,6766.17,0.0,6766.17
101618,50866,562,2,1170.27,351.08,1989.46
101619,50866,730,3,713.55,0.0,2140.65
101620,50867,618,3,161.7,0.0,485.1
101621,50868,554,1,5371.45,537.14,4834.31
101622,50868,654,1,2895.35,0.0,2895.35
101623,50869,629,3,717.69,0.0,2153.07
101624,50870,777,1,2061.3,103.07,1958.23
101625,50870,557,5,783.76,0.0,3918.8
101626,50871,602,2,817.44,0.0,1634.88
101627,50871,607,5,10316.31,0.0,51581.55
101628,50871,621,1,1304.44,195.67,1108.77
101629,50872,641,2,3333.39,666.68,6000.1
101630,50872,530,1,3414.81,0.0,3414.81
101631,50872,767,1,2764.13,138.21,2625.92
101632,50872,671,1,3564.48,356.45,3208.03
101633,50873,761,1,1440.57,0.0,1440.57
101634,50874,664,2,18695.4,0.0,37390.8
101635,50874,692,1,7325.8,0.0,7325.8
101636,50874,542,3,1742.37,0.0,5227.11
101637,50875,654,1,2895.35,0.0,2895.35
101638,50875,729,2,2699.1,809.73,4588.47
101639,50875,589,2,17388.16,0.0,34776.32
101640,50876,590,2,2022.4,202.24,3842.56
101641,50876,506,2,1305.17,0.0,2610.34
101642,50877,676,1,865.11,0.0,865.11
101643,50877,527,1,43071.55,0.0,43071.55
101644,50877,798,1,3816.99,190.85,3626.14
101645,50877,685,2,9687.25,0.0,19374.5
101646,50878,569,1,46883.02,0.0,46883.02
101647,50878,583,1,9641.6,0.0,9641.6
101648,50879,574,1,20894.55,0.0,20894.55
101649,50879,737,1,454.39,22.72,431.67
101650,50879,749,1,1601.66,160.17,1441.49
101651,50879,520,1,1736.99,0.0,1736.99
101652,50880,508,1,5538.85,0.0,5538.85
101653,50881,615,1,24337.83,2433.78,21904.05
101654,50881,557,1,783.76,0.0,783.76
101655,50882,723,1,3644.62,546.69,3097.93
101656,50883,736,1,6075.78,303.79,5771.99
101657,50883,592,1,1511.43,0.0,1511.43
101658,50884,629,2,717.69,0.0,1435.38
101659,50885,552,1,10613.41,2122.68,8490.73
101660,50885,762,3,886.5,0.0,2659.5
101661,50885,782,2,9360.71,0.0,18721.42
101662,50886,658,1,711.18,0.0,711.18
101663,50887,757,1,13097.42,0.0,13097.42
101664,50887,700,10,6725.93,0.0,67259.3
101665,50887,794,3,482.29,144.69,1302.18
101666,50888,522,2,39986.91,0.0,79973.82
101667,50888,644,1,36167.51,1808.38,34359.13
101668,50889,673,2,1038.9,0.0,2077.8
101669,50890,509,3,3363.13,0.0,10089.39
101670,50891,711,2,5931.42,0.0,11862.84
101671,50892,703,0,2609.04,0.0,5218.08
101672,50893,713,3,5412.77,0.0,16238.31
101673,50894,545,1,1464.92,0.0,1464.92
101674,50894,766,2,4834.22,0.0,9668.44
101675,50895,506,1,1305.17,65.26,1239.91
101676,50895,765,2,37606.92,7521.38,67692.46
101677,50895,658,1,711.18,0.0,711.18
101678,50896,617,1,1324.53,0.0,1324.53
101679,50896,627,1,348.17,0.0,348.17
101680,50896,728,1,2491.24,124.56,2366.68
101681,50897,562,1,1170.27,0.0,1170.27
101682,50897,781,1,508.19,50.82,457.37
101683,50897,570,3,4486.57,672.99,12786.72
101684,50898,669,1,5183.71,0.0,5183.71
101685,50898,612,1,2192.78,219.28,1973.5
101686,50899,587,2,790.56,158.11,1423.01
101687,50899,764,1,38368.4,0.0,38368.4
101688,50900,512,3,1219.3,182.89,3475.01
101689,50901,788,1,8889.42,444.47,8444.95
101690,50902,606,1,290.06,0.0,290.06
101691,50903,599,4,2796.57,0.0,11186.28
101692,50904,775,1,3454.82,172.74,3282.08
101693,50904,582,5,8407.83,4203.91,37835.24
101694,50904,752,2,14566.93,0.0,29133.86
101695,50904,562,1,1170.27,58.51,1111.76
101696,50904,788,4,8889.42,0.0,35557.68
101697,50905,775,2,3454.82,345.48,6564.16
101698,50906,510,2,640.28,0.0,1280.56
101699,50906,558,1,9344.26,0.0,9344.26
101700,50906,645,1,3816.62,190.83,3625.79
101701,50906,684,2,59645.43,0.0,119290.86
101702,50906,790,1,723.68,0.0,723.68
101703,50907,643,2,55447.46,5544.75,105350.17
101704,50907,626,3,236.68,0.0,710.04
101705,50907,528,2,951.12,0.0,1902.24
101706,50907,576,1,2970.75,297.07,2673.68
101707,50908,559,1,5502.85,275.14,5227.71
101708,50909,999999,4,2387.03,477.41,9070.71
101709,50909,798,3,3816.99,572.55,10878.42
101710,50910,528,4,951.12,760.9,3043.58
101711,50911,777,1,2061.3,309.19,1752.11
101712,50911,517,5,12096.53,0.0,60482.65
101713,50912,652,3,13563.11,0.0,40689.33
101714,50912,654,4,2895.35,579.07,11002.33
101715,50913,642,1,6612.07,0.0,6612.07
101716,50913,546,1,12181.16,0.0,12181.16
101717,50914,742,1,31236.95,0.0,31236.95
101718,50915,530,2,3414.81,682.96,6146.66
101719,50916,696,2,4358.64,0.0,8717.28
101720,50917,506,2,1305.17,0.0,2610.34
101721,50918,709,1,5677.52,0.0,5677.52
101722,50919,792,1,2835.7,0.0,2835.7
101723,50919,732,2,3277.37,0.0,6554.74
101724,50919,708,3,10297.58,0.0,30892.74
101725,50919,531,1,10687.35,0.0,10687.35
101726,50920,757,2,13097.42,1309.74,24885.1
101727,50921,705,1,17197.08,2579.56,14617.52
101728,50921,640,1,1058.22,211.64,846.58
101729,50921,762,1,886.5,0.0,886.5
101730,50921,780,4,3012.88,0.0,12051.52
101731,50921,576,1,2970.75,0.0,2970.75
101732,50922,771,1,1072.89,0.0,1072.89
101733,50922,709,1,5677.52,0.0,5677.52
101734,50923,632,1,2338.49,0.0,2338.49
101735,50924,704,1,1165.72,0.0,1165.72
101736,50925,580,2,1023.86,102.39,1945.33
101737,50925,781,3,508.19,0.0,1524.57
101738,50925,627,1,348.17,17.41,330.76
101739,50925,611,1,15431.65,0.0,15431.65
101740,50925,665,3,2533.05,0.0,7599.15
101741,50926,629,1,717.69,0.0,717.69
101742,50926,627,1,348.17,34.82,313.35
101743,50926,549,1,13993.54,2798.71,11194.83
101744,50926,668,1,1156.71,0.0,1156.71
101745,50927,576,3,2970.75,1336.84,7575.41
101746,50927,535,2,2114.96,0.0,4229.92
101747,50927,657,1,8779.23,0.0,8779.23
101748,50927,617,1,1324.53,132.45,1192.08
101749,50928,777,1,2061.3,0.0,2061.3
101750,50929,652,1,13563.11,2712.62,10850.49
101751,50929,506,2,1305.17,0.0,2610.34
101752,50930,719,1,15471.04,2320.66,13150.38
101753,50931,792,1,2835.7,0.0,2835.7
101754,50931,780,1,3012.88,0.0,3012.88
101755,50931,518,1,49561.42,2478.07,47083.35
101756,50931,690,1,1805.43,90.27,1715.16
101757,50932,999999,3,699.68,0.0,2099.04
101758,50933,616,5,594.6,148.65,2824.35
101759,50934,751,1,25845.26,1292.26,24553.0
101760,50935,592,2,1511.43,302.29,2720.57
101761,50935,524,2,1357.31,0.0,2714.62
101762,50935,576,2,2970.75,0.0,5941.5
101763,50936,651,1,4691.47,0.0,4691.47
101764,50936,659,1,364.24,0.0,364.24
101765,50937,566,2,8272.67,0.0,16545.34
101766,50938,540,2,32834.15,3283.42,62384.88
101767,50939,683,2,873.55,349.42,1397.68
101768,50939,546,1,12181.16,0.0,12181.16
101769,50939,748,1,2116.96,0.0,2116.96
101770,50940,682,1,707.75,0.0,707.75
101771,50940,761,2,1440.57,144.06,2737.08
101772,50941,701,2,11805.02,0.0,23610.04
101773,50941,688,1,9656.12,482.81,9173.31
101774,50941,628,3,6761.04,0.0,20283.12
101775,50942,660,1,3268.31,0.0,3268.31
101776,50943,542,2,1742.37,0.0,3484.74
101777,50944,521,1,3815.32,572.3,3243.02
101778,50944,623,1,2674.16,0.0,2674.16
101779,50945,507,1,5384.85,0.0,5384.85
101780,50945,578,2,6521.84,0.0,13043.68
101781,50946,622,1,2792.75,0.0,2792.75
101782,50947,758,2,2596.01,519.2,4672.82
101783,50947,760,1,11301.08,0.0,11301.08
101784,50947,528,5,951.12,0.0,4755.6
101785,50948,548,3,8285.36,2485.61,22370.47
101786,50948,777,2,2061.3,824.52,3298.08
101787,50949,550,1,3272.22,0.0,3272.22
101788,50950,562,1,1170.27,58.51,1111.76
101789,50951,661,1,16283.24,2442.49,13840.75
101790,50952,746,2,1732.13,692.85,2771.41
101791,50953,601,1,17813.81,890.69,16923.12
101792,50953,541,3,2124.38,0.0,6373.14
101793,50953,728,-1,2491.24,0.0,4982.48
101794,50953,533,1,10801.02,1080.1,9720.92
101795,50954,796,4,1462.48,0.0,5849.92
101796,50954,693,5,1213.14,0.0,6065.7
101797,50955,785,3,1136.17,0.0,3408.51
101798,50956,703,1,2609.04,260.9,2348.14
101799,50957,637,2,3516.12,0.0,7032.24
101800,50957,505,1,5998.46,0.0,5998.46
101801,50958,515,1,1144.81,0.0,1144.81
101802,50959,690,1,1805.43,90.27,1715.16
101803,50960,522,1,39986.91,3998.69,35988.22
101804,50960,526,1,5568.93,835.34,4733.59
101805,50960,774,4,1776.67,1066.0,6040.68
101806,50960,721,2,5715.09,0.0,11430.18
101807,50961,645,4,3816.62,0.0,15266.48
101808,50961,647,1,48665.91,0.0,48665.91
101809,50962,772,1,6175.25,617.53,5557.72
101810,50962,609,1,3589.04,0.0,3589.04
101811,50963,753,2,1068.74,0.0,2137.48
101812,50964,572,1,1098.59,0.0,1098.59
101813,50965,708,1,10297.58,0.0,10297.58
101814,50966,503,1,1376.24,0.0,1376.24
101815,50967,528,1,951.12,0.0,951.12
101816,50968,668,1,1156.71,0.0,1156.71
101817,50969,664,2,18695.4,7478.16,29912.64
101818,50970,541,1,2124.38,424.88,1699.5
101819,50970,769,4,1383.36,553.34,4980.1
101820,50970,795,1,18501.43,0.0,18501.43
101821,50970,773,1,5708.39,856.26,4852.13
101822,50971,787,1,27577.51,0.0,27577.51
101823,50972,745,3,5138.19,1541.46,13873.11
101824,50973,596,1,1919.15,95.96,1823.19
101825,50974,746,2,1732.13,0.0,3464.26
101826,50974,609,1,3589.04,358.9,3230.14
101827,50975,584,2,1377.03,413.11,2340.95
101828,50976,582,1,8407.83,0.0,8407.83
101829,50977,549,1,13993.54,2798.71,11194.83
101830,50978,651,1,4691.47,0.0,4691.47
101831,50978,571,2,11994.11,1199.41,22788.81
101832,50979,665,3,2533.05,0.0,7599.15
101833,50980,666,1,4195.88,839.18,3356.7
101834,50980,724,1,2567.59,0.0,2567.59
101835,50980,792,3,2835.7,850.71,7656.39
101836,50980,536,5,1067.42,0.0,5337.1
101837,50981,566,1,8272.67,0.0,0.01
101838,50982,704,1,1165.72,116.57,1049.15
101839,50982,706,1,14673.28,0.0,14673.28
101840,50982,653,1,4298.41,0.0,4298.41
101841,50982,745,1,5138.19,256.91,4881.28
101842,50983,520,2,1736.99,347.4,3126.58
101843,50984,723,2,3644.62,0.0,7289.24
101844,50984,743,1,892.31,0.0,892.31
101845,50985,521,1,3815.32,0.0,3815.32
101846,50986,635,4,3079.07,615.81,11700.47
101847,50987,554,4,5371.45,4297.16,17188.64
101848,50987,768,2,10470.08,0.0,20940.16
101849,50988,540,1,32834.15,1641.71,31192.44
101850,50988,632,1,2338.49,0.0,2338.49
101851,50988,760,3,11301.08,0.0,33903.24
101852,50988,719,2,15471.04,0.0,30942.08
101853,50988,518,3,49561.42,14868.43,133815.83
101854,50989,696,1,4358.64,0.0,4358.64
101855,50989,552,1,10613.41,530.67,10082.74
101856,50990,674,1,7676.03,0.0,7676.03
101857,50991,584,4,1377.03,0.0,5508.12
101858,50991,571,3,11994.11,5397.35,30584.98
101859,50991,599,1,2796.57,0.0,2796.57
101860,50991,772,1,6175.25,0.0,6175.25
101861,50991,656,1,9107.06,910.71,8196.35
101862,50992,780,1,3012.88,150.64,2862.24
101863,50992,748,5,2116.96,0.0,10584.8
101864,50993,631,1,1647.26,0.0,1647.26
101865,50994,639,2,5888.93,0.0,11777.86
101866,50994,701,1,11805.02,0.0,11805.02
101867,50994,513,1,1399.58,139.96,1259.62
101868,50995,728,1,2491.24,0.0,2491.24
101869,50995,579,3,17100.24,0.0,51300.72
101870,50995,604,3,5835.32,0.0,17505.96
101871,50996,731,1,1578.26,78.91,1499.35
101872,50996,760,1,11301.08,0.0,11301.08
101873,50996,709,1,5677.52,567.75,5109.77
101874,50996,643,3,55447.46,0.0,166342.38
101875,50997,729,1,2699.1,269.91,2429.19
101876,50998,713,1,5412.77,0.0,5412.77
101877,50999,742,1,31236.95,3123.7,28113.25
101878,50999,652,1,13563.11,0.0,13563.11
101879,50999,503,3,1376.24,825.74,3302.98
101880,51000,533,4,10801.02,0.0,43204.08
101881,51000,732,1,3277.37,163.87,3113.5
101882,51000,511,2,856.8,0.0,1713.6
101883,51001,525,2,4003.31,0.0,8006.62
101884,51001,777,1,2061.3,103.07,1958.23
101885,51002,722,3,53128.36,0.0,159385.08
101886,51002,534,1,46679.73,4667.97,42011.76
101887,51003,638,1,9668.28,0.0,9668.28
101888,51004,682,2,707.75,0.0,1415.5
101889,51005,794,1,482.29,24.11,458.18
101890,51005,629,1,717.69,0.0,717.69
101891,51005,510,5,640.28,0.0,3201.4
101892,51005,673,2,1038.9,0.0,2077.8
101893,51006,682,1,707.75,35.39,672.36
101894,51006,772,3,6175.25,0.0,18525.75
101895,51006,572,3,1098.59,0.0,3295.77
101896,51006,671,1,3564.48,0.0,3564.48
101897,51007,688,4,9656.12,0.0,38624.48
101898,51008,768,1,10470.08,1047.01,9423.07
101899,51008,582,1,8407.83,420.39,7987.44
101900,51008,604,2,5835.32,0.0,11670.64
101901,51008,502,1,15084.04,0.0,15084.04
101902,51009,720,1,3038.53,151.93,2886.6
101903,51010,747,1,805.8,0.0,805.8
101904,51011,610,2,26733.01,2673.3,50792.72
101905,51012,547,1,817.17,0.0,817.17
101906,51012,740,1,38799.36,0.0,38799.36
101907,51012,777,1,2061.3,0.0,2061.3
101908,51013,574,1,20894.55,0.0,20894.55
101909,51014,617,1,1324.53,66.23,1258.3
101910,51014,742,2,31236.95,12494.78,49979.12
101911,51014,794,1,482.29,0.0,482.29
101912,51015,739,1,9905.71,495.29,9410.42
101913,51015,729,1,2699.1,269.91,2429.19
101914,51016,779,1,9166.85,0.0,9166.85
101915,51016,777,1,2061.3,0.0,2061.3
101916,51016,521,2,3815.32,0.0,7630.64
101917,51016,732,1,3277.37,0.0,3277.37
101918,51016,608,2,667.69,66.77,1268.61
101919,51017,727,1,11354.29,0.0,11354.29
101920,51017,711,1,5931.42,0.0,5931.42
101921,51018,559,4,5502.85,2201.14,19810.26
101922,51019,780,4,3012.88,602.58,11448.94
101923,51019,552,1,10613.41,530.67,10082.74
101924,51019,580,3,1023.86,307.16,2764.42
101925,51020,706,1,14673.28,1467.33,13205.95
101926,51021,576,1,2970.75,0.0,2970.75
101927,51022,724,2,2567.59,0.0,5135.18
101928,51022,656,1,9107.06,455.35,8651.71
101929,51023,598,2,579.36,0.0,1158.72
101930,51023,674,1,7676.03,0.0,7676.03
101931,51023,682,1,707.75,0.0,707.75
101932,51024,663,2,1339.76,0.0,2679.52
101933,51024,726,1,983.03,0.0,983.03
101934,51025,644,1,36167.51,0.0,36167.51
101935,51026,748,4,2116.96,423.39,8044.45
101936,51027,526,1,5568.93,0.0,5568.93
101937,51027,602,1,817.44,81.74,735.7
101938,51027,706,2,14673.28,2934.66,26411.9
101939,51028,729,3,2699.1,0.0,8097.3
101940,51028,776,2,1371.98,0.0,2743.96
101941,51028,528,2,951.12,0.0,1902.24
101942,51029,619,2,577.92,0.0,1155.84
101943,51030,664,1,18695.4,1869.54,16825.86
101944,51031,732,2,3277.37,0.0,6554.74
101945,51032,787,2,27577.51,0.0,55155.02
101946,51033,656,1,9107.06,0.0,9107.06
101947,51033,584,10,1377.03,0.0,13770.3
101948,51033,617,1,1324.53,66.23,1258.3
101949,51033,590,1,2022.4,0.0,2022.4
101950,51034,697,3,17716.2,2657.43,50491.17
101951,51035,750,1,182.17,27.33,154.84
101952,51036,585,1,29624.84,0.0,29624.84
101953,51036,540,2,32834.15,9850.25,55818.05
101954,51036,763,3,66.59,0.0,199.77
101955,51036,549,2,13993.54,0.0,27987.08
101956,51037,788,1,8889.42,0.0,8889.42
101957,51038,565,1,322.27,16.11,306.16
101958,51038,775,10,3454.82,6909.64,27638.56
101959,51039,516,2,14192.65,0.0,28385.3
101960,51039,795,1,18501.43,0.0,18501.43
101961,51039,800,1,2202.18,0.0,2202.18
101962,51039,697,1,17716.2,0.0,17716.2
101963,51040,702,3,569.75,0.0,1709.25
101964,51041,613,2,11372.12,0.0,22744.24
101965,51041,638,1,9668.28,1933.66,7734.62
101966,51042,509,1,3363.13,336.31,3026.82
101967,51043,641,1,3333.39,166.67,3166.72
101968,51044,685,1,9687.25,968.73,8718.52
101969,51044,723,2,3644.62,0.0,7289.24
101970,51044,658,1,711.18,0.0,711.18
101971,51045,696,3,4358.64,653.8,12422.12
101972,51046,635,2,3079.07,0.0,6158.14
101973,51047,502,2,15084.04,0.0,30168.08
101974,51047,592,1,1511.43,75.57,1435.86
101975,51048,782,1,9360.71,0.0,9360.71
101976,51049,534,1,46679.73,2333.99,44345.74
101977,51049,630,1,2387.03,119.35,2267.68
101978,51049,685,1,9687.25,968.73,8718.52
101979,51049,642,1,6612.07,0.0,6612.07
101980,51050,663,1,1339.76,200.96,1138.8
101981,51050,610,1,26733.01,0.0,26733.01
101982,51051,600,1,6469.3,0.0,6469.3
101983,51052,625,1,54397.72,0.0,54397.72
101984,51053,712,1,12089.2,0.0,12089.2
101985,51054,708,2,10297.58,0.0,20595.16
101986,51055,502,3,15084.04,4525.21,40726.91
101987,51055,574,2,20894.55,0.0,41789.1
101988,51056,707,1,626.29,0.0,626.29
101989,51057,672,2,9227.41,2768.22,15686.6
101990,51057,510,1,640.28,0.0,640.28
101991,51058,553,1,31731.27,0.0,31731.27
101992,51059,628,1,6761.04,338.05,6422.99
101993,51060,619,1,577.92,0.0,577.92
101994,51060,567,1,7980.38,1596.08,6384.3
101995,51060,595,2,2237.17,447.43,4026.91
101996,51060,591,3,9106.57,0.0,27319.71
101997,51060,525,1,4003.31,0.0,4003.31
101998,51061,765,1,37606.92,7521.38,30085.54
101999,51062,646,1,6680.81,0.0,6680.81
102000,51062,671,1,3564.48,356.45,3208.03
102001,51062,565,1,322.27,0.0,322.27
102002,51063,528,2,951.12,0.0,1902.24
102003,51064,625,2,54397.72,0.0,108795.44
102004,51064,642,2,6612.07,0.0,13224.14
102005,51065,697,1,17716.2,0.0,17716.2
102006,51065,707,3,626.29,0.0,1878.87
102007,51066,714,1,44813.18,0.0,44813.18
102008,51066,654,10,2895.35,0.0,28953.5
102009,51067,639,4,5888.93,0.0,23555.72
102010,51068,709,2,5677.52,1703.26,9651.78
102011,51068,566,1,8272.67,1240.9,7031.77
102012,51069,578,1,6521.84,0.0,6521.84
102013,51070,601,2,17813.81,0.0,35627.62
102014,51071,757,1,13097.42,0.0,13097.42
102015,51071,720,1,3038.53,0.0,3038.53
102016,51072,780,2,3012.88,0.0,6025.76
102017,51073,764,2,38368.4,3836.84,72899.96
102018,51074,742,2,31236.95,6247.39,56226.51
102019,51075,510,2,640.28,0.0,1280.56
102020,51075,785,1,1136.17,227.23,908.94
102021,51075,572,5,1098.59,0.0,0.01
102022,51075,698,1,9291.61,929.16,8362.45
102023,51076,585,3,29624.84,0.0,88874.52
102024,51076,699,2,713.36,0.0,1426.72
102025,51077,654,1,2895.35,0.0,2895.35
102026,51077,506,1,1305.17,65.26,1239.91
102027,51077,611,10,15431.65,0.0,154316.5
102028,51078,514,1,8817.04,1322.56,7494.48
102029,51079,556,1,3671.69,0.0,3671.69
102030,51079,587,2,790.56,0.0,1581.12
102031,51079,680,1,1294.32,0.0,1294.32
102032,51079,793,2,2448.49,0.0,4896.98
102033,51080,747,4,805.8,0.0,3223.2
102034,51080,606,2,290.06,0.0,580.12
102035,51081,723,1,3644.62,0.0,3644.62
102036,51081,753,1,1068.74,0.0,1068.74
102037,51081,611,1,15431.65,0.0,15431.65
102038,51081,520,2,1736.99,0.0,3473.98
102039,51082,520,3,1736.99,0.0,5210.97
102040,51082,578,1,6521.84,0.0,6521.84
102041,51082,772,3,6175.25,3705.15,14820.6
102042,51082,788,2,8889.42,0.0,17778.84
102043,51083,603,3,18106.09,8147.74,46170.53
102044,51083,633,1,1617.01,0.0,1617.01
102045,51083,757,1,13097.42,0.0,13097.42
102046,51084,550,1,3272.22,0.0,3272.22
102047,51084,749,2,1601.66,0.0,3203.32
102048,51084,552,2,10613.41,0.0,21226.82
102049,51084,606,1,290.06,0.0,290.06
102050,51084,779,1,9166.85,458.34,8708.51
102051,51085,738,2,4031.99,0.0,8063.98
102052,51086,774,1,1776.67,88.83,1687.84
102053,51087,610,1,26733.01,0.0,26733.01
102054,51087,724,3,2567.59,0.0,7702.77
102055,51087,744,1,6141.59,0.0,6141.59
102056,51087,762,5,886.5,0.0,4432.5
102057,51088,796,10,1462.48,0.0,14624.8
102058,51089,672,1,9227.41,0.0,9227.41
102059,51090,630,2,2387.03,0.0,4774.06
102060,51091,572,2,1098.59,0.0,2197.18
102061,51092,642,1,6612.07,991.81,5620.26
102062,51092,767,1,2764.13,138.21,2625.92
102063,51093,675,1,16586.98,0.0,16586.98
102064,51094,575,3,253.01,0.0,759.03
102065,51095,686,1,4182.59,0.0,4182.59
102066,51095,708,1,10297.58,0.0,10297.58
102067,51095,688,1,9656.12,0.0,9656.12
102068,51096,761,1,1440.57,144.06,1296.51
102069,51096,716,1,1117.48,111.75,1005.73
102070,51096,593,1,1214.64,0.0,1214.64
102071,51097,552,1,10613.41,0.0,10613.41
102072,51098,583,1,9641.6,0.0,9641.6
102073,51099,668,3,1156.71,0.0,3470.13
102074,51100,784,1,1641.14,82.06,1559.08
102075,51101,678,1,37877.29,3787.73,34089.56
102076,51101,516,1,14192.65,0.0,14192.65
102077,51101,661,2,16283.24,0.0,32566.48
102078,51101,600,1,6469.3,646.93,5822.37
102079,51102,521,1,3815.32,0.0,3815.32
102080,51103,654,1,2895.35,0.0,2895.35
102081,51104,762,1,886.5,0.0,886.5
102082,51104,549,2,13993.54,0.0,27987.08
102083,51104,635,3,3079.07,0.0,9237.21
102084,51105,512,1,1219.3,0.0,1219.3
102085,51105,698,5,9291.61,0.0,46458.05
102086,51106,575,3,253.01,37.95,721.08
102087,51106,550,3,3272.22,0.0,9816.66
102088,51106,614,4,30296.77,18178.06,103009.02
102089,51107,677,2,3625.43,0.0,7250.86
102090,51107,753,1,1068.74,106.87,961.87
102091,51108,721,1,5715.09,0.0,5715.09
102092,51109,694,1,1970.24,0.0,1970.24
102093,51110,523,1,6428.51,0.0,6428.51
102094,51111,783,1,39234.63,0.0,39234.63
102095,51112,583,1,9641.6,0.0,9641.6
102096,51112,704,2,1165.72,0.0,2331.44
102097,51113,624,3,391.05,0.0,1173.15
102098,51113,573,1,620.76,0.0,620.76
102099,51114,676,4,865.11,0.0,3460.44
102100,51114,627,1,348.17,0.0,348.17
102101,51115,756,1,372.34,0.0,372.34
102102,51116,674,2,7676.03,0.0,15352.06
102103,51117,572,1,1098.59,0.0,1098.59
102104,51117,769,3,1383.36,207.5,3942.58
102105,51117,699,1,713.36,107.0,606.36
102106,51117,616,2,594.6,59.46,1129.74
102107,51118,514,1,8817.04,0.0,8817.04
102108,51118,655,2,5152.69,1545.81,8759.57
102109,51118,545,1,1464.92,0.0,1464.92
102110,51119,503,2,1376.24,550.5,2201.98
102111,51119,703,1,2609.04,0.0,2609.04
102112,51119,614,1,30296.77,0.0,30296.77
102113,51119,565,1,322.27,48.34,273.93
102114,51119,682,1,707.75,0.0,707.75
102115,51120,625,1,54397.72,2719.89,51677.83
102116,51121,595,2,2237.17,0.0,4474.34
102117,51121,798,1,3816.99,0.0,3816.99
102118,51122,689,1,11449.91,0.0,11449.91
102119,51123,501,1,45292.52,4529.25,40763.27
102120,51124,740,1,38799.36,3879.94,34919.42
102121,51125,728,2,2491.24,747.37,4235.11
102122,51125,507,1,5384.85,269.24,5115.61
102123,51125,561,2,2177.62,0.0,4355.24
102124,51126,675,1,16586.98,829.35,15757.63
102125,51126,530,2,3414.81,682.96,6146.66
102126,51127,665,1,2533.05,126.65,2406.4
102127,51127,745,2,5138.19,513.82,9762.56
102128,51127,781,1,508.19,0.0,508.19
102129,51128,698,2,9291.61,0.0,18583.22
102130,51129,777,1,2061.3,0.0,2061.3
102131,51130,713,3,5412.77,0.0,16238.31
102132,51130,613,1,11372.12,0.0,11372.12
102133,51131,626,1,236.68,11.83,224.85
102134,51131,792,3,2835.7,425.35,8081.75
102135,51131,776,1,1371.98,0.0,1371.98
102136,51132,607,1,10316.31,0.0,10316.31
102137,51133,755,1,923.61,138.54,785.07
102138,51133,712,1,12089.2,0.0,12089.2
102139,51133,676,1,865.11,0.0,865.11
102140,51134,584,1,1377.03,0.0,1377.03
102141,51134,720,3,3038.53,1367.34,7748.25
102142,51134,702,3,569.75,0.0,1709.25
102143,51135,628,1,6761.04,676.1,6084.94
102144,51136,651,1,4691.47,0.0,4691.47
102145,51137,658,1,711.18,0.0,711.18
102146,51138,671,3,3564.48,0.0,10693.44
102147,51139,753,2,1068.74,106.87,2030.61
102148,51139,592,2,1511.43,0.0,3022.86
102149,51139,999999,1,577.92,28.9,549.02
102150,51140,691,3,12820.07,0.0,38460.21
102151,51141,504,3,3910.83,2346.5,9385.99
102152,51141,647,2,48665.91,0.0,97331.82
102153,51142,513,1,1399.58,69.98,1329.6
102154,51143,574,2,20894.55,6268.36,35520.74
102155,51143,625,2,54397.72,16319.32,92476.12
102156,51143,599,2,2796.57,0.0,5593.14
102157,51143,728,1,2491.24,373.69,2117.55
102158,51144,613,2,11372.12,2274.42,20469.82
102159,51145,578,3,6521.84,978.28,18587.24
102160,51145,514,1,8817.04,0.0,8817.04
102161,51145,526,1,5568.93,0.0,5568.93
102162,51146,717,1,902.81,135.42,767.39
102163,51146,732,1,3277.37,491.61,2785.76
102164,51146,796,2,1462.48,146.25,2778.71
102165,51147,672,2,9227.41,0.0,18454.82
102166,51148,690,1,1805.43,90.27,1715.16
102167,51148,715,1,61205.17,6120.52,55084.65
102168,51149,692,1,7325.8,0.0,7325.8
102169,51149,526,1,5568.93,0.0,5568.93
102170,51149,501,2,45292.52,0.0,90585.04
102171,51149,540,-1,32834.15,3283.42,62384.88
102172,51150,519,1,849.44,0.0,849.44
102173,51150,647,1,48665.91,0.0,48665.91
102174,51151,670,1,2118.7,105.94,2012.76
102175,51151,598,1,579.36,28.97,550.39
102176,51152,507,1,5384.85,0.0,5384.85
102177,51153,635,1,3079.07,615.81,2463.26
102178,51154,770,2,2789.39,278.94,5299.84
102179,51155,717,1,902.81,0.0,902.81
102180,51155,558,3,9344.26,0.0,28032.78
102181,51155,544,1,6582.2,329.11,6253.09
102182,51156,665,3,2533.05,0.0,7599.15
102183,51157,679,1,53522.92,0.0,53522.92
102184,51158,761,1,1440.57,0.0,1440.57
102185,51158,584,2,1377.03,0.0,2754.06
102186,51159,638,1,9668.28,0.0,9668.28
102187,51159,718,3,6766.17,0.0,20298.51
102188,51160,737,1,454.39,0.0,454.39
102189,51160,592,2,1511.43,0.0,3022.86
102190,51160,746,1,1732.13,0.0,1732.13
102191,51160,697,2,17716.2,0.0,35432.4
102192,51161,503,4,1376.24,0.0,5504.96
102193,51161,779,3,9166.85,4125.08,23375.47
102194,51161,740,1,38799.36,1939.97,36859.39
102195,51161,598,1,579.36,0.0,579.36
102196,51162,741,1,1969.25,196.93,1772.32
102197,51162,734,1,839.57,0.0,839.57
102198,51162,560,2,407.29,0.0,814.58
102199,51163,543,1,4352.44,0.0,4352.44
102200,51164,611,3,15431.65,9258.99,37035.96
102201,51165,549,2,13993.54,0.0,27987.08
102202,51165,719,1,15471.04,773.55,14697.49
102203,51165,562,1,1170.27,0.0,1170.27
102204,51165,797,2,1277.35,0.0,2554.7
102205,51165,799,1,2348.69,117.43,2231.26
102206,51166,509,2,3363.13,0.0,6726.26
102207,51167,687,1,1705.39,0.0,1705.39
102208,51168,625,1,54397.72,2719.89,51677.83
102209,51168,507,1,5384.85,0.0,5384.85
102210,51168,735,1,1557.67,0.0,1557.67
102211,51169,550,1,3272.22,0.0,3272.22
102212,51170,634,3,5262.27,2368.02,13418.79
102213,51171,757,2,13097.42,0.0,26194.84
102214,51172,630,1,2387.03,358.05,2028.98
102215,51172,697,1,17716.2,0.0,17716.2
102216,51173,607,1,10316.31,2063.26,8253.05
102217,51174,766,1,4834.22,0.0,4834.22
102218,51175,566,1,8272.67,0.0,8272.67
102219,51176,526,1,5568.93,278.45,5290.48
102220,51176,545,2,1464.92,0.0,2929.84
102221,51177,559,1,5502.85,275.14,5227.71
102222,51178,716,3,1117.48,502.87,2849.57
102223,51179,530,1,3414.81,0.0,3414.81
102224,51180,559,2,5502.85,1100.57,9905.13
102225,51181,619,2,577.92,0.0,1155.84
102226,51181,672,1,9227.41,1384.11,7843.3
102227,51182,635,2,3079.07,307.91,5850.23
102228,51183,513,2,1399.58,0.0,2799.16
102229,51183,763,5,66.59,16.65,316.3
102230,51184,632,3,2338.49,1052.32,5963.15
102231,51184,735,1,1557.67,311.53,1246.14
102232,51184,502,3,15084.04,0.0,45252.12
102233,51185,722,1,53128.36,0.0,53128.36
102234,51186,564,1,1265.51,0.0,1265.51
102235,51186,658,1,711.18,142.24,568.94
102236,51187,749,1,1601.66,80.08,1521.58
102237,51188,611,4,15431.65,0.0,61726.6
102238,51188,710,1,10731.06,536.55,10194.51
102239,51189,583,1,9641.6,0.0,9641.6
102240,51189,736,1,6075.78,0.0,6075.78
102241,51189,706,1,14673.28,733.66,13939.62
102242,51190,703,5,2609.04,0.0,13045.2
102243,51191,501,1,45292.52,0.0,45292.52
102244,51191,738,2,4031.99,0.0,8063.98
102245,51192,666,5,4195.88,2097.94,18881.46
102246,51193,773,1,5708.39,0.0,5708.39
102247,51194,699,1,713.36,0.0,713.36
102248,51194,669,4,5183.71,0.0,20734.84
102249,51194,748,4,2116.96,846.78,7621.06
102250,51194,783,3,39234.63,0.0,117703.89
102251,51195,770,2,2789.39,0.0,5578.78
102252,51195,720,2,3038.53,0.0,6077.06
102253,51195,521,1,3815.32,190.77,3624.55
102254,51195,529,1,47474.39,0.0,47474.39
102255,51195,685,3,9687.25,0.0,29061.75
102256,51196,601,1,17813.81,0.0,17813.81
102257,51197,519,1,849.44,84.94,764.5
102258,51197,753,1,1068.74,53.44,1015.3
102259,51197,641,2,3333.39,0.0,6666.78
102260,51198,788,1,8889.42,0.0,8889.42
102261,51198,509,2,3363.13,0.0,6726.26
102262,51198,697,1,17716.2,2657.43,15058.77
102263,51199,794,1,482.29,0.0,482.29
102264,51200,548,2,8285.36,1657.07,14913.65
102265,51201,754,1,9295.64,464.78,8830.86
102266,51202,691,1,12820.07,0.0,12820.07
102267,51203,715,4,61205.17,0.0,244820.68
102268,51203,682,2,707.75,212.32,1203.18
102269,51204,681,4,5353.16,1070.63,20342.01
102270,51204,781,3,508.19,152.46,1372.11
102271,51205,736,1,6075.78,0.0,6075.78
102272,51206,710,2,10731.06,1073.11,20389.01
102273,51206,788,1,8889.42,1333.41,7556.01
102274,51206,612,2,2192.78,877.11,3508.45
102275,51207,657,2,8779.23,0.0,17558.46
102276,51207,664,2,18695.4,0.0,37390.8
102277,51208,601,1,17813.81,2672.07,15141.74
102278,51209,751,3,25845.26,7753.58,69782.2
102279,51210,503,1,1376.24,0.0,1376.24
102280,51210,624,1,391.05,0.0,391.05
102281,51210,788,1,8889.42,444.47,8444.95
102282,51210,515,2,1144.81,114.48,2175.14
102283,51211,617,3,1324.53,0.0,3973.59
102284,51212,615,2,24337.83,2433.78,46241.88
102285,51213,623,2,2674.16,0.0,5348.32
102286,51214,723,3,3644.62,0.0,10933.86
102287,51215,615,1,24337.83,0.0,24337.83
102288,51216,521,1,3815.32,0.0,3815.32
102289,51216,542,1,1742.37,261.36,1481.01
102290,51216,800,1,2202.18,220.22,1981.96
102291,51217,714,1,44813.18,0.0,44813.18
102292,51217,570,1,4486.57,0.0,4486.57
102293,51217,743,1,892.31,0.0,892.31
102294,51217,596,3,1919.15,575.75,5181.7
102295,51218,586,3,4444.5,0.0,13333.5
102296,51218,718,1,6766.17,0.0,6766.17
102297,51218,632,1,2338.49,0.0,2338.49
102298,51219,793,1,2448.49,122.42,2326.07
102299,51220,538,2,8640.93,2592.28,14689.58
102300,51220,724,1,2567.59,0.0,2567.59
102301,51221,715,1,61205.17,6120.52,55084.65
102302,51221,726,4,983.03,786.42,3145.7
102303,51222,677,3,3625.43,0.0,10876.29
102304,51223,653,1,4298.41,429.84,3868.57
102305,51224,742,1,31236.95,0.0,31236.95
102306,51225,513,2,1399.58,139.96,2659.2
102307,51226,724,3,2567.59,0.0,7702.77
102308,51227,748,2,2116.96,0.0,4233.92
102309,51227,561,1,2177.62,0.0,2177.62
102310,51228,674,2,7676.03,2302.81,13049.25
102311,51229,528,1,951.12,95.11,856.01
102312,51229,758,1,2596.01,0.0,2596.01
102313,51230,736,1,6075.78,0.0,6075.78
102314,51231,650,1,6201.76,0.0,6201.76
102315,51232,527,1,43071.55,8614.31,34457.24
102316,51233,754,1,9295.64,0.0,9295.64
102317,51234,662,1,9986.23,0.0,9986.23
102318,51235,606,1,290.06,14.5,275.56
102319,51235,640,2,1058.22,0.0,2116.44
102320,51236,550,1,3272.22,0.0,3272.22
102321,51236,523,1,6428.51,0.0,6428.51
102322,51237,693,1,1213.14,0.0,1213.14
102323,51238,621,1,1304.44,130.44,1174.0
102324,51239,711,1,5931.42,0.0,5931.42
102325,51239,614,1,30296.77,1514.84,28781.93
102326,51240,507,2,5384.85,0.0,10769.7
102327,51240,739,1,9905.71,0.0,9905.71
102328,51241,552,2,10613.41,4245.36,16981.46
102329,51242,515,1,1144.81,0.0,1144.81
102330,51242,773,1,5708.39,0.0,5708.39
102331,51242,665,2,2533.05,759.92,4306.18
102332,51243,687,1,1705.39,0.0,1705.39
102333,51244,756,1,372.34,0.0,372.34
102334,51245,573,1,620.76,0.0,620.76
102335,51245,718,1,6766.17,338.31,6427.86
102336,51246,754,1,9295.64,0.0,9295.64
102337,51247,648,2,1203.65,481.46,1925.84
102338,51248,612,1,2192.78,438.56,1754.22
102339,51249,553,1,31731.27,0.0,31731.27
102340,51250,713,1,5412.77,0.0,5412.77
102341,51251,748,1,2116.96,0.0,2116.96
102342,51251,512,2,1219.3,0.0,2438.6
102343,51252,999999,2,14673.28,0.0,29346.56
102344,51252,617,1,1324.53,264.91,1059.62
102345,51253,748,1,2116.96,0.0,2116.96
102346,51253,999999,1,3414.81,0.0,3414.81
102347,51254,779,1,9166.85,0.0,9166.85
102348,51255,729,2,2699.1,809.73,4588.47
102349,51255,799,2,2348.69,469.74,4227.64
102350,51256,767,1,2764.13,0.0,2764.13
102351,51256,630,2,2387.03,238.7,4535.36
102352,51256,796,1,1462.48,0.0,1462.48
102353,51257,672,5,9227.41,0.0,46137.05
102354,51258,505,1,5998.46,599.85,5398.61
102355,51258,722,3,53128.36,15938.51,143446.57
102356,51258,540,1,32834.15,3283.42,29550.73
102357,51258,753,1,1068.74,0.0,1068.74
102358,51259,592,2,1511.43,302.29,2720.57
102359,51260,760,3,11301.08,0.0,33903.24
102360,51260,537,3,7317.24,1097.59,20854.13
102361,51260,546,2,12181.16,3654.35,20707.97
102362,51260,794,1,482.29,0.0,482.29
102363,51261,540,1,32834.15,0.0,32834.15
102364,51262,600,2,6469.3,0.0,12938.6
102365,51262,716,1,1117.48,111.75,1005.73
102366,51262,562,1,1170.27,0.0,1170.27
102367,51263,683,1,873.55,87.36,786.19
102368,51263,652,1,13563.11,0.0,13563.11
102369,51264,781,3,508.19,304.91,1219.66
102370,51264,564,1,1265.51,63.28,1202.23
102371,51264,579,1,17100.24,0.0,17100.24
102372,51264,747,5,805.8,0.0,4029.0
102373,51265,786,3,5485.59,0.0,16456.77
102374,51266,592,2,1511.43,0.0,3022.86
102375,51266,555,1,9558.13,477.91,9080.22
102376,51266,594,1,55089.87,0.0,55089.87
102377,51267,663,1,1339.76,0.0,1339.76
102378,51267,620,2,607.15,60.72,1153.58
102379,51268,673,2,1038.9,0.0,2077.8
102380,51268,524,2,1357.31,0.0,2714.62
102381,51269,591,2,9106.57,0.0,18213.14
102382,51270,761,1,1440.57,216.09,1224.48
102383,51271,562,2,1170.27,117.03,2223.51
102384,51271,746,5,1732.13,433.03,8227.62
102385,51272,639,3,5888.93,1766.68,15900.11
102386,51272,549,1,13993.54,1399.35,12594.19
102387,51272,769,-3,1383.36,207.5,1175.86
102388,51273,779,1,9166.85,916.69,8250.16
102389,51274,516,1,14192.65,709.63,13483.02
102390,51274,581,1,2900.19,0.0,2900.19
102391,51274,999999,3,36167.51,0.0,108502.53
102392,51274,626,2,236.68,0.0,473.36
102393,51274,689,2,11449.91,4579.96,18319.86
102394,51275,680,1,1294.32,0.0,1294.32
102395,51276,569,10,46883.02,23441.51,445388.69
102396,51276,654,2,2895.35,0.0,5790.7
102397,51276,667,3,558.92,0.0,1676.76
102398,51277,697,1,17716.2,0.0,17716.2
102399,51278,746,1,1732.13,0.0,1732.13
102400,51279,678,1,37877.29,0.0,37877.29
102401,51280,599,3,2796.57,838.97,7550.74
102402,51280,509,2,3363.13,0.0,6726.26
102403,51281,591,1,9106.57,0.0,9106.57
102404,51282,622,1,2792.75,0.0,2792.75
102405,51282,632,4,2338.49,467.7,8886.26
102406,51283,686,2,4182.59,0.0,8365.18
102407,51284,676,1,865.11,0.0,865.11
102408,51284,511,3,856.8,0.0,2570.4
102409,51285,640,1,1058.22,158.73,899.49
102410,51285,746,3,1732.13,0.0,5196.39
102411,51285,505,1,5998.46,0.0,5998.46
102412,51285,628,1,6761.04,676.1,6084.94
102413,51285,792,1,2835.7,0.0,2835.7
102414,51286,675,1,16586.98,2488.05,14098.93
102415,51286,641,1,3333.39,0.0,3333.39
102416,51286,570,1,4486.57,224.33,4262.24
102417,51287,797,1,1277.35,0.0,1277.35
102418,51287,633,-1,1617.01,80.85,1536.16
102419,51288,634,2,5262.27,1578.68,8945.86
102420,51289,730,1,713.55,71.36,642.19
102421,51289,553,1,31731.27,1586.56,30144.71
102422,51289,673,1,1038.9,0.0,1038.9
102423,51290,650,1,6201.76,930.26,5271.5
102424,51291,723,1,3644.62,0.0,3644.62
102425,51292,796,2,1462.48,0.0,2924.96
102426,51293,592,2,1511.43,0.0,3022.86
102427,51294,564,3,1265.51,0.0,3796.53
102428,51294,654,5,2895.35,723.84,13752.91
102429,51294,518,1,49561.42,0.0,49561.42
102430,51295,764,2,38368.4,0.0,76736.8
102431,51295,537,2,7317.24,0.0,14634.48
102432,51295,711,2,5931.42,0.0,11862.84
102433,51296,510,2,640.28,0.0,1280.56
102434,51297,544,1,6582.2,0.0,6582.2
102435,51297,607,4,10316.31,4126.52,37138.72
102436,51298,744,3,6141.59,0.0,18424.77
102437,51298,525,1,4003.31,0.0,4003.31
102438,51299,633,1,1617.01,161.7,1455.31
102439,51300,578,1,6521.84,0.0,6521.84
102440,51301,613,3,11372.12,5117.45,28998.91
102441,51302,626,4,236.68,0.0,946.72
102442,51303,754,2,9295.64,3718.26,14873.02
102443,51303,636,3,1717.09,257.56,4893.71
102444,51304,598,1,579.36,0.0,579.36
102445,51305,739,1,9905.71,0.0,9905.71
102446,51306,658,1,711.18,0.0,711.18
102447,51307,607,2,10316.31,0.0,20632.62
102448,51307,531,1,10687.35,534.37,10152.98
102449,51308,760,1,11301.08,565.05,10736.03
102450,51309,688,1,9656.12,0.0,9656.12
102451,51309,626,1,236.68,11.83,224.85
102452,51310,519,1,849.44,169.89,679.55
102453,51310,634,2,5262.27,0.0,10524.54
102454,51310,739,2,9905.71,1981.14,17830.28
102455,51311,757,1,13097.42,0.0,13097.42
102456,51311,791,1,11369.6,0.0,11369.6
102457,51312,642,1,6612.07,0.0,6612.07
102458,51312,706,1,14673.28,2200.99,12472.29
102459,51312,719,1,15471.04,1547.1,0.01
102460,51312,540,1,32834.15,0.0,32834.15
102461,51313,697,3,17716.2,2657.43,50491.17
102462,51313,781,1,508.19,0.0,508.19
102463,51314,535,1,2114.96,0.0,2114.96
102464,51315,717,3,902.81,270.84,2437.59
102465,51316,580,1,1023.86,0.0,1023.86
102466,51317,658,1,711.18,0.0,711.18
102467,51318,586,1,4444.5,444.45,4000.05
102468,51318,634,3,5262.27,0.0,15786.81
102469,51319,586,2,4444.5,0.0,8889.0
102470,51319,616,1,594.6,0.0,594.6
102471,51320,755,1,923.61,184.72,738.89
102472,51320,746,3,1732.13,0.0,5196.39
102473,51320,655,2,5152.69,0.0,10305.38
102474,51320,549,1,13993.54,0.0,13993.54
102475,51321,679,2,53522.92,0.0,107045.84
102476,51321,608,1,667.69,0.0,667.69
102477,51321,770,1,2789.39,0.0,2789.39
102478,51322,539,-3,1082.58,0.0,5412.9
102479,51322,588,1,490.64,0.0,490.64
102480,51323,592,1,1511.43,0.0,1511.43
102481,51324,522,2,39986.91,15994.76,63979.06
102482,51325,589,1,17388.16,0.0,17388.16
102483,51326,527,3,43071.55,6460.73,122753.92
102484,51327,547,10,817.17,0.0,8171.7
102485,51328,601,3,17813.81,10688.29,42753.14
102486,51329,773,1,5708.39,285.42,5422.97
102487,51330,661,1,16283.24,0.0,16283.24
102488,51331,562,1,1170.27,0.0,1170.27
102489,51331,786,1,5485.59,274.28,5211.31
102490,51331,595,3,2237.17,0.0,6711.51
102491,51332,553,3,31731.27,4759.69,90434.12
102492,51332,512,5,1219.3,0.0,6096.5
102493,51332,715,2,61205.17,0.0,122410.34
102494,51332,554,3,5371.45,2417.15,13697.2
102495,51333,708,1,10297.58,1029.76,9267.82
102496,51333,775,4,3454.82,0.0,0.01
102497,51334,696,2,4358.64,1743.46,6973.82
102498,51334,792,1,2835.7,0.0,2835.7
102499,51335,677,1,3625.43,0.0,3625.43
102500,51336,568,1,5802.78,0.0,5802.78
102501,51337,637,1,3516.12,0.0,3516.12
102502,51337,787,1,27577.51,2757.75,24819.76
102503,51338,596,3,1919.15,575.75,5181.7
102504,51339,765,1,37606.92,0.0,37606.92
102505,51339,705,1,17197.08,2579.56,14617.52
102506,51339,509,1,3363.13,0.0,3363.13
102507,51339,695,2,24310.04,4862.01,43758.07
102508,51340,675,2,16586.98,0.0,33173.96
102509,51340,522,3,39986.91,5998.04,113962.69
102510,51341,519,1,849.44,0.0,849.44
102511,51342,772,4,6175.25,0.0,24701.0
102512,51342,761,3,1440.57,0.0,4321.71
102513,51343,527,1,43071.55,0.0,43071.55
102514,51344,600,1,6469.3,0.0,6469.3
102515,51344,785,3,1136.17,0.0,3408.51
102516,51344,696,2,4358.64,1307.59,7409.69
102517,51345,563,2,5426.08,542.61,10309.55
102518,51346,792,1,2835.7,0.0,2835.7
102519,51346,649,2,699.68,0.0,1399.36
102520,51347,623,1,2674.16,401.12,2273.04
102521,51348,614,1,30296.77,1514.84,28781.93
102522,51349,771,2,1072.89,0.0,2145.78
102523,51350,774,2,1776.67,533.0,3020.34
102524,51351,557,1,783.76,0.0,783.76
102525,51351,770,1,2789.39,418.41,2370.98
102526,51351,612,1,2192.78,0.0,2192.78
102527,51352,705,1,17197.08,0.0,17197.08
102528,51352,643,1,55447.46,0.0,55447.46
102529,51353,683,2,873.55,0.0,1747.1
102530,51354,582,2,8407.83,0.0,16815.66
102531,51354,758,1,2596.01,0.0,2596.01
102532,51355,698,2,9291.61,1858.32,16724.9
102533,51355,581,2,2900.19,580.04,5220.34
102534,51355,720,2,3038.53,0.0,6077.06
102535,51355,728,1,2491.24,0.0,2491.24
102536,51355,666,1,4195.88,419.59,3776.29
102537,51356,707,1,626.29,0.0,626.29
102538,51357,759,2,8304.75,0.0,16609.5
102539,51358,795,2,18501.43,0.0,37002.86
102540,51358,744,4,6141.59,0.0,24566.36
102541,51359,586,1,4444.5,0.0,4444.5
102542,51359,746,2,1732.13,346.43,3117.83
102543,51359,696,1,4358.64,217.93,4140.71
102544,51360,601,1,17813.81,1781.38,16032.43
102545,51360,654,1,2895.35,0.0,2895.35
102546,51360,784,2,1641.14,0.0,3282.28
102547,51361,634,1,5262.27,789.34,4472.93
102548,51362,749,2,1601.66,0.0,3203.32
102549,51362,637,1,3516.12,175.81,3340.31
102550,51362,707,2,626.29,0.0,1252.58
102551,51363,579,3,17100.24,0.0,51300.72
102552,51363,772,1,6175.25,308.76,5866.49
102553,51364,683,3,873.55,131.03,2489.62
102554,51364,665,1,2533.05,379.96,2153.09
102555,51364,612,1,2192.78,0.0,2192.78
102556,51364,786,1,5485.59,0.0,5485.59
102557,51364,626,1,236.68,35.5,201.18
102558,51365,729,1,2699.1,269.91,2429.19
102559,51366,792,1,2835.7,0.0,2835.7
102560,51366,552,1,10613.41,0.0,10613.41
102561,51366,759,2,8304.75,0.0,16609.5
102562,51367,720,2,3038.53,0.0,6077.06
102563,51367,642,2,6612.07,1322.41,11901.73
102564,51368,723,1,3644.62,364.46,3280.16
102565,51369,635,2,3079.07,0.0,6158.14
102566,51369,608,5,667.69,0.0,3338.45
102567,51370,573,2,620.76,124.15,1117.37
102568,51371,624,1,391.05,0.0,391.05
102569,51371,653,1,4298.41,859.68,3438.73
102570,51371,558,2,9344.26,0.0,18688.52
102571,51371,678,4,37877.29,7575.46,143933.7
102572,51372,537,2,7317.24,731.72,13902.76
102573,51373,757,1,13097.42,0.0,13097.42
102574,51374,692,1,7325.8,366.29,6959.51
102575,51375,783,1,39234.63,3923.46,35311.17
102576,51376,750,4,182.17,0.0,728.68
102577,51376,686,1,4182.59,0.0,4182.59
102578,51377,586,1,4444.5,222.23,4222.27
102579,51378,553,1,31731.27,3173.13,28558.14
102580,51379,751,5,25845.26,0.0,129226.3
102581,51379,626,1,236.68,0.0,236.68
102582,51380,707,1,626.29,0.0,626.29
102583,51381,521,1,3815.32,0.0,3815.32
102584,51381,554,1,5371.45,0.0,5371.45
102585,51382,771,1,1072.89,0.0,1072.89
102586,51382,661,3,16283.24,0.0,48849.72
102587,51383,800,1,2202.18,110.11,2092.07
102588,51383,718,1,6766.17,0.0,6766.17
102589,51384,709,1,5677.52,0.0,5677.52
102590,51384,524,1,1357.31,0.0,1357.31
102591,51385,600,1,6469.3,0.0,6469.3
102592,51385,504,1,3910.83,391.08,3519.75
102593,51385,539,1,1082.58,54.13,1028.45
102594,51386,791,1,11369.6,1136.96,10232.64
102595,51387,506,2,1305.17,0.0,2610.34
102596,51387,527,1,43071.55,2153.58,40917.97
102597,51387,734,3,839.57,0.0,2518.71
102598,51388,713,1,5412.77,270.64,5142.13
102599,51389,768,1,10470.08,0.0,10470.08
102600,51389,700,1,6725.93,0.0,6725.93
102601,51390,666,2,4195.88,0.0,8391.76
102602,51390,582,1,8407.83,0.0,8407.83
102603,51391,657,1,8779.23,0.0,8779.23
102604,51391,702,2,569.75,0.0,1139.5
102605,51391,664,1,18695.4,0.0,18695.4
102606,51392,550,2,3272.22,327.22,6217.22
102607,51393,762,5,886.5,221.62,4210.88
102608,51394,611,1,15431.65,3086.33,12345.32
102609,51395,755,4,923.61,0.0,3694.44
102610,51396,602,1,817.44,163.49,653.95
102611,51396,625,3,54397.72,0.0,163193.16
102612,51397,747,3,805.8,0.0,2417.4
102613,51398,748,2,2116.96,0.0,4233.92
102614,51398,723,2,3644.62,0.0,7289.24
102615,51398,556,1,3671.69,183.58,3488.11
102616,51398,779,2,9166.85,0.0,18333.7
102617,51398,622,1,2792.75,558.55,2234.2
102618,51399,526,2,5568.93,0.0,11137.86
102619,51400,699,2,713.36,142.67,1284.05
102620,51400,653,1,4298.41,0.0,4298.41
102621,51401,619,1,577.92,86.69,491.23
102622,51401,511,2,856.8,0.0,1713.6
102623,51402,673,2,1038.9,415.56,1662.24
102624,51403,692,1,7325.8,0.0,7325.8
102625,51403,787,10,27577.51,0.0,275775.1
102626,51404,627,2,348.17,69.63,626.71
102627,51404,535,1,2114.96,0.0,2114.96
102628,51404,628,2,6761.04,0.0,13522.08
102629,51404,704,1,1165.72,0.0,1165.72
102630,51405,573,1,620.76,124.15,496.61
102631,51405,619,1,577.92,57.79,520.13
102632,51406,730,1,713.55,71.36,642.19
102633,51407,677,1,3625.43,543.81,3081.62
102634,51408,626,1,236.68,0.0,236.68
102635,51408,597,2,535.83,53.58,1018.08
102636,51408,545,1,1464.92,0.0,1464.92
102637,51408,793,1,2448.49,244.85,2203.64
102638,51409,514,1,8817.04,0.0,8817.04
102639,51410,696,1,4358.64,0.0,4358.64
102640,51411,665,1,2533.05,0.0,2533.05
102641,51411,607,1,10316.31,1031.63,9284.68
102642,51412,532,1,820.25,0.0,820.25
102643,51413,733,2,1597.66,0.0,3195.32
102644,51413,620,1,607.15,0.0,607.15
102645,51413,541,1,2124.38,0.0,2124.38
102646,51414,636,2,1717.09,0.0,3434.18
102647,51414,675,1,16586.98,0.0,16586.98
102648,51414,560,1,407.29,0.0,407.29
102649,51415,699,1,713.36,0.0,713.36
102650,51415,511,2,856.8,0.0,1713.6
102651,51415,675,4,16586.98,6634.79,59713.13
102652,51415,649,2,699.68,0.0,1399.36
102653,51415,584,1,1377.03,137.7,1239.33
102654,51416,731,1,1578.26,78.91,1499.35
102655,51417,586,1,4444.5,0.0,4444.5
102656,51418,506,2,1305.17,0.0,2610.34
102657,51419,695,1,24310.04,0.0,24310.04
102658,51419,594,4,55089.87,22035.95,198323.53
102659,51419,709,1,5677.52,283.88,5393.64
102660,51420,606,1,290.06,43.51,246.55
102661,51421,728,1,2491.24,0.0,2491.24
102662,51421,536,1,1067.42,0.0,1067.42
102663,51421,544,1,6582.2,0.0,6582.2
102664,51422,586,1,4444.5,222.23,4222.27
102665,51422,648,2,1203.65,0.0,2407.3
102666,51422,604,1,5835.32,291.77,5543.55
102667,51422,584,4,1377.03,0.0,5508.12
102668,51423,694,2,1970.24,197.02,3743.46
102669,51423,790,1,723.68,36.18,687.5
102670,51423,633,2,1617.01,0.0,3234.02
102671,51424,570,1,4486.57,0.0,4486.57
102672,51425,772,3,6175.25,0.0,18525.75
102673,51426,797,2,1277.35,255.47,2299.23
102674,51427,574,1,20894.55,0.0,20894.55
102675,51428,516,1,14192.65,1419.27,12773.38
102676,51429,593,1,1214.64,60.73,1153.91
102677,51430,548,2,8285.36,828.54,15742.18
102678,51431,777,1,2061.3,206.13,1855.17
102679,51431,742,1,31236.95,4685.54,26551.41
102680,51432,659,1,364.24,36.42,327.82
102681,51433,559,1,5502.85,0.0,5502.85
102682,51434,522,1,39986.91,0.0,39986.91
102683,51435,502,1,15084.04,2262.61,12821.43
102684,51436,571,1,11994.11,1799.12,10194.99
102685,51436,535,1,2114.96,0.0,2114.96
102686,51437,793,1,2448.49,0.0,2448.49
102687,51438,675,1,16586.98,0.0,16586.98
102688,51438,650,1,6201.76,1240.35,4961.41
102689,51438,778,1,2068.11,0.0,2068.11
102690,51438,597,1,535.83,0.0,535.83
102691,51439,729,5,2699.1,0.0,13495.5
102692,51440,552,2,10613.41,0.0,21226.82
102693,51441,748,1,2116.96,0.0,2116.96
102694,51441,568,1,5802.78,0.0,5802.78
102695,51442,617,2,1324.53,529.81,2119.25
102696,51443,745,1,5138.19,0.0,5138.19
102697,51444,564,2,1265.51,126.55,2404.47
102698,51444,540,1,32834.15,1641.71,31192.44
102699,51444,720,5,3038.53,2278.9,12913.75
102700,51444,609,1,3589.04,358.9,3230.14
102701,51445,622,1,2792.75,0.0,2792.75
102702,51445,799,2,2348.69,0.0,4697.38
102703,51445,711,1,5931.42,296.57,5634.85
102704,51446,621,2,1304.44,0.0,2608.88
102705,51446,723,1,3644.62,364.46,3280.16
102706,51447,754,1,9295.64,1859.13,7436.51
102707,51448,615,3,24337.83,3650.67,69362.82
102708,51448,766,1,4834.22,483.42,4350.8
102709,51448,523,1,6428.51,964.28,5464.23
102710,51449,526,1,5568.93,278.45,5290.48
102711,51449,516,1,14192.65,0.0,14192.65
102712,51449,791,1,11369.6,0.0,11369.6
102713,51450,571,1,11994.11,0.0,11994.11
102714,51450,565,4,322.27,0.0,1289.08
102715,51451,531,3,10687.35,1603.1,30458.95
102716,51452,594,1,55089.87,8263.48,46826.39
102717,51453,506,1,1305.17,195.78,1109.39
102718,51453,534,2,46679.73,0.0,93359.46
102719,51453,768,1,10470.08,0.0,10470.08
102720,51454,625,2,54397.72,5439.77,103355.67
102721,51454,666,3,4195.88,0.0,12587.64
102722,51455,999999,1,790.56,118.58,671.98
102723,51455,586,2,4444.5,0.0,8889.0
102724,51456,509,1,3363.13,672.63,2690.5
102725,51456,795,1,18501.43,0.0,18501.43
102726,51457,758,1,2596.01,259.6,2336.41
102727,51458,628,1,6761.04,338.05,6422.99
102728,51459,687,2,1705.39,0.0,3410.78
102729,51460,510,1,640.28,64.03,576.25
102730,51461,590,1,2022.4,101.12,1921.28
102731,51461,763,1,66.59,0.0,66.59
102732,51462,675,1,16586.98,2488.05,14098.93
102733,51463,630,1,2387.03,0.0,2387.03
102734,51463,512,2,1219.3,0.0,2438.6
102735,51463,792,1,2835.7,0.0,2835.7
102736,51464,550,2,3272.22,0.0,6544.44
102737,51465,637,2,3516.12,351.61,6680.63
102738,51466,702,1,569.75,0.0,569.75
102739,51466,657,2,8779.23,1755.85,15802.61
102740,51466,537,1,7317.24,0.0,7317.24
102741,51466,541,2,2124.38,0.0,4248.76
102742,51467,677,2,3625.43,0.0,7250.86
102743,51467,511,2,856.8,85.68,1627.92
102744,51467,679,1,53522.92,5352.29,48170.63
102745,51468,661,1,16283.24,2442.49,13840.75
102746,51469,643,1,55447.46,0.0,55447.46
102747,51470,687,1,1705.39,0.0,1705.39
102748,51470,722,2,53128.36,0.0,106256.72
102749,51470,622,4,2792.75,0.0,11171.0
102750,51471,684,1,59645.43,0.0,59645.43
102751,51471,716,1,1117.48,0.0,1117.48
102752,51472,520,1,1736.99,0.0,1736.99
102753,51472,556,2,3671.69,367.17,6976.21
102754,51472,523,3,6428.51,964.28,18321.25
102755,51473,607,1,10316.31,1031.63,9284.68
102756,51474,761,1,1440.57,0.0,1440.57
102757,51475,524,1,1357.31,0.0,1357.31
102758,51475,680,1,1294.32,129.43,1164.89
102759,51475,519,1,849.44,0.0,849.44
102760,51475,696,1,4358.64,0.0,4358.64
102761,51476,649,1,699.68,34.98,664.7
102762,51477,515,4,1144.81,0.0,4579.24
102763,51478,792,1,2835.7,0.0,2835.7
102764,51478,691,5,12820.07,3205.02,60895.33
102765,51479,519,4,849.44,0.0,0.01
102766,51480,752,3,14566.93,0.0,43700.79
102767,51481,706,1,14673.28,0.0,14673.28
102768,51482,576,2,2970.75,0.0,5941.5
102769,51482,509,1,3363.13,672.63,2690.5
102770,51483,747,1,805.8,0.0,805.8
102771,51483,624,1,391.05,19.55,371.5
102772,51484,747,2,805.8,0.0,1611.6
102773,51485,649,2,699.68,279.87,1119.49
102774,51485,673,1,1038.9,207.78,831.12
102775,51485,665,1,2533.05,126.65,2406.4
102776,51485,513,1,1399.58,0.0,1399.58
102777,51486,767,1,2764.13,0.0,2764.13
102778,51487,628,2,6761.04,0.0,13522.08
102779,51487,770,1,2789.39,0.0,2789.39
102780,51487,613,1,11372.12,0.0,11372.12
102781,51488,643,5,55447.46,0.0,277237.3
102782,51488,555,10,9558.13,0.0,95581.3
102783,51488,725,1,6229.36,0.0,6229.36
102784,51488,791,1,11369.6,0.0,11369.6
102785,51488,790,1,723.68,36.18,687.5
102786,51489,529,1,47474.39,0.0,47474.39
102787,51489,503,1,1376.24,206.44,1169.8
102788,51490,553,1,31731.27,0.0,31731.27
102789,51490,595,1,2237.17,0.0,2237.17
102790,51490,685,1,9687.25,1453.09,8234.16
102791,51491,721,1,5715.09,0.0,5715.09
102792,51492,642,2,6612.07,0.0,13224.14
102793,51492,749,1,1601.66,160.17,1441.49
102794,51493,645,1,3816.62,0.0,3816.62
102795,51493,656,5,9107.06,2276.76,43258.54
102796,51493,580,1,1023.86,0.0,1023.86
102797,51494,688,1,9656.12,1448.42,8207.7
102798,51495,563,4,5426.08,2170.43,19533.89
102799,51496,636,1,1717.09,171.71,1545.38
102800,51497,798,2,3816.99,381.7,7252.28
102801,51498,656,2,9107.06,0.0,18214.12
102802,51499,541,1,2124.38,0.0,2124.38
102803,51500,676,4,865.11,173.02,3287.42
102804,51501,659,1,364.24,0.0,364.24
102805,51501,660,1,3268.31,0.0,3268.31
102806,51502,758,1,2596.01,0.0,2596.01
102807,51503,662,1,9986.23,1497.93,8488.3
102808,51504,733,1,1597.66,159.77,1437.89
102809,51504,638,4,9668.28,0.0,38673.12
102810,51504,514,2,8817.04,0.0,17634.08
102811,51505,618,1,161.7,32.34,129.36
102812,51506,503,3,1376.24,0.0,4128.72
102813,51507,785,1,1136.17,0.0,1136.17
102814,51508,708,1,10297.58,0.0,10297.58
102815,51508,671,1,3564.48,534.67,3029.81
102816,51508,652,1,13563.11,0.0,13563.11
102817,51508,709,1,5677.52,0.0,5677.52
102818,51508,549,1,13993.54,0.0,13993.54
102819,51509,761,1,1440.57,0.0,1440.57
102820,51509,630,3,2387.03,0.0,7161.09
102821,51510,537,1,7317.24,1097.59,6219.65
102822,51511,519,1,849.44,127.42,722.02
102823,51511,728,1,2491.24,0.0,2491.24
102824,51511,771,2,1072.89,0.0,2145.78
102825,51512,651,1,4691.47,938.29,3753.18
102826,51513,790,5,723.68,542.76,3075.64
102827,51513,709,1,5677.52,0.0,5677.52
102828,51514,685,3,9687.25,4359.26,24702.49
102829,51514,625,2,54397.72,0.0,108795.44
102830,51515,610,1,26733.01,5346.6,21386.41
102831,51515,698,1,9291.61,0.0,9291.61
102832,51515,558,1,9344.26,0.0,9344.26
102833,51515,745,3,5138.19,0.0,15414.57
102834,51515,734,1,839.57,41.98,797.59
102835,51516,669,5,5183.71,0.0,25918.55
102836,51517,634,10,5262.27,10524.54,42098.16
102837,51517,541,1,2124.38,0.0,2124.38
102838,51518,721,1,5715.09,0.0,5715.09
102839,51518,504,3,3910.83,1173.25,10559.24
102840,51518,688,1,9656.12,0.0,9656.12
102841,51518,687,3,1705.39,0.0,5116.17
102842,51519,690,2,1805.43,0.0,3610.86
102843,51520,652,2,13563.11,1356.31,25769.91
102844,51521,568,1,5802.78,580.28,5222.5
102845,51522,578,1,6521.84,326.09,6195.75
102846,51522,686,3,4182.59,0.0,12547.77
102847,51523,557,1,783.76,0.0,783.76
102848,51523,529,1,47474.39,0.0,47474.39
102849,51524,764,4,38368.4,15347.36,138126.24
102850,51524,542,1,1742.37,87.12,1655.25
102851,51524,572,1,1098.59,0.0,1098.59
102852,51525,788,1,8889.42,0.0,8889.42
102853,51525,708,4,10297.58,0.0,41190.32
102854,51526,739,5,9905.71,2476.43,47052.12
102855,51526,626,1,236.68,0.0,236.68
102856,51526,712,-1,12089.2,6044.6,54401.4
102857,51526,686,1,4182.59,0.0,4182.59
102858,51527,648,2,1203.65,120.37,2286.93
102859,51527,563,2,5426.08,1085.22,9766.94
102860,51527,747,1,805.8,0.0,805.8
102861,51527,697,2,17716.2,1771.62,33660.78
102862,51527,533,1,10801.02,0.0,10801.02
102863,51528,737,1,454.39,0.0,454.39
102864,51529,617,5,1324.53,0.0,6622.65
102865,51529,592,3,1511.43,0.0,4534.29
102866,51530,624,1,391.05,39.11,351.94
102867,51530,737,1,454.39,45.44,408.95
102868,51530,799,1,2348.69,0.0,2348.69
102869,51531,643,2,55447.46,5544.75,105350.17
102870,51531,628,1,6761.04,338.05,6422.99
102871,51532,614,1,30296.77,1514.84,28781.93
102872,51532,524,1,1357.31,0.0,1357.31
102873,51532,719,1,15471.04,0.0,15471.04
102874,51533,699,2,713.36,0.0,1426.72
102875,51533,586,4,4444.5,0.0,17778.0
102876,51534,700,4,6725.93,0.0,26903.72
102877,51535,575,1,253.01,0.0,253.01
102878,51536,791,1,11369.6,0.0,11369.6
102879,51536,751,1,25845.26,3876.79,21968.47
102880,51537,678,1,37877.29,7575.46,30301.83
102881,51538,611,5,15431.65,15431.65,61726.6
102882,51539,738,3,4031.99,0.0,12095.97
102883,51540,516,2,14192.65,0.0,28385.3
102884,51541,796,2,1462.48,584.99,2339.97
102885,51541,586,1,4444.5,0.0,4444.5
102886,51542,768,1,10470.08,0.0,10470.08
102887,51543,679,1,53522.92,0.0,53522.92
102888,51544,999999,1,1969.25,98.46,1870.79
102889,51545,608,1,667.69,33.38,634.31
102890,51545,703,2,2609.04,0.0,5218.08
102891,51545,668,1,1156.71,57.84,1098.87
102892,51546,776,2,1371.98,137.2,2606.76
102893,51547,506,10,1305.17,0.0,13051.7
102894,51548,598,2,579.36,57.94,1100.78
102895,51549,723,1,3644.62,728.92,2915.7
102896,51549,794,1,482.29,24.11,458.18
102897,51550,698,2,9291.61,0.0,18583.22
102898,51550,786,1,5485.59,548.56,4937.03
102899,51550,742,1,31236.95,0.0,31236.95
102900,51551,738,1,4031.99,201.6,3830.39
102901,51552,549,1,13993.54,0.0,13993.54
102902,51553,550,1,3272.22,0.0,3272.22
102903,51554,713,3,5412.77,811.92,15426.39
102904,51554,551,1,3446.79,172.34,3274.45
102905,51554,600,2,6469.3,0.0,12938.6
102906,51554,563,2,5426.08,0.0,10852.16
102907,51554,669,1,5183.71,0.0,5183.71
102908,51555,639,2,5888.93,2355.57,9422.29
102909,51556,602,1,817.44,0.0,817.44
102910,51556,687,1,1705.39,0.0,1705.39
102911,51557,783,1,39234.63,0.0,39234.63
102912,51557,776,1,1371.98,0.0,1371.98
102913,51558,774,1,1776.67,0.0,1776.67
102914,51558,760,1,11301.08,1695.16,9605.92
102915,51558,504,3,3910.83,1173.25,10559.24
102916,51558,742,1,31236.95,1561.85,29675.1
102917,51559,687,1,1705.39,85.27,1620.12
102918,51559,593,1,1214.64,0.0,1214.64
102919,51560,730,5,713.55,356.78,3210.97
102920,51561,727,10,11354.29,0.0,113542.9
102921,51561,629,1,717.69,107.65,610.04
102922,51561,667,1,558.92,0.0,558.92
102923,51561,554,1,5371.45,805.72,4565.73
102924,51561,545,2,1464.92,0.0,2929.84
102925,51562,695,2,24310.04,0.0,48620.08
102926,51563,537,1,7317.24,0.0,7317.24
102927,51564,754,1,9295.64,0.0,9295.64
102928,51564,644,1,36167.51,0.0,36167.51
102929,51565,565,2,322.27,96.68,547.86
102930,51565,739,2,9905.71,2971.71,16839.71
102931,51565,554,3,5371.45,1611.43,14502.92
102932,51566,681,1,5353.16,267.66,5085.5
102933,51566,575,5,253.01,0.0,1265.05
102934,51567,621,1,1304.44,0.0,1304.44
102935,51567,795,2,18501.43,5550.43,31452.43
102936,51567,740,1,38799.36,0.0,38799.36
102937,51568,653,1,4298.41,644.76,3653.65
102938,51568,642,2,6612.07,1322.41,11901.73
102939,51568,661,1,16283.24,0.0,16283.24
102940,51569,676,1,865.11,0.0,865.11
102941,51570,633,1,1617.01,0.0,1617.01
102942,51571,791,1,11369.6,568.48,10801.12
102943,51571,528,2,951.12,380.45,1521.79
102944,51572,755,1,923.61,0.0,923.61
102945,51572,669,1,5183.71,518.37,4665.34
102946,51572,714,10,44813.18,22406.59,425725.21
102947,51572,783,1,39234.63,7846.93,31387.7
102948,51573,739,3,9905.71,1485.86,28231.27
102949,51573,699,3,713.36,0.0,2140.08
102950,51573,549,1,13993.54,699.68,13293.86
102951,51574,757,1,13097.42,0.0,13097.42
102952,51575,523,1,6428.51,642.85,5785.66
102953,51575,596,5,1919.15,1439.36,8156.39
102954,51576,670,2,2118.7,0.0,4237.4
102955,51577,626,1,236.68,0.0,236.68
102956,51577,638,2,9668.28,2900.48,16436.08
102957,51577,747,1,805.8,40.29,765.51
102958,51577,750,0,182.17,0.0,182.17
102959,51578,629,1,717.69,0.0,717.69
102960,51579,701,1,11805.02,0.0,11805.02
102961,51579,557,4,783.76,0.0,3135.04
102962,51579,582,4,8407.83,0.0,33631.32
102963,51580,708,1,10297.58,0.0,10297.58
102964,51581,698,1,9291.61,0.0,9291.61
102965,51582,675,1,16586.98,0.0,16586.98
102966,51583,776,2,1371.98,137.2,2606.76
102967,51584,532,1,820.25,82.03,738.22
102968,51585,694,2,1970.24,788.1,3152.38
102969,51586,577,1,795.1,0.0,795.1
102970,51586,532,1,820.25,0.0,820.25
102971,51587,513,1,1399.58,0.0,1399.58
102972,51587,535,1,2114.96,0.0,2114.96
102973,51587,675,1,16586.98,0.0,16586.98
102974,51587,556,1,3671.69,0.0,3671.69
102975,51588,622,1,2792.75,139.64,2653.11
102976,51588,619,3,577.92,86.69,1647.07
102977,51589,673,1,1038.9,0.0,1038.9
102978,51590,575,1,253.01,12.65,240.36
102979,51591,787,1,27577.51,1378.88,26198.63
102980,51592,600,1,6469.3,323.47,6145.83
102981,51593,796,1,1462.48,219.37,1243.11
102982,51594,639,1,5888.93,0.0,5888.93
102983,51595,636,2,1717.09,0.0,3434.18
102984,51595,726,2,983.03,0.0,1966.06
102985,51595,580,1,1023.86,0.0,1023.86
102986,51596,508,1,5538.85,276.94,5261.91
102987,51596,727,2,11354.29,0.0,22708.58
102988,51597,764,1,38368.4,0.0,38368.4
102989,51598,763,3,66.59,9.99,189.78
102990,51598,576,1,2970.75,148.54,2822.21
102991,51599,539,1,1082.58,0.0,1082.58
102992,51599,765,2,37606.92,0.0,75213.84
102993,51599,718,1,6766.17,0.0,6766.17
102994,51600,796,3,1462.48,219.37,4168.07
102995,51601,635,2,3079.07,0.0,6158.14
102996,51601,569,1,46883.02,2344.15,44538.87
102997,51601,786,1,5485.59,0.0,5485.59
102998,51602,511,1,856.8,0.0,856.8
102999,51603,749,1,1601.66,0.0,1601.66
103000,51603,553,1,31731.27,0.0,31731.27
103001,51604,781,1,508.19,25.41,482.78
103002,51605,528,1,951.12,0.0,951.12
103003,51606,755,1,923.61,0.0,923.61
103004,51606,785,1,1136.17,0.0,1136.17
103005,51606,686,2,4182.59,0.0,8365.18
103006,51607,517,1,12096.53,604.83,11491.7
103007,51607,542,2,1742.37,522.71,2962.03
103008,51608,671,2,3564.48,712.9,6416.06
103009,51609,586,1,4444.5,0.0,4444.5
103010,51610,645,1,3816.62,0.0,3816.62
103011,51611,688,1,9656.12,1448.42,8207.7
103012,51611,548,5,8285.36,4142.68,37284.12
103013,51611,597,3,535.83,160.75,1446.74
103014,51612,559,2,5502.85,1650.86,9354.84
103015,51613,735,2,1557.67,0.0,3115.34
103016,51613,655,2,5152.69,0.0,10305.38
103017,51613,524,1,1357.31,0.0,1357.31
103018,51614,758,1,2596.01,0.0,2596.01
103019,51614,706,1,14673.28,0.0,14673.28
103020,51614,588,1,490.64,0.0,490.64
103021,51615,575,5,253.01,63.25,1201.8
103022,51616,766,1,4834.22,241.71,4592.51
103023,51616,691,3,12820.07,1923.01,36537.2
103024,51616,537,2,7317.24,731.72,13902.76
103025,51616,774,1,1776.67,177.67,1599.0
103026,51617,527,2,43071.55,0.0,86143.1
103027,51617,733,1,1597.66,239.65,1358.01
103028,51618,636,2,1717.09,515.13,2919.05
103029,51618,580,2,1023.86,0.0,2047.72
103030,51618,678,1,37877.29,0.0,37877.29
103031,51619,781,3,508.19,152.46,1372.11
103032,51619,553,1,31731.27,1586.56,30144.71
103033,51619,573,2,620.76,0.0,1241.52
103034,51619,533,1,10801.02,0.0,10801.02
103035,51620,781,3,508.19,76.23,1448.34
103036,51621,525,2,4003.31,0.0,8006.62
103037,51622,720,1,3038.53,0.0,3038.53
103038,51622,758,1,2596.01,0.0,2596.01
103039,51622,766,1,4834.22,0.0,4834.22
103040,51622,733,1,1597.66,0.0,1597.66
103041,51623,570,10,4486.57,6729.85,38135.85
103042,51623,798,2,3816.99,1526.8,6107.18
103043,51623,610,1,26733.01,1336.65,25396.36
103044,51623,713,1,5412.77,1082.55,4330.22
103045,51624,643,3,55447.46,0.0,166342.38
103046,51625,561,4,2177.62,0.0,8710.48
103047,51626,623,5,2674.16,1337.08,12033.72
103048,51626,532,1,820.25,0.0,820.25
103049,51627,518,1,49561.42,0.0,49561.42
103050,51628,591,2,9106.57,2731.97,15481.17
103051,51629,646,1,6680.81,1002.12,5678.69
103052,51629,653,1,4298.41,429.84,3868.57
103053,51630,596,1,1919.15,0.0,1919.15
103054,51631,762,1,886.5,0.0,886.5
103055,51632,585,1,29624.84,0.0,29624.84
103056,51632,783,1,39234.63,1961.73,37272.9
103057,51632,768,2,10470.08,0.0,20940.16
103058,51632,591,1,9106.57,1365.99,7740.58
103059,51633,770,1,2789.39,0.0,2789.39
103060,51633,659,1,364.24,18.21,346.03
103061,51634,613,3,11372.12,0.0,34116.36
103062,51635,586,2,4444.5,1333.35,7555.65
103063,51635,608,1,667.69,0.0,667.69
103064,51636,747,1,805.8,0.0,805.8
103065,51636,780,2,3012.88,0.0,6025.76
103066,51636,700,1,6725.93,0.0,6725.93
103067,51636,570,2,4486.57,1794.63,7178.51
103068,51637,638,1,9668.28,0.0,9668.28
103069,51638,678,2,37877.29,7575.46,68179.12
103070,51639,567,3,7980.38,2394.11,21547.03
103071,51640,674,1,7676.03,383.8,7292.23
103072,51641,565,1,322.27,32.23,290.04
103073,51641,588,2,490.64,147.19,834.09
103074,51642,579,1,17100.24,0.0,17100.24
103075,51642,670,1,2118.7,105.94,2012.76
103076,51643,735,1,1557.67,0.0,1557.67
103077,51643,520,1,1736.99,173.7,1563.29
103078,51643,651,1,4691.47,469.15,4222.32
103079,51643,554,1,5371.45,537.14,4834.31
103080,51644,676,1,865.11,173.02,692.09
103081,51644,695,1,24310.04,3646.51,20663.53
103082,51644,506,1,1305.17,65.26,1239.91
103083,51645,584,2,1377.03,0.0,2754.06
103084,51645,646,1,6680.81,334.04,6346.77
103085,51645,779,1,9166.85,458.34,8708.51
103086,51646,643,4,55447.46,0.0,221789.84
103087,51647,544,1,6582.2,329.11,6253.09
103088,51648,759,1,8304.75,830.48,7474.27
103089,51649,665,2,2533.05,0.0,5066.1
103090,51649,781,1,508.19,0.0,508.19
103091,51650,667,1,558.92,27.95,530.97
103092,51650,707,1,626.29,0.0,626.29
103093,51650,735,2,1557.67,0.0,3115.34
103094,51651,798,2,3816.99,0.0,7633.98
103095,51652,676,1,865.11,43.26,821.85
103096,51653,654,1,2895.35,434.3,2461.05
103097,51654,661,1,16283.24,1628.32,14654.92
103098,51655,757,1,13097.42,0.0,13097.42
103099,51655,584,3,1377.03,206.55,3924.54
103100,51655,539,2,1082.58,0.0,2165.16
103101,51656,521,2,3815.32,763.06,6867.58
103102,51656,570,3,4486.57,0.0,13459.71
103103,51656,743,1,892.31,44.62,847.69
103104,51657,624,1,391.05,58.66,332.39
103105,51658,799,10,2348.69,0.0,23486.9
103106,51658,603,1,18106.09,1810.61,16295.48
103107,51659,520,1,1736.99,0.0,1736.99
103108,51659,686,1,4182.59,0.0,4182.59
103109,51659,585,1,29624.84,4443.73,25181.11
103110,51660,579,1,17100.24,0.0,17100.24
103111,51660,667,1,558.92,0.0,558.92
103112,51661,758,2,2596.01,0.0,5192.02
103113,51662,737,1,454.39,0.0,454.39
103114,51663,514,2,8817.04,881.7,16752.38
103115,51664,657,1,8779.23,0.0,8779.23
103116,51665,695,2,24310.04,0.0,48620.08
103117,51666,519,1,849.44,42.47,806.97
103118,51666,763,1,66.59,0.0,66.59
103119,51667,721,3,5715.09,857.26,16288.01
103120,51668,748,3,2116.96,0.0,6350.88
103121,51668,544,1,6582.2,0.0,6582.2
103122,51668,506,2,1305.17,0.0,0.01
103123,51668,612,1,2192.78,219.28,1973.5
103124,51668,781,1,508.19,25.41,482.78
103125,51669,689,4,11449.91,0.0,45799.64
103126,51669,721,3,5715.09,0.0,17145.27
103127,51669,515,1,1144.81,0.0,1144.81
103128,51670,736,1,6075.78,607.58,5468.2
103129,51670,578,2,6521.84,0.0,13043.68
103130,51671,540,2,32834.15,6566.83,59101.47
103131,51671,548,2,8285.36,1657.07,14913.65
103132,51672,597,1,535.83,53.58,482.25
103133,51672,794,1,482.29,0.0,482.29
103134,51672,695,2,24310.04,0.0,48620.08
103135,51672,606,1,290.06,29.01,261.05
103136,51672,531,1,10687.35,534.37,10152.98
103137,51673,531,1,10687.35,534.37,10152.98
103138,51673,515,1,1144.81,114.48,1030.33
103139,51674,716,1,1117.48,0.0,1117.48
103140,51675,752,3,14566.93,0.0,43700.79
103141,51675,651,1,4691.47,0.0,4691.47
103142,51675,647,3,48665.91,0.0,145997.73
103143,51676,667,3,558.92,167.68,1509.08
103144,51677,558,1,9344.26,934.43,8409.83
103145,51678,585,1,29624.84,0.0,29624.84
103146,51678,621,3,1304.44,0.0,3913.32
103147,51679,621,1,1304.44,0.0,1304.44
103148,51680,746,4,1732.13,0.0,6928.52
103149,51681,735,1,1557.67,233.65,1324.02
103150,51682,503,1,1376.24,68.81,1307.43
103151,51682,763,1,66.59,6.66,59.93
103152,51683,695,3,24310.04,0.0,72930.12
103153,51684,693,1,1213.14,0.0,1213.14
103154,51684,539,2,1082.58,0.0,2165.16
103155,51684,546,1,12181.16,0.0,12181.16
103156,51685,631,4,1647.26,988.36,5600.68
103157,51686,640,2,1058.22,0.0,2116.44
103158,51687,619,10,577.92,577.92,5201.28
103159,51688,613,2,11372.12,0.0,22744.24
103160,51688,768,1,10470.08,0.0,10470.08
103161,51688,693,1,1213.14,121.31,1091.83
103162,51689,689,2,11449.91,3434.97,19464.85
103163,51690,600,2,6469.3,646.93,12291.67
103164,51690,633,1,1617.01,80.85,1536.16
103165,51690,516,3,14192.65,0.0,42577.95
103166,51691,510,2,640.28,64.03,1216.53
103167,51691,624,1,391.05,0.0,391.05
103168,51691,641,2,3333.39,0.0,6666.78
103169,51692,670,1,2118.7,0.0,2118.7
103170,51692,796,4,1462.48,0.0,5849.92
103171,51692,672,-1,9227.41,0.0,18454.82
103172,51692,564,1,1265.51,0.0,1265.51
103173,51693,723,1,3644.62,0.0,3644.62
103174,51694,535,1,2114.96,0.0,2114.96
103175,51694,729,1,2699.1,269.91,2429.19
103176,51695,710,2,10731.06,0.0,21462.12
103177,51696,524,1,1357.31,0.0,1357.31
103178,51696,528,1,951.12,142.67,808.45
103179,51697,539,2,1082.58,0.0,2165.16
103180,51698,648,1,1203.65,60.18,1143.47
103181,51699,778,1,2068.11,103.41,1964.7
103182,51699,604,2,5835.32,583.53,11087.11
103183,51699,610,3,26733.01,4009.95,76189.08
103184,51700,667,1,558.92,27.95,530.97
103185,51701,769,3,1383.36,830.02,3320.06
103186,51702,502,1,15084.04,0.0,15084.04
103187,51702,750,1,182.17,27.33,154.84
103188,51702,796,1,1462.48,0.0,1462.48
103189,51702,562,2,1170.27,468.11,1872.43
103190,51703,656,1,9107.06,910.71,8196.35
103191,51704,673,10,1038.9,519.45,9869.55
103192,51704,595,5,2237.17,0.0,11185.85
103193,51704,624,3,391.05,58.66,1114.49
103194,51704,755,1,923.61,0.0,923.61
103195,51705,549,1,13993.54,1399.35,12594.19
103196,51706,708,5,10297.58,0.0,51487.9
103197,51706,748,1,2116.96,0.0,2116.96
103198,51706,793,2,2448.49,0.0,4896.98
103199,51707,793,2,2448.49,0.0,4896.98
103200,51708,501,3,45292.52,6793.88,129083.68
103201,51708,508,3,5538.85,0.0,16616.55
103202,51708,597,1,535.83,0.0,535.83
103203,51708,742,1,31236.95,0.0,31236.95
103204,51708,505,2,5998.46,1199.69,10797.23
103205,51709,616,2,594.6,118.92,1070.28
103206,51709,585,2,29624.84,0.0,59249.68
103207,51709,519,3,849.44,0.0,2548.32
103208,51709,756,1,372.34,0.0,372.34
103209,51710,710,2,10731.06,0.0,21462.12
103210,51710,591,3,9106.57,2731.97,24587.74
103211,51711,742,1,31236.95,1561.85,29675.1
103212,51712,639,1,5888.93,883.34,5005.59
103213,51712,756,1,372.34,0.0,372.34
103214,51712,745,2,5138.19,1027.64,9248.74
103215,51712,796,1,1462.48,0.0,1462.48
103216,51712,680,1,1294.32,64.72,1229.6
103217,51713,631,4,1647.26,0.0,6589.04
103218,51713,677,1,3625.43,543.81,3081.62
103219,51713,588,2,490.64,196.26,785.02
103220,51713,691,1,12820.07,1282.01,11538.06
103221,51714,764,1,38368.4,1918.42,36449.98
103222,51715,786,1,5485.59,548.56,4937.03
103223,51716,608,2,667.69,0.0,1335.38
103224,51716,705,1,17197.08,0.0,17197.08
103225,51716,709,1,5677.52,0.0,5677.52
103226,51717,767,3,2764.13,829.24,7463.15
103227,51717,619,2,577.92,0.0,1155.84
103228,51717,739,1,9905.71,0.0,9905.71
103229,51717,572,1,1098.59,0.0,1098.59
103230,51718,528,1,951.12,0.0,951.12
103231,51718,504,1,3910.83,0.0,3910.83
103232,51719,601,2,17813.81,1781.38,33846.24
103233,51720,543,1,4352.44,217.62,4134.82
103234,51721,769,2,1383.36,138.34,2628.38
103235,51722,698,1,9291.61,1393.74,7897.87
103236,51723,574,1,20894.55,0.0,20894.55
103237,51724,516,1,14192.65,709.63,13483.02
103238,51725,605,2,1048.97,0.0,2097.94
103239,51725,635,10,3079.07,0.0,30790.7
103240,51726,766,3,4834.22,725.13,13777.53
103241,51727,716,2,1117.48,111.75,2123.21
103242,51727,677,2,3625.43,0.0,7250.86
103243,51727,686,1,4182.59,0.0,4182.59
103244,51728,735,1,1557.67,0.0,1557.67
103245,51729,627,1,348.17,0.0,348.17
103246,51729,573,2,620.76,186.23,1055.29
103247,51730,587,1,790.56,0.0,790.56
103248,51731,713,1,5412.77,270.64,5142.13
103249,51732,665,1,2533.05,0.0,2533.05
103250,51732,647,2,48665.91,0.0,97331.82
103251,51733,547,1,817.17,0.0,817.17
103252,51734,680,1,1294.32,64.72,1229.6
103253,51734,700,-1,6725.93,0.0,6725.93
103254,51734,737,1,454.39,0.0,454.39
103255,51734,605,5,1048.97,0.0,5244.85
103256,51734,596,1,1919.15,191.92,1727.23
103257,51735,512,2,1219.3,0.0,2438.6
103258,51736,793,1,2448.49,122.42,2326.07
103259,51736,602,2,817.44,0.0,1634.88
103260,51736,741,1,1969.25,0.0,1969.25
103261,51737,713,1,5412.77,811.92,4600.85
103262,51738,752,2,14566.93,1456.69,27677.17
103263,51739,610,2,26733.01,10693.2,42772.82
103264,51740,667,4,558.92,0.0,2235.68
103265,51740,567,1,7980.38,0.0,7980.38
103266,51740,757,3,13097.42,0.0,39292.26
103267,51741,771,4,1072.89,0.0,4291.56
103268,51742,707,1,626.29,0.0,626.29
103269,51742,761,1,1440.57,0.0,1440.57
103270,51743,700,1,6725.93,336.3,6389.63
103271,51743,644,2,36167.51,0.0,72335.02
103272,51744,669,1,5183.71,0.0,5183.71
103273,51745,767,1,2764.13,0.0,2764.13
103274,51746,531,1,10687.35,0.0,10687.35
103275,51747,542,1,1742.37,0.0,1742.37
103276,51747,719,2,15471.04,0.0,30942.08
103277,51748,783,3,39234.63,0.0,117703.89
103278,51748,710,2,10731.06,0.0,21462.12
103279,51748,758,1,2596.01,129.8,2466.21
103280,51748,536,1,1067.42,0.0,1067.42
103281,51748,789,3,2799.8,0.0,8399.4
103282,51749,501,2,45292.52,0.0,90585.04
103283,51750,516,1,14192.65,1419.27,12773.38
103284,51751,529,1,47474.39,7121.16,40353.23
103285,51752,706,2,14673.28,1467.33,27879.23
103286,51753,614,1,30296.77,0.0,30296.77
103287,51753,796,1,1462.48,73.12,1389.36
103288,51753,711,1,5931.42,0.0,5931.42
103289,51754,584,2,1377.03,413.11,2340.95
103290,51755,552,5,10613.41,0.0,53067.05
103291,51755,717,2,902.81,0.0,1805.62
103292,51755,543,1,4352.44,0.0,4352.44
103293,51755,579,1,17100.24,0.0,17100.24
103294,51756,610,1,26733.01,1336.65,25396.36
103295,51757,631,1,1647.26,0.0,1647.26
103296,51757,777,1,2061.3,309.19,1752.11
103297,51758,618,3,161.7,97.02,388.08
103298,51759,587,1,790.56,0.0,790.56
103299,51759,557,-3,783.76,0.0,2351.28
103300,51760,618,1,161.7,0.0,161.7
103301,51760,614,1,30296.77,4544.52,25752.25
103302,51761,614,2,30296.77,0.0,60593.54
103303,51761,559,1,5502.85,275.14,5227.71
103304,51761,646,1,6680.81,334.04,6346.77
103305,51762,708,3,10297.58,0.0,30892.74
103306,51763,612,1,2192.78,0.0,2192.78
103307,51763,717,1,902.81,0.0,902.81
103308,51763,504,-1,3910.83,0.0,7821.66
103309,51764,539,1,1082.58,108.26,974.32
103310,51764,756,1,372.34,0.0,372.34
103311,51764,553,1,31731.27,0.0,31731.27
103312,51765,671,1,3564.48,356.45,3208.03
103313,51765,757,2,13097.42,0.0,26194.84
103314,51766,679,2,53522.92,0.0,107045.84
103315,51766,793,1,2448.49,489.7,1958.79
103316,51767,733,3,1597.66,0.0,4792.98
103317,51767,727,3,11354.29,1703.14,32359.73
103318,51768,677,1,3625.43,0.0,3625.43
103319,51769,651,2,4691.47,0.0,9382.94
103320,51770,699,1,713.36,0.0,713.36
103321,51770,567,1,7980.38,399.02,7581.36
103322,51770,729,1,2699.1,0.0,2699.1
103323,51770,544,1,6582.2,0.0,6582.2
103324,51771,712,2,12089.2,0.0,24178.4
103325,51771,748,1,2116.96,0.0,2116.96
103326,51772,687,3,1705.39,0.0,5116.17
103327,51773,604,1,5835.32,0.0,5835.32
103328,51774,659,1,364.24,0.0,364.24
103329,51774,700,4,6725.93,0.0,26903.72
103330,51774,533,2,10801.02,0.0,21602.04
103331,51775,561,1,2177.62,0.0,2177.62
103332,51776,625,1,54397.72,2719.89,51677.83
103333,51776,577,1,795.1,39.76,755.34
103334,51777,556,2,3671.69,0.0,7343.38
103335,51778,749,1,1601.66,80.08,1521.58
103336,51778,763,2,66.59,0.0,133.18
103337,51779,656,1,9107.06,0.0,9107.06
103338,51780,790,3,723.68,325.66,1845.38
103339,51781,791,3,11369.6,0.0,34108.8
103340,51781,697,1,17716.2,3543.24,14172.96
103341,51781,578,1,6521.84,326.09,6195.75
103342,51782,645,2,3816.62,1144.99,6488.25
103343,51783,574,1,20894.55,0.0,20894.55
103344,51783,601,1,17813.81,890.69,16923.12
103345,51783,753,1,1068.74,0.0,1068.74
103346,51783,577,3,795.1,477.06,1908.24
103347,51784,629,2,717.69,0.0,1435.38
103348,51784,673,5,1038.9,0.0,5194.5
103349,51784,688,5,9656.12,0.0,48280.6
103350,51784,618,1,161.7,0.0,161.7
103351,51784,784,1,1641.14,0.0,1641.14
103352,51785,757,1,13097.42,654.87,12442.55
103353,51785,729,1,2699.1,0.0,2699.1
103354,51786,685,2,9687.25,0.0,19374.5
103355,51787,652,2,13563.11,4068.93,23057.29
103356,51788,699,1,713.36,107.0,606.36
103357,51789,737,1,454.39,68.16,386.23
103358,51790,686,1,4182.59,418.26,3764.33
103359,51791,740,1,38799.36,0.0,38799.36
103360,51791,515,1,1144.81,57.24,1087.57
103361,51791,548,1,8285.36,0.0,8285.36
103362,51792,712,1,12089.2,0.0,12089.2
103363,51792,536,4,1067.42,0.0,4269.68
103364,51792,772,1,6175.25,308.76,5866.49
103365,51793,734,1,839.57,125.94,713.63
103366,51794,608,1,667.69,0.0,667.69
103367,51794,610,2,26733.01,0.0,53466.02
103368,51794,561,1,2177.62,326.64,1850.98
103369,51794,583,1,9641.6,0.0,9641.6
103370,51795,703,1,2609.04,0.0,2609.04
103371,51795,785,2,1136.17,0.0,2272.34
103372,51796,681,1,5353.16,267.66,5085.5
103373,51796,706,1,14673.28,2934.66,11738.62
103374,51796,507,3,5384.85,0.0,16154.55
103375,51796,502,5,15084.04,7542.02,67878.18
103376,51796,731,2,1578.26,0.0,3156.52
103377,51797,585,2,29624.84,0.0,59249.68
103378,51797,747,1,805.8,80.58,725.22
103379,51797,785,1,1136.17,0.0,1136.17
103380,51797,634,1,5262.27,0.0,5262.27
103381,51798,519,1,849.44,169.89,679.55
103382,51798,706,1,14673.28,0.0,14673.28
103383,51799,675,1,16586.98,829.35,15757.63
103384,51800,722,1,53128.36,0.0,53128.36
103385,51800,680,1,1294.32,0.0,1294.32
103386,51800,551,1,3446.79,0.0,3446.79
103387,51800,579,2,17100.24,0.0,34200.48
103388,51800,634,1,5262.27,263.11,4999.16
103389,51801,674,1,7676.03,0.0,7676.03
103390,51801,797,5,1277.35,0.0,6386.75
103391,51802,756,2,372.34,111.7,632.98
103392,51802,794,1,482.29,48.23,434.06
103393,51803,737,1,454.39,0.0,454.39
103394,51804,659,1,364.24,0.0,364.24
103395,51805,781,2,508.19,0.0,1016.38
103396,51805,779,2,9166.85,1833.37,16500.33
103397,51806,559,1,5502.85,0.0,5502.85
103398,51806,687,1,1705.39,0.0,1705.39
103399,51806,515,1,1144.81,228.96,915.85
103400,51807,581,2,2900.19,0.0,5800.38
103401,51808,697,2,17716.2,5314.86,30117.54
103402,51809,793,1,2448.49,367.27,2081.22
103403,51809,546,1,12181.16,609.06,11572.1
103404,51810,699,1,713.36,0.0,713.36
103405,51810,732,2,3277.37,0.0,6554.74
103406,51811,530,1,3414.81,0.0,3414.81
103407,51811,687,1,1705.39,341.08,1364.31
103408,51812,687,2,1705.39,0.0,3410.78
103409,51812,686,3,4182.59,0.0,12547.77
103410,51812,728,1,2491.24,124.56,2366.68
103411,51813,594,2,55089.87,11017.97,99161.77
103412,51814,775,1,3454.82,0.0,3454.82
103413,51814,782,4,9360.71,0.0,37442.84
103414,51815,746,1,1732.13,259.82,1472.31
103415,51815,651,1,4691.47,0.0,4691.47
103416,51815,609,1,3589.04,0.0,3589.04
103417,51815,600,1,6469.3,0.0,6469.3
103418,51815,711,2,5931.42,1779.43,10083.41
103419,51816,699,2,713.36,142.67,1284.05
103420,51816,698,2,9291.61,3716.64,14866.58
103421,51817,727,3,11354.29,3406.29,30656.58
103422,51818,727,1,11354.29,567.71,10786.58
103423,51819,617,2,1324.53,0.0,2649.06
103424,51820,517,1,12096.53,0.0,12096.53
103425,51820,747,1,805.8,40.29,765.51
103426,51820,769,1,1383.36,0.0,1383.36
103427,51821,769,1,1383.36,207.5,1175.86
103428,51822,545,2,1464.92,0.0,2929.84
103429,51822,681,1,5353.16,1070.63,4282.53
103430,51822,501,1,45292.52,0.0,45292.52
103431,51823,773,2,5708.39,0.0,11416.78
103432,51823,732,1,3277.37,0.0,3277.37
103433,51824,702,3,569.75,341.85,1367.4
103434,51824,722,3,53128.36,0.0,159385.08
103435,51824,520,2,1736.99,173.7,3300.28
103436,51824,627,1,348.17,0.0,348.17
103437,51824,612,1,2192.78,0.0,2192.78
103438,51825,751,1,25845.26,0.0,25845.26
103439,51826,766,1,4834.22,725.13,4109.09
103440,51827,512,1,1219.3,0.0,1219.3
103441,51828,743,1,892.31,89.23,803.08
103442,51828,771,1,1072.89,107.29,965.6
103443,51829,740,1,38799.36,0.0,38799.36
103444,51830,778,2,2068.11,0.0,4136.22
103445,51831,612,1,2192.78,0.0,2192.78
103446,51832,553,1,31731.27,0.0,31731.27
103447,51832,607,1,10316.31,1547.45,8768.86
103448,51832,628,1,6761.04,1352.21,5408.83
103449,51832,756,-1,372.34,0.0,372.34
103450,51833,719,1,15471.04,3094.21,12376.83
103451,51833,637,1,3516.12,351.61,3164.51
103452,51833,521,2,3815.32,0.0,7630.64
103453,51834,765,3,37606.92,0.0,112820.76
103454,51835,650,2,6201.76,0.0,12403.52
103455,51835,635,1,3079.07,153.95,2925.12
103456,51836,700,1,6725.93,1008.89,5717.04
103457,51836,632,1,2338.49,116.92,2221.57
103458,51837,522,10,39986.91,0.0,399869.1
103459,51837,783,1,39234.63,7846.93,31387.7
103460,51837,788,5,8889.42,0.0,44447.1
103461,51837,794,2,482.29,0.0,964.58
103462,51837,662,1,9986.23,499.31,9486.92
103463,51838,520,1,1736.99,0.0,1736.99
103464,51838,567,4,7980.38,3192.15,28729.37
103465,51838,706,1,14673.28,0.0,14673.28
103466,51839,561,1,2177.62,217.76,1959.86
103467,51839,681,1,5353.16,0.0,5353.16
103468,51840,683,1,873.55,0.0,873.55
103469,51840,611,1,15431.65,771.58,14660.07
103470,51840,548,1,8285.36,414.27,7871.09
103471,51840,786,2,5485.59,548.56,10422.62
103472,51840,668,1,1156.71,0.0,1156.71
103473,51841,529,1,47474.39,0.0,47474.39
103474,51841,678,1,37877.29,5681.59,32195.7
103475,51842,770,4,2789.39,0.0,11157.56
103476,51843,544,-1,6582.2,0.0,6582.2
103477,51844,568,1,5802.78,580.28,5222.5
103478,51845,715,2,61205.17,12241.03,110169.31
103479,51846,763,1,66.59,0.0,66.59
103480,51847,699,2,713.36,0.0,1426.72
103481,51847,553,3,31731.27,9519.38,85674.43
103482,51848,516,1,14192.65,0.0,14192.65
103483,51848,762,1,886.5,0.0,886.5
103484,51848,793,1,2448.49,0.0,2448.49
103485,51849,608,1,667.69,0.0,667.69
103486,51850,729,2,2699.1,0.0,5398.2
103487,51850,725,2,6229.36,0.0,12458.72
103488,51851,561,1,2177.62,0.0,2177.62
103489,51852,520,1,1736.99,0.0,1736.99
103490,51853,659,2,364.24,0.0,728.48
103491,51853,792,3,2835.7,1276.06,7231.04
103492,51854,751,1,25845.26,0.0,25845.26
103493,51854,561,1,2177.62,0.0,2177.62
103494,51854,579,1,17100.24,0.0,17100.24
103495,51855,580,3,1023.86,614.32,2457.26
103496,51856,645,2,3816.62,1144.99,6488.25
103497,51857,526,1,5568.93,1113.79,4455.14
103498,51857,529,1,47474.39,0.0,47474.39
103499,51858,718,1,6766.17,1353.23,5412.94
103500,51858,786,2,5485.59,548.56,10422.62
103501,51858,610,3,26733.01,0.0,80199.03
103502,51858,605,1,1048.97,0.0,1048.97
103503,51859,714,2,44813.18,0.0,89626.36
103504,51860,582,2,8407.83,0.0,16815.66
103505,51860,548,1,8285.36,0.0,8285.36
103506,51861,536,2,1067.42,0.0,2134.84
103507,51862,513,1,1399.58,0.0,1399.58
103508,51862,546,2,12181.16,0.0,24362.32
103509,51863,646,1,6680.81,334.04,6346.77
103510,51864,625,1,54397.72,0.0,54397.72
103511,51864,756,1,372.34,18.62,353.72
103512,51865,533,1,10801.02,0.0,10801.02
103513,51865,787,1,27577.51,5515.5,22062.01
103514,51866,628,2,6761.04,0.0,13522.08
103515,51867,651,1,4691.47,469.15,4222.32
103516,51868,516,1,14192.65,709.63,13483.02
103517,51869,709,1,5677.52,283.88,5393.64
103518,51869,623,1,2674.16,133.71,2540.45
103519,51869,727,1,11354.29,0.0,11354.29
103520,51870,546,1,12181.16,1827.17,10353.99
103521,51871,628,2,6761.04,0.0,13522.08
103522,51871,548,1,8285.36,0.0,8285.36
103523,51872,799,4,2348.69,939.48,8455.28
103524,51872,506,1,1305.17,261.03,1044.14
103525,51872,785,1,1136.17,0.0,1136.17
103526,51873,572,1,1098.59,109.86,988.73
103527,51874,752,1,14566.93,2185.04,12381.89
103528,51875,699,2,713.36,0.0,1426.72
103529,51876,668,1,1156.71,0.0,1156.71
103530,51876,754,1,9295.64,0.0,9295.64
103531,51877,705,2,17197.08,1719.71,32674.45
103532,51878,681,1,5353.16,535.32,4817.84
103533,51879,631,4,1647.26,0.0,6589.04
103534,51880,723,1,3644.62,546.69,3097.93
103535,51881,721,1,5715.09,285.75,5429.34
103536,51881,727,3,11354.29,0.0,34062.87
103537,51882,512,1,1219.3,60.97,1158.33
103538,51882,675,1,16586.98,0.0,16586.98
103539,51883,596,3,1919.15,287.87,5469.58
103540,51884,596,1,1919.15,0.0,1919.15
103541,51884,751,1,25845.26,0.0,25845.26
103542,51884,525,5,4003.31,2001.65,18014.9
103543,51884,643,2,55447.46,0.0,110894.92
103544,51884,566,3,8272.67,0.0,24818.01
103545,51885,652,1,13563.11,1356.31,12206.8
103546,51886,680,1,1294.32,0.0,1294.32
103547,51886,720,1,3038.53,0.0,3038.53
103548,51887,688,1,9656.12,0.0,9656.12
103549,51888,734,1,839.57,125.94,713.63
103550,51888,648,3,1203.65,0.0,3610.95
103551,51889,565,1,322.27,0.0,322.27
103552,51890,614,1,30296.77,0.0,30296.77
103553,51891,667,1,558.92,0.0,558.92
103554,51892,530,2,3414.81,0.0,6829.62
103555,51892,574,1,20894.55,4178.91,16715.64
103556,51892,733,3,1597.66,479.3,4313.68
103557,51893,737,4,454.39,181.76,1635.8
103558,51894,604,5,5835.32,0.0,29176.6
103559,51894,593,2,1214.64,0.0,2429.28
103560,51895,772,1,6175.25,0.0,6175.25
103561,51896,727,1,11354.29,0.0,11354.29
103562,51897,636,1,1717.09,0.0,1717.09
103563,51898,518,1,49561.42,4956.14,44605.28
103564,51899,662,1,9986.23,499.31,9486.92
103565,51900,604,2,5835.32,0.0,11670.64
103566,51900,622,1,2792.75,0.0,2792.75
103567,51900,504,3,3910.83,0.0,11732.49
103568,51900,662,2,9986.23,2995.87,16976.59
103569,51900,747,1,805.8,80.58,725.22
103570,51901,737,1,454.39,90.88,363.51
103571,51902,587,3,790.56,237.17,2134.51
103572,51902,783,1,39234.63,0.0,39234.63
103573,51903,777,1,2061.3,0.0,2061.3
103574,51903,692,2,7325.8,0.0,14651.6
103575,51903,695,1,24310.04,0.0,24310.04
103576,51904,536,2,1067.42,320.23,1814.61
103577,51904,530,1,3414.81,341.48,3073.33
103578,51904,678,2,37877.29,0.0,75754.58
103579,51905,648,1,1203.65,60.18,1143.47
103580,51905,756,1,372.34,0.0,372.34
103581,51905,515,1,1144.81,57.24,1087.57
103582,51906,672,1,9227.41,0.0,9227.41
103583,51906,793,4,2448.49,0.0,9793.96
103584,51906,604,1,5835.32,0.0,5835.32
103585,51906,689,1,11449.91,1144.99,10304.92
103586,51906,740,1,38799.36,5819.9,32979.46
103587,51907,582,1,8407.83,840.78,7567.05
103588,51908,511,2,856.8,0.0,1713.6
103589,51909,535,3,2114.96,0.0,6344.88
103590,51909,643,1,55447.46,2772.37,52675.09
103591,51910,587,1,790.56,0.0,790.56
103592,51911,526,2,5568.93,0.0,11137.86
103593,51911,544,2,6582.2,0.0,13164.4
103594,51911,643,3,55447.46,0.0,166342.38
103595,51912,657,1,8779.23,438.96,8340.27
103596,51912,723,5,3644.62,0.0,18223.1
103597,51912,515,2,1144.81,0.0,2289.62
103598,51912,752,1,14566.93,0.0,14566.93
103599,51913,623,3,2674.16,401.12,7621.36
103600,51914,590,1,2022.4,0.0,2022.4
103601,51914,681,1,5353.16,0.0,5353.16
103602,51915,778,1,2068.11,0.0,2068.11
103603,51916,756,2,372.34,0.0,744.68
103604,51916,731,1,1578.26,0.0,1578.26
103605,51916,623,2,2674.16,0.0,5348.32
103606,51916,692,2,7325.8,0.0,14651.6
103607,51916,671,1,3564.48,0.0,3564.48
103608,51917,796,1,1462.48,0.0,1462.48
103609,51918,608,1,667.69,0.0,667.69
103610,51918,690,2,1805.43,0.0,3610.86
103611,51919,764,1,38368.4,0.0,38368.4
103612,51919,745,3,5138.19,0.0,15414.57
103613,51920,752,1,14566.93,0.0,14566.93
103614,51920,630,1,2387.03,0.0,2387.03
103615,51921,619,1,577.92,0.0,577.92
103616,51922,672,2,9227.41,0.0,18454.82
103617,51922,505,1,5998.46,299.92,5698.54
103618,51923,747,2,805.8,0.0,1611.6
103619,51924,565,2,322.27,0.0,644.54
103620,51925,670,1,2118.7,0.0,2118.7
103621,51926,692,1,7325.8,0.0,7325.8
103622,51927,775,1,3454.82,345.48,3109.34
103623,51928,640,1,1058.22,158.73,899.49
103624,51929,509,1,3363.13,0.0,3363.13
103625,51929,654,2,2895.35,0.0,5790.7
103626,51930,501,1,45292.52,6793.88,38498.64
103627,51930,555,2,9558.13,955.81,18160.45
103628,51930,769,4,1383.36,276.67,5256.77
103629,51930,537,1,7317.24,0.0,7317.24
103630,51931,758,3,2596.01,0.0,7788.03
103631,51932,528,2,951.12,285.34,1616.9
103632,51933,672,3,9227.41,0.0,27682.23
103633,51934,629,2,717.69,71.77,1363.61
103634,51935,543,2,4352.44,0.0,8704.88
103635,51936,675,2,16586.98,1658.7,31515.26
103636,51936,633,1,1617.01,0.0,1617.01
103637,51936,742,2,31236.95,9371.08,53102.82
103638,51937,673,1,1038.9,0.0,1038.9
103639,51938,750,1,182.17,0.0,182.17
103640,51938,674,1,7676.03,383.8,7292.23
103641,51939,639,2,5888.93,0.0,11777.86
103642,51939,563,1,5426.08,542.61,4883.47
103643,51939,599,1,2796.57,0.0,2796.57
103644,51939,612,4,2192.78,877.11,7894.01
103645,51940,725,2,6229.36,622.94,11835.78
103646,51940,551,1,3446.79,0.0,3446.79
103647,51941,800,3,2202.18,330.33,6276.21
103648,51942,558,1,9344.26,0.0,9344.26
103649,51943,646,1,6680.81,0.0,6680.81
103650,51943,587,3,790.56,237.17,2134.51
103651,51944,760,2,11301.08,0.0,22602.16
103652,51944,655,5,5152.69,0.0,25763.45
103653,51945,576,1,2970.75,297.07,2673.68
103654,51945,738,1,4031.99,201.6,3830.39
103655,51946,660,10,3268.31,6536.62,26146.48
103656,51946,640,1,1058.22,0.0,1058.22
103657,51946,796,1,1462.48,73.12,1389.36
103658,51946,564,3,1265.51,0.0,3796.53
103659,51947,774,2,1776.67,533.0,3020.34
103660,51948,576,1,2970.75,445.61,2525.14
103661,51948,629,1,717.69,0.0,717.69
103662,51949,630,1,2387.03,238.7,2148.33
103663,51949,582,2,8407.83,0.0,16815.66
103664,51949,624,1,391.05,39.11,351.94
103665,51949,775,2,3454.82,345.48,6564.16
103666,51950,719,2,15471.04,4641.31,26300.77
103667,51951,521,1,3815.32,0.0,3815.32
103668,51952,690,1,1805.43,90.27,1715.16
103669,51952,538,2,8640.93,0.0,17281.86
103670,51953,642,1,6612.07,0.0,6612.07
103671,51954,592,1,1511.43,151.14,1360.29
103672,51955,613,2,11372.12,2274.42,20469.82
103673,51955,785,1,1136.17,170.43,965.74
103674,51956,736,2,6075.78,0.0,12151.56
103675,51956,782,1,9360.71,1872.14,7488.57
103676,51957,619,1,577.92,0.0,577.92
103677,51957,541,1,2124.38,0.0,2124.38
103678,51957,767,1,2764.13,0.0,2764.13
103679,51957,689,1,11449.91,0.0,11449.91
103680,51958,502,1,15084.04,754.2,14329.84
103681,51958,754,1,9295.64,929.56,8366.08
103682,51958,746,1,1732.13,0.0,1732.13
103683,51959,694,1,1970.24,98.51,1871.73
103684,51960,797,2,1277.35,255.47,2299.23
103685,51960,684,1,59645.43,2982.27,56663.16
103686,51960,538,1,8640.93,0.0,8640.93
103687,51961,535,1,2114.96,0.0,2114.96
103688,51961,680,1,1294.32,64.72,1229.6
103689,51962,659,1,364.24,18.21,346.03
103690,51963,672,1,9227.41,0.0,9227.41
103691,51963,516,4,14192.65,0.0,56770.6
103692,51963,629,1,717.69,0.0,717.69
103693,51963,534,3,46679.73,0.0,140039.19
103694,51964,589,1,17388.16,1738.82,15649.34
103695,51965,792,4,2835.7,0.0,11342.8
103696,51965,618,1,161.7,8.08,153.62
103697,51965,681,2,5353.16,1605.95,9100.37
103698,51966,626,3,236.68,0.0,710.04
103699,51966,755,1,923.61,46.18,877.43
103700,51967,624,1,391.05,0.0,391.05
103701,51968,621,2,1304.44,0.0,2608.88
103702,51969,548,1,8285.36,0.0,8285.36
103703,51969,520,1,1736.99,0.0,1736.99
103704,51969,523,1,6428.51,0.0,6428.51
103705,51969,567,1,7980.38,0.0,7980.38
103706,51970,599,2,2796.57,0.0,5593.14
103707,51970,595,2,2237.17,0.0,4474.34
103708,51971,754,1,9295.64,0.0,9295.64
103709,51971,631,1,1647.26,0.0,1647.26
103710,51972,534,1,46679.73,0.0,46679.73
103711,51973,656,1,9107.06,455.35,8651.71
103712,51974,738,1,4031.99,0.0,4031.99
103713,51975,787,1,27577.51,1378.88,26198.63
103714,51975,799,3,2348.69,704.61,6341.46
103715,51976,746,1,1732.13,0.0,1732.13
103716,51977,583,1,9641.6,0.0,9641.6
103717,51978,757,1,13097.42,0.0,13097.42
103718,51979,785,3,1136.17,0.0,3408.51
103719,51980,555,1,9558.13,0.0,9558.13
103720,51981,667,1,558.92,0.0,558.92
103721,51981,623,1,2674.16,0.0,2674.16
103722,51981,701,1,11805.02,0.0,11805.02
103723,51981,572,1,1098.59,0.0,1098.59
103724,51981,517,1,12096.53,1814.48,10282.05
103725,51982,740,1,38799.36,0.0,38799.36
103726,51982,539,1,1082.58,162.39,920.19
103727,51982,682,1,707.75,35.39,672.36
103728,51982,601,2,17813.81,3562.76,32064.86
103729,51982,735,2,1557.67,0.0,3115.34
103730,51983,734,2,839.57,0.0,1679.14
103731,51983,740,1,38799.36,7759.87,31039.49
103732,51984,555,2,9558.13,0.0,19116.26
103733,51985,659,1,364.24,72.85,291.39
103734,51986,752,1,14566.93,0.0,14566.93
103735,51987,710,1,10731.06,0.0,10731.06
103736,51987,748,4,2116.96,0.0,8467.84
103737,51988,781,1,508.19,0.0,508.19
103738,51989,668,1,1156.71,0.0,1156.71
103739,51990,658,3,711.18,106.68,2026.86
103740,51991,531,2,10687.35,0.0,21374.7
103741,51991,610,2,26733.01,0.0,53466.02
103742,51992,794,1,482.29,48.23,434.06
103743,51992,574,1,20894.55,0.0,20894.55
103744,51993,719,2,15471.04,0.0,30942.08
103745,51994,550,1,3272.22,0.0,3272.22
103746,51994,762,1,886.5,88.65,797.85
103747,51994,564,1,1265.51,0.0,1265.51
103748,51995,696,2,4358.64,0.0,8717.28
103749,51996,662,1,9986.23,499.31,9486.92
103750,51997,559,2,5502.85,0.0,11005.7
103751,51997,514,1,8817.04,0.0,8817.04
103752,51998,566,1,8272.67,1654.53,6618.14
103753,51999,626,2,236.68,0.0,473.36
103754,52000,710,1,10731.06,536.55,10194.51
103755,52001,712,1,12089.2,1208.92,10880.28
103756,52001,544,1,6582.2,0.0,6582.2
103757,52002,689,1,11449.91,0.0,11449.91
103758,52002,531,2,10687.35,2137.47,19237.23
103759,52003,785,1,1136.17,0.0,1136.17
103760,52004,588,1,490.64,0.0,490.64
103761,52004,761,4,1440.57,0.0,5762.28
103762,52005,731,1,1578.26,157.83,1420.43
103763,52005,999999,3,3589.04,1615.07,9152.05
103764,52006,647,2,48665.91,0.0,97331.82
103765,52007,528,1,951.12,0.0,951.12
103766,52008,565,1,322.27,0.0,322.27
103767,52008,735,1,1557.67,0.0,1557.67
103768,52009,649,1,699.68,0.0,699.68
103769,52009,695,1,24310.04,3646.51,20663.53
103770,52010,602,1,817.44,163.49,653.95
103771,52010,723,3,3644.62,1093.39,9840.47
103772,52010,523,1,6428.51,321.43,6107.08
103773,52010,548,1,8285.36,0.0,8285.36
103774,52010,531,1,10687.35,0.0,10687.35
103775,52011,604,1,5835.32,0.0,5835.32
103776,52012,800,1,2202.18,110.11,2092.07
103777,52012,653,1,4298.41,0.0,4298.41
103778,52013,999999,1,15471.04,773.55,14697.49
103779,52013,547,1,817.17,81.72,735.45
103780,52013,756,2,372.34,37.23,707.45
103781,52013,636,1,1717.09,85.85,1631.24
103782,52014,556,1,3671.69,550.75,3120.94
103783,52015,618,1,161.7,0.0,161.7
103784,52016,567,1,7980.38,0.0,7980.38
103785,52017,521,1,3815.32,572.3,3243.02
103786,52018,541,4,2124.38,1699.5,6798.02
103787,52019,520,2,1736.99,0.0,3473.98
103788,52019,745,2,5138.19,0.0,10276.38
103789,52020,716,1,1117.48,111.75,1005.73
103790,52021,734,2,839.57,0.0,1679.14
103791,52021,600,1,6469.3,1293.86,5175.44
103792,52022,562,1,1170.27,0.0,1170.27
103793,52022,522,2,39986.91,0.0,79973.82
103794,52022,507,1,5384.85,269.24,5115.61
103795,52022,571,1,11994.11,2398.82,9595.29
103796,52023,676,3,865.11,0.0,2595.33
103797,52023,611,1,15431.65,0.0,15431.65
103798,52023,755,1,923.61,0.0,923.61
103799,52023,535,1,2114.96,0.0,2114.96
103800,52023,685,1,9687.25,0.0,9687.25
103801,52024,617,1,1324.53,0.0,1324.53
103802,52025,527,2,43071.55,0.0,86143.1
103803,52025,582,3,8407.83,0.0,25223.49
103804,52026,510,2,640.28,0.0,1280.56
103805,52026,501,1,45292.52,0.0,45292.52
103806,52027,643,1,55447.46,0.0,55447.46
103807,52027,678,2,37877.29,0.0,75754.58
103808,52028,765,2,37606.92,11282.08,63931.76
103809,52029,508,2,5538.85,0.0,11077.7
103810,52030,535,1,2114.96,0.0,2114.96
103811,52031,999999,1,3012.88,0.0,3012.88
103812,52031,717,2,902.81,0.0,1805.62
103813,52032,550,1,3272.22,0.0,3272.22
103814,52032,656,3,9107.06,0.0,27321.18
103815,52033,757,1,13097.42,0.0,13097.42
103816,52034,616,2,594.6,0.0,1189.2
103817,52035,555,1,9558.13,0.0,9558.13
103818,52036,555,1,9558.13,0.0,9558.13
103819,52036,718,1,6766.17,338.31,6427.86
103820,52036,694,2,1970.24,197.02,3743.46
103821,52036,730,1,713.55,35.68,677.87
103822,52037,539,4,1082.58,0.0,4330.32
103823,52038,649,2,699.68,0.0,1399.36
103824,52038,547,2,817.17,0.0,1634.34
103825,52038,759,1,8304.75,0.0,8304.75
103826,52038,730,5,713.55,0.0,3567.75
103827,52038,621,1,1304.44,130.44,1174.0
103828,52039,633,1,1617.01,0.0,1617.01
103829,52039,627,1,348.17,17.41,330.76
103830,52039,725,1,6229.36,0.0,6229.36
103831,52039,780,2,3012.88,602.58,5423.18
103832,52039,508,1,5538.85,553.89,4984.96
103833,52040,613,2,11372.12,3411.64,19332.6
103834,52041,687,1,1705.39,0.0,1705.39
103835,52042,735,1,1557.67,0.0,1557.67
103836,52042,760,1,11301.08,0.0,11301.08
103837,52042,795,1,18501.43,0.0,18501.43
103838,52043,671,1,3564.48,178.22,3386.26
103839,52043,752,1,14566.93,2913.39,11653.54
103840,52043,776,1,1371.98,205.8,1166.18
103841,52044,597,1,535.83,0.0,535.83
103842,52045,728,2,2491.24,0.0,4982.48
103843,52045,726,1,983.03,0.0,983.03
103844,52046,623,1,2674.16,0.0,2674.16
103845,52047,659,1,364.24,0.0,364.24
103846,52047,646,1,6680.81,334.04,6346.77
103847,52048,684,2,59645.43,11929.09,107361.77
103848,52048,745,2,5138.19,0.0,10276.38
103849,52048,751,1,25845.26,0.0,25845.26
103850,52049,535,1,2114.96,0.0,2114.96
103851,52050,758,1,2596.01,0.0,2596.01
103852,52050,757,2,13097.42,1309.74,24885.1
103853,52051,800,3,2202.18,660.65,5945.89
103854,52051,769,1,1383.36,0.0,1383.36
103855,52052,504,1,3910.83,391.08,3519.75
103856,52052,649,1,699.68,104.95,594.73
103857,52052,640,1,1058.22,0.0,1058.22
103858,52052,762,3,886.5,0.0,2659.5
103859,52053,781,1,508.19,0.0,508.19
103860,52054,706,1,14673.28,1467.33,13205.95
103861,52055,698,3,9291.61,0.0,27874.83
103862,52055,706,1,14673.28,0.0,14673.28
103863,52056,724,1,2567.59,385.14,2182.45
103864,52057,754,1,9295.64,0.0,9295.64
103865,52057,771,1,1072.89,0.0,1072.89
103866,52058,784,1,1641.14,0.0,1641.14
103867,52059,770,1,2789.39,139.47,2649.92
103868,52060,722,1,53128.36,0.0,53128.36
103869,52060,604,3,5835.32,0.0,17505.96
103870,52060,800,1,2202.18,0.0,2202.18
103871,52061,541,1,2124.38,0.0,2124.38
103872,52062,676,1,865.11,0.0,865.11
103873,52062,768,2,10470.08,0.0,20940.16
103874,52063,630,1,2387.03,477.41,1909.62
103875,52063,678,1,37877.29,0.0,37877.29
103876,52064,546,1,12181.16,2436.23,9744.93
103877,52064,624,4,391.05,234.63,1329.57
103878,52065,795,2,18501.43,1850.14,35152.72
103879,52065,682,1,707.75,0.0,707.75
103880,52066,524,2,1357.31,135.73,2578.89
103881,52067,718,4,6766.17,0.0,27064.68
103882,52068,775,1,3454.82,345.48,3109.34
103883,52068,646,3,6680.81,0.0,20042.43
103884,52068,571,1,11994.11,0.0,11994.11
103885,52069,568,2,5802.78,0.0,11605.56
103886,52069,999999,2,9295.64,929.56,17661.72
103887,52069,540,3,32834.15,4925.12,93577.33
103888,52070,566,1,8272.67,827.27,7445.4
103889,52071,696,1,4358.64,0.0,4358.64
103890,52072,718,1,6766.17,338.31,6427.86
103891,52073,597,2,535.83,0.0,1071.66
103892,52074,754,1,9295.64,1394.35,7901.29
103893,52075,532,1,820.25,0.0,820.25
103894,52075,573,4,620.76,0.0,2483.04
103895,52075,645,1,3816.62,0.0,3816.62
103896,52076,800,2,2202.18,0.0,4404.36
103897,52076,790,1,723.68,0.0,723.68
103898,52077,786,1,5485.59,274.28,5211.31
103899,52078,613,1,11372.12,0.0,11372.12
103900,52079,616,1,594.6,0.0,594.6
103901,52080,555,1,9558.13,477.91,9080.22
103902,52081,572,1,1098.59,164.79,933.8
103903,52081,536,1,1067.42,160.11,907.31
103904,52082,777,1,2061.3,309.19,1752.11
103905,52082,670,2,2118.7,0.0,4237.4
103906,52083,523,1,6428.51,0.0,6428.51
103907,52083,614,2,30296.77,0.0,60593.54
103908,52084,545,4,1464.92,585.97,5273.71
103909,52085,701,3,11805.02,1770.75,33644.31
103910,52086,702,1,569.75,0.0,569.75
103911,52087,715,1,61205.17,0.0,61205.17
103912,52087,548,2,8285.36,2485.61,14085.11
103913,52088,727,1,11354.29,0.0,11354.29
103914,52088,704,1,1165.72,116.57,1049.15
103915,52088,757,1,13097.42,1964.61,11132.81
103916,52089,612,1,2192.78,0.0,2192.78
103917,52089,597,1,535.83,0.0,535.83
103918,52090,764,2,38368.4,0.0,76736.8
103919,52091,562,1,1170.27,58.51,1111.76
103920,52091,746,5,1732.13,433.03,8227.62
103921,52092,647,3,48665.91,0.0,145997.73
103922,52093,672,2,9227.41,0.0,18454.82
103923,52093,652,1,13563.11,0.0,13563.11
103924,52093,711,1,5931.42,1186.28,4745.14
103925,52094,792,2,2835.7,0.0,5671.4
103926,52095,618,2,161.7,0.0,323.4
103927,52096,572,1,1098.59,0.0,1098.59
103928,52096,546,5,12181.16,0.0,60905.8
103929,52097,602,2,817.44,0.0,1634.88
103930,52097,733,1,1597.66,0.0,1597.66
103931,52098,540,1,32834.15,0.0,32834.15
103932,52099,577,1,795.1,159.02,636.08
103933,52100,657,1,8779.23,1316.88,7462.35
103934,52101,669,2,5183.71,1555.11,8812.31
103935,52101,602,1,817.44,122.62,0.01
103936,52102,526,1,5568.93,0.0,5568.93
103937,52102,725,1,6229.36,1245.87,4983.49
103938,52103,503,2,1376.24,0.0,2752.48
103939,52103,790,1,723.68,0.0,723.68
103940,52104,593,1,1214.64,60.73,1153.91
103941,52105,575,1,253.01,12.65,240.36
103942,52105,608,1,667.69,0.0,667.69
103943,52105,574,4,20894.55,4178.91,79399.29
103944,52106,529,2,47474.39,0.0,94948.78
103945,52107,721,1,5715.09,0.0,5715.09
103946,52108,780,1,3012.88,0.0,3012.88
103947,52109,767,4,2764.13,1658.48,9398.04
103948,52109,768,2,10470.08,0.0,20940.16
103949,52110,685,1,9687.25,0.0,9687.25
103950,52110,543,2,4352.44,0.0,8704.88
103951,52111,617,1,1324.53,0.0,1324.53
103952,52111,999999,1,1304.44,0.0,1304.44
103953,52111,552,1,10613.41,0.0,10613.41
103954,52111,779,2,9166.85,916.69,17417.01
103955,52111,627,2,348.17,0.0,696.34
103956,52112,502,2,15084.04,4525.21,25642.87
103957,52112,547,1,817.17,81.72,735.45
103958,52113,579,1,17100.24,0.0,17100.24
103959,52114,612,2,2192.78,0.0,4385.56
103960,52115,563,1,5426.08,813.91,4612.17
103961,52116,626,2,236.68,0.0,473.36
103962,52116,551,2,3446.79,0.0,6893.58
103963,52117,798,2,3816.99,763.4,6870.58
103964,52118,651,3,4691.47,0.0,14074.41
103965,52119,538,1,8640.93,432.05,8208.88
103966,52120,783,1,39234.63,0.0,39234.63
103967,52121,622,2,2792.75,279.28,5306.22
103968,52122,791,1,11369.6,0.0,11369.6
103969,52122,559,1,5502.85,275.14,5227.71
103970,52123,539,1,1082.58,0.0,1082.58
103971,52124,522,3,39986.91,0.0,119960.73
103972,52125,611,1,15431.65,0.0,15431.65
103973,52126,558,5,9344.26,0.0,46721.3
103974,52126,722,3,53128.36,0.0,159385.08
103975,52127,760,1,11301.08,0.0,11301.08
103976,52128,794,1,482.29,0.0,482.29
103977,52129,602,1,817.44,0.0,817.44
103978,52130,584,1,1377.03,206.55,1170.48
103979,52130,781,1,508.19,0.0,508.19
103980,52131,787,10,27577.51,13788.75,261986.35
103981,52131,617,1,1324.53,66.23,1258.3
103982,52132,544,1,6582.2,0.0,6582.2
103983,52132,755,1,923.61,0.0,923.61
103984,52132,584,4,1377.03,0.0,5508.12
103985,52133,506,1,1305.17,0.0,1305.17
103986,52134,697,1,17716.2,0.0,17716.2
103987,52135,533,1,10801.02,0.0,10801.02
103988,52136,736,2,6075.78,0.0,12151.56
103989,52136,526,1,5568.93,556.89,5012.04
103990,52137,546,1,12181.16,2436.23,9744.93
103991,52138,653,1,4298.41,0.0,4298.41
103992,52139,641,3,3333.39,0.0,10000.17
103993,52140,800,1,2202.18,110.11,2092.07
103994,52140,674,1,7676.03,0.0,7676.03
103995,52140,567,1,7980.38,0.0,7980.38
103996,52140,638,1,9668.28,0.0,9668.28
103997,52141,999999,1,290.06,58.01,232.05
103998,52141,785,4,1136.17,0.0,4544.68
103999,52141,503,1,1376.24,0.0,1376.24
104000,52142,681,2,5353.16,535.32,10171.0
104001,52143,758,1,2596.01,519.2,2076.81
104002,52144,742,1,31236.95,4685.54,26551.41
104003,52144,509,1,3363.13,336.31,3026.82
104004,52145,771,2,1072.89,0.0,2145.78
104005,52145,658,1,711.18,0.0,711.18
104006,52146,678,1,37877.29,0.0,37877.29
104007,52147,580,1,1023.86,0.0,1023.86
104008,52148,529,1,47474.39,0.0,47474.39
104009,52148,554,1,5371.45,0.0,5371.45
104010,52149,676,1,865.11,0.0,865.11
104011,52149,591,3,9106.57,0.0,27319.71
104012,52149,713,1,5412.77,0.0,5412.77
104013,52150,561,1,2177.62,0.0,2177.62
104014,52150,657,1,8779.23,0.0,8779.23
104015,52150,605,1,1048.97,0.0,1048.97
104016,52151,542,2,1742.37,0.0,3484.74
104017,52152,688,1,9656.12,0.0,9656.12
104018,52152,539,5,1082.58,0.0,5412.9
104019,52153,757,10,13097.42,0.0,130974.2
104020,52154,754,2,9295.64,0.0,18591.28
104021,52154,692,1,7325.8,0.0,7325.8
104022,52155,643,3,55447.46,0.0,166342.38
104023,52155,746,2,1732.13,0.0,3464.26
104024,52156,540,2,32834.15,0.0,65668.3
104025,52156,514,1,8817.04,1763.41,7053.63
104026,52157,587,1,790.56,39.53,751.03
104027,52158,700,1,6725.93,0.0,6725.93
104028,52159,576,1,2970.75,0.0,2970.75
104029,52159,533,4,10801.02,2160.2,41043.88
104030,52160,556,3,3671.69,0.0,11015.07
104031,52161,999999,1,43071.55,8614.31,34457.24
104032,52162,762,1,886.5,0.0,886.5
104033,52162,617,1,1324.53,66.23,1258.3
104034,52162,569,2,46883.02,0.0,93766.04
104035,52162,558,1,9344.26,934.43,8409.83
104036,52162,589,2,17388.16,3477.63,31298.69
104037,52163,517,4,12096.53,2419.31,45966.81
104038,52164,744,1,6141.59,0.0,6141.59
104039,52165,797,2,1277.35,127.73,2426.97
104040,52165,689,1,11449.91,0.0,11449.91
104041,52165,587,1,790.56,0.0,790.56
104042,52165,766,1,4834.22,725.13,4109.09
104043,52165,665,3,2533.05,379.96,7219.19
104044,52166,795,1,18501.43,1850.14,16651.29
104045,52167,660,2,3268.31,0.0,6536.62
104046,52168,503,2,1376.24,275.25,2477.23
104047,52169,514,3,8817.04,0.0,26451.12
104048,52170,715,1,61205.17,0.0,61205.17
104049,52171,588,1,490.64,0.0,490.64
104050,52172,647,1,48665.91,4866.59,43799.32
104051,52172,554,3,5371.45,0.0,16114.35
104052,52172,770,1,2789.39,0.0,2789.39
104053,52173,642,2,6612.07,0.0,13224.14
104054,52174,714,4,44813.18,26887.91,152364.81
104055,52175,681,1,5353.16,0.0,5353.16
104056,52175,580,4,1023.86,614.32,3481.12
104057,52176,527,2,43071.55,8614.31,77528.79
104058,52176,543,-1,4352.44,1305.73,11751.59
104059,52176,752,1,14566.93,728.35,13838.58
104060,52177,583,1,9641.6,482.08,9159.52
104061,52178,615,2,24337.83,0.0,48675.66
104062,52179,543,4,4352.44,0.0,17409.76
104063,52180,675,2,16586.98,0.0,33173.96
104064,52180,536,4,1067.42,640.45,3629.23
104065,52181,567,2,7980.38,798.04,15162.72
104066,52182,605,1,1048.97,0.0,1048.97
104067,52182,635,1,3079.07,0.0,3079.07
104068,52182,709,1,5677.52,0.0,5677.52
104069,52183,612,2,2192.78,0.0,0.01
104070,52184,697,1,17716.2,1771.62,15944.58
104071,52184,525,2,4003.31,0.0,8006.62
104072,52184,626,1,236.68,0.0,236.68
104073,52185,721,2,5715.09,571.51,10858.67
104074,52185,528,3,951.12,0.0,2853.36
104075,52185,593,1,1214.64,0.0,1214.64
104076,52186,713,0,5412.77,1082.55,4330.22
104077,52187,676,1,865.11,0.0,865.11
104078,52187,734,1,839.57,125.94,713.63
104079,52187,694,1,1970.24,295.54,1674.7
104080,52188,557,1,783.76,0.0,783.76
104081,52189,776,2,1371.98,0.0,2743.96
104082,52189,570,4,4486.57,0.0,17946.28
104083,52189,599,1,2796.57,139.83,2656.74
104084,52190,738,1,4031.99,0.0,4031.99
104085,52190,512,1,1219.3,121.93,1097.37
104086,52190,574,1,20894.55,0.0,20894.55
104087,52191,760,1,11301.08,0.0,11301.08
104088,52192,733,1,1597.66,0.0,1597.66
104089,52192,797,1,1277.35,0.0,1277.35
104090,52193,581,2,2900.19,580.04,5220.34
104091,52193,618,1,161.7,8.08,153.62
104092,52194,772,2,6175.25,0.0,12350.5
104093,52194,787,2,27577.51,5515.5,49639.52
104094,52195,799,2,2348.69,234.87,4462.51
104095,52195,535,1,2114.96,211.5,1903.46
104096,52196,622,3,2792.75,0.0,8378.25
104097,52197,770,1,2789.39,0.0,2789.39
104098,52197,693,1,1213.14,0.0,1213.14
104099,52197,754,1,9295.64,929.56,8366.08
104100,52197,776,1,1371.98,0.0,1371.98
104101,52197,688,1,9656.12,1448.42,8207.7
104102,52198,617,1,1324.53,132.45,1192.08
104103,52198,717,4,902.81,541.69,3069.55
104104,52199,517,3,12096.53,0.0,36289.59
104105,52200,614,2,30296.77,0.0,60593.54
104106,52201,638,1,9668.28,0.0,9668.28
104107,52202,604,2,5835.32,1167.06,10503.58
104108,52202,565,1,322.27,48.34,273.93
104109,52203,701,1,11805.02,590.25,11214.77
104110,52203,767,1,2764.13,0.0,2764.13
104111,52203,761,3,1440.57,216.09,4105.62
104112,52203,536,1,1067.42,0.0,1067.42
104113,52204,623,1,2674.16,0.0,2674.16
104114,52205,537,1,7317.24,0.0,7317.24
104115,52206,692,2,7325.8,0.0,14651.6
104116,52206,703,1,2609.04,391.36,2217.68
104117,52207,699,1,713.36,0.0,713.36
104118,52207,797,1,1277.35,127.73,1149.62
104119,52208,615,1,24337.83,0.0,24337.83
104120,52208,530,1,3414.81,170.74,3244.07
104121,52209,789,2,2799.8,0.0,5599.6
104122,52210,506,1,1305.17,0.0,1305.17
104123,52211,509,3,3363.13,0.0,10089.39
104124,52212,507,1,5384.85,0.0,5384.85
104125,52213,649,1,699.68,34.98,664.7
104126,52214,519,1,849.44,0.0,849.44
104127,52214,612,2,2192.78,0.0,4385.56
104128,52214,582,1,8407.83,420.39,7987.44
104129,52215,618,2,161.7,32.34,291.06
104130,52216,777,1,2061.3,103.07,1958.23
104131,52216,502,1,15084.04,0.0,15084.04
104132,52216,720,1,3038.53,0.0,3038.53
104133,52216,799,3,2348.69,1409.21,5636.86
104134,52217,749,2,1601.66,0.0,3203.32
104135,52218,656,1,9107.06,0.0,9107.06
104136,52218,746,1,1732.13,0.0,1732.13
104137,52219,752,3,14566.93,0.0,43700.79
104138,52219,526,1,5568.93,278.45,5290.48
104139,52219,589,1,17388.16,869.41,16518.75
104140,52219,643,2,55447.46,0.0,110894.92
104141,52219,516,1,14192.65,0.0,14192.65
104142,52220,676,1,865.11,86.51,778.6
104143,52221,535,1,2114.96,211.5,1903.46
104144,52222,537,1,7317.24,731.72,6585.52
104145,52222,757,1,13097.42,0.0,13097.42
104146,52223,562,1,1170.27,0.0,1170.27
104147,52224,678,1,37877.29,5681.59,32195.7
104148,52225,668,2,1156.71,0.0,2313.42
104149,52225,638,3,9668.28,0.0,29004.84
104150,52225,789,1,2799.8,279.98,2519.82
104151,52226,664,1,18695.4,1869.54,16825.86
104152,52226,735,1,1557.67,0.0,1557.67
104153,52227,675,1,16586.98,829.35,15757.63
104154,52228,705,1,17197.08,0.0,17197.08
104155,52228,728,1,2491.24,124.56,2366.68
104156,52229,508,4,5538.85,0.0,22155.4
104157,52230,668,2,1156.71,0.0,2313.42
104158,52231,515,4,1144.81,228.96,4350.28
104159,52231,615,1,24337.83,0.0,24337.83
104160,52232,745,1,5138.19,0.0,5138.19
104161,52233,999999,5,24337.83,0.0,121689.15
104162,52234,678,2,37877.29,0.0,75754.58
104163,52234,708,2,10297.58,2059.52,18535.64
104164,52235,731,1,1578.26,0.0,1578.26
104165,52236,639,2,5888.93,0.0,11777.86
104166,52236,718,2,6766.17,1353.23,12179.11
104167,52236,782,1,9360.71,0.0,9360.71
104168,52236,773,1,5708.39,0.0,5708.39
104169,52236,754,1,9295.64,0.0,9295.64
104170,52237,754,2,9295.64,2788.69,15802.59
104171,52238,651,3,4691.47,703.72,13370.69
104172,52238,698,1,9291.61,464.58,8827.03
104173,52238,563,1,5426.08,0.0,5426.08
104174,52239,664,1,18695.4,2804.31,15891.09
104175,52239,632,2,2338.49,233.85,4443.13
104176,52240,794,2,482.29,0.0,964.58
104177,52241,694,1,1970.24,0.0,1970.24
104178,52241,755,4,923.61,0.0,0.01
104179,52241,535,1,2114.96,105.75,2009.21
104180,52241,769,2,1383.36,138.34,2628.38
104181,52242,522,3,39986.91,0.0,119960.73
104182,52242,601,1,17813.81,890.69,16923.12
104183,52242,681,1,5353.16,535.32,4817.84
104184,52242,654,1,2895.35,0.0,2895.35
104185,52243,572,1,1098.59,0.0,1098.59
104186,52243,627,1,348.17,0.0,348.17
104187,52243,786,3,5485.59,0.0,16456.77
104188,52244,537,2,7317.24,0.0,14634.48
104189,52244,604,2,5835.32,0.0,11670.64
104190,52244,659,1,364.24,0.0,364.24
104191,52244,509,1,3363.13,168.16,3194.97
104192,52245,792,2,2835.7,283.57,5387.83
104193,52246,762,1,886.5,0.0,886.5
104194,52247,615,3,24337.83,0.0,73013.49
104195,52248,732,1,3277.37,0.0,3277.37
104196,52249,518,3,49561.42,0.0,148684.26
104197,52250,518,1,49561.42,2478.07,47083.35
104198,52251,751,1,25845.26,0.0,25845.26
104199,52252,666,-3,4195.88,629.38,3566.5
104200,52253,633,2,1617.01,0.0,3234.02
104201,52254,654,5,2895.35,0.0,14476.75
104202,52255,794,5,482.29,120.57,2290.88
104203,52256,722,1,53128.36,0.0,53128.36
104204,52257,716,1,1117.48,0.0,1117.48
104205,52258,604,2,5835.32,2334.13,9336.51
104206,52258,759,3,8304.75,0.0,24914.25
104207,52259,720,1,3038.53,151.93,2886.6
104208,52259,527,2,43071.55,12921.47,73221.63
104209,52260,626,2,236.68,71.0,402.36
104210,52260,654,1,2895.35,289.54,2605.81
104211,52261,569,1,46883.02,0.0,46883.02
104212,52261,707,2,626.29,125.26,1127.32
104213,52261,599,5,2796.57,2796.57,11186.28
104214,52262,700,2,6725.93,672.59,12779.27
104215,52262,583,3,9641.6,0.0,28924.8
104216,52263,611,2,15431.65,0.0,30863.3
104217,52263,741,10,1969.25,0.0,19692.5
104218,52263,513,2,1399.58,279.92,2519.24
104219,52263,608,2,667.69,0.0,1335.38
104220,52264,793,4,2448.49,0.0,9793.96
104221,52265,501,1,45292.52,2264.63,43027.89
104222,52265,701,1,11805.02,590.25,11214.77
104223,52265,595,3,2237.17,0.0,6711.51
104224,52266,772,3,6175.25,2778.86,15746.89
104225,52267,604,3,5835.32,0.0,17505.96
104226,52268,658,1,711.18,71.12,640.06
104227,52268,729,4,2699.1,0.0,10796.4
104228,52269,548,1,8285.36,414.27,7871.09
104229,52269,600,1,6469.3,0.0,6469.3
104230,52270,608,1,667.69,0.0,667.69
104231,52271,588,3,490.64,0.0,1471.92
104232,52272,610,1,26733.01,0.0,26733.01
104233,52273,581,2,2900.19,1160.08,4640.3
104234,52274,526,-1,5568.93,556.89,5012.04
104235,52275,623,3,2674.16,401.12,7621.36
104236,52275,631,1,1647.26,0.0,1647.26
104237,52275,614,2,30296.77,3029.68,57563.86
104238,52276,574,1,20894.55,0.0,20894.55
104239,52276,769,1,1383.36,138.34,1245.02
104240,52276,641,1,3333.39,0.0,3333.39
104241,52277,681,2,5353.16,0.0,10706.32
104242,52277,539,1,1082.58,0.0,1082.58
104243,52277,554,1,5371.45,1074.29,4297.16
104244,52278,504,1,3910.83,195.54,3715.29
104245,52278,652,1,13563.11,678.16,12884.95
104246,52278,715,1,61205.17,0.0,61205.17
104247,52279,660,5,3268.31,0.0,16341.55
104248,52279,643,2,55447.46,0.0,110894.92
104249,52279,538,1,8640.93,1728.19,6912.74
104250,52280,591,3,9106.57,0.0,27319.71
104251,52281,508,1,5538.85,553.89,4984.96
104252,52282,513,1,1399.58,69.98,1329.6
104253,52282,587,10,790.56,395.28,7510.32
104254,52283,620,2,607.15,121.43,1092.87
104255,52283,614,1,30296.77,0.0,30296.77
104256,52284,789,3,2799.8,839.94,7559.46
104257,52285,593,1,1214.64,60.73,1153.91
104258,52286,682,1,707.75,0.0,707.75
104259,52286,572,1,1098.59,0.0,1098.59
104260,52287,530,5,3414.81,0.0,17074.05
104261,52287,745,2,5138.19,513.82,9762.56
104262,52287,617,1,1324.53,66.23,1258.3
104263,52288,587,1,790.56,39.53,751.03
104264,52289,525,2,4003.31,1200.99,6805.63
104265,52290,800,1,2202.18,0.0,2202.18
104266,52291,514,1,8817.04,440.85,8376.19
104267,52292,524,1,1357.31,0.0,1357.31
104268,52292,764,5,38368.4,19184.2,172657.8
104269,52293,515,3,1144.81,0.0,3434.43
104270,52294,748,0,2116.96,0.0,2116.96
104271,52294,630,2,2387.03,0.0,4774.06
104272,52295,603,2,18106.09,0.0,36212.18
104273,52296,669,2,5183.71,0.0,10367.42
104274,52296,750,2,182.17,0.0,364.34
104275,52297,741,1,1969.25,0.0,1969.25
104276,52298,579,1,17100.24,1710.02,15390.22
104277,52299,627,2,348.17,0.0,696.34
104278,52300,692,1,7325.8,0.0,7325.8
104279,52300,568,1,5802.78,290.14,5512.64
104280,52300,721,1,5715.09,0.0,5715.09
104281,52300,715,1,61205.17,0.0,61205.17
104282,52300,788,1,8889.42,0.0,8889.42
104283,52301,581,2,2900.19,0.0,5800.38
104284,52301,764,1,38368.4,1918.42,36449.98
104285,52301,618,5,161.7,0.0,808.5
104286,52302,678,1,37877.29,3787.73,34089.56
104287,52302,597,3,535.83,241.12,1366.37
104288,52303,751,5,25845.26,0.0,129226.3
104289,52303,656,1,9107.06,455.35,8651.71
104290,52303,734,2,839.57,167.91,1511.23
104291,52304,735,3,1557.67,0.0,4673.01
104292,52304,774,3,1776.67,0.0,5330.01
104293,52304,535,4,2114.96,0.0,8459.84
104294,52304,659,1,364.24,36.42,327.82
104295,52304,687,1,1705.39,0.0,1705.39
104296,52305,798,1,3816.99,0.0,3816.99
104297,52306,610,1,26733.01,1336.65,25396.36
104298,52306,517,1,12096.53,0.0,12096.53
104299,52307,718,1,6766.17,0.0,6766.17
104300,52307,796,1,1462.48,0.0,1462.48
104301,52307,552,1,10613.41,0.0,10613.41
104302,52308,715,1,61205.17,6120.52,55084.65
104303,52308,731,2,1578.26,0.0,3156.52
104304,52308,557,1,783.76,156.75,627.01
104305,52308,575,3,253.01,0.0,759.03
104306,52309,761,1,1440.57,288.11,1152.46
104307,52309,688,1,9656.12,482.81,9173.31
104308,52309,585,1,29624.84,1481.24,28143.6
104309,52310,689,2,11449.91,0.0,22899.82
104310,52310,599,2,2796.57,0.0,5593.14
104311,52310,739,3,9905.71,0.0,29717.13
104312,52311,723,2,3644.62,728.92,6560.32
104313,52311,631,1,1647.26,0.0,1647.26
104314,52311,781,1,508.19,25.41,482.78
104315,52312,563,1,5426.08,0.0,5426.08
104316,52313,583,1,9641.6,0.0,9641.6
104317,52314,637,0,3516.12,0.0,10548.36
104318,52314,633,3,1617.01,0.0,4851.03
104319,52314,749,2,1601.66,160.17,3043.15
104320,52314,795,1,18501.43,925.07,17576.36
104321,52315,688,1,9656.12,965.61,8690.51
104322,52316,535,3,2114.96,0.0,6344.88
104323,52316,531,5,10687.35,2671.84,50764.91
104324,52317,754,1,9295.64,0.0,9295.64
104325,52317,736,2,6075.78,0.0,12151.56
104326,52318,581,1,2900.19,580.04,2320.15
104327,52319,754,1,9295.64,0.0,9295.64
104328,52320,740,1,38799.36,0.0,38799.36
104329,52320,553,4,31731.27,0.0,126925.08
104330,52321,651,2,4691.47,0.0,9382.94
104331,52321,608,2,667.69,0.0,1335.38
104332,52321,763,1,66.59,6.66,59.93
104333,52321,781,3,508.19,0.0,1524.57
104334,52322,619,1,577.92,0.0,577.92
104335,52322,795,3,18501.43,0.0,55504.29
104336,52322,535,1,2114.96,211.5,1903.46
104337,52322,664,1,18695.4,0.0,18695.4
104338,52322,762,3,886.5,0.0,2659.5
104339,52323,556,2,3671.69,367.17,6976.21
104340,52323,664,1,18695.4,1869.54,16825.86
104341,52324,742,3,31236.95,0.0,93710.85
104342,52324,616,2,594.6,0.0,1189.2
104343,52324,548,2,8285.36,0.0,16570.72
104344,52325,592,1,1511.43,75.57,1435.86
104345,52326,586,4,4444.5,0.0,17778.0
104346,52327,535,5,2114.96,0.0,10574.8
104347,52327,623,4,2674.16,0.0,10696.64
104348,52328,787,1,27577.51,2757.75,24819.76
104349,52328,698,1,9291.61,0.0,9291.61
104350,52328,652,1,13563.11,0.0,13563.11
104351,52329,581,1,2900.19,0.0,2900.19
104352,52329,692,2,7325.8,0.0,14651.6
104353,52329,519,1,849.44,0.0,849.44
104354,52329,788,4,8889.42,0.0,35557.68
104355,52330,704,1,1165.72,174.86,990.86
104356,52331,748,2,2116.96,846.78,3387.14
104357,52332,629,1,717.69,143.54,574.15
104358,52332,672,1,9227.41,0.0,9227.41
104359,52332,612,2,2192.78,0.0,4385.56
104360,52333,582,1,8407.83,1261.17,7146.66
104361,52334,721,2,5715.09,0.0,11430.18
104362,52335,521,5,3815.32,0.0,19076.6
104363,52335,762,1,886.5,44.33,842.17
104364,52335,549,1,13993.54,699.68,13293.86
104365,52336,629,1,717.69,71.77,645.92
104366,52336,999999,3,348.17,52.23,992.28
104367,52336,730,2,713.55,0.0,1427.1
104368,52336,655,1,5152.69,0.0,5152.69
104369,52337,510,1,640.28,0.0,640.28
104370,52338,780,1,3012.88,0.0,3012.88
104371,52338,562,1,1170.27,117.03,1053.24
104372,52339,693,5,1213.14,303.29,5762.41
104373,52340,520,2,1736.99,694.8,2779.18
104374,52340,595,1,2237.17,111.86,2125.31
104375,52340,555,1,9558.13,0.0,9558.13
104376,52341,717,1,902.81,45.14,857.67
104377,52341,633,2,1617.01,0.0,3234.02
104378,52341,574,1,20894.55,0.0,20894.55
104379,52341,759,2,8304.75,0.0,16609.5
104380,52342,665,3,2533.05,0.0,7599.15
104381,52342,539,3,1082.58,0.0,3247.74
104382,52343,682,1,707.75,106.16,601.59
104383,52344,550,5,3272.22,818.05,15543.05
104384,52344,609,3,3589.04,0.0,10767.12
104385,52344,512,4,1219.3,0.0,4877.2
104386,52344,647,2,48665.91,0.0,97331.82
104387,52345,789,2,2799.8,0.0,5599.6
104388,52345,666,1,4195.88,0.0,4195.88
104389,52345,598,1,579.36,0.0,579.36
104390,52346,549,3,13993.54,0.0,41980.62
104391,52347,779,1,9166.85,0.0,9166.85
104392,52348,519,1,849.44,0.0,849.44
104393,52349,772,1,6175.25,0.0,6175.25
104394,52350,601,1,17813.81,890.69,16923.12
104395,52351,623,1,2674.16,0.0,2674.16
104396,52352,677,5,3625.43,906.36,17220.79
104397,52353,569,3,46883.02,0.0,140649.06
104398,52354,686,1,4182.59,0.0,4182.59
104399,52354,510,2,640.28,0.0,1280.56
104400,52355,645,1,3816.62,0.0,3816.62
104401,52355,627,2,348.17,69.63,626.71
104402,52355,538,-3,8640.93,432.05,8208.88
104403,52355,516,1,14192.65,0.0,14192.65
104404,52355,612,1,2192.78,0.0,2192.78
104405,52356,570,2,4486.57,448.66,8524.48
104406,52357,629,1,717.69,0.0,717.69
104407,52358,744,2,6141.59,1228.32,11054.86
104408,52359,667,1,558.92,0.0,558.92
104409,52360,734,1,839.57,0.0,839.57
104410,52361,677,1,3625.43,543.81,3081.62
104411,52361,596,1,1919.15,0.0,1919.15
104412,52362,774,3,1776.67,799.5,4530.51
104413,52362,751,1,25845.26,2584.53,23260.73
104414,52362,778,2,2068.11,413.62,3722.6
104415,52363,787,1,27577.51,0.0,27577.51
104416,52363,627,1,348.17,0.0,348.17
104417,52364,591,1,9106.57,455.33,8651.24
104418,52364,770,1,2789.39,557.88,2231.51
104419,52364,675,4,16586.98,0.0,66347.92
104420,52365,649,2,699.68,0.0,1399.36
104421,52365,711,1,5931.42,296.57,5634.85
104422,52366,541,3,2124.38,0.0,6373.14
104423,52366,999999,2,594.6,118.92,1070.28
104424,52367,725,1,6229.36,311.47,5917.89
104425,52367,589,5,17388.16,0.0,86940.8
104426,52368,601,1,17813.81,1781.38,16032.43
104427,52369,753,2,1068.74,0.0,2137.48
104428,52369,738,2,4031.99,806.4,7257.58
104429,52369,792,2,2835.7,0.0,5671.4
104430,52369,544,1,6582.2,329.11,6253.09
104431,52370,714,1,44813.18,0.0,44813.18
104432,52370,530,1,3414.81,0.0,3414.81
104433,52370,703,1,2609.04,260.9,2348.14
104434,52371,508,1,5538.85,0.0,5538.85
104435,52371,762,4,886.5,0.0,3546.0
104436,52371,505,1,5998.46,0.0,5998.46
104437,52372,702,1,569.75,28.49,541.26
104438,52373,677,1,3625.43,0.0,3625.43
104439,52373,559,1,5502.85,0.0,5502.85
104440,52373,734,1,839.57,125.94,713.63
104441,52373,564,1,1265.51,189.83,1075.68
104442,52374,755,1,923.61,138.54,785.07
104443,52374,728,2,2491.24,0.0,4982.48
104444,52375,654,2,2895.35,0.0,5790.7
104445,52376,594,4,55089.87,0.0,220359.48
104446,52376,762,4,886.5,709.2,2836.8
104447,52376,516,1,14192.65,0.0,14192.65
104448,52377,640,1,1058.22,105.82,952.4
104449,52378,700,1,6725.93,336.3,6389.63
104450,52379,794,1,482.29,0.0,482.29
104451,52380,664,2,18695.4,0.0,37390.8
104452,52381,615,2,24337.83,4867.57,43808.09
104453,52381,653,1,4298.41,214.92,4083.49
104454,52382,605,2,1048.97,104.9,1993.04
104455,52383,671,1,3564.48,356.45,3208.03
104456,52383,702,1,569.75,0.0,569.75
104457,52383,653,2,4298.41,859.68,7737.14
104458,52383,631,1,1647.26,329.45,1317.81
104459,52384,561,1,2177.62,0.0,2177.62
104460,52384,528,1,951.12,0.0,951.12
104461,52385,654,3,2895.35,0.0,8686.05
104462,52386,744,1,6141.59,0.0,6141.59
104463,52386,627,4,348.17,208.9,1183.78
104464,52386,713,2,5412.77,0.0,10825.54
104465,52387,685,1,9687.25,0.0,9687.25
104466,52388,697,2,17716.2,0.0,35432.4
104467,52388,550,3,3272.22,0.0,9816.66
104468,52388,667,1,558.92,0.0,558.92
104469,52388,650,1,6201.76,620.18,5581.58
104470,52389,716,1,1117.48,0.0,1117.48
104471,52389,511,1,856.8,0.0,856.8
104472,52389,581,1,2900.19,0.0,2900.19
104473,52390,692,1,7325.8,0.0,7325.8
104474,52391,786,2,5485.59,0.0,10971.18
104475,52392,514,1,8817.04,881.7,7935.34
104476,52392,724,1,2567.59,0.0,2567.59
104477,52393,779,1,9166.85,458.34,8708.51
104478,52393,725,1,6229.36,622.94,5606.42
104479,52393,770,1,2789.39,0.0,2789.39
104480,52393,755,1,923.61,0.0,923.61
104481,52394,685,1,9687.25,0.0,9687.25
104482,52395,782,1,9360.71,1404.11,7956.6
104483,52395,681,1,5353.16,0.0,5353.16
104484,52395,526,1,5568.93,835.34,4733.59
104485,52395,770,1,2789.39,0.0,2789.39
104486,52396,501,1,45292.52,2264.63,43027.89
104487,52397,756,1,372.34,0.0,372.34
104488,52398,697,2,17716.2,0.0,35432.4
104489,52399,794,1,482.29,0.0,482.29
104490,52400,721,2,5715.09,0.0,11430.18
104491,52400,588,1,490.64,0.0,490.64
104492,52400,758,1,2596.01,0.0,2596.01
104493,52400,559,2,5502.85,0.0,11005.7
104494,52401,502,1,15084.04,0.0,15084.04
104495,52402,539,1,1082.58,162.39,920.19
104496,52403,663,1,1339.76,0.0,1339.76
104497,52403,798,1,3816.99,0.0,3816.99
104498,52404,770,1,2789.39,278.94,2510.45
104499,52404,680,1,1294.32,0.0,1294.32
104500,52405,775,1,3454.82,0.0,3454.82
104501,52406,593,1,1214.64,0.0,1214.64
104502,52406,674,1,7676.03,0.0,7676.03
104503,52407,690,1,1805.43,180.54,1624.89
104504,52408,692,1,7325.8,1098.87,6226.93
104505,52409,515,1,1144.81,0.0,1144.81
104506,52409,531,1,10687.35,534.37,10152.98
104507,52410,791,1,11369.6,0.0,11369.6
104508,52411,741,5,1969.25,0.0,9846.25
104509,52411,553,1,31731.27,4759.69,26971.58
104510,52412,600,1,6469.3,970.39,5498.91
104511,52412,689,1,11449.91,0.0,11449.91
104512,52412,742,1,31236.95,6247.39,24989.56
104513,52413,769,2,1383.36,0.0,2766.72
104514,52413,751,3,25845.26,0.0,77535.78
104515,52413,787,2,27577.51,0.0,55155.02
104516,52413,667,1,558.92,55.89,503.03
104517,52414,764,3,38368.4,11510.52,103594.68
104518,52414,627,1,348.17,0.0,348.17
104519,52415,529,1,47474.39,0.0,47474.39
104520,52415,650,1,6201.76,930.26,5271.5
104521,52415,643,3,55447.46,8317.12,158025.26
104522,52415,687,5,1705.39,426.35,8100.6
104523,52415,524,2,1357.31,0.0,2714.62
104524,52416,765,1,37606.92,0.0,37606.92
104525,52417,756,1,372.34,0.0,372.34
104526,52418,727,1,11354.29,567.71,10786.58
104527,52418,585,1,29624.84,2962.48,26662.36
104528,52418,643,1,55447.46,2772.37,52675.09
104529,52418,662,5,9986.23,2496.56,47434.59
104530,52419,502,1,15084.04,0.0,15084.04
104531,52419,687,2,1705.39,0.0,3410.78
104532,52420,513,1,1399.58,139.96,1259.62
104533,52421,555,1,9558.13,0.0,9558.13
104534,52422,671,3,3564.48,0.0,10693.44
104535,52422,615,1,24337.83,0.0,24337.83
104536,52422,731,5,1578.26,0.0,7891.3
104537,52422,792,1,2835.7,0.0,2835.7
104538,52423,771,1,1072.89,0.0,1072.89
104539,52423,691,1,12820.07,641.0,12179.07
104540,52424,727,1,11354.29,0.0,11354.29
104541,52425,680,1,1294.32,0.0,1294.32
104542,52426,664,3,18695.4,0.0,56086.2
104543,52426,727,5,11354.29,0.0,56771.45
104544,52426,747,1,805.8,40.29,765.51
104545,52427,777,3,2061.3,618.39,5565.51
104546,52428,742,1,31236.95,0.0,31236.95
104547,52428,577,4,795.1,0.0,3180.4
104548,52428,524,1,1357.31,0.0,1357.31
104549,52429,695,1,24310.04,1215.5,23094.54
104550,52430,696,5,4358.64,0.0,21793.2
104551,52431,522,1,39986.91,3998.69,35988.22
104552,52432,745,1,5138.19,770.73,4367.46
104553,52433,658,1,711.18,35.56,675.62
104554,52433,624,2,391.05,78.21,703.89
104555,52434,609,1,3589.04,0.0,3589.04
104556,52434,788,1,8889.42,0.0,8889.42
104557,52435,614,1,30296.77,0.0,30296.77
104558,52436,709,2,5677.52,567.75,10787.29
104559,52436,706,1,14673.28,0.0,14673.28
104560,52437,782,3,9360.71,0.0,28082.13
104561,52438,795,1,18501.43,925.07,17576.36
104562,52439,508,4,5538.85,0.0,22155.4
104563,52440,510,1,640.28,32.01,608.27
104564,52441,634,4,5262.27,0.0,21049.08
104565,52442,556,1,3671.69,0.0,3671.69
104566,52443,800,1,2202.18,0.0,2202.18
104567,52443,682,1,707.75,35.39,672.36
104568,52443,756,2,372.34,37.23,707.45
104569,52443,659,1,364.24,0.0,364.24
104570,52444,718,1,6766.17,0.0,6766.17
104571,52445,714,1,44813.18,4481.32,40331.86
104572,52446,757,2,13097.42,0.0,26194.84
104573,52446,574,1,20894.55,1044.73,19849.82
104574,52446,713,-3,5412.77,811.92,4600.85
104575,52446,647,3,48665.91,21899.66,124098.07
104576,52447,511,2,856.8,171.36,1542.24
104577,52448,589,2,17388.16,1738.82,33037.5
104578,52449,634,3,5262.27,2368.02,13418.79
104579,52450,580,1,1023.86,0.0,1023.86
104580,52451,607,4,10316.31,4126.52,37138.72
104581,52451,774,1,1776.67,0.0,1776.67
104582,52451,631,1,1647.26,82.36,1564.9
104583,52452,747,1,805.8,0.0,805.8
104584,52453,589,1,17388.16,0.0,17388.16
104585,52453,507,1,5384.85,0.0,5384.85
104586,52454,554,2,5371.45,0.0,10742.9
104587,52455,730,1,713.55,35.68,677.87
104588,52456,564,2,1265.51,0.0,2531.02
104589,52456,798,1,3816.99,190.85,3626.14
104590,52456,650,2,6201.76,0.0,12403.52
104591,52457,751,1,25845.26,3876.79,21968.47
104592,52458,503,3,1376.24,0.0,4128.72
104593,52459,517,1,12096.53,1814.48,10282.05
104594,52459,598,2,579.36,0.0,1158.72
104595,52459,539,1,1082.58,0.0,1082.58
104596,52460,597,1,535.83,0.0,535.83
104597,52460,603,5,18106.09,13579.57,76950.88
104598,52461,506,1,1305.17,0.0,1305.17
104599,52461,581,1,2900.19,0.0,2900.19
104600,52462,688,1,9656.12,0.0,9656.12
104601,52462,600,2,6469.3,646.93,12291.67
104602,52463,545,3,1464.92,0.0,4394.76
104603,52464,594,1,55089.87,0.0,55089.87
104604,52465,590,2,2022.4,0.0,4044.8
104605,52465,574,4,20894.55,16715.64,66862.56
104606,52465,660,1,3268.31,326.83,2941.48
104607,52465,754,10,9295.64,0.0,92956.4
104608,52465,783,4,39234.63,0.0,156938.52
104609,52466,565,1,322.27,0.0,322.27
104610,52466,534,3,46679.73,14003.92,126035.27
104611,52466,531,3,10687.35,0.0,32062.05
104612,52466,772,2,6175.25,0.0,12350.5
104613,52467,682,3,707.75,0.0,2123.25
104614,52467,595,1,2237.17,335.58,1901.59
104615,52468,584,1,1377.03,0.0,1377.03
104616,52468,559,1,5502.85,1100.57,4402.28
104617,52469,797,2,1277.35,127.73,2426.97
104618,52469,510,4,640.28,0.0,2561.12
104619,52469,600,1,6469.3,646.93,5822.37
104620,52470,646,1,6680.81,0.0,6680.81
104621,52471,588,1,490.64,0.0,490.64
104622,52471,533,1,10801.02,0.0,10801.02
104623,52471,619,1,577.92,0.0,577.92
104624,52472,668,1,1156.71,57.84,1098.87
104625,52472,632,-3,2338.49,0.0,4676.98
104626,52472,520,4,1736.99,1042.19,5905.77
104627,52472,558,1,9344.26,1401.64,7942.62
104628,52473,638,1,9668.28,0.0,9668.28
104629,52474,720,1,3038.53,303.85,2734.68
104630,52474,611,1,15431.65,771.58,14660.07
104631,52474,705,1,17197.08,0.0,17197.08
104632,52474,711,3,5931.42,0.0,17794.26
104633,52474,768,1,10470.08,0.0,10470.08
104634,52475,798,1,3816.99,0.0,3816.99
104635,52476,757,1,13097.42,0.0,13097.42
104636,52476,502,2,15084.04,0.0,30168.08
104637,52476,645,1,3816.62,0.0,3816.62
104638,52477,603,1,18106.09,1810.61,16295.48
104639,52477,607,1,10316.31,2063.26,8253.05
104640,52477,668,2,1156.71,0.0,2313.42
104641,52478,698,1,9291.61,1393.74,7897.87
104642,52479,598,1,579.36,28.97,550.39
104643,52479,554,1,5371.45,537.14,4834.31
104644,52479,504,1,3910.83,0.0,3910.83
104645,52479,533,2,10801.02,0.0,21602.04
104646,52480,506,1,1305.17,0.0,1305.17
104647,52480,503,2,1376.24,137.62,2614.86
104648,52480,671,1,3564.48,0.0,3564.48
104649,52481,594,1,55089.87,0.0,55089.87
104650,52482,551,1,3446.79,0.0,3446.79
104651,52483,729,1,2699.1,0.0,2699.1
104652,52484,578,1,6521.84,0.0,6521.84
104653,52485,679,1,53522.92,0.0,53522.92
104654,52485,584,1,1377.03,206.55,1170.48
104655,52486,706,3,14673.28,0.0,44019.84
104656,52486,784,5,1641.14,0.0,8205.7
104657,52487,757,1,13097.42,0.0,13097.42
104658,52488,741,3,1969.25,886.16,5021.59
104659,52489,663,1,1339.76,133.98,1205.78
104660,52489,528,1,951.12,0.0,951.12
104661,52489,778,1,2068.11,413.62,1654.49
104662,52489,681,1,5353.16,0.0,5353.16
104663,52490,554,2,5371.45,0.0,10742.9
104664,52491,733,1,1597.66,0.0,1597.66
104665,52491,584,1,1377.03,0.0,1377.03
104666,52492,663,1,1339.76,0.0,1339.76
104667,52493,649,3,699.68,0.0,2099.04
104668,52493,539,2,1082.58,0.0,2165.16
104669,52493,563,5,5426.08,1356.52,25773.88
104670,52493,716,3,1117.48,335.24,3017.2
104671,52494,574,1,20894.55,4178.91,16715.64
104672,52494,641,1,3333.39,0.0,3333.39
104673,52494,771,10,1072.89,0.0,10728.9
104674,52494,575,2,253.01,50.6,455.42
104675,52495,679,2,53522.92,0.0,107045.84
104676,52495,551,3,3446.79,0.0,10340.37
104677,52495,674,1,7676.03,0.0,7676.03
104678,52496,722,2,53128.36,0.0,106256.72
104679,52497,550,2,3272.22,0.0,6544.44
104680,52498,624,2,391.05,78.21,703.89
104681,52499,720,1,3038.53,151.93,2886.6
104682,52500,617,1,1324.53,66.23,1258.3
104683,52500,508,2,5538.85,2215.54,8862.16
104684,52500,641,2,3333.39,0.0,6666.78
104685,52501,741,1,1969.25,98.46,1870.79
104686,52501,628,1,6761.04,338.05,6422.99
104687,52502,748,2,2116.96,0.0,4233.92
104688,52503,560,1,407.29,20.36,386.93
104689,52503,766,1,4834.22,0.0,4834.22
104690,52503,668,2,1156.71,0.0,2313.42
104691,52503,704,1,1165.72,58.29,1107.43
104692,52504,535,1,2114.96,0.0,2114.96
104693,52505,648,4,1203.65,0.0,4814.6
104694,52505,540,1,32834.15,3283.42,29550.73
104695,52505,719,1,15471.04,773.55,14697.49
104696,52506,763,1,66.59,0.0,66.59
104697,52506,514,2,8817.04,881.7,16752.38
104698,52507,561,2,2177.62,653.29,3701.95
104699,52507,736,1,6075.78,607.58,5468.2
104700,52507,799,1,2348.69,0.0,2348.69
104701,52507,671,1,3564.48,0.0,3564.48
104702,52508,677,4,3625.43,2175.26,12326.46
104703,52509,548,1,8285.36,414.27,7871.09
104704,52509,598,1,579.36,0.0,579.36
104705,52509,643,2,55447.46,0.0,110894.92
104706,52509,590,1,2022.4,0.0,2022.4
104707,52510,518,1,49561.42,0.0,49561.42
104708,52511,648,1,1203.65,240.73,962.92
104709,52511,574,2,20894.55,8357.82,33431.28
104710,52512,502,1,15084.04,1508.4,13575.64
104711,52512,795,2,18501.43,0.0,37002.86
104712,52512,687,2,1705.39,682.16,2728.62
104713,52513,800,1,2202.18,0.0,2202.18
104714,52514,799,1,2348.69,0.0,2348.69
104715,52515,555,1,9558.13,0.0,9558.13
104716,52516,769,2,1383.36,415.01,2351.71
104717,52516,648,1,1203.65,0.0,1203.65
104718,52517,628,2,6761.04,2028.31,11493.77
104719,52517,769,3,1383.36,0.0,4150.08
104720,52518,770,5,2789.39,0.0,13946.95
104721,52519,558,1,9344.26,467.21,8877.05
104722,52519,718,1,6766.17,338.31,6427.86
104723,52519,784,2,1641.14,0.0,3282.28
104724,52519,596,1,1919.15,0.0,1919.15
104725,52520,779,2,9166.85,1833.37,16500.33
104726,52520,787,1,27577.51,0.0,27577.51
104727,52521,550,2,3272.22,0.0,6544.44
104728,52521,615,2,24337.83,0.0,48675.66
104729,52522,750,3,182.17,0.0,546.51
104730,52523,567,3,7980.38,0.0,23941.14
104731,52523,605,1,1048.97,0.0,1048.97
104732,52524,765,1,37606.92,5641.04,31965.88
104733,52524,665,2,2533.05,0.0,5066.1
104734,52525,749,2,1601.66,0.0,3203.32
104735,52526,621,1,1304.44,0.0,1304.44
104736,52526,611,1,15431.65,771.58,14660.07
104737,52526,518,1,49561.42,2478.07,47083.35
104738,52527,536,2,1067.42,426.97,1707.87
104739,52527,721,5,5715.09,0.0,28575.45
104740,52528,598,2,579.36,0.0,1158.72
104741,52528,631,1,1647.26,0.0,1647.26
104742,52529,515,1,1144.81,0.0,1144.81
104743,52529,713,1,5412.77,0.0,5412.77
104744,52530,550,1,3272.22,327.22,2945.0
104745,52531,625,1,54397.72,0.0,54397.72
104746,52531,576,1,2970.75,0.0,2970.75
104747,52531,685,2,9687.25,0.0,19374.5
104748,52531,665,2,2533.05,0.0,5066.1
104749,52532,518,3,49561.42,0.0,148684.26
104750,52532,677,5,3625.43,0.0,18127.15
104751,52532,745,4,5138.19,0.0,20552.76
104752,52532,781,1,508.19,50.82,457.37
104753,52532,512,2,1219.3,243.86,2194.74
104754,52533,668,4,1156.71,0.0,4626.84
104755,52534,651,10,4691.47,0.0,46914.7
104756,52535,690,4,1805.43,361.09,6860.63
104757,52536,560,2,407.29,40.73,773.85
104758,52537,537,3,7317.24,0.0,21951.72
104759,52537,615,2,24337.83,0.0,48675.66
104760,52537,632,2,2338.49,0.0,4676.98
104761,52537,541,1,2124.38,0.0,2124.38
104762,52537,656,2,9107.06,3642.82,14571.3
104763,52538,520,2,1736.99,0.0,3473.98
104764,52538,512,1,1219.3,60.97,1158.33
104765,52538,650,1,6201.76,620.18,5581.58
104766,52539,510,1,640.28,96.04,544.24
104767,52540,717,1,902.81,180.56,722.25
104768,52541,760,1,11301.08,565.05,10736.03
104769,52542,786,2,5485.59,0.0,10971.18
104770,52543,537,2,7317.24,0.0,14634.48
104771,52544,699,2,713.36,0.0,1426.72
104772,52544,597,1,535.83,0.0,535.83
104773,52544,552,1,10613.41,0.0,10613.41
104774,52544,521,1,3815.32,763.06,3052.26
104775,52544,618,1,161.7,0.0,161.7
104776,52545,759,1,8304.75,415.24,7889.51
104777,52545,593,1,1214.64,0.0,1214.64
104778,52545,629,2,717.69,143.54,1291.84
104779,52545,658,3,711.18,213.35,1920.19
104780,52546,753,4,1068.74,0.0,4274.96
104781,52547,548,10,8285.36,0.0,82853.6
104782,52547,637,1,3516.12,175.81,3340.31
104783,52547,654,1,2895.35,289.54,2605.81
104784,52547,772,3,6175.25,0.0,18525.75
104785,52547,795,1,18501.43,2775.21,15726.22
104786,52548,754,2,9295.64,0.0,18591.28
104787,52548,787,1,27577.51,0.0,27577.51
104788,52548,510,2,640.28,128.06,1152.5
104789,52549,524,1,1357.31,0.0,1357.31
104790,52550,729,1,2699.1,269.91,2429.19
104791,52550,657,1,8779.23,438.96,8340.27
104792,52551,687,1,1705.39,0.0,1705.39
104793,52551,584,1,1377.03,68.85,1308.18
104794,52552,508,2,5538.85,0.0,11077.7
104795,52552,772,1,6175.25,0.0,6175.25
104796,52552,682,1,707.75,35.39,672.36
104797,52552,716,2,1117.48,0.0,2234.96
104798,52553,643,1,55447.46,0.0,55447.46
104799,52553,729,3,2699.1,0.0,8097.3
104800,52554,687,10,1705.39,852.7,16201.2
104801,52555,776,2,1371.98,0.0,2743.96
104802,52555,665,1,2533.05,126.65,2406.4
104803,52555,735,1,1557.67,233.65,1324.02
104804,52556,743,1,892.31,89.23,803.08
104805,52557,502,4,15084.04,6033.62,54302.54
104806,52557,671,2,3564.48,0.0,7128.96
104807,52557,514,4,8817.04,0.0,35268.16
104808,52557,790,1,723.68,36.18,687.5
104809,52557,675,2,16586.98,0.0,33173.96
104810,52558,785,2,1136.17,113.62,2158.72
104811,52558,798,1,3816.99,0.0,3816.99
104812,52558,640,1,1058.22,158.73,899.49
104813,52558,581,2,2900.19,0.0,5800.38
104814,52559,589,2,17388.16,3477.63,31298.69
104815,52560,704,1,1165.72,0.0,1165.72
104816,52560,553,1,31731.27,3173.13,28558.14
104817,52561,789,4,2799.8,0.0,11199.2
104818,52561,534,1,46679.73,4667.97,42011.76
104819,52561,558,2,9344.26,1868.85,16819.67
104820,52561,700,1,6725.93,0.0,6725.93
104821,52561,599,1,2796.57,0.0,2796.57
104822,52562,573,1,620.76,31.04,589.72
104823,52562,607,1,10316.31,0.0,10316.31
104824,52563,746,1,1732.13,0.0,1732.13
104825,52564,551,1,3446.79,172.34,3274.45
104826,52564,783,2,39234.63,3923.46,74545.8
104827,52565,716,1,1117.48,223.5,893.98
104828,52565,635,1,3079.07,0.0,3079.07
104829,52565,521,10,3815.32,5722.98,32430.22
104830,52566,999999,1,253.01,0.0,253.01
104831,52567,698,2,9291.61,929.16,17654.06
104832,52567,722,1,53128.36,0.0,53128.36
104833,52568,647,3,48665.91,0.0,145997.73
104834,52569,667,2,558.92,0.0,1117.84
104835,52569,528,5,951.12,0.0,4755.6
104836,52570,605,2,1048.97,0.0,2097.94
104837,52571,575,1,253.01,25.3,227.71
104838,52572,703,4,2609.04,521.81,9914.35
104839,52573,792,3,2835.7,0.0,8507.1
104840,52573,638,1,9668.28,0.0,9668.28
104841,52574,697,1,17716.2,0.0,17716.2
104842,52574,543,2,4352.44,870.49,7834.39
104843,52574,527,1,43071.55,0.0,43071.55
104844,52575,749,1,1601.66,0.0,1601.66
104845,52575,613,1,11372.12,0.0,11372.12
104846,52576,569,1,46883.02,2344.15,44538.87
104847,52576,644,1,36167.51,7233.5,28934.01
104848,52577,684,1,59645.43,0.0,59645.43
104849,52578,666,1,4195.88,0.0,4195.88
104850,52578,762,1,886.5,132.97,753.53
104851,52578,655,2,5152.69,0.0,10305.38
104852,52579,641,1,3333.39,500.01,2833.38
104853,52579,791,1,11369.6,0.0,11369.6
104854,52580,728,1,2491.24,0.0,2491.24
104855,52581,503,1,1376.24,0.0,1376.24
104856,52581,551,1,3446.79,344.68,3102.11
104857,52581,649,1,699.68,69.97,629.71
104858,52582,607,1,10316.31,0.0,10316.31
104859,52583,544,1,6582.2,0.0,6582.2
104860,52583,639,1,5888.93,0.0,5888.93
104861,52584,517,3,12096.53,1814.48,34475.11
104862,52584,656,4,9107.06,1821.41,34606.83
104863,52584,674,1,7676.03,0.0,7676.03
104864,52584,527,5,43071.55,32303.66,183054.09
104865,52584,543,4,4352.44,870.49,16539.27
104866,52585,641,2,3333.39,1333.36,5333.42
104867,52586,758,3,2596.01,0.0,7788.03
104868,52587,634,2,5262.27,0.0,10524.54
104869,52588,752,3,14566.93,2185.04,41515.75
104870,52588,673,1,1038.9,103.89,935.01
104871,52588,633,1,1617.01,0.0,1617.01
104872,52589,511,2,856.8,171.36,1542.24
104873,52589,539,1,1082.58,0.0,1082.58
104874,52589,791,1,11369.6,0.0,11369.6
104875,52589,756,2,372.34,0.0,744.68
104876,52590,643,2,55447.46,0.0,110894.92
104877,52590,571,2,11994.11,0.0,23988.22
104878,52590,634,1,5262.27,0.0,5262.27
104879,52590,575,1,253.01,0.0,253.01
104880,52591,591,1,9106.57,455.33,8651.24
104881,52591,711,10,5931.42,0.0,59314.2
104882,52591,762,1,886.5,0.0,886.5
104883,52592,503,1,1376.24,68.81,1307.43
104884,52592,728,1,2491.24,0.0,2491.24
104885,52592,696,3,4358.64,0.0,13075.92
104886,52592,776,1,1371.98,0.0,1371.98
104887,52593,554,2,5371.45,0.0,10742.9
104888,52594,722,2,53128.36,15938.51,90318.21
104889,52594,508,1,5538.85,1107.77,4431.08
104890,52594,542,2,1742.37,0.0,3484.74
104891,52595,646,5,6680.81,0.0,33404.05
104892,52596,720,1,3038.53,151.93,2886.6
104893,52597,561,1,2177.62,0.0,2177.62
104894,52598,687,1,1705.39,341.08,1364.31
104895,52598,749,1,1601.66,320.33,1281.33
104896,52598,774,2,1776.67,0.0,3553.34
104897,52598,614,1,30296.77,0.0,30296.77
104898,52599,647,2,48665.91,4866.59,92465.23
104899,52600,585,1,29624.84,0.0,29624.84
104900,52601,777,1,2061.3,206.13,1855.17
104901,52601,520,1,1736.99,0.0,1736.99
104902,52601,577,1,795.1,39.76,755.34
104903,52602,691,4,12820.07,2564.01,48716.27
104904,52603,724,5,2567.59,0.0,12837.95
104905,52603,712,2,12089.2,0.0,24178.4
104906,52603,578,3,6521.84,2934.83,16630.69
104907,52604,693,1,1213.14,0.0,1213.14
104908,52605,524,2,1357.31,542.92,2171.7
104909,52606,738,1,4031.99,0.0,4031.99
104910,52606,605,3,1048.97,472.04,2674.87
104911,52606,787,2,27577.51,0.0,55155.02
104912,52607,999999,1,2061.3,0.0,2061.3
104913,52608,503,1,1376.24,137.62,1238.62
104914,52608,642,3,6612.07,991.81,18844.4
104915,52608,721,1,5715.09,0.0,5715.09
104916,52608,532,2,820.25,328.1,1312.4
104917,52609,741,2,1969.25,0.0,3938.5
104918,52609,691,1,12820.07,1923.01,10897.06
104919,52610,635,1,3079.07,0.0,3079.07
104920,52611,597,1,535.83,80.37,455.46
104921,52612,780,4,3012.88,0.0,12051.52
104922,52613,645,1,3816.62,0.0,3816.62
104923,52614,677,1,3625.43,0.0,3625.43
104924,52615,529,1,47474.39,0.0,47474.39
104925,52615,560,1,407.29,40.73,366.56
104926,52615,597,1,535.83,0.0,535.83
104927,52616,562,2,1170.27,0.0,2340.54
104928,52616,772,1,6175.25,308.76,5866.49
104929,52617,633,2,1617.01,0.0,3234.02
104930,52618,611,1,15431.65,771.58,14660.07
104931,52618,579,2,17100.24,0.0,34200.48
104932,52618,743,1,892.31,133.85,758.46
104933,52619,578,1,6521.84,0.0,6521.84
104934,52619,690,1,1805.43,361.09,1444.34
104935,52620,564,1,1265.51,0.0,1265.51
104936,52621,791,1,11369.6,0.0,11369.6
104937,52621,614,1,30296.77,0.0,30296.77
104938,52621,721,5,5715.09,0.0,28575.45
104939,52622,644,4,36167.51,0.0,144670.04
104940,52622,691,1,12820.07,0.0,12820.07
104941,52623,556,1,3671.69,183.58,3488.11
104942,52624,524,1,1357.31,0.0,1357.31
104943,52624,566,2,8272.67,0.0,16545.34
104944,52625,698,2,9291.61,0.0,18583.22
104945,52625,503,2,1376.24,137.62,2614.86
104946,52626,780,3,3012.88,1355.8,7682.84
104947,52627,583,1,9641.6,0.0,9641.6
104948,52628,606,0,290.06,0.0,1450.3
104949,52629,598,3,579.36,0.0,1738.08
104950,52630,756,1,372.34,18.62,353.72
104951,52631,760,2,11301.08,3390.32,19211.84
104952,52632,590,2,2022.4,0.0,4044.8
104953,52632,759,1,8304.75,1245.71,7059.04
104954,52633,769,3,1383.36,0.0,4150.08
104955,52633,533,1,10801.02,0.0,10801.02
104956,52634,512,1,1219.3,0.0,1219.3
104957,52634,717,1,902.81,0.0,902.81
104958,52635,727,1,11354.29,0.0,11354.29
104959,52635,505,1,5998.46,299.92,5698.54
104960,52635,612,2,2192.78,657.83,3727.73
104961,52635,564,1,1265.51,63.28,1202.23
104962,52635,522,1,39986.91,0.0,39986.91
104963,52636,774,1,1776.67,266.5,1510.17
104964,52636,627,1,348.17,0.0,348.17
104965,52636,599,2,2796.57,838.97,4754.17
104966,52637,717,2,902.81,0.0,1805.62
104967,52638,614,1,30296.77,1514.84,28781.93
104968,52638,513,1,1399.58,69.98,1329.6
104969,52639,624,1,391.05,0.0,391.05
104970,52639,725,3,6229.36,0.0,18688.08
104971,52640,750,2,182.17,0.0,364.34
104972,52640,777,2,2061.3,0.0,4122.6
104973,52640,551,1,3446.79,689.36,2757.43
104974,52640,621,3,1304.44,195.67,3717.65
104975,52641,627,3,348.17,0.0,1044.51
104976,52641,601,1,17813.81,0.0,17813.81
104977,52642,517,1,12096.53,1209.65,10886.88
104978,52643,559,1,5502.85,0.0,5502.85
104979,52644,663,1,1339.76,0.0,1339.76
104980,52644,719,3,15471.04,2320.66,44092.46
104981,52645,592,1,1511.43,0.0,1511.43
104982,52646,722,2,53128.36,0.0,106256.72
104983,52647,786,-1,5485.59,0.0,5485.59
104984,52647,709,1,5677.52,0.0,5677.52
104985,52647,776,1,1371.98,137.2,1234.78
104986,52647,770,1,2789.39,0.0,2789.39
104987,52648,789,1,2799.8,0.0,2799.8
104988,52649,527,3,43071.55,0.0,129214.65
104989,52649,787,2,27577.51,0.0,55155.02
104990,52650,688,1,9656.12,0.0,9656.12
104991,52651,700,2,6725.93,0.0,13451.86
104992,52652,504,1,3910.83,0.0,3910.83
104993,52652,525,2,4003.31,1200.99,6805.63
104994,52652,555,1,9558.13,1433.72,8124.41
104995,52653,705,2,17197.08,3439.42,30954.74
104996,52653,567,2,7980.38,0.0,15960.76
104997,52653,752,3,14566.93,6555.12,37145.67
104998,52654,760,2,11301.08,2260.22,20341.94
104999,52654,735,1,1557.67,155.77,1401.9
105000,52655,705,1,17197.08,0.0,17197.08
105001,52655,792,2,2835.7,283.57,5387.83
105002,52655,555,1,9558.13,1433.72,8124.41
105003,52656,576,1,2970.75,594.15,2376.6
105004,52657,657,1,8779.23,0.0,8779.23
105005,52657,712,2,12089.2,0.0,24178.4
105006,52657,674,3,7676.03,4605.62,18422.47
105007,52658,508,3,5538.85,0.0,16616.55
105008,52658,581,3,2900.19,1305.09,7395.48
105009,52658,761,1,1440.57,72.03,1368.54
105010,52658,692,1,7325.8,0.0,7325.8
105011,52658,794,3,482.29,0.0,1446.87
105012,52659,677,3,3625.43,0.0,10876.29
105013,52660,551,1,3446.79,517.02,2929.77
105014,52661,754,1,9295.64,929.56,8366.08
105015,52661,735,5,1557.67,0.0,7788.35
105016,52661,643,1,55447.46,2772.37,52675.09
105017,52661,651,1,4691.47,703.72,3987.75
105018,52661,648,3,1203.65,180.55,3430.4
105019,52662,733,2,1597.66,319.53,2875.79
105020,52662,567,2,7980.38,2394.11,13566.65
105021,52662,635,1,3079.07,307.91,2771.16
105022,52663,506,1,1305.17,195.78,1109.39
105023,52663,710,2,10731.06,0.0,21462.12
105024,52664,761,1,1440.57,0.0,1440.57
105025,52665,683,1,873.55,174.71,698.84
105026,52666,537,1,7317.24,0.0,7317.24
105027,52666,501,1,45292.52,0.0,45292.52
105028,52667,680,3,1294.32,0.0,3882.96
105029,52668,641,1,3333.39,0.0,3333.39
105030,52668,529,3,47474.39,0.0,142423.17
105031,52668,740,4,38799.36,0.0,155197.44
105032,52668,514,1,8817.04,440.85,8376.19
105033,52669,667,-1,558.92,279.46,5309.74
105034,52669,511,1,856.8,0.0,856.8
105035,52669,742,1,31236.95,0.0,31236.95
105036,52669,608,1,667.69,0.0,667.69
105037,52670,754,5,9295.64,0.0,46478.2
105038,52671,515,1,1144.81,57.24,1087.57
105039,52672,728,1,2491.24,373.69,2117.55
105040,52673,579,1,17100.24,1710.02,15390.22
105041,52674,624,2,391.05,0.0,782.1
105042,52674,726,1,983.03,0.0,983.03
105043,52675,700,2,6725.93,0.0,13451.86
105044,52675,790,1,723.68,0.0,723.68
105045,52675,556,2,3671.69,0.0,7343.38
105046,52676,579,1,17100.24,0.0,17100.24
105047,52676,770,2,2789.39,0.0,5578.78
105048,52676,585,2,29624.84,0.0,59249.68
105049,52677,779,3,9166.85,5500.11,22000.44
105050,52678,729,1,2699.1,269.91,2429.19
105051,52679,697,3,17716.2,2657.43,50491.17
105052,52680,558,2,9344.26,1868.85,16819.67
105053,52681,683,1,873.55,0.0,873.55
105054,52681,768,1,10470.08,0.0,10470.08
105055,52681,738,1,4031.99,0.0,4031.99
105056,52682,502,3,15084.04,6787.82,38464.3
105057,52682,670,3,2118.7,0.0,6356.1
105058,52683,586,2,4444.5,0.0,8889.0
105059,52683,755,3,923.61,138.54,2632.29
105060,52683,647,1,48665.91,0.0,48665.91
105061,52683,698,1,9291.61,1393.74,7897.87
105062,52684,514,1,8817.04,0.0,8817.04
105063,52685,638,1,9668.28,0.0,9668.28
105064,52685,559,2,5502.85,0.0,11005.7
105065,52686,635,2,3079.07,0.0,6158.14
105066,52687,539,3,1082.58,0.0,3247.74
105067,52688,665,2,2533.05,759.92,4306.18
105068,52689,546,1,12181.16,0.0,12181.16
105069,52689,773,1,5708.39,0.0,5708.39
105070,52689,723,1,3644.62,182.23,3462.39
105071,52689,732,1,3277.37,655.47,2621.9
105072,52690,505,0,5998.46,1499.62,28492.68
105073,52691,595,1,2237.17,0.0,2237.17
105074,52692,703,2,2609.04,782.71,4435.37
105075,52692,686,2,4182.59,0.0,8365.18
105076,52693,767,1,2764.13,0.0,2764.13
105077,52694,719,1,15471.04,0.0,15471.04
105078,52694,596,1,1919.15,0.0,1919.15
105079,52694,561,1,2177.62,0.0,2177.62
105080,52695,507,2,5384.85,1615.46,9154.24
105081,52695,665,1,2533.05,0.0,2533.05
105082,52695,605,4,1048.97,209.79,3986.09
105083,52696,795,2,18501.43,0.0,37002.86
105084,52697,528,1,951.12,95.11,856.01
105085,52698,794,2,482.29,48.23,916.35
105086,52699,712,2,12089.2,0.0,24178.4
105087,52699,727,1,11354.29,0.0,11354.29
105088,52699,517,1,12096.53,0.0,12096.53
105089,52699,791,2,11369.6,3410.88,19328.32
105090,52699,699,1,713.36,0.0,713.36
105091,52700,761,1,1440.57,144.06,1296.51
105092,52700,759,1,8304.75,415.24,7889.51
105093,52701,630,4,2387.03,0.0,9548.12
105094,52702,667,1,558.92,55.89,503.03
105095,52703,611,3,15431.65,2314.75,43980.2
105096,52703,697,1,17716.2,1771.62,15944.58
105097,52703,732,1,3277.37,327.74,0.01
105098,52704,651,2,4691.47,0.0,9382.94
105099,52705,716,2,1117.48,0.0,2234.96
105100,52706,792,1,2835.7,0.0,2835.7
105101,52707,555,1,9558.13,0.0,9558.13
105102,52708,525,1,4003.31,0.0,4003.31
105103,52708,656,2,9107.06,910.71,17303.41
105104,52708,722,1,53128.36,0.0,53128.36
105105,52708,657,2,8779.23,0.0,17558.46
105106,52709,538,1,8640.93,0.0,8640.93
105107,52709,583,10,9641.6,19283.2,77132.8
105108,52709,723,1,3644.62,0.0,3644.62
105109,52709,774,4,1776.67,0.0,7106.68
105110,52709,528,5,951.12,0.0,4755.6
105111,52710,739,2,9905.71,1981.14,17830.28
105112,52711,676,1,865.11,173.02,692.09
105113,52711,766,1,4834.22,241.71,4592.51
105114,52711,677,1,3625.43,181.27,3444.16
105115,52711,784,1,1641.14,82.06,1559.08
105116,52712,543,1,4352.44,217.62,4134.82
105117,52713,592,2,1511.43,151.14,2871.72
105118,52713,578,2,6521.84,0.0,13043.68
105119,52714,760,10,11301.08,0.0,113010.8
105120,52714,999999,1,3589.04,0.0,3589.04
105121,52714,593,1,1214.64,121.46,1093.18
105122,52715,727,1,11354.29,0.0,11354.29
105123,52715,749,2,1601.66,0.0,3203.32
105124,52715,743,1,892.31,44.62,847.69
105125,52715,529,2,47474.39,4747.44,90201.34
105126,52715,773,1,5708.39,285.42,5422.97
105127,52716,562,1,1170.27,117.03,1053.24
105128,52717,553,1,31731.27,0.0,31731.27
105129,52718,686,1,4182.59,418.26,3764.33
105130,52719,613,2,11372.12,0.0,22744.24
105131,52719,576,1,2970.75,0.0,2970.75
105132,52719,643,2,55447.46,11089.49,99805.43
105133,52719,621,3,1304.44,0.0,3913.32
105134,52719,629,1,717.69,0.0,717.69
105135,52720,667,1,558.92,83.84,0.01
105136,52720,768,2,10470.08,0.0,20940.16
105137,52721,688,2,9656.12,0.0,19312.24
105138,52722,720,3,3038.53,0.0,9115.59
105139,52723,769,1,1383.36,0.0,1383.36
105140,52724,543,3,4352.44,0.0,13057.32
105141,52724,710,1,10731.06,1073.11,9657.95
105142,52724,736,2,6075.78,0.0,12151.56
105143,52724,692,1,7325.8,732.58,6593.22
105144,52725,673,2,1038.9,207.78,1870.02
105145,52726,776,3,1371.98,205.8,3910.14
105146,52726,742,3,31236.95,0.0,93710.85
105147,52726,505,1,5998.46,899.77,5098.69
105148,52726,769,1,1383.36,276.67,1106.69
105149,52726,516,2,14192.65,1419.27,26966.03
105150,52727,670,1,2118.7,105.94,2012.76
105151,52728,671,2,3564.48,1069.34,6059.62
105152,52728,559,1,5502.85,0.0,5502.85
105153,52728,582,1,8407.83,1681.57,6726.26
105154,52729,568,2,5802.78,0.0,11605.56
105155,52729,790,1,723.68,0.0,723.68
105156,52730,792,2,2835.7,0.0,5671.4
105157,52730,604,1,5835.32,1167.06,4668.26
105158,52731,696,1,4358.64,0.0,4358.64
105159,52732,754,2,9295.64,0.0,18591.28
105160,52733,671,2,3564.48,356.45,6772.51
105161,52734,654,1,2895.35,0.0,2895.35
105162,52735,781,4,508.19,203.28,1829.48
105163,52735,764,1,38368.4,0.0,38368.4
105164,52735,766,3,4834.22,0.0,14502.66
105165,52736,712,1,12089.2,0.0,12089.2
105166,52737,750,1,182.17,0.0,182.17
105167,52738,714,2,44813.18,0.0,89626.36
105168,52738,609,4,3589.04,0.0,14356.16
105169,52738,787,1,27577.51,0.0,27577.51
105170,52738,615,1,24337.83,0.0,24337.83
105171,52738,538,2,8640.93,3456.37,13825.49
105172,52739,591,1,9106.57,910.66,8195.91
105173,52739,561,1,2177.62,217.76,1959.86
105174,52739,785,3,1136.17,0.0,3408.51
105175,52740,582,5,8407.83,0.0,42039.15
105176,52741,555,1,9558.13,0.0,9558.13
105177,52741,569,1,46883.02,4688.3,42194.72
105178,52742,779,1,9166.85,1375.03,7791.82
105179,52743,634,1,5262.27,0.0,5262.27
105180,52744,795,1,18501.43,0.0,18501.43
105181,52745,593,1,1214.64,0.0,1214.64
105182,52745,666,2,4195.88,0.0,8391.76
105183,52746,516,3,14192.65,2128.9,40449.05
105184,52747,642,1,6612.07,0.0,6612.07
105185,52748,581,1,2900.19,145.01,2755.18
105186,52748,519,1,849.44,0.0,849.44
105187,52748,645,1,3816.62,381.66,3434.96
105188,52749,686,2,4182.59,0.0,8365.18
105189,52749,514,1,8817.04,0.0,8817.04
105190,52749,558,1,9344.26,934.43,8409.83
105191,52749,706,1,14673.28,2200.99,12472.29
105192,52750,674,1,7676.03,0.0,7676.03
105193,52750,552,1,10613.41,0.0,10613.41
105194,52750,606,1,290.06,29.01,261.05
105195,52751,659,1,364.24,36.42,327.82
105196,52752,526,1,5568.93,0.0,5568.93
105197,52753,552,1,10613.41,1592.01,9021.4
105198,52754,694,1,1970.24,0.0,1970.24
105199,52755,503,5,1376.24,688.12,6193.08
105200,52756,649,1,699.68,34.98,664.7
105201,52757,511,1,856.8,0.0,856.8
105202,52757,572,1,1098.59,54.93,1043.66
105203,52757,610,1,26733.01,1336.65,25396.36
105204,52757,587,1,790.56,0.0,790.56
105205,52758,562,2,1170.27,0.0,2340.54
105206,52758,797,2,1277.35,255.47,2299.23
105207,52758,583,1,9641.6,0.0,9641.6
105208,52758,700,1,6725.93,0.0,6725.93
105209,52759,721,3,5715.09,857.26,16288.01
105210,52759,678,2,37877.29,0.0,75754.58
105211,52759,718,1,6766.17,0.0,6766.17
105212,52759,776,3,1371.98,617.39,3498.55
105213,52759,786,5,5485.59,0.0,27427.95
105214,52760,652,1,13563.11,0.0,13563.11
105215,52761,799,4,2348.69,0.0,9394.76
105216,52761,725,1,6229.36,0.0,6229.36
105217,52762,510,5,640.28,160.07,3041.33
105218,52763,570,1,4486.57,224.33,4262.24
105219,52763,730,1,713.55,71.36,642.19
105220,52763,572,1,1098.59,0.0,1098.59
105221,52763,631,1,1647.26,0.0,1647.26
105222,52764,578,3,6521.84,0.0,19565.52
105223,52765,686,1,4182.59,0.0,4182.59
105224,52766,596,10,1919.15,0.0,19191.5
105225,52767,550,1,3272.22,654.44,2617.78
105226,52767,699,2,713.36,0.0,1426.72
105227,52768,609,2,3589.04,1076.71,6101.37
105228,52768,708,1,10297.58,1544.64,8752.94
105229,52769,556,1,3671.69,0.0,3671.69
105230,52770,693,1,1213.14,0.0,1213.14
105231,52770,633,1,1617.01,0.0,1617.01
105232,52770,738,1,4031.99,201.6,3830.39
105233,52770,785,1,1136.17,113.62,1022.55
105234,52770,683,3,873.55,0.0,2620.65
105235,52771,797,1,1277.35,0.0,1277.35
105236,52771,588,1,490.64,24.53,466.11
105237,52771,764,2,38368.4,0.0,76736.8
105238,52772,627,1,348.17,52.23,295.94
105239,52773,563,1,5426.08,0.0,5426.08
105240,52773,789,1,2799.8,0.0,2799.8
105241,52773,771,2,1072.89,429.16,1716.62
105242,52774,508,2,5538.85,0.0,11077.7
105243,52775,744,2,6141.59,0.0,12283.18
105244,52775,999999,2,4031.99,1209.6,6854.38
105245,52776,552,1,10613.41,0.0,10613.41
105246,52776,797,1,1277.35,255.47,1021.88
105247,52776,735,2,1557.67,0.0,3115.34
105248,52777,659,1,364.24,0.0,364.24
105249,52777,627,1,348.17,0.0,348.17
105250,52777,762,2,886.5,88.65,1684.35
105251,52777,733,2,1597.66,0.0,3195.32
105252,52777,723,1,3644.62,182.23,3462.39
105253,52778,744,1,6141.59,1228.32,4913.27
105254,52779,793,1,2448.49,0.0,2448.49
105255,52779,521,1,3815.32,381.53,3433.79
105256,52780,730,1,713.55,35.68,677.87
105257,52781,781,1,508.19,0.0,508.19
105258,52781,999999,2,6582.2,0.0,13164.4
105259,52781,721,1,5715.09,571.51,5143.58
105260,52782,629,2,717.69,0.0,1435.38
105261,52783,648,1,1203.65,0.0,1203.65
105262,52784,564,1,1265.51,63.28,1202.23
105263,52785,737,1,454.39,68.16,386.23
105264,52786,679,2,53522.92,0.0,107045.84
105265,52787,703,1,2609.04,0.0,2609.04
105266,52788,768,3,10470.08,0.0,31410.24
105267,52789,554,1,5371.45,805.72,4565.73
105268,52790,536,1,1067.42,53.37,1014.05
105269,52791,770,2,2789.39,0.0,5578.78
105270,52792,735,3,1557.67,0.0,4673.01
105271,52792,612,1,2192.78,109.64,2083.14
105272,52792,723,1,3644.62,0.0,0.01
105273,52793,504,2,3910.83,0.0,7821.66
105274,52794,706,1,14673.28,0.0,14673.28
105275,52794,647,1,48665.91,0.0,48665.91
105276,52795,744,2,6141.59,1842.48,10440.7
105277,52796,687,3,1705.39,255.81,4860.36
105278,52796,677,1,3625.43,181.27,3444.16
105279,52797,709,1,5677.52,0.0,5677.52
105280,52798,507,1,5384.85,0.0,5384.85
105281,52799,537,1,7317.24,0.0,7317.24
105282,52799,502,1,15084.04,0.0,15084.04
105283,52800,614,1,30296.77,1514.84,28781.93
105284,52800,777,1,2061.3,206.13,1855.17
105285,52801,765,1,37606.92,0.0,37606.92
105286,52802,577,4,795.1,318.04,2862.36
105287,52802,625,1,54397.72,0.0,54397.72
105288,52803,582,1,8407.83,0.0,8407.83
105289,52804,752,1,14566.93,0.0,14566.93
105290,52805,582,1,8407.83,0.0,8407.83
105291,52806,610,2,26733.01,0.0,53466.02
105292,52807,732,1,3277.37,0.0,3277.37
105293,52808,534,1,46679.73,0.0,46679.73
105294,52808,623,1,2674.16,0.0,2674.16
105295,52809,713,4,5412.77,0.0,21651.08
105296,52809,708,1,10297.58,514.88,9782.7
105297,52810,747,1,805.8,40.29,765.51
105298,52811,620,1,607.15,0.0,607.15
105299,52812,778,3,2068.11,930.65,5273.68
105300,52813,637,1,3516.12,0.0,3516.12
105301,52814,589,1,17388.16,0.0,17388.16
105302,52814,671,1,3564.48,0.0,3564.48
105303,52814,785,1,1136.17,0.0,1136.17
105304,52815,761,10,1440.57,720.28,13685.42
105305,52816,782,4,9360.71,0.0,37442.84
105306,52817,553,3,31731.27,9519.38,85674.43
105307,52817,737,2,454.39,0.0,908.78
105308,52817,502,2,15084.04,1508.4,28659.68
105309,52818,649,3,699.68,0.0,2099.04
105310,52818,593,4,1214.64,0.0,4858.56
105311,52818,684,1,59645.43,0.0,59645.43
105312,52819,754,3,9295.64,0.0,27886.92
105313,52819,502,1,15084.04,0.0,15084.04
105314,52819,675,2,16586.98,3317.4,29856.56
105315,52819,702,3,569.75,0.0,1709.25
105316,52819,531,1,10687.35,0.0,10687.35
105317,52820,535,1,2114.96,0.0,2114.96
105318,52820,676,2,865.11,0.0,1730.22
105319,52820,600,2,6469.3,0.0,12938.6
105320,52820,541,1,2124.38,0.0,2124.38
105321,52820,726,1,983.03,0.0,983.03
105322,52821,669,1,5183.71,0.0,5183.71
105323,52821,735,1,1557.67,0.0,1557.67
105324,52821,671,10,3564.48,0.0,35644.8
105325,52821,686,1,4182.59,0.0,4182.59
105326,52821,635,1,3079.07,0.0,3079.07
105327,52822,526,1,5568.93,556.89,5012.04
105328,52823,519,1,849.44,42.47,806.97
105329,52823,648,1,1203.65,240.73,962.92
105330,52824,562,3,1170.27,351.08,3159.73
105331,52824,789,2,2799.8,559.96,5039.64
105332,52825,650,1,6201.76,930.26,5271.5
105333,52825,651,2,4691.47,0.0,9382.94
105334,52826,516,1,14192.65,0.0,14192.65
105335,52826,521,1,3815.32,381.53,3433.79
105336,52827,715,1,61205.17,6120.52,55084.65
105337,52828,527,1,43071.55,0.0,43071.55
105338,52828,646,4,6680.81,5344.65,21378.59
105339,52828,551,2,3446.79,689.36,6204.22
105340,52828,621,2,1304.44,130.44,2478.44
105341,52829,612,1,2192.78,0.0,2192.78
105342,52830,516,1,14192.65,0.0,14192.65
105343,52830,657,1,8779.23,438.96,8340.27
105344,52830,672,3,9227.41,0.0,27682.23
105345,52831,729,1,2699.1,0.0,2699.1
105346,52831,707,2,626.29,0.0,1252.58
105347,52831,793,1,2448.49,0.0,2448.49
105348,52832,766,1,4834.22,725.13,4109.09
105349,52832,746,5,1732.13,0.0,8660.65
105350,52832,718,1,6766.17,0.0,6766.17
105351,52833,645,2,3816.62,0.0,7633.24
105352,52834,578,1,6521.84,0.0,6521.84
105353,52835,529,1,47474.39,9494.88,37979.51
105354,52836,730,1,713.55,142.71,570.84
105355,52837,510,1,640.28,32.01,608.27
105356,52838,598,1,579.36,28.97,550.39
105357,52839,732,3,3277.37,1474.82,8357.29
105358,52840,548,1,8285.36,0.0,8285.36
105359,52840,746,1,1732.13,86.61,1645.52
105360,52840,747,2,805.8,161.16,1450.44
105361,52841,607,1,10316.31,0.0,10316.31
105362,52841,774,1,1776.67,88.83,1687.84
105363,52842,630,1,2387.03,0.0,2387.03
105364,52843,638,5,9668.28,4834.14,43507.26
105365,52844,695,0,24310.04,0.0,24310.04
105366,52844,588,1,490.64,0.0,490.64
105367,52845,505,3,5998.46,1799.54,16195.84
105368,52846,769,1,1383.36,0.0,1383.36
105369,52847,662,1,9986.23,0.0,9986.23
105370,52848,637,2,3516.12,0.0,7032.24
105371,52849,730,2,713.55,71.36,1355.74
105372,52850,724,1,2567.59,0.0,2567.59
105373,52850,660,1,3268.31,0.0,3268.31
105374,52850,580,1,1023.86,0.0,1023.86
105375,52851,687,1,1705.39,0.0,1705.39
105376,52851,528,1,951.12,0.0,951.12
105377,52851,713,2,5412.77,1623.83,9201.71
105378,52852,609,1,3589.04,538.36,3050.68
105379,52852,631,1,1647.26,0.0,1647.26
105380,52852,720,1,3038.53,303.85,2734.68
105381,52853,589,1,17388.16,0.0,17388.16
105382,52854,762,3,886.5,0.0,2659.5
105383,52855,635,2,3079.07,1231.63,4926.51
105384,52855,593,1,1214.64,121.46,1093.18
105385,52855,676,1,865.11,86.51,778.6
105386,52856,760,2,11301.08,2260.22,20341.94
105387,52856,646,1,6680.81,668.08,6012.73
105388,52856,733,-1,1597.66,0.0,3195.32
105389,52857,775,3,3454.82,0.0,10364.46
105390,52858,680,1,1294.32,0.0,1294.32
105391,52859,679,1,53522.92,0.0,53522.92
105392,52859,733,1,1597.66,159.77,1437.89
105393,52860,629,1,717.69,0.0,717.69
105394,52860,639,2,5888.93,0.0,11777.86
105395,52860,566,5,8272.67,4136.34,37227.01
105396,52860,781,2,508.19,0.0,1016.38
105397,52861,676,2,865.11,0.0,1730.22
105398,52862,596,2,1919.15,0.0,3838.3
105399,52863,678,2,37877.29,11363.19,64391.39
105400,52863,696,1,4358.64,0.0,4358.64
105401,52864,618,1,161.7,8.08,153.62
105402,52865,759,1,8304.75,1245.71,7059.04
105403,52865,761,2,1440.57,0.0,2881.14
105404,52865,681,3,5353.16,802.97,15256.51
105405,52865,728,1,2491.24,0.0,2491.24
105406,52865,781,2,508.19,101.64,914.74
105407,52866,788,1,8889.42,0.0,8889.42
105408,52867,510,1,640.28,0.0,640.28
105409,52867,731,2,1578.26,157.83,2998.69
105410,52867,650,1,6201.76,0.0,6201.76
105411,52868,683,1,873.55,0.0,873.55
105412,52868,767,2,2764.13,0.0,5528.26
105413,52869,565,1,322.27,32.23,290.04
105414,52869,524,1,1357.31,0.0,1357.31
105415,52870,773,1,5708.39,1141.68,4566.71
105416,52871,638,1,9668.28,0.0,9668.28
105417,52872,501,1,45292.52,0.0,45292.52
105418,52872,562,1,1170.27,0.0,1170.27
105419,52873,630,3,2387.03,0.0,7161.09
105420,52873,565,2,322.27,128.91,515.63
105421,52874,794,1,482.29,0.0,482.29
105422,52875,555,1,9558.13,0.0,9558.13
105423,52875,599,2,2796.57,0.0,5593.14
105424,52876,531,2,10687.35,0.0,21374.7
105425,52876,753,1,1068.74,53.44,1015.3
105426,52876,652,1,13563.11,0.0,13563.11
105427,52876,536,1,1067.42,106.74,960.68
105428,52877,567,3,7980.38,0.0,23941.14
105429,52878,532,4,820.25,0.0,3281.0
105430,52878,721,3,5715.09,0.0,17145.27
105431,52878,733,3,1597.66,0.0,4792.98
105432,52879,514,1,8817.04,881.7,7935.34
105433,52879,758,3,2596.01,389.4,7398.63
105434,52879,632,2,2338.49,233.85,4443.13
105435,52880,720,1,3038.53,0.0,3038.53
105436,52880,670,2,2118.7,0.0,4237.4
105437,52881,664,2,18695.4,3739.08,33651.72
105438,52882,799,2,2348.69,234.87,4462.51
105439,52883,706,1,14673.28,1467.33,13205.95
105440,52883,662,1,9986.23,0.0,9986.23
105441,52884,590,3,2022.4,0.0,6067.2
105442,52884,514,1,8817.04,1763.41,7053.63
105443,52884,738,1,4031.99,0.0,4031.99
105444,52885,546,1,12181.16,0.0,12181.16
105445,52885,718,1,6766.17,676.62,6089.55
105446,52885,608,1,667.69,133.54,534.15
105447,52886,590,5,2022.4,2022.4,8089.6
105448,52887,633,1,1617.01,80.85,1536.16
105449,52887,784,2,1641.14,492.34,2789.94
105450,52887,507,1,5384.85,0.0,5384.85
105451,52888,738,1,4031.99,0.0,4031.99
105452,52888,748,1,2116.96,0.0,2116.96
105453,52888,565,1,322.27,48.34,273.93
105454,52888,548,5,8285.36,4142.68,37284.12
105455,52888,552,3,10613.41,6368.05,25472.18
105456,52889,748,1,2116.96,0.0,2116.96
105457,52889,604,1,5835.32,0.0,5835.32
105458,52889,732,1,3277.37,163.87,3113.5
105459,52889,559,1,5502.85,1100.57,4402.28
105460,52890,660,1,3268.31,0.0,3268.31
105461,52890,719,2,15471.04,0.0,30942.08
105462,52891,792,2,2835.7,567.14,5104.26
105463,52891,752,1,14566.93,1456.69,13110.24
105464,52892,746,1,1732.13,86.61,1645.52
105465,52892,516,1,14192.65,709.63,13483.02
105466,52893,680,2,1294.32,129.43,2459.21
105467,52893,550,1,3272.22,0.0,3272.22
105468,52893,695,2,24310.04,0.0,48620.08
105469,52894,677,2,3625.43,362.54,6888.32
105470,52895,797,2,1277.35,383.2,2171.5
105471,52896,710,1,10731.06,536.55,10194.51
105472,52897,768,1,10470.08,0.0,10470.08
105473,52897,611,1,15431.65,0.0,15431.65
105474,52897,635,1,3079.07,153.95,2925.12
105475,52897,603,4,18106.09,0.0,72424.36
105476,52898,634,1,5262.27,0.0,5262.27
105477,52899,709,1,5677.52,0.0,5677.52
105478,52900,748,1,2116.96,105.85,2011.11
105479,52901,521,1,3815.32,0.0,3815.32
105480,52902,553,3,31731.27,0.0,95193.81
105481,52903,707,1,626.29,0.0,626.29
105482,52904,567,1,7980.38,399.02,7581.36
105483,52904,656,1,9107.06,0.0,9107.06
105484,52905,627,1,348.17,17.41,330.76
105485,52906,668,2,1156.71,0.0,2313.42
105486,52906,504,3,3910.83,0.0,11732.49
105487,52907,736,1,6075.78,0.0,6075.78
105488,52908,621,1,1304.44,65.22,1239.22
105489,52909,565,1,322.27,64.45,257.82
105490,52910,628,1,6761.04,338.05,6422.99
105491,52910,659,1,364.24,0.0,364.24
105492,52910,556,2,3671.69,0.0,7343.38
105493,52911,737,3,454.39,0.0,1363.17
105494,52912,621,1,1304.44,0.0,1304.44
105495,52912,661,5,16283.24,4070.81,77345.39
105496,52913,751,2,25845.26,7753.58,43936.94
105497,52914,550,1,3272.22,0.0,3272.22
105498,52914,731,3,1578.26,0.0,4734.78
105499,52915,776,1,1371.98,0.0,1371.98
105500,52915,582,1,8407.83,840.78,7567.05
105501,52915,586,2,4444.5,888.9,8000.1
105502,52916,716,1,1117.48,0.0,1117.48
105503,52917,622,1,2792.75,558.55,2234.2
105504,52917,782,1,9360.71,0.0,9360.71
105505,52917,698,1,9291.61,0.0,9291.61
105506,52917,664,1,18695.4,1869.54,16825.86
105507,52918,671,4,3564.48,0.0,14257.92
105508,52919,580,3,1023.86,614.32,2457.26
105509,52919,527,1,43071.55,0.0,43071.55
105510,52920,605,1,1048.97,0.0,1048.97
105511,52920,740,1,38799.36,3879.94,34919.42
105512,52920,694,2,1970.24,788.1,3152.38
105513,52920,701,10,11805.02,0.0,118050.2
105514,52921,586,3,4444.5,666.68,12666.82
105515,52922,776,2,1371.98,0.0,2743.96
105516,52923,777,2,2061.3,0.0,4122.6
105517,52923,750,1,182.17,9.11,173.06
105518,52923,638,2,9668.28,966.83,18369.73
105519,52924,577,1,795.1,39.76,755.34
105520,52924,764,2,38368.4,7673.68,69063.12
105521,52924,614,1,30296.77,0.0,30296.77
105522,52925,577,1,795.1,0.0,795.1
105523,52926,653,1,4298.41,0.0,4298.41
105524,52926,534,2,46679.73,4667.97,88691.49
105525,52926,720,1,3038.53,0.0,3038.53
105526,52927,778,1,2068.11,103.41,1964.7
105527,52927,542,1,1742.37,87.12,1655.25
105528,52927,537,1,7317.24,0.0,7317.24
105529,52928,523,1,6428.51,0.0,6428.51
105530,52929,512,2,1219.3,487.72,1950.88
105531,52929,753,3,1068.74,0.0,3206.22
105532,52930,647,1,48665.91,0.0,48665.91
105533,52930,608,3,667.69,0.0,2003.07
105534,52930,665,1,2533.05,253.31,2279.74
105535,52930,729,2,2699.1,0.0,5398.2
105536,52931,507,1,5384.85,0.0,5384.85
105537,52932,596,1,1919.15,95.96,1823.19
105538,52933,677,3,3625.43,0.0,10876.29
105539,52933,560,1,407.29,20.36,386.93
105540,52933,793,2,2448.49,0.0,4896.98
105541,52933,521,4,3815.32,1526.13,13735.15
105542,52933,702,1,569.75,0.0,569.75
105543,52934,528,4,951.12,0.0,3804.48
105544,52935,530,2,3414.81,682.96,6146.66
105545,52935,519,1,849.44,42.47,806.97
105546,52936,569,1,46883.02,0.0,46883.02
105547,52937,628,1,6761.04,676.1,6084.94
105548,52938,694,1,1970.24,0.0,1970.24
105549,52938,677,1,3625.43,0.0,3625.43
105550,52938,731,1,1578.26,236.74,1341.52
105551,52939,706,1,14673.28,2934.66,11738.62
105552,52940,708,2,10297.58,0.0,20595.16
105553,52941,761,1,1440.57,0.0,1440.57
105554,52941,647,2,48665.91,4866.59,92465.23
105555,52942,747,2,805.8,0.0,1611.6
105556,52942,521,1,3815.32,0.0,3815.32
105557,52942,719,1,15471.04,0.0,15471.04
105558,52943,789,1,2799.8,0.0,2799.8
105559,52944,736,3,6075.78,2734.1,15493.24
105560,52945,736,1,6075.78,607.58,5468.2
105561,52946,767,1,2764.13,552.83,2211.3
105562,52946,670,1,2118.7,0.0,2118.7
105563,52946,580,2,1023.86,0.0,2047.72
105564,52947,765,1,37606.92,1880.35,35726.57
105565,52947,774,1,1776.67,0.0,1776.67
105566,52948,658,5,711.18,0.0,3555.9
105567,52949,663,1,1339.76,0.0,1339.76
105568,52950,665,1,2533.05,0.0,2533.05
105569,52951,773,2,5708.39,0.0,11416.78
105570,52952,790,3,723.68,0.0,2171.04
105571,52953,608,1,667.69,0.0,667.69
105572,52954,634,1,5262.27,0.0,5262.27
105573,52954,668,1,1156.71,0.0,1156.71
105574,52955,540,10,32834.15,32834.15,295507.35
105575,52955,553,1,31731.27,3173.13,28558.14
105576,52955,697,1,17716.2,2657.43,15058.77
105577,52956,529,1,47474.39,0.0,47474.39
105578,52957,695,1,24310.04,1215.5,23094.54
105579,52958,713,1,5412.77,270.64,5142.13
105580,52959,538,2,8640.93,864.09,16417.77
105581,52960,578,1,6521.84,326.09,6195.75
105582,52961,549,1,13993.54,699.68,13293.86
105583,52962,660,1,3268.31,0.0,3268.31
105584,52962,775,2,3454.82,690.96,6218.68
105585,52963,519,3,849.44,382.25,2166.07
105586,52964,560,1,407.29,0.0,407.29
105587,52964,616,1,594.6,29.73,564.87
105588,52964,509,1,3363.13,336.31,3026.82
105589,52965,788,2,8889.42,3555.77,14223.07
105590,52966,785,1,1136.17,0.0,1136.17
105591,52966,533,1,10801.02,0.0,10801.02
105592,52967,523,2,6428.51,0.0,12857.02
105593,52967,677,4,3625.43,1450.17,13051.55
105594,52968,999999,2,10297.58,0.0,20595.16
105595,52968,699,1,713.36,107.0,606.36
105596,52968,501,1,45292.52,0.0,45292.52
105597,52968,796,2,1462.48,0.0,2924.96
105598,52969,520,1,1736.99,260.55,1476.44
105599,52969,704,3,1165.72,0.0,3497.16
105600,52970,630,1,2387.03,0.0,2387.03
105601,52971,741,1,1969.25,0.0,1969.25
105602,52971,552,1,10613.41,1061.34,9552.07
105603,52971,627,2,348.17,0.0,696.34
105604,52972,574,1,20894.55,0.0,20894.55
105605,52973,568,4,5802.78,0.0,23211.12
105606,52973,648,1,1203.65,60.18,1143.47
105607,52974,529,1,47474.39,0.0,47474.39
105608,52975,636,1,1717.09,85.85,1631.24
105609,52975,621,3,1304.44,0.0,3913.32
105610,52976,695,1,24310.04,3646.51,20663.53
105611,52977,750,2,182.17,0.0,364.34
105612,52978,686,1,4182.59,0.0,4182.59
105613,52979,701,3,11805.02,0.0,35415.06
105614,52979,626,1,236.68,0.0,236.68
105615,52980,584,1,1377.03,206.55,1170.48
105616,52980,716,2,1117.48,0.0,2234.96
105617,52980,536,1,1067.42,0.0,1067.42
105618,52981,779,2,9166.85,0.0,18333.7
105619,52982,582,1,8407.83,1681.57,6726.26
105620,52983,667,1,558.92,0.0,558.92
105621,52984,650,10,6201.76,0.0,62017.6
105622,52984,522,1,39986.91,0.0,39986.91
105623,52984,550,1,3272.22,0.0,3272.22
105624,52985,791,1,11369.6,0.0,11369.6
105625,52985,613,3,11372.12,1705.82,32410.54
105626,52986,601,1,17813.81,0.0,17813.81
105627,52986,736,1,6075.78,0.0,6075.78
105628,52987,799,1,2348.69,117.43,2231.26
105629,52988,797,1,1277.35,0.0,1277.35
105630,52988,638,1,9668.28,0.0,9668.28
105631,52988,675,10,16586.98,0.0,165869.8
105632,52989,747,1,805.8,0.0,805.8
105633,52990,734,1,839.57,41.98,797.59
105634,52991,695,1,24310.04,1215.5,23094.54
105635,52991,686,1,4182.59,0.0,4182.59
105636,52992,567,2,7980.38,0.0,15960.76
105637,52993,532,3,820.25,369.11,2091.64
105638,52994,709,1,5677.52,851.63,4825.89
105639,52995,661,1,16283.24,0.0,16283.24
105640,52995,792,1,2835.7,0.0,2835.7
105641,52995,706,3,14673.28,4401.98,39617.86
105642,52995,655,1,5152.69,0.0,5152.69
105643,52996,572,2,1098.59,0.0,0.01
105644,52996,709,1,5677.52,567.75,5109.77
105645,52997,537,1,7317.24,1097.59,6219.65
105646,52998,711,1,5931.42,296.57,5634.85
105647,52999,540,1,32834.15,3283.42,29550.73
105648,52999,596,1,1919.15,0.0,1919.15
105649,52999,584,1,1377.03,0.0,1377.03
105650,52999,687,1,1705.39,0.0,1705.39
105651,53000,620,1,607.15,30.36,576.79
105652,53000,519,1,849.44,0.0,849.44
105653,53001,649,1,699.68,0.0,699.68
105654,53002,747,-1,805.8,80.58,1531.02
105655,53002,658,1,711.18,0.0,711.18
105656,53003,599,2,2796.57,279.66,5313.48
105657,53004,509,1,3363.13,504.47,2858.66
105658,53004,713,1,5412.77,0.0,5412.77
105659,53005,679,1,53522.92,0.0,53522.92
105660,53006,713,1,5412.77,0.0,5412.77
105661,53007,537,1,7317.24,0.0,7317.24
105662,53008,534,2,46679.73,0.0,93359.46
105663,53008,676,1,865.11,173.02,692.09
105664,53009,550,1,3272.22,0.0,3272.22
105665,53009,632,1,2338.49,0.0,2338.49
105666,53010,756,1,372.34,0.0,372.34
105667,53011,596,1,1919.15,0.0,1919.15
105668,53011,575,1,253.01,12.65,240.36
105669,53011,504,1,3910.83,391.08,3519.75
105670,53012,518,2,49561.42,0.0,99122.84
105671,53012,720,2,3038.53,0.0,6077.06
105672,53013,795,2,18501.43,3700.29,33302.57
105673,53013,622,1,2792.75,0.0,2792.75
105674,53014,585,4,29624.84,0.0,118499.36
105675,53014,732,2,3277.37,0.0,6554.74
105676,53015,657,2,8779.23,1755.85,15802.61
105677,53015,540,1,32834.15,0.0,32834.15
105678,53015,672,1,9227.41,461.37,8766.04
105679,53016,589,1,17388.16,0.0,17388.16
105680,53017,781,1,508.19,0.0,508.19
105681,53017,533,2,10801.02,0.0,21602.04
105682,53017,543,2,4352.44,435.24,8269.64
105683,53018,755,2,923.61,0.0,1847.22
105684,53019,569,5,46883.02,0.0,234415.1
105685,53019,629,2,717.69,71.77,1363.61
105686,53020,682,1,707.75,0.0,707.75
105687,53020,733,2,1597.66,319.53,2875.79
105688,53020,796,1,1462.48,146.25,1316.23
105689,53021,667,2,558.92,167.68,950.16
105690,53021,560,1,407.29,20.36,386.93
105691,53021,572,3,1098.59,0.0,3295.77
105692,53021,696,1,4358.64,435.86,3922.78
105693,53022,514,2,8817.04,0.0,17634.08
105694,53023,711,1,5931.42,0.0,5931.42
105695,53024,523,1,6428.51,321.43,6107.08
105696,53024,701,1,11805.02,0.0,11805.02
105697,53024,708,1,10297.58,0.0,10297.58
105698,53024,753,3,1068.74,0.0,3206.22
105699,53024,720,2,3038.53,0.0,6077.06
105700,53025,759,1,8304.75,1660.95,6643.8
105701,53025,519,1,849.44,0.0,849.44
105702,53026,565,1,322.27,0.0,322.27
105703,53026,634,1,5262.27,263.11,4999.16
105704,53026,609,1,3589.04,358.9,3230.14
105705,53027,759,1,8304.75,1245.71,7059.04
105706,53028,508,1,5538.85,553.89,4984.96
105707,53029,745,1,5138.19,0.0,5138.19
105708,53030,602,2,817.44,0.0,1634.88
105709,53031,527,1,43071.55,0.0,43071.55
105710,53031,776,1,1371.98,0.0,1371.98
105711,53032,685,3,9687.25,0.0,29061.75
105712,53033,628,1,6761.04,0.0,6761.04
105713,53033,633,1,1617.01,0.0,1617.01
105714,53033,753,1,1068.74,0.0,1068.74
105715,53034,628,2,6761.04,1352.21,12169.87
105716,53035,708,1,10297.58,0.0,10297.58
105717,53035,505,2,5998.46,0.0,11996.92
105718,53035,513,2,1399.58,0.0,2799.16
105719,53036,644,2,36167.51,0.0,72335.02
105720,53036,615,2,24337.83,7301.35,41374.31
105721,53037,739,1,9905.71,0.0,9905.71
105722,53037,728,1,2491.24,249.12,2242.12
105723,53038,655,1,5152.69,0.0,5152.69
105724,53038,712,1,12089.2,0.0,12089.2
105725,53039,795,1,18501.43,0.0,18501.43
105726,53039,612,1,2192.78,109.64,2083.14
105727,53039,599,1,2796.57,0.0,2796.57
105728,53039,800,1,2202.18,0.0,2202.18
105729,53040,615,2,24337.83,4867.57,43808.09
105730,53041,763,1,66.59,6.66,59.93
105731,53041,669,1,5183.71,0.0,5183.71
105732,53041,725,1,6229.36,0.0,6229.36
105733,53042,582,1,8407.83,0.0,8407.83
105734,53043,705,2,17197.08,1719.71,32674.45
105735,53044,752,3,14566.93,6555.12,37145.67
105736,53044,707,1,626.29,0.0,626.29
105737,53044,503,1,1376.24,206.44,1169.8
105738,53045,567,3,7980.38,0.0,23941.14
105739,53045,690,1,1805.43,0.0,1805.43
105740,53046,654,2,2895.35,0.0,5790.7
105741,53046,651,1,4691.47,0.0,4691.47
105742,53047,562,10,1170.27,0.0,11702.7
105743,53048,616,1,594.6,0.0,594.6
105744,53049,554,2,5371.45,1074.29,9668.61
105745,53050,532,1,820.25,82.03,738.22
105746,53051,577,1,795.1,79.51,715.59
105747,53051,629,1,717.69,0.0,717.69
105748,53052,658,1,711.18,106.68,604.5
105749,53052,575,1,253.01,25.3,227.71
105750,53052,680,1,1294.32,0.0,1294.32
105751,53052,513,1,1399.58,69.98,1329.6
105752,53053,671,1,3564.48,0.0,3564.48
105753,53054,697,1,17716.2,0.0,17716.2
105754,53054,531,1,10687.35,0.0,10687.35
105755,53054,613,1,11372.12,2274.42,9097.7
105756,53055,615,1,24337.83,1216.89,23120.94
105757,53055,577,2,795.1,0.0,1590.2
105758,53055,662,2,9986.23,1997.25,17975.21
105759,53056,728,1,2491.24,124.56,2366.68
105760,53057,634,3,5262.27,0.0,15786.81
105761,53058,531,1,10687.35,534.37,10152.98
105762,53059,669,1,5183.71,0.0,5183.71
105763,53059,719,2,15471.04,0.0,30942.08
105764,53059,565,1,322.27,0.0,322.27
105765,53060,559,3,5502.85,0.0,16508.55
105766,53061,683,2,873.55,87.36,1659.74
105767,53062,592,1,1511.43,151.14,1360.29
105768,53063,762,1,886.5,0.0,886.5
105769,53063,794,2,482.29,0.0,964.58
105770,53064,797,1,1277.35,0.0,1277.35
105771,53065,603,4,18106.09,3621.22,68803.14
105772,53065,506,1,1305.17,130.52,1174.65
105773,53065,535,3,2114.96,0.0,6344.88
105774,53066,576,3,2970.75,0.0,8912.25
105775,53066,766,2,4834.22,0.0,9668.44
105776,53066,731,2,1578.26,157.83,2998.69
105777,53066,533,1,10801.02,0.0,10801.02
105778,53067,639,3,5888.93,0.0,17666.79
105779,53068,504,1,3910.83,0.0,3910.83
105780,53068,655,2,5152.69,515.27,9790.11
105781,53068,718,2,6766.17,0.0,13532.34
105782,53069,631,1,1647.26,0.0,1647.26
105783,53069,590,1,2022.4,0.0,2022.4
105784,53069,750,1,182.17,0.0,182.17
105785,53070,707,1,626.29,31.31,594.98
105786,53071,754,1,9295.64,0.0,9295.64
105787,53071,602,2,817.44,0.0,1634.88
105788,53072,562,1,1170.27,58.51,1111.76
105789,53072,718,1,6766.17,338.31,6427.86
105790,53072,587,1,790.56,0.0,790.56
105791,53073,758,1,2596.01,0.0,2596.01
105792,53073,571,5,11994.11,2998.53,56972.02
105793,53074,734,1,839.57,83.96,755.61
105794,53075,671,1,3564.48,178.22,3386.26
105795,53075,734,1,839.57,0.0,839.57
105796,53076,536,1,1067.42,0.0,1067.42
105797,53077,550,3,3272.22,0.0,9816.66
105798,53077,534,1,46679.73,0.0,46679.73
105799,53077,678,1,37877.29,0.0,37877.29
105800,53078,514,1,8817.04,0.0,8817.04
105801,53079,701,1,11805.02,0.0,11805.02
105802,53079,653,-1,4298.41,0.0,4298.41
105803,53079,661,1,16283.24,3256.65,13026.59
105804,53080,546,1,12181.16,0.0,12181.16
105805,53080,517,1,12096.53,0.0,12096.53
105806,53080,552,3,10613.41,0.0,31840.23
105807,53080,583,1,9641.6,482.08,9159.52
105808,53081,549,2,13993.54,0.0,27987.08
105809,53082,522,1,39986.91,0.0,39986.91
105810,53083,762,1,886.5,0.0,886.5
105811,53083,764,1,38368.4,3836.84,34531.56
105812,53083,618,1,161.7,8.08,153.62
105813,53084,600,2,6469.3,1293.86,11644.74
105814,53085,512,3,1219.3,0.0,3657.9
105815,53085,641,1,3333.39,166.67,3166.72
105816,53085,999999,1,1098.59,0.0,1098.59
105817,53086,675,1,16586.98,829.35,15757.63
105818,53086,526,1,5568.93,0.0,5568.93
105819,53087,571,4,11994.11,0.0,47976.44
105820,53088,521,3,3815.32,1144.6,10301.36
105821,53088,554,4,5371.45,1074.29,20411.51
105822,53088,689,1,11449.91,0.0,11449.91
105823,53089,699,1,713.36,142.67,570.69
105824,53090,639,2,5888.93,1177.79,10600.07
105825,53090,716,1,1117.48,111.75,1005.73
105826,53090,767,1,2764.13,414.62,2349.51
105827,53090,509,1,3363.13,504.47,2858.66
105828,53090,541,1,2124.38,0.0,2124.38
105829,53091,567,1,7980.38,798.04,7182.34
105830,53092,525,1,4003.31,200.17,3803.14
105831,53092,535,1,2114.96,105.75,2009.21
105832,53092,621,1,1304.44,195.67,1108.77
105833,53092,695,3,24310.04,14586.02,58344.1
105834,53092,650,1,6201.76,310.09,5891.67
105835,53093,716,1,1117.48,223.5,893.98
105836,53093,767,2,2764.13,1105.65,4422.61
105837,53093,507,1,5384.85,269.24,5115.61
105838,53093,555,1,9558.13,477.91,9080.22
105839,53093,543,1,4352.44,435.24,3917.2
105840,53094,799,1,2348.69,352.3,1996.39
105841,53095,684,2,59645.43,0.0,119290.86
105842,53095,613,1,11372.12,0.0,11372.12
105843,53095,592,1,1511.43,302.29,1209.14
105844,53096,777,10,2061.3,0.0,20613.0
105845,53096,509,1,3363.13,0.0,3363.13
105846,53096,654,3,2895.35,0.0,8686.05
105847,53097,517,3,12096.53,1814.48,34475.11
105848,53097,671,1,3564.48,356.45,3208.03
105849,53098,551,2,3446.79,0.0,6893.58
105850,53099,726,2,983.03,98.3,1867.76
105851,53100,759,3,8304.75,0.0,24914.25
105852,53101,764,3,38368.4,0.0,115105.2
105853,53101,772,1,6175.25,0.0,6175.25
105854,53101,574,2,20894.55,8357.82,33431.28
105855,53101,668,1,1156.71,0.0,1156.71
105856,53101,777,1,2061.3,0.0,2061.3
105857,53102,657,1,8779.23,0.0,8779.23
105858,53103,512,2,1219.3,0.0,2438.6
105859,53104,552,1,10613.41,1061.34,9552.07
105860,53105,684,1,59645.43,2982.27,56663.16
105861,53106,760,1,11301.08,565.05,10736.03
105862,53106,554,1,5371.45,0.0,5371.45
105863,53107,685,1,9687.25,0.0,9687.25
105864,53108,789,1,2799.8,419.97,2379.83
105865,53108,778,1,2068.11,0.0,2068.11
105866,53108,729,1,2699.1,0.0,2699.1
105867,53109,658,1,711.18,0.0,711.18
105868,53110,570,1,4486.57,448.66,4037.91
105869,53110,711,1,5931.42,296.57,5634.85
105870,53110,540,1,32834.15,0.0,32834.15
105871,53110,568,2,5802.78,580.28,11025.28
105872,53111,563,1,5426.08,542.61,4883.47
105873,53111,715,1,61205.17,0.0,61205.17
105874,53112,599,1,2796.57,0.0,2796.57
105875,53112,699,1,713.36,0.0,713.36
105876,53113,529,5,47474.39,0.0,237371.95
105877,53113,661,10,16283.24,8141.62,154690.78
105878,53114,639,2,5888.93,0.0,11777.86
105879,53114,583,-1,9641.6,0.0,9641.6
105880,53114,769,4,1383.36,0.0,5533.44
105881,53115,563,1,5426.08,1085.22,4340.86
105882,53115,526,1,5568.93,0.0,5568.93
105883,53115,691,3,12820.07,0.0,38460.21
105884,53115,799,3,2348.69,1056.91,5989.16
105885,53116,689,2,11449.91,0.0,22899.82
105886,53116,586,2,4444.5,0.0,8889.0
105887,53117,746,1,1732.13,86.61,1645.52
105888,53117,588,1,490.64,0.0,490.64
105889,53117,791,1,11369.6,1705.44,9664.16
105890,53118,575,1,253.01,0.0,253.01
105891,53118,517,1,12096.53,1209.65,10886.88
105892,53119,691,1,12820.07,0.0,12820.07
105893,53120,534,1,46679.73,0.0,46679.73
105894,53121,515,1,1144.81,171.72,973.09
105895,53121,691,1,12820.07,0.0,12820.07
105896,53122,789,1,2799.8,419.97,2379.83
105897,53122,739,1,9905.71,0.0,9905.71
105898,53123,657,1,8779.23,0.0,8779.23
105899,53123,540,3,32834.15,4925.12,93577.33
105900,53124,598,1,579.36,0.0,579.36
105901,53124,612,4,2192.78,0.0,8771.12
105902,53125,683,1,873.55,0.0,873.55
105903,53125,595,3,2237.17,671.15,6040.36
105904,53125,566,2,8272.67,3309.07,13236.27
105905,53125,524,2,1357.31,0.0,2714.62
105906,53126,571,2,11994.11,0.0,23988.22
105907,53126,608,1,667.69,0.0,667.69
105908,53127,742,2,31236.95,9371.08,53102.82
105909,53127,658,1,711.18,0.0,711.18
105910,53128,535,1,2114.96,0.0,2114.96
105911,53128,557,3,783.76,0.0,2351.28
105912,53129,765,1,37606.92,0.0,37606.92
105913,53130,761,1,1440.57,288.11,1152.46
105914,53131,737,1,454.39,0.0,454.39
105915,53131,783,2,39234.63,0.0,78469.26
105916,53131,755,2,923.61,92.36,1754.86
105917,53132,643,1,55447.46,2772.37,52675.09
105918,53132,526,3,5568.93,1670.68,15036.11
105919,53133,708,4,10297.58,0.0,41190.32
105920,53133,700,1,6725.93,0.0,6725.93
105921,53133,720,10,3038.53,0.0,30385.3
105922,53134,726,1,983.03,0.0,983.03
105923,53134,613,1,11372.12,0.0,11372.12
105924,53135,625,2,54397.72,5439.77,103355.67
105925,53136,668,3,1156.71,0.0,3470.13
105926,53137,725,1,6229.36,311.47,5917.89
105927,53138,529,1,47474.39,0.0,47474.39
105928,53138,659,10,364.24,0.0,3642.4
105929,53138,692,1,7325.8,732.58,6593.22
105930,53139,594,1,55089.87,0.0,55089.87
105931,53140,584,1,1377.03,137.7,1239.33
105932,53141,707,1,626.29,0.0,626.29
105933,53142,579,1,17100.24,0.0,17100.24
105934,53143,693,1,1213.14,60.66,1152.48
105935,53144,732,1,3277.37,0.0,3277.37
105936,53144,619,1,577.92,0.0,577.92
105937,53145,600,1,6469.3,0.0,6469.3
105938,53145,592,1,1511.43,0.0,1511.43
105939,53145,531,3,10687.35,0.0,32062.05
105940,53145,692,2,7325.8,2930.32,11721.28
105941,53145,501,3,45292.52,0.0,135877.56
105942,53146,537,2,7317.24,731.72,13902.76
105943,53146,553,1,31731.27,0.0,31731.27
105944,53146,514,1,8817.04,440.85,8376.19
105945,53146,518,1,49561.42,7434.21,42127.21
105946,53147,739,1,9905.71,495.29,9410.42
105947,53148,721,1,5715.09,0.0,5715.09
105948,53149,524,3,1357.31,0.0,4071.93
105949,53150,630,3,2387.03,0.0,7161.09
105950,53150,671,2,3564.48,0.0,7128.96
105951,53151,742,4,31236.95,18742.17,106205.63
105952,53151,772,2,6175.25,0.0,12350.5
105953,53151,731,1,1578.26,0.0,1578.26
105954,53152,607,1,10316.31,0.0,10316.31
105955,53153,624,2,391.05,0.0,782.1
105956,53154,557,4,783.76,156.75,2978.29
105957,53155,740,1,38799.36,0.0,38799.36
105958,53156,696,1,4358.64,0.0,4358.64
105959,53157,719,2,15471.04,1547.1,29394.98
105960,53158,602,3,817.44,0.0,2452.32
105961,53158,751,2,25845.26,0.0,51690.52
105962,53158,739,3,9905.71,0.0,29717.13
105963,53159,596,5,1919.15,0.0,9595.75
105964,53160,683,1,873.55,0.0,873.55
105965,53160,545,3,1464.92,0.0,4394.76
105966,53161,537,2,7317.24,0.0,14634.48
105967,53162,733,1,1597.66,319.53,1278.13
105968,53163,573,4,620.76,0.0,2483.04
105969,53164,700,1,6725.93,0.0,6725.93
105970,53164,545,1,1464.92,0.0,1464.92
105971,53164,751,3,25845.26,0.0,77535.78
105972,53164,708,1,10297.58,1029.76,9267.82
105973,53165,645,1,3816.62,0.0,3816.62
105974,53166,796,1,1462.48,0.0,1462.48
105975,53166,594,2,55089.87,0.0,110179.74
105976,53166,700,4,6725.93,0.0,26903.72
105977,53167,749,2,1601.66,160.17,3043.15
105978,53167,687,2,1705.39,0.0,3410.78
105979,53167,507,1,5384.85,0.0,5384.85
105980,53168,573,2,620.76,0.0,1241.52
105981,53169,590,2,2022.4,202.24,3842.56
105982,53170,999999,2,44813.18,0.0,89626.36
105983,53171,762,2,886.5,0.0,1773.0
105984,53171,610,1,26733.01,2673.3,24059.71
105985,53171,573,1,620.76,62.08,558.68
105986,53172,539,1,1082.58,108.26,974.32
105987,53172,757,2,13097.42,0.0,26194.84
105988,53173,591,1,9106.57,1821.31,7285.26
105989,53174,700,1,6725.93,672.59,6053.34
105990,53175,662,10,9986.23,0.0,99862.3
105991,53176,596,1,1919.15,287.87,1631.28
105992,53177,536,1,1067.42,0.0,1067.42
105993,53177,717,4,902.81,361.12,3250.12
105994,53177,503,2,1376.24,412.87,2339.61
105995,53178,675,1,16586.98,0.0,16586.98
105996,53178,738,1,4031.99,0.0,4031.99
105997,53179,569,2,46883.02,0.0,93766.04
105998,53180,705,1,17197.08,0.0,17197.08
105999,53181,761,10,1440.57,1440.57,12965.13
106000,53181,675,5,16586.98,0.0,82934.9
106001,53182,798,4,3816.99,0.0,15267.96
106002,53182,539,10,1082.58,0.0,10825.8
106003,53183,657,1,8779.23,0.0,8779.23
106004,53184,638,1,9668.28,483.41,9184.87
106005,53185,755,1,923.61,92.36,831.25
106006,53186,655,1,5152.69,257.63,4895.06
106007,53187,796,1,1462.48,0.0,1462.48
106008,53188,688,1,9656.12,482.81,9173.31
106009,53189,653,1,4298.41,214.92,4083.49
106010,53190,651,10,4691.47,0.0,46914.7
106011,53191,695,2,24310.04,0.0,48620.08
106012,53191,618,2,161.7,16.17,307.23
106013,53191,601,3,17813.81,5344.14,48097.29
106014,53192,655,1,5152.69,515.27,4637.42
106015,53193,792,1,2835.7,0.0,2835.7
106016,53193,631,1,1647.26,247.09,1400.17
106017,53194,552,1,10613.41,0.0,10613.41
106018,53194,789,4,2799.8,0.0,11199.2
106019,53194,764,1,38368.4,5755.26,32613.14
106020,53194,544,1,6582.2,329.11,6253.09
106021,53195,615,1,24337.83,1216.89,23120.94
106022,53196,732,2,3277.37,0.0,6554.74
106023,53197,633,1,1617.01,0.0,1617.01
106024,53198,655,2,5152.69,0.0,10305.38
106025,53198,501,2,45292.52,0.0,90585.04
106026,53199,587,1,790.56,79.06,711.5
106027,53199,601,1,17813.81,0.0,17813.81
106028,53200,786,2,5485.59,0.0,10971.18
106029,53200,698,1,9291.61,1393.74,7897.87
106030,53201,732,2,3277.37,0.0,6554.74
106031,53201,672,3,9227.41,0.0,27682.23
106032,53201,668,1,1156.71,0.0,1156.71
106033,53202,694,1,1970.24,0.0,1970.24
106034,53203,567,1,7980.38,399.02,7581.36
106035,53204,761,1,1440.57,0.0,1440.57
106036,53205,719,1,15471.04,0.0,15471.04
106037,53206,738,1,4031.99,0.0,4031.99
106038,53206,739,4,9905.71,1981.14,37641.7
106039,53206,710,2,10731.06,0.0,21462.12
106040,53207,601,1,17813.81,0.0,17813.81
106041,53207,716,1,1117.48,0.0,1117.48
106042,53208,671,1,3564.48,0.0,3564.48
106043,53209,673,2,1038.9,0.0,2077.8
106044,53209,758,1,2596.01,0.0,2596.01
106045,53210,642,1,6612.07,0.0,6612.07
106046,53211,561,3,2177.62,0.0,6532.86
106047,53211,635,1,3079.07,461.86,2617.21
106048,53211,582,3,8407.83,0.0,25223.49
106049,53212,754,1,9295.64,929.56,8366.08
106050,53212,634,1,5262.27,263.11,4999.16
106051,53212,517,1,12096.53,604.83,11491.7
106052,53212,659,10,364.24,364.24,3278.16
106053,53213,619,2,577.92,57.79,1098.05
106054,53213,526,1,5568.93,556.89,5012.04
106055,53213,732,1,3277.37,0.0,3277.37
106056,53214,551,1,3446.79,344.68,3102.11
106057,53214,645,5,3816.62,0.0,19083.1
106058,53214,512,2,1219.3,0.0,2438.6
106059,53215,579,1,17100.24,0.0,17100.24
106060,53216,503,1,1376.24,0.0,1376.24
106061,53216,592,1,1511.43,75.57,1435.86
106062,53217,678,1,37877.29,0.0,37877.29
106063,53217,690,1,1805.43,90.27,1715.16
106064,53218,650,1,6201.76,0.0,6201.76
106065,53218,661,1,16283.24,1628.32,14654.92
106066,53219,786,3,5485.59,1645.68,14811.09
106067,53219,779,1,9166.85,0.0,9166.85
106068,53219,658,1,711.18,35.56,675.62
106069,53220,561,1,2177.62,0.0,2177.62
106070,53221,604,2,5835.32,0.0,11670.64
106071,53221,688,3,9656.12,0.0,0.01
106072,53222,620,4,607.15,121.43,2307.17
106073,53223,578,2,6521.84,0.0,13043.68
106074,53223,552,1,10613.41,0.0,10613.41
106075,53224,771,4,1072.89,0.0,4291.56
106076,53225,779,4,9166.85,0.0,36667.4
106077,53225,532,1,820.25,0.0,820.25
106078,53225,579,1,17100.24,0.0,17100.24
106079,53226,683,2,873.55,0.0,1747.1
106080,53226,731,2,1578.26,0.0,3156.52
106081,53227,650,3,6201.76,0.0,18605.28
106082,53228,509,2,3363.13,0.0,6726.26
106083,53229,677,2,3625.43,0.0,7250.86
106084,53230,687,1,1705.39,255.81,1449.58
106085,53230,746,2,1732.13,173.21,3291.05
106086,53231,747,1,805.8,0.0,805.8
106087,53231,616,1,594.6,118.92,475.68
106088,53231,613,1,11372.12,0.0,11372.12
106089,53232,701,2,11805.02,1180.5,22429.54
106090,53232,767,1,2764.13,0.0,2764.13
106091,53233,558,5,9344.26,2336.07,44385.23
106092,53234,782,1,9360.71,0.0,9360.71
106093,53234,659,1,364.24,0.0,364.24
106094,53234,752,2,14566.93,2913.39,26220.47
106095,53235,732,1,3277.37,163.87,3113.5
106096,53236,772,1,6175.25,0.0,6175.25
106097,53236,624,5,391.05,0.0,1955.25
106098,53237,535,1,2114.96,0.0,2114.96
106099,53238,559,1,5502.85,0.0,5502.85
106100,53239,609,1,3589.04,0.0,3589.04
106101,53239,607,1,10316.31,0.0,10316.31
106102,53239,512,1,1219.3,60.97,1158.33
106103,53239,593,1,1214.64,0.0,1214.64
106104,53240,678,1,37877.29,1893.86,35983.43
106105,53241,667,1,558.92,0.0,558.92
106106,53241,517,2,12096.53,0.0,24193.06
106107,53241,999999,3,2348.69,704.61,6341.46
106108,53241,791,1,11369.6,0.0,11369.6
106109,53242,650,2,6201.76,0.0,12403.52
106110,53243,666,2,4195.88,0.0,8391.76
106111,53244,738,-1,4031.99,403.2,3628.79
106112,53245,571,3,11994.11,3598.23,32384.1
106113,53246,756,2,372.34,0.0,744.68
106114,53247,504,2,3910.83,391.08,7430.58
106115,53248,652,1,13563.11,0.0,13563.11
106116,53249,581,1,2900.19,0.0,2900.19
106117,53250,645,2,3816.62,0.0,7633.24
106118,53250,636,5,1717.09,858.54,7726.91
106119,53251,762,1,886.5,0.0,886.5
106120,53251,738,1,4031.99,201.6,3830.39
106121,53251,635,1,3079.07,0.0,3079.07
106122,53252,780,1,3012.88,150.64,2862.24
106123,53252,661,3,16283.24,0.0,48849.72
106124,53253,535,1,2114.96,0.0,2114.96
106125,53253,722,2,53128.36,5312.84,100943.88
106126,53253,678,2,37877.29,0.0,75754.58
106127,53254,793,1,2448.49,0.0,2448.49
106128,53254,523,1,6428.51,0.0,6428.51
106129,53254,534,1,46679.73,0.0,46679.73
106130,53254,781,3,508.19,0.0,1524.57
106131,53254,546,1,12181.16,1218.12,10963.04
106132,53255,665,2,2533.05,0.0,5066.1
106133,53256,686,2,4182.59,0.0,8365.18
106134,53257,587,1,790.56,0.0,790.56
106135,53257,546,1,12181.16,0.0,12181.16
106136,53258,709,1,5677.52,0.0,5677.52
106137,53258,665,1,2533.05,0.0,2533.05
106138,53258,639,1,5888.93,0.0,5888.93
106139,53258,792,1,2835.7,567.14,2268.56
106140,53259,739,5,9905.71,9905.71,39622.84
106141,53260,706,1,14673.28,733.66,13939.62
106142,53261,778,1,2068.11,206.81,1861.3
106143,53262,687,5,1705.39,0.0,8526.95
106144,53262,776,2,1371.98,137.2,2606.76
106145,53263,557,1,783.76,39.19,744.57
106146,53263,692,1,7325.8,0.0,7325.8
106147,53263,699,3,713.36,214.01,1926.07
106148,53264,682,2,707.75,0.0,1415.5
106149,53264,540,2,32834.15,6566.83,59101.47
106150,53265,741,1,1969.25,295.39,1673.86
106151,53265,606,2,290.06,0.0,580.12
106152,53265,634,1,5262.27,0.0,5262.27
106153,53265,600,1,6469.3,323.47,6145.83
106154,53266,771,1,1072.89,0.0,1072.89
106155,53266,755,2,923.61,92.36,1754.86
106156,53266,502,3,15084.04,2262.61,42989.51
106157,53267,582,1,8407.83,0.0,8407.83
106158,53267,607,1,10316.31,515.82,9800.49
106159,53267,604,1,5835.32,291.77,5543.55
106160,53268,762,1,886.5,88.65,797.85
106161,53269,589,1,17388.16,0.0,17388.16
106162,53269,526,1,5568.93,0.0,5568.93
106163,53269,760,2,11301.08,0.0,22602.16
106164,53269,573,1,620.76,31.04,589.72
106165,53270,681,1,5353.16,535.32,4817.84
106166,53271,509,1,3363.13,0.0,3363.13
106167,53271,508,1,5538.85,0.0,5538.85
106168,53271,596,1,1919.15,191.92,1727.23
106169,53271,762,2,886.5,265.95,1507.05
106170,53271,651,1,4691.47,234.57,4456.9
106171,53272,531,3,10687.35,1603.1,30458.95
106172,53273,626,4,236.68,0.0,946.72
106173,53274,672,2,9227.41,2768.22,15686.6
106174,53274,580,1,1023.86,0.0,1023.86
106175,53275,528,1,951.12,0.0,951.12
106176,53276,694,2,1970.24,197.02,3743.46
106177,53276,722,2,53128.36,0.0,106256.72
106178,53276,646,1,6680.81,0.0,6680.81
106179,53277,552,1,10613.41,0.0,10613.41
106180,53277,554,2,5371.45,0.0,10742.9
106181,53278,543,1,4352.44,0.0,4352.44
106182,53278,770,1,2789.39,0.0,2789.39
106183,53278,647,2,48665.91,4866.59,92465.23
106184,53279,529,1,47474.39,4747.44,42726.95
106185,53279,648,10,1203.65,601.83,11434.67
106186,53279,751,1,25845.26,0.0,25845.26
106187,53280,646,1,6680.81,0.0,6680.81
106188,53281,663,1,1339.76,0.0,1339.76
106189,53282,509,3,3363.13,504.47,9584.92
106190,53283,540,1,32834.15,0.0,32834.15
106191,53284,610,1,26733.01,4009.95,22723.06
106192,53284,750,1,182.17,18.22,163.95
106193,53285,560,1,407.29,0.0,407.29
106194,53286,596,1,1919.15,0.0,1919.15
106195,53286,648,3,1203.65,0.0,3610.95
106196,53286,744,1,6141.59,0.0,6141.59
106197,53287,720,1,3038.53,0.0,3038.53
106198,53287,621,4,1304.44,0.0,5217.76
106199,53288,582,1,8407.83,0.0,8407.83
106200,53288,550,5,3272.22,0.0,16361.1
106201,53288,501,1,45292.52,6793.88,38498.64
106202,53288,772,3,6175.25,1852.58,16673.17
106203,53289,690,1,1805.43,0.0,1805.43
106204,53289,552,1,10613.41,530.67,10082.74
106205,53289,532,1,820.25,164.05,656.2
106206,53290,639,1,5888.93,0.0,5888.93
106207,53290,593,3,1214.64,0.0,3643.92
106208,53291,664,1,18695.4,1869.54,16825.86
106209,53292,728,1,2491.24,249.12,2242.12
106210,53292,566,3,8272.67,1240.9,23577.11
106211,53292,507,1,5384.85,0.0,5384.85
106212,53293,513,2,1399.58,0.0,2799.16
106213,53294,617,1,1324.53,0.0,1324.53
106214,53295,794,4,482.29,0.0,1929.16
106215,53295,515,1,1144.81,171.72,973.09
106216,53296,540,1,32834.15,0.0,32834.15
106217,53297,644,1,36167.51,1808.38,34359.13
106218,53298,574,2,20894.55,0.0,41789.1
106219,53299,555,1,9558.13,955.81,8602.32
106220,53299,719,1,15471.04,0.0,15471.04
106221,53300,739,1,9905.71,495.29,9410.42
106222,53300,725,1,6229.36,0.0,6229.36
106223,53300,700,1,6725.93,672.59,6053.34
106224,53301,776,3,1371.98,0.0,4115.94
106225,53301,679,2,53522.92,21409.17,85636.67
106226,53301,742,10,31236.95,0.0,312369.5
106227,53302,780,1,3012.88,451.93,2560.95
106228,53303,540,1,32834.15,0.0,32834.15
106229,53304,767,2,2764.13,0.0,5528.26
106230,53304,517,2,12096.53,0.0,24193.06
106231,53305,733,2,1597.66,0.0,3195.32
106232,53306,702,1,569.75,56.98,512.77
106233,53307,548,1,8285.36,0.0,8285.36
106234,53308,645,1,3816.62,0.0,3816.62
106235,53308,582,1,8407.83,840.78,7567.05
106236,53308,605,1,1048.97,157.35,891.62
106237,53308,726,1,983.03,0.0,983.03
106238,53308,631,1,1647.26,0.0,1647.26
106239,53309,574,1,20894.55,2089.45,18805.1
106240,53310,688,1,9656.12,0.0,9656.12
106241,53310,648,1,1203.65,120.37,1083.28
106242,53310,731,4,1578.26,946.96,5366.08
106243,53310,773,1,5708.39,285.42,5422.97
106244,53310,527,1,43071.55,4307.16,38764.39
106245,53311,563,1,5426.08,542.61,4883.47
106246,53312,663,1,1339.76,0.0,1339.76
106247,53313,739,1,9905.71,0.0,9905.71
106248,53313,532,1,820.25,0.0,820.25
106249,53313,769,1,1383.36,69.17,1314.19
106250,53314,634,1,5262.27,263.11,4999.16
106251,53315,650,4,6201.76,1240.35,23566.69
106252,53316,745,1,5138.19,0.0,5138.19
106253,53316,668,5,1156.71,867.53,4916.02
106254,53317,721,4,5715.09,2286.04,20574.32
106255,53317,747,1,805.8,80.58,725.22
106256,53318,634,1,5262.27,526.23,4736.04
106257,53318,692,3,7325.8,3296.61,18680.79
106258,53319,789,2,2799.8,0.0,5599.6
106259,53320,576,2,2970.75,297.07,5644.43
106260,53321,787,1,27577.51,0.0,27577.51
106261,53321,749,2,1601.66,0.0,3203.32
106262,53321,680,2,1294.32,0.0,2588.64
106263,53322,556,2,3671.69,0.0,7343.38
106264,53323,719,1,15471.04,0.0,15471.04
106265,53324,769,1,1383.36,276.67,1106.69
106266,53324,637,1,3516.12,351.61,3164.51
106267,53325,771,1,1072.89,107.29,965.6
106268,53326,555,5,9558.13,4779.06,43011.59
106269,53327,544,2,6582.2,1974.66,11189.74
106270,53327,523,2,6428.51,0.0,12857.02
106271,53327,509,1,3363.13,0.0,3363.13
106272,53327,705,1,17197.08,0.0,17197.08
106273,53328,537,1,7317.24,0.0,7317.24
106274,53329,756,1,372.34,0.0,372.34
106275,53330,703,1,2609.04,0.0,2609.04
106276,53331,540,1,32834.15,3283.42,29550.73
106277,53331,780,2,3012.88,0.0,6025.76
106278,53331,535,2,2114.96,634.49,3595.43
106279,53331,694,1,1970.24,0.0,1970.24
106280,53332,542,2,1742.37,522.71,2962.03
106281,53333,791,1,11369.6,1136.96,10232.64
106282,53334,556,1,3671.69,550.75,3120.94
106283,53335,700,1,6725.93,0.0,6725.93
106284,53336,766,2,4834.22,966.84,8701.6
106285,53337,669,1,5183.71,0.0,5183.71
106286,53337,502,2,15084.04,0.0,30168.08
106287,53337,588,1,490.64,0.0,490.64
106288,53337,651,1,4691.47,234.57,4456.9
106289,53338,600,1,6469.3,0.0,6469.3
106290,53338,579,2,17100.24,1710.02,32490.46
106291,53338,502,2,15084.04,0.0,30168.08
106292,53339,658,1,711.18,0.0,711.18
106293,53340,523,2,6428.51,0.0,12857.02
106294,53340,654,2,2895.35,868.6,4922.1
106295,53341,999999,4,3644.62,0.0,0.01
106296,53342,753,1,1068.74,213.75,854.99
106297,53342,563,1,5426.08,0.0,5426.08
106298,53342,713,3,5412.77,0.0,16238.31
106299,53343,561,1,2177.62,217.76,1959.86
106300,53344,798,2,3816.99,0.0,7633.98
106301,53344,609,3,3589.04,0.0,10767.12
106302,53345,719,2,15471.04,0.0,30942.08
106303,53345,665,1,2533.05,0.0,2533.05
106304,53345,632,1,2338.49,0.0,2338.49
106305,53346,516,2,14192.65,0.0,28385.3
106306,53347,789,3,2799.8,0.0,8399.4
106307,53347,651,10,4691.47,0.0,46914.7
106308,53347,684,5,59645.43,0.0,298227.15
106309,53348,714,1,44813.18,0.0,44813.18
106310,53349,748,2,2116.96,211.7,4022.22
106311,53349,689,2,11449.91,4579.96,18319.86
106312,53349,656,5,9107.06,4553.53,40981.77
106313,53350,704,1,1165.72,58.29,1107.43
106314,53351,546,1,12181.16,0.0,12181.16
106315,53352,682,1,707.75,0.0,707.75
106316,53353,673,1,1038.9,155.84,883.06
106317,53353,520,1,1736.99,86.85,1650.14
106318,53353,796,1,1462.48,219.37,1243.11
106319,53353,533,3,10801.02,1620.15,30782.91
106320,53354,786,2,5485.59,1097.12,9874.06
106321,53354,548,1,8285.36,0.0,8285.36
106322,53354,532,1,820.25,0.0,820.25
106323,53354,516,1,14192.65,0.0,14192.65
106324,53355,597,1,535.83,53.58,482.25
106325,53356,714,1,44813.18,0.0,44813.18
106326,53356,616,2,594.6,0.0,1189.2
106327,53356,552,0,10613.41,0.0,10613.41
106328,53357,569,2,46883.02,4688.3,89077.74
106329,53357,614,2,30296.77,3029.68,57563.86
106330,53357,516,3,14192.65,0.0,42577.95
106331,53358,712,1,12089.2,604.46,11484.74
106332,53358,755,2,923.61,92.36,1754.86
106333,53359,633,1,1617.01,0.0,1617.01
106334,53359,627,1,348.17,0.0,348.17
106335,53360,735,3,1557.67,0.0,4673.01
106336,53361,652,1,13563.11,678.16,12884.95
106337,53362,705,1,17197.08,1719.71,15477.37
106338,53362,561,1,2177.62,0.0,2177.62
106339,53363,780,1,3012.88,451.93,2560.95
106340,53364,624,1,391.05,19.55,371.5
106341,53364,505,3,5998.46,899.77,17095.61
106342,53365,690,1,1805.43,0.0,1805.43
106343,53366,686,1,4182.59,418.26,3764.33
106344,53367,680,1,1294.32,0.0,1294.32
106345,53368,591,1,9106.57,0.0,9106.57
106346,53368,564,1,1265.51,0.0,1265.51
106347,53368,673,1,1038.9,0.0,1038.9
106348,53369,611,2,15431.65,0.0,30863.3
106349,53369,999999,1,53522.92,0.0,53522.92
106350,53369,763,3,66.59,0.0,199.77
106351,53370,644,1,36167.51,3616.75,32550.76
106352,53371,782,2,9360.71,936.07,17785.35
106353,53371,716,2,1117.48,0.0,2234.96
106354,53372,726,2,983.03,0.0,1966.06
106355,53373,554,2,5371.45,537.14,10205.76
106356,53374,641,1,3333.39,0.0,3333.39
106357,53375,778,1,2068.11,413.62,1654.49
106358,53376,506,2,1305.17,261.03,2349.31
106359,53377,588,1,490.64,0.0,490.64
106360,53377,575,2,253.01,0.0,506.02
106361,53378,764,4,38368.4,0.0,153473.6
106362,53379,602,1,817.44,0.0,817.44
106363,53380,751,1,25845.26,0.0,25845.26
106364,53381,552,1,10613.41,0.0,10613.41
106365,53382,625,1,54397.72,0.0,54397.72
106366,53382,722,1,53128.36,2656.42,50471.94
106367,53382,601,2,17813.81,0.0,35627.62
106368,53383,696,1,4358.64,653.8,3704.84
106369,53383,719,1,15471.04,773.55,14697.49
106370,53384,716,1,1117.48,111.75,1005.73
106371,53384,763,1,66.59,0.0,66.59
106372,53384,710,5,10731.06,0.0,53655.3
106373,53384,691,3,12820.07,1923.01,36537.2
106374,53385,601,1,17813.81,0.0,17813.81
106375,53385,792,1,2835.7,0.0,2835.7
106376,53385,724,2,2567.59,0.0,5135.18
106377,53386,750,1,182.17,0.0,182.17
106378,53386,555,1,9558.13,477.91,9080.22
106379,53386,699,1,713.36,35.67,677.69
106380,53386,611,1,15431.65,0.0,15431.65
106381,53387,774,1,1776.67,88.83,1687.84
106382,53388,686,1,4182.59,209.13,3973.46
106383,53389,664,1,18695.4,0.0,18695.4
106384,53389,565,1,322.27,0.0,322.27
106385,53390,707,1,626.29,0.0,626.29
106386,53390,724,1,2567.59,0.0,2567.59
106387,53390,673,2,1038.9,207.78,1870.02
106388,53390,542,3,1742.37,0.0,5227.11
106389,53391,719,2,15471.04,0.0,30942.08
106390,53391,594,2,55089.87,22035.95,88143.79
106391,53392,718,2,6766.17,0.0,13532.34
106392,53393,629,1,717.69,0.0,717.69
106393,53393,774,3,1776.67,1066.0,4264.01
106394,53393,600,1,6469.3,0.0,6469.3
106395,53394,713,3,5412.77,3247.66,12990.65
106396,53395,656,1,9107.06,0.0,9107.06
106397,53395,630,3,2387.03,716.11,6444.98
106398,53396,669,1,5183.71,0.0,5183.71
106399,53396,667,1,558.92,55.89,503.03
106400,53396,762,3,886.5,0.0,2659.5
106401,53397,692,1,7325.8,366.29,6959.51
106402,53397,528,1,951.12,0.0,951.12
106403,53398,651,1,4691.47,0.0,4691.47
106404,53398,746,1,1732.13,86.61,1645.52
106405,53398,752,2,14566.93,0.0,29133.86
106406,53399,514,2,8817.04,1763.41,15870.67
106407,53399,718,1,6766.17,338.31,6427.86
106408,53399,689,5,11449.91,2862.48,54387.07
106409,53400,522,3,39986.91,17994.11,101966.62
106410,53400,716,1,1117.48,223.5,893.98
106411,53400,756,1,372.34,18.62,353.72
106412,53400,526,1,5568.93,0.0,5568.93
106413,53401,741,3,1969.25,295.39,5612.36
106414,53402,641,1,3333.39,166.67,3166.72
106415,53403,602,1,817.44,40.87,776.57
106416,53403,570,1,4486.57,0.0,4486.57
106417,53403,528,3,951.12,142.67,2710.69
106418,53404,756,1,372.34,74.47,297.87
106419,53404,740,1,38799.36,0.0,38799.36
106420,53404,770,2,2789.39,0.0,5578.78
106421,53405,545,1,1464.92,292.98,1171.94
106422,53406,591,2,9106.57,910.66,17302.48
106423,53407,605,5,1048.97,0.0,5244.85
106424,53407,569,3,46883.02,0.0,140649.06
106425,53407,753,2,1068.74,106.87,2030.61
106426,53407,765,1,37606.92,0.0,37606.92
106427,53408,526,3,5568.93,2506.02,14200.77
106428,53409,709,1,5677.52,0.0,5677.52
106429,53410,724,1,2567.59,128.38,2439.21
106430,53411,639,2,5888.93,1766.68,10011.18
106431,53412,663,1,1339.76,267.95,1071.81
106432,53413,752,1,14566.93,0.0,14566.93
106433,53414,644,1,36167.51,0.0,36167.51
106434,53414,617,2,1324.53,0.0,2649.06
106435,53414,562,1,1170.27,175.54,994.73
106436,53415,534,1,46679.73,9335.95,37343.78
106437,53416,516,3,14192.65,0.0,42577.95
106438,53417,612,1,2192.78,219.28,1973.5
106439,53417,540,1,32834.15,0.0,32834.15
106440,53418,702,2,569.75,113.95,1025.55
106441,53418,584,1,1377.03,137.7,1239.33
106442,53418,539,2,1082.58,108.26,2056.9
106443,53419,554,1,5371.45,0.0,5371.45
106444,53420,746,2,1732.13,692.85,2771.41
106445,53421,641,2,3333.39,333.34,6333.44
106446,53422,664,1,18695.4,0.0,18695.4
106447,53423,773,3,5708.39,0.0,17125.17
106448,53424,730,1,713.55,35.68,677.87
106449,53425,545,1,1464.92,73.25,1391.67
106450,53426,588,2,490.64,0.0,981.28
106451,53427,649,4,699.68,0.0,2798.72
106452,53428,647,1,48665.91,9733.18,38932.73
106453,53429,778,2,2068.11,0.0,4136.22
106454,53429,656,2,9107.06,910.71,17303.41
106455,53430,784,3,1641.14,0.0,4923.42
106456,53431,752,1,14566.93,728.35,13838.58
106457,53431,773,1,5708.39,0.0,5708.39
106458,53431,689,1,11449.91,0.0,11449.91
106459,53431,647,2,48665.91,0.0,97331.82
106460,53431,668,1,1156.71,173.51,983.2
106461,53432,633,1,1617.01,0.0,1617.01
106462,53433,793,1,2448.49,122.42,2326.07
106463,53433,644,2,36167.51,0.0,72335.02
106464,53433,662,1,9986.23,0.0,9986.23
106465,53434,502,1,15084.04,0.0,15084.04
106466,53435,662,1,9986.23,998.62,8987.61
106467,53436,623,2,2674.16,267.42,5080.9
106468,53436,700,2,6725.93,1345.19,12106.67
106469,53437,601,1,17813.81,0.0,17813.81
106470,53437,770,1,2789.39,0.0,2789.39
106471,53438,730,1,713.55,107.03,606.52
106472,53439,628,1,6761.04,676.1,6084.94
106473,53439,671,2,3564.48,712.9,6416.06
106474,53440,569,1,46883.02,0.0,46883.02
106475,53440,559,1,5502.85,0.0,5502.85
106476,53441,680,1,1294.32,0.0,1294.32
106477,53442,529,1,47474.39,0.0,47474.39
106478,53443,618,1,161.7,32.34,129.36
106479,53443,747,5,805.8,0.0,4029.0
106480,53444,792,1,2835.7,0.0,2835.7
106481,53444,617,1,1324.53,0.0,1324.53
106482,53444,612,1,2192.78,438.56,1754.22
106483,53445,785,2,1136.17,0.0,2272.34
106484,53446,775,3,3454.82,1036.45,9328.01
106485,53447,742,1,31236.95,0.0,31236.95
106486,53447,594,1,55089.87,0.0,55089.87
106487,53447,636,1,1717.09,0.0,1717.09
106488,53447,740,2,38799.36,0.0,77598.72
106489,53448,761,2,1440.57,288.11,2593.03
106490,53448,682,1,707.75,35.39,672.36
106491,53448,769,1,1383.36,0.0,1383.36
106492,53449,638,2,9668.28,2900.48,16436.08
106493,53449,661,1,16283.24,0.0,16283.24
106494,53450,750,1,182.17,18.22,163.95
106495,53450,692,4,7325.8,0.0,29303.2
106496,53451,756,2,372.34,0.0,744.68
106497,53452,694,2,1970.24,0.0,3940.48
106498,53453,570,1,4486.57,0.0,4486.57
106499,53454,741,2,1969.25,590.77,3347.73
106500,53454,724,1,2567.59,0.0,2567.59
106501,53454,789,3,2799.8,0.0,8399.4
106502,53454,625,1,54397.72,0.0,54397.72
106503,53454,776,4,1371.98,0.0,5487.92
106504,53455,528,2,951.12,190.22,1712.02
106505,53455,513,2,1399.58,0.0,2799.16
106506,53455,707,1,626.29,0.0,626.29
106507,53456,574,3,20894.55,0.0,62683.65
106508,53457,775,5,3454.82,0.0,17274.1
106509,53458,729,1,2699.1,0.0,2699.1
106510,53458,706,4,14673.28,0.0,58693.12
106511,53459,679,2,53522.92,5352.29,101693.55
106512,53460,558,2,9344.26,0.0,18688.52
106513,53461,558,1,9344.26,0.0,9344.26
106514,53461,533,1,10801.02,0.0,10801.02
106515,53462,726,3,983.03,294.91,0.01
106516,53463,621,2,1304.44,0.0,2608.88
106517,53463,504,1,3910.83,0.0,3910.83
106518,53464,598,1,579.36,0.0,579.36
106519,53464,555,1,9558.13,0.0,9558.13
106520,53465,783,1,39234.63,7846.93,31387.7
106521,53466,681,1,5353.16,535.32,4817.84
106522,53466,658,3,711.18,106.68,2026.86
106523,53466,736,4,6075.78,1215.16,23087.96
106524,53467,525,3,4003.31,0.0,12009.93
106525,53468,685,1,9687.25,1453.09,8234.16
106526,53468,506,2,1305.17,261.03,2349.31
106527,53468,550,1,3272.22,0.0,3272.22
106528,53469,685,1,9687.25,0.0,9687.25
106529,53470,669,1,5183.71,777.56,4406.15
106530,53471,658,1,711.18,0.0,711.18
106531,53471,750,3,182.17,54.65,491.86
106532,53472,791,1,11369.6,0.0,11369.6
106533,53472,699,1,713.36,107.0,606.36
106534,53472,510,1,640.28,0.0,640.28
106535,53473,798,1,3816.99,0.0,3816.99
106536,53474,783,2,39234.63,15693.85,62775.41
106537,53474,556,1,3671.69,734.34,2937.35
106538,53474,613,1,11372.12,0.0,11372.12
106539,53474,628,1,6761.04,1014.16,5746.88
106540,53474,504,2,3910.83,0.0,7821.66
106541,53475,579,2,17100.24,0.0,34200.48
106542,53476,671,4,3564.48,0.0,14257.92
106543,53477,611,1,15431.65,0.0,15431.65
106544,53477,779,3,9166.85,4125.08,23375.47
106545,53477,560,3,407.29,0.0,1221.87
106546,53477,668,2,1156.71,462.68,1850.74
106547,53478,747,2,805.8,241.74,1369.86
106548,53478,733,2,1597.66,159.77,3035.55
106549,53479,559,1,5502.85,0.0,5502.85
106550,53479,678,3,37877.29,5681.59,107950.28
106551,53479,652,1,13563.11,0.0,13563.11
106552,53480,573,3,620.76,0.0,1862.28
106553,53481,705,4,17197.08,0.0,68788.32
106554,53481,613,1,11372.12,568.61,10803.51
106555,53481,755,3,923.61,138.54,2632.29
106556,53482,620,3,607.15,0.0,1821.45
106557,53482,788,1,8889.42,1777.88,7111.54
106558,53482,553,1,31731.27,0.0,31731.27
106559,53483,612,2,2192.78,0.0,4385.56
106560,53484,603,1,18106.09,3621.22,14484.87
106561,53485,760,1,11301.08,0.0,11301.08
106562,53486,617,1,1324.53,0.0,1324.53
106563,53486,557,2,783.76,313.5,1254.02
106564,53487,768,5,10470.08,7852.56,44497.84
106565,53488,754,1,9295.64,0.0,9295.64
106566,53489,795,2,18501.43,0.0,37002.86
106567,53490,529,1,47474.39,0.0,47474.39
106568,53490,698,1,9291.61,0.0,9291.61
106569,53490,564,1,1265.51,0.0,1265.51
106570,53491,565,4,322.27,0.0,1289.08
106571,53491,649,1,699.68,0.0,699.68
106572,53491,554,1,5371.45,0.0,5371.45
106573,53491,689,1,11449.91,1144.99,10304.92
106574,53492,561,1,2177.62,0.0,2177.62
106575,53493,696,1,4358.64,217.93,4140.71
106576,53493,549,1,13993.54,2099.03,11894.51
106577,53493,642,10,6612.07,0.0,66120.7
106578,53494,546,1,12181.16,609.06,11572.1
106579,53494,999999,1,5835.32,0.0,5835.32
106580,53495,654,1,2895.35,0.0,2895.35
106581,53495,677,1,3625.43,0.0,3625.43
106582,53496,609,1,3589.04,0.0,3589.04
106583,53497,526,1,5568.93,0.0,5568.93
106584,53497,774,3,1776.67,0.0,5330.01
106585,53497,632,1,2338.49,0.0,2338.49
106586,53498,517,2,12096.53,1209.65,22983.41
106587,53498,734,1,839.57,0.0,839.57
106588,53498,509,1,3363.13,0.0,3363.13
106589,53499,525,1,4003.31,400.33,3602.98
106590,53500,623,1,2674.16,0.0,2674.16
106591,53500,572,1,1098.59,109.86,988.73
106592,53500,734,2,839.57,0.0,1679.14
106593,53501,800,1,2202.18,0.0,2202.18
106594,53502,688,1,9656.12,965.61,8690.51
106595,53502,634,2,5262.27,1052.45,9472.09
106596,53502,606,5,290.06,0.0,1450.3
106597,53503,723,1,3644.62,0.0,3644.62
106598,53503,652,1,13563.11,0.0,13563.11
106599,53504,506,2,1305.17,0.0,2610.34
106600,53505,546,1,12181.16,0.0,12181.16
106601,53505,603,1,18106.09,905.3,17200.79
106602,53505,723,2,3644.62,364.46,6924.78
106603,53506,795,2,18501.43,0.0,37002.86
106604,53507,776,4,1371.98,0.0,5487.92
106605,53507,664,3,18695.4,0.0,56086.2
106606,53508,591,1,9106.57,455.33,8651.24
106607,53509,763,0,66.59,0.0,66.59
106608,53509,671,1,3564.48,0.0,3564.48
106609,53509,724,2,2567.59,0.0,5135.18
106610,53510,765,1,37606.92,3760.69,33846.23
106611,53511,762,1,886.5,88.65,797.85
106612,53512,760,1,11301.08,565.05,10736.03
106613,53513,578,1,6521.84,0.0,6521.84
106614,53514,674,1,7676.03,0.0,7676.03
106615,53514,589,5,17388.16,8694.08,78246.72
106616,53514,533,1,10801.02,1080.1,9720.92
106617,53514,681,4,5353.16,0.0,21412.64
106618,53515,631,1,1647.26,329.45,1317.81
106619,53516,540,1,32834.15,0.0,32834.15
106620,53517,687,1,1705.39,170.54,1534.85
106621,53517,555,1,9558.13,0.0,9558.13
106622,53518,585,2,29624.84,2962.48,56287.2
106623,53518,710,1,10731.06,0.0,10731.06
106624,53518,619,1,577.92,0.0,577.92
106625,53518,569,1,46883.02,0.0,46883.02
106626,53518,712,1,12089.2,1208.92,10880.28
106627,53519,541,2,2124.38,0.0,4248.76
106628,53519,564,1,1265.51,0.0,1265.51
106629,53519,681,1,5353.16,802.97,4550.19
106630,53520,521,1,3815.32,190.77,3624.55
106631,53521,728,1,2491.24,0.0,2491.24
106632,53521,543,2,4352.44,0.0,8704.88
106633,53521,791,1,11369.6,0.0,11369.6
106634,53522,504,3,3910.83,0.0,11732.49
106635,53522,594,1,55089.87,11017.97,44071.9
106636,53523,541,1,2124.38,0.0,2124.38
106637,53524,790,2,723.68,289.47,1157.89
106638,53524,612,-3,2192.78,4385.56,17542.24
106639,53525,736,1,6075.78,0.0,6075.78
106640,53525,640,2,1058.22,0.0,2116.44
106641,53525,700,2,6725.93,0.0,13451.86
106642,53526,703,3,2609.04,1174.07,6653.05
106643,53527,759,2,8304.75,0.0,16609.5
106644,53528,689,1,11449.91,0.0,11449.91
106645,53528,777,3,2061.3,0.0,6183.9
106646,53528,638,2,9668.28,0.0,19336.56
106647,53528,609,3,3589.04,1076.71,9690.41
106648,53529,707,2,626.29,0.0,1252.58
106649,53529,687,1,1705.39,0.0,1705.39
106650,53530,574,1,20894.55,0.0,20894.55
106651,53530,737,1,454.39,22.72,431.67
106652,53531,767,1,2764.13,0.0,2764.13
106653,53532,552,1,10613.41,530.67,10082.74
106654,53533,763,1,66.59,0.0,66.59
106655,53534,800,1,2202.18,440.44,1761.74
106656,53534,560,2,407.29,0.0,814.58
106657,53534,663,1,1339.76,0.0,1339.76
106658,53535,640,2,1058.22,423.29,1693.15
106659,53536,588,1,490.64,0.0,490.64
106660,53536,711,1,5931.42,0.0,5931.42
106661,53536,656,1,9107.06,910.71,8196.35
106662,53537,565,1,322.27,0.0,322.27
106663,53537,630,1,2387.03,119.35,2267.68
106664,53537,514,1,8817.04,440.85,8376.19
106665,53538,596,1,1919.15,191.92,1727.23
106666,53539,553,1,31731.27,3173.13,28558.14
106667,53539,585,2,29624.84,0.0,59249.68
106668,53540,501,2,45292.52,9058.5,81526.54
106669,53540,583,1,9641.6,0.0,9641.6
106670,53540,505,1,5998.46,0.0,5998.46
106671,53541,610,1,26733.01,0.0,26733.01
106672,53542,501,1,45292.52,0.0,45292.52
106673,53542,773,2,5708.39,0.0,11416.78
106674,53543,545,1,1464.92,0.0,1464.92
106675,53544,596,3,1919.15,0.0,5757.45
106676,53544,673,1,1038.9,0.0,1038.9
106677,53544,696,3,4358.64,0.0,13075.92
106678,53544,795,3,18501.43,0.0,55504.29
106679,53545,777,2,2061.3,206.13,3916.47
106680,53546,609,1,3589.04,538.36,3050.68
106681,53547,561,1,2177.62,217.76,1959.86
106682,53547,627,2,348.17,0.0,696.34
106683,53548,655,1,5152.69,0.0,5152.69
106684,53549,762,3,886.5,0.0,2659.5
106685,53549,665,2,2533.05,0.0,5066.1
106686,53549,596,2,1919.15,0.0,3838.3
106687,53550,614,1,30296.77,1514.84,28781.93
106688,53550,678,1,37877.29,7575.46,30301.83
106689,53550,591,1,9106.57,0.0,9106.57
106690,53550,562,4,1170.27,702.16,3978.92
106691,53550,755,2,923.61,0.0,1847.22
106692,53551,732,3,3277.37,0.0,9832.11
106693,53552,793,1,2448.49,244.85,2203.64
106694,53552,559,2,5502.85,0.0,11005.7
106695,53553,579,2,17100.24,0.0,34200.48
106696,53554,761,2,1440.57,288.11,2593.03
106697,53555,596,1,1919.15,0.0,1919.15
106698,53555,698,3,9291.61,0.0,27874.83
106699,53555,764,1,38368.4,0.0,38368.4
106700,53556,549,3,13993.54,0.0,41980.62
106701,53557,652,3,13563.11,0.0,40689.33
106702,53558,564,5,1265.51,316.38,6011.17
106703,53559,515,2,1144.81,0.0,2289.62
106704,53560,537,2,7317.24,1463.45,13171.03
106705,53560,658,1,711.18,0.0,711.18
106706,53561,673,4,1038.9,0.0,4155.6
106707,53562,792,1,2835.7,0.0,2835.7
106708,53563,537,1,7317.24,0.0,7317.24
106709,53564,771,2,1072.89,429.16,1716.62
106710,53565,579,5,17100.24,0.0,85501.2
106711,53566,577,1,795.1,0.0,795.1
106712,53566,614,2,30296.77,0.0,60593.54
106713,53567,741,1,1969.25,98.46,1870.79
106714,53567,625,2,54397.72,0.0,108795.44
106715,53568,783,2,39234.63,0.0,78469.26
106716,53569,554,1,5371.45,268.57,5102.88
106717,53570,512,1,1219.3,0.0,1219.3
106718,53571,564,2,1265.51,0.0,2531.02
106719,53571,759,1,8304.75,0.0,8304.75
106720,53572,612,1,2192.78,438.56,1754.22
106721,53573,725,1,6229.36,0.0,6229.36
106722,53573,711,2,5931.42,2372.57,9490.27
106723,53574,623,3,2674.16,0.0,8022.48
106724,53575,504,2,3910.83,0.0,7821.66
106725,53575,573,4,620.76,0.0,2483.04
106726,53576,710,2,10731.06,0.0,21462.12
106727,53577,999999,1,3038.53,0.0,3038.53
106728,53578,651,1,4691.47,0.0,4691.47
106729,53578,540,4,32834.15,0.0,131336.6
106730,53579,774,1,1776.67,0.0,1776.67
106731,53580,645,2,3816.62,0.0,7633.24
106732,53581,531,2,10687.35,0.0,21374.7
106733,53582,675,2,16586.98,3317.4,29856.56
106734,53583,647,1,48665.91,0.0,48665.91
106735,53584,761,2,1440.57,576.23,2304.91
106736,53584,584,1,1377.03,137.7,1239.33
106737,53584,762,2,886.5,0.0,1773.0
106738,53584,508,1,5538.85,0.0,5538.85
106739,53584,550,1,3272.22,0.0,3272.22
106740,53585,785,1,1136.17,170.43,965.74
106741,53586,602,1,817.44,40.87,776.57
106742,53586,773,1,5708.39,0.0,5708.39
106743,53586,618,5,161.7,0.0,808.5
106744,53587,595,1,2237.17,0.0,2237.17
106745,53587,765,1,37606.92,0.0,37606.92
106746,53588,655,2,5152.69,0.0,10305.38
106747,53589,668,1,1156.71,0.0,1156.71
106748,53590,732,1,3277.37,163.87,3113.5
106749,53591,687,1,1705.39,0.0,1705.39
106750,53592,745,1,5138.19,256.91,4881.28
106751,53593,660,2,3268.31,1307.32,5229.3
106752,53593,776,4,1371.98,0.0,5487.92
106753,53593,570,1,4486.57,0.0,4486.57
106754,53594,702,2,569.75,0.0,1139.5
106755,53595,659,1,364.24,0.0,364.24
106756,53596,707,1,626.29,125.26,501.03
106757,53596,579,1,17100.24,0.0,17100.24
106758,53597,581,3,2900.19,0.0,8700.57
106759,53598,770,4,2789.39,0.0,11157.56
106760,53599,611,1,15431.65,0.0,15431.65
106761,53599,678,2,37877.29,7575.46,68179.12
106762,53600,734,1,839.57,167.91,671.66
106763,53600,546,1,12181.16,1827.17,10353.99
106764,53600,582,1,8407.83,420.39,7987.44
106765,53600,714,1,44813.18,0.0,44813.18
106766,53601,561,1,2177.62,108.88,2068.74
106767,53601,572,1,1098.59,0.0,1098.59
106768,53601,520,1,1736.99,0.0,1736.99
106769,53601,754,2,9295.64,0.0,18591.28
106770,53601,510,1,640.28,0.0,640.28
106771,53602,736,1,6075.78,0.0,6075.78
106772,53603,763,1,66.59,0.0,66.59
106773,53603,999999,1,1617.01,0.0,1617.01
106774,53603,775,2,3454.82,345.48,6564.16
106775,53604,575,1,253.01,12.65,240.36
106776,53605,502,1,15084.04,0.0,15084.04
106777,53605,534,1,46679.73,0.0,46679.73
106778,53605,624,0,391.05,0.0,391.05
106779,53606,791,2,11369.6,0.0,22739.2
106780,53607,681,1,5353.16,0.0,5353.16
106781,53608,574,2,20894.55,0.0,41789.1
106782,53608,737,1,454.39,0.0,454.39
106783,53609,599,2,2796.57,0.0,5593.14
106784,53610,713,1,5412.77,0.0,5412.77
106785,53610,541,4,2124.38,424.88,8072.64
106786,53611,711,2,5931.42,593.14,11269.7
106787,53612,684,2,59645.43,5964.54,113326.32
106788,53612,640,1,1058.22,0.0,1058.22
106789,53613,584,2,1377.03,275.41,2478.65
106790,53614,674,1,7676.03,0.0,7676.03
106791,53615,775,1,3454.82,0.0,3454.82
106792,53615,773,1,5708.39,0.0,5708.39
106793,53615,698,1,9291.61,0.0,9291.61
106794,53615,727,4,11354.29,0.0,45417.16
106795,53616,512,1,1219.3,60.97,1158.33
106796,53616,552,2,10613.41,0.0,21226.82
106797,53616,624,1,391.05,0.0,391.05
106798,53617,650,1,6201.76,0.0,6201.76
106799,53618,584,1,1377.03,0.0,1377.03
106800,53619,659,1,364.24,54.64,309.6
106801,53619,704,5,1165.72,0.0,5828.6
106802,53619,757,1,13097.42,654.87,12442.55
106803,53620,715,1,61205.17,0.0,61205.17
106804,53621,539,2,1082.58,108.26,2056.9
106805,53622,643,1,55447.46,0.0,55447.46
106806,53622,704,1,1165.72,0.0,1165.72
106807,53622,729,-1,2699.1,0.0,2699.1
106808,53623,569,1,46883.02,9376.6,37506.42
106809,53623,536,2,1067.42,0.0,2134.84
106810,53624,512,1,1219.3,0.0,1219.3
106811,53625,696,4,4358.64,0.0,17434.56
106812,53625,622,1,2792.75,0.0,2792.75
106813,53625,522,1,39986.91,0.0,39986.91
106814,53626,788,1,8889.42,444.47,8444.95
106815,53627,701,2,11805.02,0.0,23610.04
106816,53628,766,3,4834.22,0.0,14502.66
106817,53628,599,2,2796.57,838.97,4754.17
106818,53629,693,1,1213.14,0.0,1213.14
106819,53630,715,2,61205.17,0.0,122410.34
106820,53631,647,1,48665.91,0.0,48665.91
106821,53632,545,2,1464.92,0.0,2929.84
106822,53633,787,1,27577.51,0.0,27577.51
106823,53633,686,1,4182.59,0.0,4182.59
106824,53634,633,10,1617.01,0.0,16170.1
106825,53635,709,2,5677.52,0.0,11355.04
106826,53636,725,1,6229.36,934.4,5294.96
106827,53636,592,4,1511.43,1209.14,4836.58
106828,53637,645,2,3816.62,0.0,7633.24
106829,53638,774,5,1776.67,0.0,8883.35
106830,53639,773,2,5708.39,1141.68,10275.1
106831,53640,620,2,607.15,0.0,1214.3
106832,53641,721,1,5715.09,571.51,5143.58
106833,53641,761,4,1440.57,0.0,5762.28
106834,53642,680,2,1294.32,0.0,2588.64
106835,53642,791,1,11369.6,1705.44,9664.16
106836,53642,622,2,2792.75,0.0,5585.5
106837,53643,692,1,7325.8,1465.16,5860.64
106838,53643,672,5,9227.41,0.0,46137.05
106839,53643,579,1,17100.24,0.0,17100.24
106840,53643,685,1,9687.25,0.0,9687.25
106841,53643,749,2,1601.66,0.0,3203.32
106842,53644,574,1,20894.55,0.0,20894.55
106843,53645,662,1,9986.23,499.31,9486.92
106844,53645,671,1,3564.48,0.0,3564.48
106845,53645,685,1,9687.25,484.36,9202.89
106846,53645,729,1,2699.1,539.82,2159.28
106847,53645,749,2,1601.66,0.0,3203.32
106848,53646,628,-3,6761.04,338.05,6422.99
106849,53646,684,1,59645.43,0.0,59645.43
106850,53647,662,2,9986.23,0.0,19972.46
106851,53647,762,1,886.5,132.97,753.53
106852,53647,640,1,1058.22,0.0,1058.22
106853,53648,778,5,2068.11,517.03,9823.52
106854,53649,602,5,817.44,408.72,3678.48
106855,53650,773,4,5708.39,0.0,22833.56
106856,53651,625,2,54397.72,10879.54,97915.9
106857,53651,999999,2,4352.44,0.0,8704.88
106858,53651,573,4,620.76,0.0,2483.04
106859,53651,772,1,6175.25,308.76,5866.49
106860,53652,538,1,8640.93,0.0,8640.93
106861,53653,517,1,12096.53,0.0,12096.53
106862,53653,667,1,558.92,0.0,558.92
106863,53654,744,1,6141.59,307.08,5834.51
106864,53655,647,2,48665.91,0.0,97331.82
106865,53656,659,10,364.24,0.0,3642.4
106866,53656,717,2,902.81,180.56,1625.06
106867,53656,640,5,1058.22,0.0,5291.1
106868,53657,723,4,3644.62,0.0,14578.48
106869,53658,643,2,55447.46,5544.75,105350.17
106870,53658,675,1,16586.98,0.0,16586.98
106871,53659,688,4,9656.12,0.0,38624.48
106872,53660,562,1,1170.27,0.0,1170.27
106873,53661,596,3,1919.15,0.0,5757.45
106874,53662,725,1,6229.36,622.94,5606.42
106875,53662,536,1,1067.42,106.74,960.68
106876,53663,653,1,4298.41,429.84,3868.57
106877,53664,719,1,15471.04,0.0,15471.04
106878,53665,678,1,37877.29,0.0,37877.29
106879,53666,680,1,1294.32,0.0,1294.32
106880,53666,518,1,49561.42,0.0,49561.42
106881,53666,596,1,1919.15,0.0,1919.15
106882,53667,999999,1,508.19,0.0,508.19
106883,53667,516,1,14192.65,709.63,13483.02
106884,53668,797,1,1277.35,0.0,1277.35
106885,53668,502,2,15084.04,0.0,30168.08
106886,53668,560,2,407.29,162.92,651.66
106887,53669,538,3,8640.93,2592.28,23330.51
106888,53670,592,1,1511.43,0.0,1511.43
106889,53670,566,1,8272.67,0.0,8272.67
106890,53670,529,1,47474.39,2373.72,45100.67
106891,53671,537,3,7317.24,0.0,21951.72
106892,53672,681,2,5353.16,1605.95,9100.37
106893,53672,790,1,723.68,0.0,723.68
106894,53672,552,1,10613.41,0.0,10613.41
106895,53673,720,2,3038.53,0.0,6077.06
106896,53674,675,1,16586.98,3317.4,13269.58
106897,53674,508,1,5538.85,276.94,5261.91
106898,53675,546,1,12181.16,0.0,12181.16
106899,53675,719,1,15471.04,0.0,15471.04
106900,53675,632,1,2338.49,116.92,2221.57
106901,53675,661,2,16283.24,1628.32,30938.16
106902,53676,505,1,5998.46,899.77,5098.69
106903,53676,509,1,3363.13,168.16,3194.97
106904,53677,751,1,25845.26,0.0,25845.26
106905,53677,550,1,3272.22,0.0,3272.22
106906,53678,615,1,24337.83,2433.78,21904.05
106907,53678,747,1,805.8,40.29,765.51
106908,53679,742,1,31236.95,0.0,31236.95
106909,53680,510,3,640.28,0.0,1920.84
106910,53681,623,2,2674.16,267.42,5080.9
106911,53682,700,5,6725.93,5044.45,28585.2
106912,53683,510,1,640.28,0.0,640.28
106913,53683,758,1,2596.01,0.0,2596.01
106914,53684,570,-3,4486.57,224.33,4262.24
106915,53684,599,1,2796.57,0.0,2796.57
106916,53685,778,1,2068.11,0.0,2068.11
106917,53686,616,1,594.6,0.0,594.6
106918,53687,730,2,713.55,0.0,1427.1
106919,53687,628,1,6761.04,0.0,6761.04
106920,53687,618,1,161.7,0.0,161.7
106921,53687,750,2,182.17,0.0,364.34
106922,53688,699,2,713.36,0.0,1426.72
106923,53688,585,1,29624.84,2962.48,26662.36
106924,53689,654,1,2895.35,144.77,2750.58
106925,53689,560,1,407.29,20.36,386.93
106926,53690,785,1,1136.17,0.0,1136.17
106927,53690,596,1,1919.15,0.0,1919.15
106928,53691,512,1,1219.3,243.86,975.44
106929,53691,800,2,2202.18,0.0,4404.36
106930,53691,753,4,1068.74,0.0,4274.96
106931,53692,562,1,1170.27,0.0,1170.27
106932,53692,744,1,6141.59,0.0,6141.59
106933,53693,587,1,790.56,79.06,711.5
106934,53693,589,2,17388.16,5216.45,29559.87
106935,53694,680,1,1294.32,64.72,1229.6
106936,53695,999999,1,1647.26,0.0,1647.26
106937,53695,649,1,699.68,139.94,559.74
106938,53695,550,3,3272.22,0.0,9816.66
106939,53695,521,1,3815.32,190.77,3624.55
106940,53696,727,1,11354.29,0.0,11354.29
106941,53696,760,3,11301.08,1695.16,32208.08
106942,53696,608,1,667.69,100.15,567.54
106943,53697,752,1,14566.93,0.0,14566.93
106944,53698,613,1,11372.12,0.0,11372.12
106945,53699,758,2,2596.01,0.0,5192.02
106946,53699,640,2,1058.22,0.0,2116.44
106947,53700,587,3,790.56,0.0,2371.68
106948,53700,561,1,2177.62,0.0,2177.62
106949,53700,642,1,6612.07,661.21,5950.86
106950,53701,786,3,5485.59,2468.52,13988.25
106951,53702,730,2,713.55,285.42,1141.68
106952,53703,788,1,8889.42,0.0,8889.42
106953,53704,669,2,5183.71,0.0,10367.42
106954,53705,764,1,38368.4,7673.68,30694.72
106955,53706,615,3,24337.83,0.0,73013.49
106956,53706,768,1,10470.08,0.0,10470.08
106957,53706,568,1,5802.78,580.28,5222.5
106958,53707,798,1,3816.99,190.85,3626.14
106959,53708,732,2,3277.37,327.74,6227.0
106960,53709,652,4,13563.11,2712.62,51539.82
106961,53710,738,1,4031.99,0.0,4031.99
106962,53710,752,2,14566.93,2913.39,26220.47
106963,53711,769,2,1383.36,0.0,2766.72
106964,53711,569,1,46883.02,4688.3,42194.72
106965,53711,599,1,2796.57,0.0,2796.57
106966,53712,788,1,8889.42,888.94,8000.48
106967,53713,707,1,626.29,31.31,594.98
106968,53714,671,1,3564.48,0.0,3564.48
106969,53715,585,5,29624.84,14812.42,133311.78
106970,53716,756,1,372.34,0.0,372.34
106971,53716,704,1,1165.72,116.57,1049.15
106972,53716,612,1,2192.78,0.0,2192.78
106973,53717,714,1,44813.18,2240.66,42572.52
106974,53717,566,1,8272.67,413.63,7859.04
106975,53718,733,1,1597.66,0.0,1597.66
106976,53719,582,1,8407.83,0.0,8407.83
106977,53720,525,5,4003.31,0.0,20016.55
106978,53721,734,1,839.57,0.0,839.57
106979,53722,627,1,348.17,34.82,313.35
106980,53722,574,1,20894.55,0.0,20894.55
106981,53722,552,2,10613.41,1061.34,20165.48
106982,53723,794,2,482.29,0.0,964.58
106983,53724,512,1,1219.3,0.0,1219.3
106984,53724,577,10,795.1,0.0,7951.0
106985,53725,547,1,817.17,122.58,694.59
106986,53725,743,1,892.31,44.62,847.69
106987,53725,622,3,2792.75,0.0,8378.25
106988,53726,675,1,16586.98,3317.4,13269.58
106989,53726,687,1,1705.39,85.27,1620.12
106990,53726,539,1,1082.58,0.0,1082.58
106991,53727,658,1,711.18,0.0,711.18
106992,53728,663,5,1339.76,0.0,6698.8
106993,53728,501,1,45292.52,0.0,45292.52
106994,53728,533,1,10801.02,1080.1,9720.92
106995,53729,760,2,11301.08,2260.22,20341.94
106996,53730,642,2,6612.07,0.0,13224.14
106997,53730,781,3,508.19,0.0,1524.57
106998,53730,722,3,53128.36,0.0,159385.08
106999,53730,641,2,3333.39,0.0,6666.78
107000,53731,694,2,1970.24,0.0,3940.48
107001,53731,607,1,10316.31,1547.45,8768.86
107002,53731,579,1,17100.24,0.0,17100.24
107003,53731,632,1,2338.49,0.0,2338.49
107004,53732,644,2,36167.51,3616.75,68718.27
107005,53732,621,1,1304.44,0.0,1304.44
107006,53732,765,1,37606.92,0.0,37606.92
107007,53732,636,1,1717.09,85.85,1631.24
107008,53732,742,10,31236.95,31236.95,281132.55
107009,53733,701,1,11805.02,0.0,11805.02
107010,53733,566,3,8272.67,0.0,24818.01
107011,53733,663,1,1339.76,133.98,1205.78
107012,53734,556,3,3671.69,0.0,11015.07
107013,53734,572,3,1098.59,329.58,2966.19
107014,53734,762,1,886.5,0.0,886.5
107015,53734,609,4,3589.04,717.81,13638.35
107016,53734,502,1,15084.04,0.0,15084.04
107017,53735,794,1,482.29,24.11,458.18
107018,53735,724,1,2567.59,0.0,2567.59
107019,53736,790,1,723.68,0.0,723.68
107020,53736,563,1,5426.08,813.91,4612.17
107021,53737,682,2,707.75,70.78,1344.72
107022,53738,637,2,3516.12,351.61,6680.63
107023,53739,589,1,17388.16,0.0,17388.16
107024,53739,540,1,32834.15,0.0,32834.15
107025,53740,721,3,5715.09,0.0,17145.27
107026,53741,584,1,1377.03,0.0,1377.03
107027,53742,610,2,26733.01,0.0,53466.02
107028,53742,702,1,569.75,0.0,569.75
107029,53742,763,10,66.59,99.89,566.01
107030,53743,739,1,9905.71,0.0,9905.71
107031,53744,654,2,2895.35,0.0,5790.7
107032,53745,566,1,8272.67,827.27,7445.4
107033,53746,689,3,11449.91,3434.97,30914.76
107034,53746,664,2,18695.4,1869.54,35521.26
107035,53747,562,2,1170.27,0.0,2340.54
107036,53747,665,1,2533.05,0.0,2533.05
107037,53748,730,1,713.55,0.0,713.55
107038,53749,800,1,2202.18,0.0,2202.18
107039,53749,567,4,7980.38,4788.23,27133.29
107040,53750,527,3,43071.55,0.0,129214.65
107041,53751,757,1,13097.42,0.0,13097.42
107042,53751,764,3,38368.4,0.0,115105.2
107043,53751,594,2,55089.87,0.0,110179.74
107044,53752,633,1,1617.01,0.0,1617.01
107045,53753,798,1,3816.99,0.0,3816.99
107046,53753,506,1,1305.17,65.26,1239.91
107047,53754,738,1,4031.99,403.2,3628.79
107048,53755,629,1,717.69,0.0,717.69
107049,53755,609,1,3589.04,0.0,3589.04
107050,53755,587,1,790.56,0.0,790.56
107051,53756,554,2,5371.45,0.0,10742.9
107052,53756,752,1,14566.93,0.0,14566.93
107053,53756,555,-1,9558.13,0.0,9558.13
107054,53757,526,1,5568.93,0.0,5568.93
107055,53758,697,5,17716.2,0.0,88581.0
107056,53759,557,1,783.76,0.0,783.76
107057,53760,751,2,25845.26,2584.53,49105.99
107058,53760,628,2,6761.04,1352.21,12169.87
107059,53760,742,2,31236.95,0.0,62473.9
107060,53760,565,2,322.27,0.0,644.54
107061,53761,789,4,2799.8,559.96,10639.24
107062,53762,595,2,2237.17,223.72,4250.62
107063,53763,666,2,4195.88,0.0,8391.76
107064,53763,749,2,1601.66,160.17,3043.15
107065,53763,542,1,1742.37,0.0,1742.37
107066,53764,619,1,577.92,0.0,577.92
107067,53764,688,1,9656.12,0.0,9656.12
107068,53764,597,2,535.83,0.0,1071.66
107069,53764,613,1,11372.12,0.0,11372.12
107070,53765,779,1,9166.85,916.69,8250.16
107071,53765,723,1,3644.62,182.23,3462.39
107072,53766,656,1,9107.06,1366.06,7741.0
107073,53767,674,1,7676.03,1151.4,6524.63
107074,53767,632,2,2338.49,233.85,4443.13
107075,53768,700,1,6725.93,0.0,6725.93
107076,53769,501,2,45292.52,0.0,90585.04
107077,53770,641,3,3333.39,0.0,10000.17
107078,53771,764,2,38368.4,3836.84,72899.96
107079,53772,534,1,46679.73,7001.96,39677.77
107080,53772,731,1,1578.26,0.0,1578.26
107081,53772,558,2,9344.26,2803.28,15885.24
107082,53773,515,2,1144.81,0.0,2289.62
107083,53773,646,1,6680.81,1002.12,5678.69
107084,53774,775,2,3454.82,0.0,6909.64
107085,53775,648,2,1203.65,0.0,2407.3
107086,53775,509,1,3363.13,0.0,3363.13
107087,53775,622,1,2792.75,0.0,2792.75
107088,53776,795,1,18501.43,925.07,17576.36
107089,53777,999999,1,8817.04,440.85,8376.19
107090,53777,777,1,2061.3,0.0,2061.3
107091,53777,696,2,4358.64,435.86,8281.42
107092,53778,698,1,9291.61,0.0,9291.61
107093,53778,671,1,3564.48,534.67,3029.81
107094,53779,564,1,1265.51,189.83,1075.68
107095,53779,504,2,3910.83,0.0,7821.66
107096,53780,521,1,3815.32,190.77,3624.55
107097,53780,612,1,2192.78,0.0,2192.78
107098,53781,779,1,9166.85,0.0,9166.85
107099,53781,559,1,5502.85,825.43,4677.42
107100,53781,544,3,6582.2,0.0,19746.6
107101,53781,560,1,407.29,0.0,407.29
107102,53782,510,1,640.28,32.01,608.27
107103,53782,532,1,820.25,164.05,656.2
107104,53783,653,3,4298.41,0.0,12895.23
107105,53784,631,1,1647.26,247.09,1400.17
107106,53785,511,1,856.8,128.52,728.28
107107,53786,575,1,253.01,37.95,215.06
107108,53786,557,2,783.76,156.75,1410.77
107109,53786,716,4,1117.48,223.5,4246.42
107110,53786,679,2,53522.92,21409.17,85636.67
107111,53787,578,3,6521.84,978.28,18587.24
107112,53788,747,1,805.8,120.87,684.93
107113,53788,753,2,1068.74,0.0,2137.48
107114,53788,505,10,5998.46,0.0,59984.6
107115,53789,716,2,1117.48,0.0,2234.96
107116,53790,713,3,5412.77,811.92,15426.39
107117,53790,588,1,490.64,0.0,490.64
107118,53790,606,1,290.06,0.0,290.06
107119,53791,605,1,1048.97,209.79,839.18
107120,53792,503,1,1376.24,0.0,1376.24
107121,53792,543,2,4352.44,0.0,8704.88
107122,53792,783,2,39234.63,0.0,78469.26
107123,53793,509,1,3363.13,504.47,2858.66
107124,53793,733,5,1597.66,798.83,7189.47
107125,53794,613,3,11372.12,0.0,34116.36
107126,53794,666,3,4195.88,629.38,11958.26
107127,53795,622,1,2792.75,0.0,2792.75
107128,53795,694,1,1970.24,197.02,1773.22
107129,53796,697,1,17716.2,885.81,16830.39
107130,53797,783,1,39234.63,0.0,39234.63
107131,53797,763,1,66.59,13.32,53.27
107132,53797,524,3,1357.31,407.19,3664.74
107133,53798,689,1,11449.91,0.0,11449.91
107134,53799,540,2,32834.15,0.0,65668.3
107135,53799,741,1,1969.25,393.85,1575.4
107136,53799,795,2,18501.43,1850.14,35152.72
107137,53800,677,1,3625.43,0.0,3625.43
107138,53801,688,2,9656.12,0.0,19312.24
107139,53802,589,1,17388.16,0.0,17388.16
107140,53803,547,1,817.17,0.0,817.17
107141,53803,707,2,626.29,62.63,1189.95
107142,53803,698,3,9291.61,1393.74,26481.09
107143,53803,660,3,3268.31,980.49,8824.44
107144,53804,663,1,1339.76,267.95,1071.81
107145,53805,716,1,1117.48,0.0,1117.48
107146,53805,742,1,31236.95,6247.39,24989.56
107147,53806,626,1,236.68,11.83,224.85
107148,53806,539,1,1082.58,216.52,866.06
107149,53806,521,2,3815.32,0.0,7630.64
107150,53807,699,3,713.36,0.0,2140.08
107151,53808,608,2,667.69,0.0,1335.38
107152,53808,742,1,31236.95,1561.85,29675.1
107153,53809,675,2,16586.98,0.0,33173.96
107154,53810,724,1,2567.59,0.0,2567.59
107155,53810,683,1,873.55,0.0,873.55
107156,53810,737,1,454.39,0.0,454.39
107157,53810,743,1,892.31,0.0,892.31
107158,53810,705,1,17197.08,2579.56,14617.52
107159,53811,534,1,46679.73,2333.99,44345.74
107160,53811,540,1,32834.15,3283.42,29550.73
107161,53812,637,2,3516.12,351.61,6680.63
107162,53813,769,2,1383.36,0.0,2766.72
107163,53813,682,2,707.75,212.32,1203.18
107164,53814,689,1,11449.91,572.5,10877.41
107165,53815,604,2,5835.32,0.0,11670.64
107166,53816,560,1,407.29,20.36,386.93
107167,53816,568,1,5802.78,0.0,5802.78
107168,53817,607,1,10316.31,1031.63,9284.68
107169,53818,531,1,10687.35,0.0,10687.35
107170,53818,736,2,6075.78,607.58,11543.98
107171,53819,609,1,3589.04,358.9,3230.14
107172,53820,581,4,2900.19,0.0,11600.76
107173,53820,765,1,37606.92,3760.69,33846.23
107174,53821,656,2,9107.06,0.0,18214.12
107175,53821,773,1,5708.39,0.0,5708.39
107176,53822,758,1,2596.01,259.6,2336.41
107177,53823,737,2,454.39,90.88,817.9
107178,53823,591,4,9106.57,0.0,36426.28
107179,53823,659,3,364.24,0.0,1092.72
107180,53823,618,3,161.7,0.0,485.1
107181,53824,518,1,49561.42,0.0,49561.42
107182,53825,502,1,15084.04,754.2,14329.84
107183,53826,758,1,2596.01,0.0,2596.01
107184,53826,653,1,4298.41,0.0,4298.41
107185,53827,620,10,607.15,303.57,5767.93
107186,53827,513,2,1399.58,0.0,2799.16
107187,53828,719,1,15471.04,1547.1,13923.94
107188,53828,709,2,5677.52,0.0,11355.04
107189,53828,725,1,6229.36,311.47,5917.89
107190,53829,510,2,640.28,0.0,1280.56
107191,53830,710,1,10731.06,1073.11,9657.95
107192,53830,595,1,2237.17,0.0,2237.17
107193,53831,583,1,9641.6,0.0,9641.6
107194,53832,723,1,3644.62,0.0,3644.62
107195,53832,653,1,4298.41,0.0,4298.41
107196,53833,753,1,1068.74,160.31,908.43
107197,53834,783,1,39234.63,0.0,39234.63
107198,53834,667,4,558.92,0.0,2235.68
107199,53834,681,1,5353.16,0.0,5353.16
107200,53834,663,1,1339.76,0.0,1339.76
107201,53835,796,1,1462.48,73.12,1389.36
107202,53835,603,1,18106.09,3621.22,14484.87
107203,53835,797,2,1277.35,127.73,2426.97
107204,53836,675,1,16586.98,0.0,16586.98
107205,53836,593,1,1214.64,0.0,1214.64
107206,53837,549,1,13993.54,1399.35,12594.19
107207,53838,572,1,1098.59,54.93,1043.66
107208,53838,515,1,1144.81,114.48,1030.33
107209,53838,524,3,1357.31,0.0,4071.93
107210,53838,679,2,53522.92,0.0,107045.84
107211,53839,690,1,1805.43,270.81,1534.62
107212,53840,785,1,1136.17,0.0,1136.17
107213,53840,729,1,2699.1,0.0,2699.1
107214,53840,768,5,10470.08,0.0,52350.4
107215,53841,796,2,1462.48,292.5,2632.46
107216,53842,559,4,5502.85,0.0,22011.4
107217,53843,508,2,5538.85,1107.77,9969.93
107218,53843,658,2,711.18,0.0,1422.36
107219,53844,657,3,8779.23,1316.88,25020.81
107220,53844,553,2,31731.27,0.0,63462.54
107221,53845,643,1,55447.46,5544.75,49902.71
107222,53845,553,1,31731.27,0.0,31731.27
107223,53845,722,1,53128.36,10625.67,42502.69
107224,53846,622,1,2792.75,139.64,2653.11
107225,53847,571,3,11994.11,0.0,35982.33
107226,53847,660,1,3268.31,0.0,3268.31
107227,53847,537,1,7317.24,0.0,7317.24
107228,53848,563,3,5426.08,0.0,16278.24
107229,53849,638,1,9668.28,966.83,8701.45
107230,53850,733,1,1597.66,0.0,1597.66
107231,53850,657,10,8779.23,4389.61,83402.69
107232,53850,740,1,38799.36,0.0,38799.36
107233,53851,596,1,1919.15,0.0,1919.15
107234,53851,535,2,2114.96,0.0,4229.92
107235,53852,593,1,1214.64,60.73,1153.91
107236,53853,641,1,3333.39,0.0,3333.39
107237,53854,650,1,6201.76,310.09,5891.67
107238,53854,705,1,17197.08,1719.71,15477.37
107239,53855,621,2,1304.44,521.78,2087.1
107240,53855,560,1,407.29,0.0,407.29
107241,53855,768,2,10470.08,0.0,20940.16
107242,53856,524,3,1357.31,0.0,4071.93
107243,53856,782,1,9360.71,0.0,9360.71
107244,53856,589,10,17388.16,0.0,173881.6
107245,53856,792,3,2835.7,0.0,8507.1
107246,53857,568,2,5802.78,0.0,11605.56
107247,53858,651,1,4691.47,0.0,4691.47
107248,53858,735,1,1557.67,0.0,1557.67
107249,53858,529,1,47474.39,2373.72,45100.67
107250,53859,567,1,7980.38,1596.08,6384.3
107251,53859,628,1,6761.04,338.05,6422.99
107252,53859,765,1,37606.92,0.0,37606.92
107253,53860,717,2,902.81,0.0,1805.62
107254,53860,661,2,16283.24,0.0,32566.48
107255,53861,664,2,18695.4,3739.08,33651.72
107256,53862,633,1,1617.01,0.0,1617.01
107257,53863,542,2,1742.37,0.0,3484.74
107258,53863,631,1,1647.26,0.0,1647.26
107259,53864,758,4,2596.01,0.0,10384.04
107260,53865,549,1,13993.54,0.0,13993.54
107261,53865,761,3,1440.57,0.0,4321.71
107262,53866,592,2,1511.43,302.29,2720.57
107263,53866,542,1,1742.37,0.0,1742.37
107264,53866,634,1,5262.27,263.11,4999.16
107265,53866,677,-1,3625.43,2175.26,8701.03
107266,53867,585,2,29624.84,5924.97,53324.71
107267,53867,590,1,2022.4,0.0,2022.4
107268,53867,676,1,865.11,86.51,778.6
107269,53868,614,2,30296.77,9089.03,51504.51
107270,53868,575,10,253.01,0.0,2530.1
107271,53868,526,1,5568.93,278.45,5290.48
107272,53869,696,1,4358.64,0.0,4358.64
107273,53869,748,3,2116.96,1270.18,5080.7
107274,53869,687,2,1705.39,511.62,2899.16
107275,53869,760,1,11301.08,1130.11,10170.97
107276,53870,520,1,1736.99,260.55,1476.44
107277,53870,595,0,2237.17,671.15,3803.19
107278,53870,627,1,348.17,17.41,330.76
107279,53871,554,4,5371.45,0.0,21485.8
107280,53872,706,1,14673.28,0.0,14673.28
107281,53873,733,1,1597.66,0.0,1597.66
107282,53874,512,1,1219.3,0.0,1219.3
107283,53875,627,1,348.17,0.0,348.17
107284,53876,761,5,1440.57,720.28,6482.57
107285,53876,789,1,2799.8,0.0,2799.8
107286,53877,510,2,640.28,256.11,1024.45
107287,53878,505,1,5998.46,0.0,5998.46
107288,53878,999999,2,27577.51,0.0,55155.02
107289,53878,610,1,26733.01,0.0,26733.01
107290,53878,615,2,24337.83,9735.13,38940.53
107291,53878,655,1,5152.69,257.63,4895.06
107292,53879,606,1,290.06,43.51,246.55
107293,53880,515,3,1144.81,171.72,3262.71
107294,53880,639,5,5888.93,1472.23,27972.42
107295,53880,783,1,39234.63,1961.73,37272.9
107296,53881,591,-1,9106.57,0.0,18213.14
107297,53882,795,3,18501.43,0.0,55504.29
107298,53883,601,2,17813.81,0.0,35627.62
107299,53883,521,3,3815.32,0.0,11445.96
107300,53884,776,3,1371.98,411.59,3704.35
107301,53884,709,1,5677.52,0.0,5677.52
107302,53885,586,1,4444.5,888.9,3555.6
107303,53886,524,1,1357.31,0.0,0.01
107304,53886,770,1,2789.39,0.0,2789.39
107305,53886,754,2,9295.64,0.0,18591.28
107306,53886,570,5,4486.57,2243.28,20189.57
107307,53886,673,1,1038.9,155.84,883.06
107308,53887,576,2,2970.75,0.0,5941.5
107309,53887,624,1,391.05,0.0,391.05
107310,53887,536,4,1067.42,0.0,4269.68
107311,53887,562,1,1170.27,0.0,1170.27
107312,53888,793,1,2448.49,0.0,2448.49
107313,53889,670,2,2118.7,423.74,3813.66
107314,53889,726,1,983.03,49.15,933.88
107315,53889,647,1,48665.91,0.0,48665.91
107316,53889,532,2,820.25,0.0,1640.5
107317,53890,790,2,723.68,0.0,1447.36
107318,53890,548,1,8285.36,828.54,7456.82
107319,53891,533,1,10801.02,540.05,10260.97
107320,53891,544,1,6582.2,1316.44,5265.76
107321,53891,507,1,5384.85,538.49,4846.36
107322,53891,512,3,1219.3,0.0,3657.9
107323,53891,517,1,12096.53,0.0,12096.53
107324,53892,764,1,38368.4,0.0,38368.4
107325,53893,636,2,1717.09,515.13,2919.05
107326,53893,680,4,1294.32,0.0,5177.28
107327,53893,646,3,6680.81,1002.12,19040.31
107328,53894,539,1,1082.58,0.0,1082.58
107329,53895,503,2,1376.24,0.0,2752.48
107330,53896,693,1,1213.14,0.0,1213.14
107331,53897,766,1,4834.22,241.71,4592.51
107332,53897,753,1,1068.74,213.75,854.99
107333,53898,785,1,1136.17,0.0,1136.17
107334,53898,558,5,9344.26,0.0,46721.3
107335,53898,688,1,9656.12,0.0,9656.12
107336,53898,723,3,3644.62,0.0,10933.86
107337,53899,999999,1,1203.65,60.18,1143.47
107338,53899,649,0,699.68,0.0,1399.36
107339,53900,568,1,5802.78,0.0,5802.78
107340,53901,561,1,2177.62,108.88,2068.74
107341,53901,579,2,17100.24,0.0,34200.48
107342,53901,999999,2,6201.76,0.0,12403.52
107343,53902,526,3,5568.93,0.0,16706.79
107344,53902,611,1,15431.65,0.0,15431.65
107345,53903,553,1,31731.27,1586.56,30144.71
107346,53903,695,10,24310.04,0.0,243100.4
107347,53904,640,1,1058.22,105.82,952.4
107348,53904,719,1,15471.04,2320.66,13150.38
107349,53905,798,2,3816.99,0.0,7633.98
107350,53905,610,3,26733.01,0.0,80199.03
107351,53906,743,2,892.31,89.23,1695.39
107352,53906,585,1,29624.84,0.0,29624.84
107353,53906,572,1,1098.59,54.93,1043.66
107354,53906,674,3,7676.03,2302.81,20725.28
107355,53906,742,2,31236.95,9371.08,53102.82
107356,53907,688,2,9656.12,0.0,19312.24
107357,53907,662,1,9986.23,0.0,9986.23
107358,53908,622,2,2792.75,0.0,5585.5
107359,53909,604,1,5835.32,0.0,5835.32
107360,53910,520,1,1736.99,86.85,1650.14
107361,53910,736,1,6075.78,1215.16,4860.62
107362,53911,683,1,873.55,0.0,873.55
107363,53912,667,2,558.92,0.0,1117.84
107364,53913,668,1,1156.71,0.0,1156.71
107365,53913,706,3,14673.28,0.0,44019.84
107366,53914,762,1,886.5,0.0,886.5
107367,53914,708,1,10297.58,0.0,10297.58
107368,53914,597,1,535.83,0.0,535.83
107369,53915,554,1,5371.45,268.57,5102.88
107370,53916,635,1,3079.07,0.0,3079.07
107371,53917,554,1,5371.45,268.57,5102.88
107372,53917,592,2,1511.43,0.0,3022.86
107373,53917,716,1,1117.48,111.75,1005.73
107374,53917,672,1,9227.41,0.0,9227.41
107375,53917,526,2,5568.93,0.0,11137.86
107376,53918,523,1,6428.51,0.0,6428.51
107377,53918,708,1,10297.58,1029.76,9267.82
107378,53919,593,1,1214.64,60.73,1153.91
107379,53920,737,1,454.39,0.0,454.39
107380,53921,660,2,3268.31,653.66,5882.96
107381,53921,777,1,2061.3,309.19,1752.11
107382,53922,537,2,7317.24,0.0,14634.48
107383,53923,697,1,17716.2,0.0,17716.2
107384,53924,577,1,795.1,0.0,795.1
107385,53924,514,1,8817.04,440.85,8376.19
107386,53924,524,2,1357.31,407.19,2307.43
107387,53924,786,4,5485.59,0.0,21942.36
107388,53924,667,5,558.92,0.0,2794.6
107389,53925,776,1,1371.98,0.0,1371.98
107390,53926,580,1,1023.86,0.0,1023.86
107391,53927,590,1,2022.4,0.0,2022.4
107392,53927,505,1,5998.46,0.0,5998.46
107393,53927,702,2,569.75,0.0,1139.5
107394,53927,720,1,3038.53,0.0,3038.53
107395,53928,715,1,61205.17,6120.52,55084.65
107396,53929,658,1,711.18,142.24,568.94
107397,53929,798,4,3816.99,763.4,14504.56
107398,53929,536,2,1067.42,0.0,2134.84
107399,53930,532,2,820.25,0.0,1640.5
107400,53931,747,1,805.8,0.0,805.8
107401,53932,598,1,579.36,0.0,579.36
107402,53933,651,1,4691.47,0.0,4691.47
107403,53934,666,1,4195.88,0.0,4195.88
107404,53935,616,1,594.6,0.0,594.6
107405,53935,640,1,1058.22,0.0,1058.22
107406,53935,756,1,372.34,37.23,335.11
107407,53936,710,2,10731.06,0.0,21462.12
107408,53937,599,4,2796.57,0.0,11186.28
107409,53938,712,3,12089.2,0.0,36267.6
107410,53938,611,1,15431.65,771.58,14660.07
107411,53939,542,4,1742.37,0.0,6969.48
107412,53939,635,1,3079.07,0.0,3079.07
107413,53940,794,1,482.29,0.0,482.29
107414,53941,685,1,9687.25,1453.09,8234.16
107415,53941,791,1,11369.6,0.0,11369.6
107416,53941,552,-3,10613.41,0.0,21226.82
107417,53941,634,2,5262.27,0.0,10524.54
107418,53941,661,1,16283.24,0.0,16283.24
107419,53942,551,2,3446.79,0.0,6893.58
107420,53943,783,1,39234.63,0.0,39234.63
107421,53943,721,2,5715.09,0.0,11430.18
107422,53944,665,1,2533.05,0.0,2533.05
107423,53944,637,1,3516.12,0.0,3516.12
107424,53945,711,3,5931.42,0.0,17794.26
107425,53945,794,1,482.29,0.0,482.29
107426,53946,597,2,535.83,53.58,1018.08
107427,53946,788,1,8889.42,0.0,8889.42
107428,53946,795,1,18501.43,0.0,18501.43
107429,53947,729,1,2699.1,404.86,2294.24
107430,53947,701,3,11805.02,0.0,35415.06
107431,53948,580,2,1023.86,0.0,2047.72
107432,53948,703,1,2609.04,0.0,2609.04
107433,53949,571,3,11994.11,0.0,35982.33
107434,53949,619,3,577.92,0.0,1733.76
107435,53950,652,1,13563.11,0.0,13563.11
107436,53950,544,1,6582.2,0.0,6582.2
107437,53950,778,3,2068.11,310.22,5894.11
107438,53950,662,1,9986.23,998.62,8987.61
107439,53950,585,1,29624.84,0.0,29624.84
107440,53951,631,3,1647.26,247.09,4694.69
107441,53951,522,1,39986.91,0.0,39986.91
107442,53951,797,1,1277.35,255.47,1021.88
107443,53952,580,1,1023.86,102.39,921.47
107444,53952,584,1,1377.03,0.0,1377.03
107445,53953,573,1,620.76,0.0,620.76
107446,53954,709,3,5677.52,0.0,17032.56
107447,53955,682,1,707.75,0.0,707.75
107448,53956,512,2,1219.3,121.93,2316.67
107449,53957,630,1,2387.03,0.0,2387.03
107450,53958,535,3,2114.96,0.0,6344.88
107451,53959,740,3,38799.36,5819.9,110578.18
107452,53959,722,1,53128.36,10625.67,42502.69
107453,53959,612,1,2192.78,0.0,2192.78
107454,53959,532,3,820.25,0.0,2460.75
107455,53960,535,1,2114.96,105.75,2009.21
107456,53960,677,2,3625.43,362.54,6888.32
107457,53960,784,2,1641.14,492.34,2789.94
107458,53960,792,10,2835.7,4253.55,24103.45
107459,53961,791,1,11369.6,0.0,11369.6
107460,53961,769,1,1383.36,0.0,1383.36
107461,53961,603,1,18106.09,0.0,18106.09
107462,53962,523,2,6428.51,642.85,12214.17
107463,53962,753,1,1068.74,0.0,1068.74
107464,53962,654,2,2895.35,289.54,5501.16
107465,53963,750,1,182.17,0.0,182.17
107466,53964,760,1,11301.08,0.0,11301.08
107467,53964,610,2,26733.01,0.0,53466.02
107468,53964,560,1,407.29,0.0,407.29
107469,53965,714,1,44813.18,0.0,44813.18
107470,53965,506,1,1305.17,0.0,1305.17
107471,53965,676,1,865.11,129.77,735.34
107472,53965,637,1,3516.12,351.61,3164.51
107473,53965,627,1,348.17,0.0,348.17
107474,53966,554,1,5371.45,537.14,4834.31
107475,53967,562,2,1170.27,234.05,2106.49
107476,53967,593,1,1214.64,0.0,1214.64
107477,53967,623,2,2674.16,534.83,4813.49
107478,53968,542,1,1742.37,174.24,1568.13
107479,53969,535,2,2114.96,0.0,4229.92
107480,53970,754,4,9295.64,0.0,37182.56
107481,53970,774,1,1776.67,0.0,1776.67
107482,53971,577,4,795.1,0.0,3180.4
107483,53971,684,1,59645.43,0.0,59645.43
107484,53971,650,1,6201.76,0.0,6201.76
107485,53971,727,3,11354.29,0.0,34062.87
107486,53971,502,1,15084.04,754.2,14329.84
107487,53972,785,3,1136.17,0.0,3408.51
107488,53973,546,1,12181.16,0.0,12181.16
107489,53974,569,2,46883.02,9376.6,84389.44
107490,53975,766,1,4834.22,0.0,4834.22
107491,53975,642,1,6612.07,0.0,6612.07
107492,53976,717,1,902.81,0.0,902.81
107493,53976,723,2,3644.62,364.46,6924.78
107494,53976,749,1,1601.66,240.25,1361.41
107495,53976,565,1,322.27,48.34,273.93
107496,53976,672,2,9227.41,0.0,18454.82
107497,53977,786,1,5485.59,274.28,5211.31
107498,53977,599,1,2796.57,279.66,2516.91
107499,53977,508,1,5538.85,0.0,5538.85
107500,53978,639,1,5888.93,294.45,5594.48
107501,53978,595,1,2237.17,0.0,2237.17
107502,53978,618,5,161.7,161.7,646.8
107503,53978,736,1,6075.78,303.79,5771.99
107504,53978,623,1,2674.16,534.83,2139.33
107505,53979,614,1,30296.77,0.0,30296.77
107506,53980,599,1,2796.57,0.0,2796.57
107507,53980,618,1,161.7,24.25,137.45
107508,53981,572,1,1098.59,0.0,1098.59
107509,53981,584,2,1377.03,137.7,2616.36
107510,53982,610,1,26733.01,4009.95,22723.06
107511,53982,644,1,36167.51,0.0,36167.51
107512,53983,608,2,667.69,0.0,1335.38
107513,53983,684,1,59645.43,2982.27,56663.16
107514,53983,517,1,12096.53,0.0,12096.53
107515,53984,760,2,11301.08,1130.11,21472.05
107516,53984,693,1,1213.14,60.66,1152.48
107517,53984,656,1,9107.06,455.35,8651.71
107518,53985,627,1,348.17,0.0,348.17
107519,53985,583,1,9641.6,964.16,8677.44
107520,53986,779,2,9166.85,0.0,18333.7
107521,53986,769,4,1383.36,0.0,5533.44
107522,53987,550,1,3272.22,0.0,3272.22
107523,53987,674,1,7676.03,0.0,7676.03
107524,53988,559,4,5502.85,3301.71,18709.69
107525,53988,537,1,7317.24,0.0,7317.24
107526,53989,593,4,1214.64,0.0,4858.56
107527,53990,735,1,1557.67,0.0,1557.67
107528,53990,683,1,873.55,131.03,742.52
107529,53990,616,1,594.6,59.46,535.14
107530,53991,672,2,9227.41,0.0,18454.82
107531,53992,706,1,14673.28,0.0,14673.28
107532,53993,640,-1,1058.22,0.0,1058.22
107533,53994,797,3,1277.35,0.0,3832.05
107534,53995,552,2,10613.41,1061.34,20165.48
107535,53996,582,1,8407.83,0.0,8407.83
107536,53996,525,2,4003.31,0.0,8006.62
107537,53997,635,5,3079.07,1539.54,13855.81
107538,53997,730,3,713.55,0.0,2140.65
107539,53997,769,1,1383.36,0.0,1383.36
107540,53998,574,2,20894.55,0.0,41789.1
107541,53998,702,4,569.75,0.0,2279.0
107542,53999,793,1,2448.49,0.0,2448.49
107543,54000,800,2,2202.18,220.22,4184.14
107544,54000,799,1,2348.69,0.0,2348.69
107545,54000,654,2,2895.35,579.07,5211.63
107546,54001,659,1,364.24,72.85,0.01
107547,54001,515,3,1144.81,0.0,3434.43
107548,54001,652,1,13563.11,1356.31,12206.8
107549,54002,560,1,407.29,0.0,407.29
107550,54003,519,1,849.44,0.0,849.44
107551,54003,516,2,14192.65,4257.8,24127.5
107552,54003,660,5,3268.31,0.0,16341.55
107553,54003,799,1,2348.69,117.43,2231.26
107554,54003,592,1,1511.43,75.57,1435.86
107555,54004,672,1,9227.41,0.0,9227.41
107556,54005,567,1,7980.38,399.02,7581.36
107557,54005,797,1,1277.35,255.47,1021.88
107558,54006,771,1,1072.89,0.0,1072.89
107559,54006,582,3,8407.83,0.0,25223.49
107560,54007,715,5,61205.17,61205.17,244820.68
107561,54007,645,2,3816.62,0.0,7633.24
107562,54008,605,2,1048.97,0.0,2097.94
107563,54009,608,1,667.69,0.0,667.69
107564,54010,722,1,53128.36,2656.42,50471.94
107565,54011,527,-3,43071.55,0.0,43071.55
107566,54011,792,1,2835.7,0.0,2835.7
107567,54011,721,1,5715.09,571.51,5143.58
107568,54011,631,1,1647.26,247.09,1400.17
107569,54012,784,1,1641.14,164.11,1477.03
107570,54012,712,1,12089.2,0.0,12089.2
107571,54013,608,1,667.69,33.38,634.31
107572,54014,627,4,348.17,69.63,1323.05
107573,54014,778,1,2068.11,0.0,2068.11
107574,54015,597,2,535.83,0.0,1071.66
107575,54015,702,1,569.75,0.0,569.75
107576,54015,774,1,1776.67,0.0,1776.67
107577,54015,603,1,18106.09,0.0,18106.09
107578,54015,731,1,1578.26,315.65,1262.61
107579,54016,663,1,1339.76,0.0,1339.76
107580,54017,559,3,5502.85,0.0,16508.55
107581,54017,607,2,10316.31,0.0,20632.62
107582,54018,530,1,3414.81,0.0,3414.81
107583,54019,789,1,2799.8,0.0,2799.8
107584,54019,611,2,15431.65,0.0,30863.3
107585,54020,612,1,2192.78,0.0,2192.78
107586,54020,754,2,9295.64,0.0,18591.28
107587,54020,742,2,31236.95,0.0,62473.9
107588,54020,678,1,37877.29,0.0,37877.29
107589,54021,637,2,3516.12,351.61,6680.63
107590,54022,541,5,2124.38,531.1,10090.8
107591,54022,542,1,1742.37,0.0,1742.37
107592,54023,722,1,53128.36,0.0,53128.36
107593,54023,788,2,8889.42,888.94,16889.9
107594,54023,615,1,24337.83,0.0,24337.83
107595,54024,602,1,817.44,122.62,694.82
107596,54024,708,1,10297.58,514.88,9782.7
107597,54024,536,1,1067.42,0.0,1067.42
107598,54025,759,2,8304.75,0.0,16609.5
107599,54025,557,2,783.76,78.38,1489.14
107600,54026,621,1,1304.44,65.22,1239.22
107601,54027,798,2,3816.99,0.0,7633.98
107602,54027,608,1,667.69,66.77,600.92
107603,54028,582,1,8407.83,420.39,7987.44
107604,54029,726,1,983.03,98.3,884.73
107605,54030,658,1,711.18,0.0,711.18
107606,54030,638,1,9668.28,0.0,9668.28
107607,54031,744,1,6141.59,0.0,6141.59
107608,54031,756,1,372.34,18.62,353.72
107609,54032,548,1,8285.36,414.27,7871.09
107610,54033,623,2,2674.16,534.83,4813.49
107611,54033,659,5,364.24,0.0,1821.2
107612,54033,547,1,817.17,0.0,817.17
107613,54033,515,2,1144.81,0.0,2289.62
107614,54034,534,4,46679.73,0.0,186718.92
107615,54035,741,4,1969.25,393.85,7483.15
107616,54036,655,1,5152.69,257.63,4895.06
107617,54036,588,2,490.64,0.0,981.28
107618,54036,753,1,1068.74,213.75,854.99
107619,54037,592,1,1511.43,0.0,1511.43
107620,54038,561,1,2177.62,0.0,2177.62
107621,54039,513,3,1399.58,0.0,4198.74
107622,54040,672,1,9227.41,1384.11,7843.3
107623,54040,545,3,1464.92,0.0,4394.76
107624,54041,787,1,27577.51,0.0,27577.51
107625,54041,779,1,9166.85,0.0,9166.85
107626,54041,726,2,983.03,294.91,1671.15
107627,54042,590,1,2022.4,0.0,2022.4
107628,54042,538,1,8640.93,0.0,8640.93
107629,54043,513,1,1399.58,69.98,1329.6
107630,54043,724,2,2567.59,513.52,4621.66
107631,54043,590,1,2022.4,303.36,1719.04
107632,54044,519,1,849.44,0.0,849.44
107633,54044,636,1,1717.09,171.71,1545.38
107634,54044,550,1,3272.22,490.83,2781.39
107635,54044,695,2,24310.04,2431.0,46189.08
107636,54044,552,1,10613.41,0.0,10613.41
107637,54045,652,1,13563.11,0.0,13563.11
107638,54045,620,1,607.15,0.0,607.15
107639,54046,757,2,13097.42,5238.97,20955.87
107640,54046,561,1,2177.62,0.0,2177.62
107641,54046,685,3,9687.25,0.0,29061.75
107642,54047,642,5,6612.07,1653.02,31407.33
107643,54047,533,2,10801.02,2160.2,19441.84
107644,54048,605,1,1048.97,0.0,1048.97
107645,54048,772,3,6175.25,0.0,18525.75
107646,54048,696,1,4358.64,0.0,4358.64
107647,54048,999999,2,5353.16,0.0,10706.32
107648,54048,673,1,1038.9,51.95,986.95
107649,54049,534,3,46679.73,28007.84,112031.35
107650,54049,609,2,3589.04,0.0,7178.08
107651,54050,586,1,4444.5,222.23,4222.27
107652,54051,503,1,1376.24,0.0,1376.24
107653,54052,613,3,11372.12,0.0,34116.36
107654,54052,557,1,783.76,78.38,705.38
107655,54053,624,3,391.05,117.32,1055.83
107656,54054,999999,1,3012.88,0.0,3012.88
107657,54054,693,3,1213.14,181.97,3457.45
107658,54054,552,1,10613.41,0.0,10613.41
107659,54054,595,1,2237.17,223.72,2013.45
107660,54054,582,1,8407.83,0.0,8407.83
107661,54055,637,5,3516.12,0.0,17580.6
107662,54055,507,1,5384.85,1076.97,4307.88
107663,54056,788,4,8889.42,0.0,35557.68
107664,54057,762,1,886.5,0.0,886.5
107665,54057,653,3,4298.41,0.0,12895.23
107666,54057,538,1,8640.93,0.0,8640.93
107667,54058,602,1,817.44,81.74,735.7
107668,54058,578,3,6521.84,1956.55,17608.97
107669,54058,503,2,1376.24,0.0,2752.48
107670,54059,649,1,699.68,34.98,664.7
107671,54060,700,1,6725.93,0.0,6725.93
107672,54060,765,2,37606.92,11282.08,63931.76
107673,54060,741,1,1969.25,393.85,1575.4
107674,54061,504,1,3910.83,0.0,3910.83
107675,54062,776,1,1371.98,137.2,1234.78
107676,54062,724,3,2567.59,0.0,7702.77
107677,54063,655,4,5152.69,3091.61,17519.15
107678,54064,999999,2,1641.14,0.0,3282.28
107679,54064,575,4,253.01,0.0,1012.04
107680,54064,771,4,1072.89,214.58,4076.98
107681,54065,616,2,594.6,118.92,1070.28
107682,54066,657,1,8779.23,0.0,8779.23
107683,54067,728,1,2491.24,249.12,2242.12
107684,54067,591,1,9106.57,0.0,9106.57
107685,54067,527,1,43071.55,0.0,43071.55
107686,54068,681,1,5353.16,0.0,5353.16
107687,54069,627,1,348.17,0.0,348.17
107688,54069,562,1,1170.27,0.0,1170.27
107689,54070,621,2,1304.44,0.0,2608.88
107690,54071,524,1,1357.31,0.0,1357.31
107691,54071,794,3,482.29,217.03,1229.84
107692,54071,633,2,1617.01,485.1,2748.92
107693,54071,644,1,36167.51,0.0,36167.51
107694,54072,710,1,10731.06,0.0,10731.06
107695,54072,549,1,13993.54,1399.35,12594.19
107696,54073,701,1,11805.02,590.25,11214.77
107697,54074,557,1,783.76,0.0,783.76
107698,54074,786,2,5485.59,1645.68,9325.5
107699,54074,529,3,47474.39,7121.16,135302.01
107700,54074,731,1,1578.26,0.0,1578.26
107701,54074,629,1,717.69,0.0,0.01
107702,54075,593,1,1214.64,0.0,1214.64
107703,54075,730,1,713.55,0.0,713.55
107704,54075,643,3,55447.46,8317.12,158025.26
107705,54076,744,1,6141.59,921.24,5220.35
107706,54076,619,1,577.92,0.0,577.92
107707,54076,713,1,5412.77,0.0,5412.77
107708,54076,648,1,1203.65,60.18,1143.47
107709,54076,604,1,5835.32,1167.06,4668.26
107710,54077,701,1,11805.02,0.0,11805.02
107711,54077,612,1,2192.78,109.64,2083.14
107712,54077,577,4,795.1,0.0,3180.4
107713,54078,667,4,558.92,0.0,2235.68
107714,54079,734,2,839.57,83.96,1595.18
107715,54079,644,2,36167.51,3616.75,68718.27
107716,54080,601,1,17813.81,890.69,16923.12
107717,54080,687,3,1705.39,511.62,4604.55
107718,54081,569,3,46883.02,28129.81,112519.25
107719,54081,712,1,12089.2,1208.92,10880.28
107720,54081,733,3,1597.66,718.95,4074.03
107721,54082,699,1,713.36,0.0,713.36
107722,54083,679,1,53522.92,0.0,53522.92
107723,54083,642,1,6612.07,661.21,5950.86
107724,54083,535,1,2114.96,317.24,1797.72
107725,54083,653,5,4298.41,0.0,21492.05
107726,54084,736,1,6075.78,607.58,5468.2
107727,54085,520,5,1736.99,0.0,8684.95
107728,54086,540,1,32834.15,3283.42,29550.73
107729,54086,743,2,892.31,0.0,1784.62
107730,54087,553,2,31731.27,0.0,63462.54
107731,54088,560,1,407.29,20.36,386.93
107732,54088,525,2,4003.31,400.33,7606.29
107733,54089,502,1,15084.04,754.2,14329.84
107734,54089,519,1,849.44,42.47,806.97
107735,54089,651,3,4691.47,0.0,14074.41
107736,54090,579,1,17100.24,2565.04,14535.2
107737,54090,521,1,3815.32,0.0,3815.32
107738,54090,779,10,9166.85,0.0,91668.5
107739,54091,619,1,577.92,0.0,577.92
107740,54091,693,1,1213.14,0.0,1213.14
107741,54091,698,1,9291.61,929.16,8362.45
107742,54092,601,4,17813.81,0.0,71255.24
107743,54093,779,2,9166.85,0.0,18333.7
107744,54094,798,2,3816.99,0.0,7633.98
107745,54094,758,1,2596.01,389.4,2206.61
107746,54095,588,1,490.64,0.0,490.64
107747,54096,699,1,713.36,142.67,570.69
107748,54097,594,3,55089.87,0.0,165269.61
107749,54098,601,1,17813.81,3562.76,14251.05
107750,54098,793,2,2448.49,0.0,4896.98
107751,54099,540,2,32834.15,0.0,65668.3
107752,54099,734,1,839.57,0.0,839.57
107753,54099,708,3,10297.58,0.0,30892.74
107754,54100,734,2,839.57,251.87,1427.27
107755,54100,514,1,8817.04,0.0,8817.04
107756,54101,712,3,12089.2,0.0,36267.6
107757,54101,736,2,6075.78,1822.73,10328.83
107758,54101,629,2,717.69,0.0,1435.38
107759,54102,541,3,2124.38,0.0,6373.14
107760,54103,513,2,1399.58,0.0,2799.16
107761,54104,676,1,865.11,0.0,865.11
107762,54105,706,2,14673.28,0.0,29346.56
107763,54105,596,2,1919.15,575.75,3262.55
107764,54106,555,3,9558.13,0.0,28674.39
107765,54106,541,1,2124.38,0.0,2124.38
107766,54107,787,1,27577.51,0.0,27577.51
107767,54108,762,4,886.5,354.6,3191.4
107768,54109,599,1,2796.57,0.0,2796.57
107769,54109,551,1,3446.79,0.0,3446.79
107770,54110,649,1,699.68,34.98,664.7
107771,54110,732,2,3277.37,0.0,6554.74
107772,54111,742,1,31236.95,0.0,31236.95
107773,54111,537,1,7317.24,365.86,6951.38
107774,54111,531,1,10687.35,0.0,10687.35
107775,54112,740,1,38799.36,0.0,38799.36
107776,54112,764,1,38368.4,0.0,38368.4
107777,54112,661,2,16283.24,3256.65,29309.83
107778,54113,756,1,372.34,18.62,353.72
107779,54113,671,2,3564.48,356.45,6772.51
107780,54114,528,1,951.12,142.67,808.45
107781,54114,618,2,161.7,32.34,291.06
107782,54115,600,1,6469.3,970.39,5498.91
107783,54116,564,3,1265.51,379.65,3416.88
107784,54116,505,4,5998.46,2399.38,21594.46
107785,54117,780,1,3012.88,150.64,2862.24
107786,54118,618,1,161.7,0.0,161.7
107787,54119,750,1,182.17,9.11,173.06
107788,54120,598,3,579.36,0.0,1738.08
107789,54121,743,2,892.31,89.23,1695.39
107790,54122,999999,1,1736.99,0.0,1736.99
107791,54123,529,1,47474.39,4747.44,42726.95
107792,54124,600,2,6469.3,0.0,12938.6
107793,54125,783,1,39234.63,0.0,39234.63
107794,54125,797,1,1277.35,127.73,1149.62
107795,54125,568,1,5802.78,0.0,5802.78
107796,54125,759,1,8304.75,0.0,8304.75
107797,54126,518,1,49561.42,0.0,49561.42
107798,54127,727,2,11354.29,0.0,22708.58
107799,54127,575,1,253.01,12.65,240.36
107800,54127,775,1,3454.82,0.0,3454.82
107801,54128,652,2,13563.11,0.0,27126.22
107802,54128,774,1,1776.67,266.5,1510.17
107803,54128,726,1,983.03,0.0,983.03
107804,54128,715,1,61205.17,12241.03,48964.14
107805,54129,564,1,1265.51,63.28,1202.23
107806,54130,701,1,11805.02,0.0,11805.02
107807,54131,567,2,7980.38,798.04,15162.72
107808,54132,667,2,558.92,0.0,1117.84
107809,54133,757,1,13097.42,0.0,13097.42
107810,54134,699,1,713.36,0.0,713.36
107811,54134,794,1,482.29,0.0,482.29
107812,54134,526,1,5568.93,278.45,5290.48
107813,54135,644,3,36167.51,0.0,108502.53
107814,54136,658,1,711.18,35.56,675.62
107815,54137,501,2,45292.52,0.0,90585.04
107816,54138,511,1,856.8,0.0,856.8
107817,54139,789,1,2799.8,0.0,2799.8
107818,54140,730,1,713.55,0.0,713.55
107819,54140,554,1,5371.45,268.57,5102.88
107820,54140,615,1,24337.83,0.0,24337.83
107821,54141,717,1,902.81,0.0,902.81
107822,54141,589,1,17388.16,1738.82,15649.34
107823,54141,749,1,1601.66,160.17,1441.49
107824,54142,508,2,5538.85,553.89,0.01
107825,54142,575,1,253.01,12.65,240.36
107826,54142,653,1,4298.41,0.0,4298.41
107827,54143,672,4,9227.41,1845.48,35064.16
107828,54144,658,1,711.18,35.56,675.62
107829,54145,539,1,1082.58,0.0,1082.58
107830,54146,536,1,1067.42,0.0,1067.42
107831,54147,771,1,1072.89,0.0,1072.89
107832,54147,723,1,3644.62,0.0,3644.62
107833,54147,775,2,3454.82,690.96,6218.68
107834,54147,718,1,6766.17,338.31,6427.86
107835,54148,549,1,13993.54,1399.35,12594.19
107836,54149,769,1,1383.36,276.67,1106.69
107837,54150,530,2,3414.81,341.48,6488.14
107838,54151,619,1,577.92,115.58,462.34
107839,54152,590,1,2022.4,0.0,2022.4
107840,54152,622,1,2792.75,0.0,2792.75
107841,54153,752,4,14566.93,0.0,58267.72
107842,54153,610,1,26733.01,2673.3,24059.71
107843,54154,571,1,11994.11,0.0,11994.11
107844,54155,684,1,59645.43,5964.54,53680.89
107845,54156,709,2,5677.52,567.75,10787.29
107846,54157,642,5,6612.07,1653.02,31407.33
107847,54158,595,1,2237.17,0.0,2237.17
107848,54158,664,1,18695.4,0.0,18695.4
107849,54158,701,2,11805.02,0.0,23610.04
107850,54158,587,1,790.56,0.0,790.56
107851,54159,703,1,2609.04,0.0,2609.04
107852,54160,702,3,569.75,341.85,1367.4
107853,54161,747,2,805.8,0.0,1611.6
107854,54162,742,2,31236.95,9371.08,53102.82
107855,54163,537,3,7317.24,1097.59,20854.13
107856,54163,591,2,9106.57,1821.31,16391.83
107857,54164,644,3,36167.51,0.0,108502.53
107858,54165,759,1,8304.75,415.24,7889.51
107859,54165,538,1,8640.93,432.05,8208.88
107860,54166,651,1,4691.47,0.0,4691.47
107861,54166,519,5,849.44,0.0,4247.2
107862,54167,582,1,8407.83,0.0,8407.83
107863,54168,775,1,3454.82,0.0,3454.82
107864,54168,715,1,61205.17,0.0,61205.17
107865,54168,663,2,1339.76,0.0,2679.52
107866,54169,504,0,3910.83,0.0,15643.32
107867,54169,559,1,5502.85,0.0,5502.85
107868,54169,716,2,1117.48,111.75,2123.21
107869,54170,787,2,27577.51,0.0,55155.02
107870,54170,537,1,7317.24,0.0,7317.24
107871,54170,607,1,10316.31,0.0,10316.31
107872,54171,660,1,3268.31,0.0,3268.31
107873,54171,685,3,9687.25,4359.26,24702.49
107874,54171,780,1,3012.88,301.29,2711.59
107875,54171,790,1,723.68,72.37,651.31
107876,54171,713,1,5412.77,541.28,4871.49
107877,54172,709,0,5677.52,0.0,5677.52
107878,54173,758,1,2596.01,0.0,2596.01
107879,54173,544,1,6582.2,0.0,6582.2
107880,54174,700,5,6725.93,3362.97,30266.68
107881,54174,707,1,626.29,0.0,626.29
107882,54175,702,3,569.75,170.93,1538.32
107883,54175,680,1,1294.32,129.43,1164.89
107884,54176,633,2,1617.01,161.7,3072.32
107885,54176,783,1,39234.63,0.0,39234.63
107886,54176,597,1,535.83,80.37,455.46
107887,54176,697,1,17716.2,885.81,16830.39
107888,54177,721,1,5715.09,571.51,5143.58
107889,54177,739,2,9905.71,1981.14,17830.28
107890,54178,705,4,17197.08,0.0,68788.32
107891,54178,788,1,8889.42,444.47,8444.95
107892,54178,540,1,32834.15,0.0,32834.15
107893,54178,710,3,10731.06,0.0,32193.18
107894,54179,550,2,3272.22,0.0,6544.44
107895,54179,646,1,6680.81,0.0,6680.81
107896,54180,569,1,46883.02,0.0,46883.02
107897,54180,755,1,923.61,46.18,877.43
107898,54181,579,1,17100.24,0.0,17100.24
107899,54181,555,1,9558.13,0.0,9558.13
107900,54181,744,3,6141.59,0.0,18424.77
107901,54182,616,2,594.6,0.0,1189.2
107902,54183,682,1,707.75,70.78,636.97
107903,54183,678,1,37877.29,0.0,37877.29
107904,54183,733,1,1597.66,239.65,1358.01
107905,54184,511,1,856.8,85.68,771.12
107906,54185,702,1,569.75,56.98,512.77
107907,54185,646,1,6680.81,0.0,6680.81
107908,54185,756,1,372.34,18.62,353.72
107909,54186,542,5,1742.37,0.0,8711.85
107910,54186,747,1,805.8,0.0,805.8
107911,54186,683,2,873.55,262.06,1485.04
107912,54187,662,3,9986.23,0.0,29958.69
107913,54187,715,1,61205.17,0.0,61205.17
107914,54187,612,1,2192.78,0.0,2192.78
107915,54188,715,4,61205.17,0.0,244820.68
107916,54189,592,5,1511.43,0.0,7557.15
107917,54189,695,1,24310.04,2431.0,21879.04
107918,54189,607,1,10316.31,0.0,10316.31
107919,54190,743,1,892.31,44.62,847.69
107920,54191,655,2,5152.69,0.0,10305.38
107921,54191,740,1,38799.36,3879.94,34919.42
107922,54192,683,1,873.55,131.03,742.52
107923,54193,721,2,5715.09,571.51,10858.67
107924,54194,692,1,7325.8,366.29,6959.51
107925,54195,565,3,322.27,193.36,773.45
107926,54196,745,1,5138.19,0.0,5138.19
107927,54196,732,1,3277.37,163.87,3113.5
107928,54197,501,3,45292.52,0.0,135877.56
107929,54197,694,4,1970.24,0.0,7880.96
107930,54197,782,3,9360.71,0.0,28082.13
107931,54197,740,1,38799.36,0.0,38799.36
107932,54198,699,1,713.36,0.0,713.36
107933,54199,760,5,11301.08,0.0,56505.4
107934,54199,616,1,594.6,29.73,564.87
107935,54200,684,2,59645.43,0.0,119290.86
107936,54200,780,1,3012.88,301.29,2711.59
107937,54201,520,3,1736.99,260.55,4950.42
107938,54201,779,1,9166.85,0.0,9166.85
107939,54201,693,1,1213.14,60.66,1152.48
107940,54202,782,1,9360.71,0.0,9360.71
107941,54203,786,1,5485.59,274.28,5211.31
107942,54203,575,1,253.01,25.3,227.71
107943,54203,634,4,5262.27,0.0,21049.08
107944,54203,728,1,2491.24,0.0,2491.24
107945,54203,655,5,5152.69,2576.34,23187.11
107946,54204,588,5,490.64,0.0,2453.2
107947,54205,697,1,17716.2,0.0,17716.2
107948,54205,543,2,4352.44,0.0,8704.88
107949,54206,518,2,49561.42,4956.14,94166.7
107950,54206,670,2,2118.7,423.74,3813.66
107951,54207,762,1,886.5,44.33,842.17
107952,54208,639,1,5888.93,1177.79,4711.14
107953,54209,557,1,783.76,0.0,783.76
107954,54210,762,1,886.5,0.0,886.5
107955,54211,791,1,11369.6,1705.44,9664.16
107956,54212,639,1,5888.93,588.89,5300.04
107957,54213,591,1,9106.57,1365.99,7740.58
107958,54213,566,1,8272.67,0.0,0.01
107959,54214,788,1,8889.42,1333.41,7556.01
107960,54214,587,2,790.56,0.0,1581.12
107961,54215,680,1,1294.32,0.0,1294.32
107962,54216,559,4,5502.85,0.0,22011.4
107963,54216,732,1,3277.37,0.0,3277.37
107964,54217,636,1,1717.09,0.0,1717.09
107965,54218,692,1,7325.8,0.0,7325.8
107966,54218,798,1,3816.99,0.0,3816.99
107967,54219,721,4,5715.09,1143.02,21717.34
107968,54219,795,2,18501.43,3700.29,33302.57
107969,54220,544,2,6582.2,0.0,13164.4
107970,54221,744,1,6141.59,0.0,6141.59
107971,54222,550,1,3272.22,0.0,3272.22
107972,54223,545,3,1464.92,0.0,4394.76
107973,54223,656,2,9107.06,2732.12,15482.0
107974,54223,616,3,594.6,178.38,1605.42
107975,54223,563,2,5426.08,0.0,10852.16
107976,54224,747,3,805.8,0.0,2417.4
107977,54225,731,4,1578.26,0.0,6313.04
107978,54226,759,2,8304.75,0.0,16609.5
107979,54226,512,2,1219.3,0.0,2438.6
107980,54227,734,2,839.57,83.96,1595.18
107981,54228,534,3,46679.73,21005.88,119033.31
107982,54228,597,1,535.83,53.58,482.25
107983,54228,769,1,1383.36,69.17,1314.19
107984,54228,666,1,4195.88,209.79,3986.09
107985,54229,588,2,490.64,0.0,981.28
107986,54230,670,1,2118.7,0.0,2118.7
107987,54230,533,2,10801.02,0.0,21602.04
107988,54230,505,10,5998.46,8997.69,50986.91
107989,54230,770,2,2789.39,0.0,5578.78
107990,54231,722,2,53128.36,0.0,106256.72
107991,54231,648,1,1203.65,0.0,1203.65
107992,54231,704,2,1165.72,0.0,2331.44
107993,54232,731,1,1578.26,0.0,1578.26
107994,54232,723,1,3644.62,0.0,3644.62
107995,54233,561,1,2177.62,435.52,1742.1
107996,54233,719,1,15471.04,2320.66,13150.38
107997,54234,547,2,817.17,0.0,1634.34
107998,54234,715,1,61205.17,0.0,61205.17
107999,54234,787,2,27577.51,0.0,55155.02
108000,54234,546,2,12181.16,3654.35,20707.97
108001,54234,677,1,3625.43,0.0,3625.43
108002,54235,718,1,6766.17,676.62,6089.55
108003,54236,651,1,4691.47,0.0,4691.47
108004,54236,584,3,1377.03,0.0,4131.09
108005,54236,664,1,18695.4,0.0,18695.4
108006,54236,583,2,9641.6,3856.64,15426.56
108007,54237,746,1,1732.13,86.61,1645.52
108008,54237,681,1,5353.16,0.0,5353.16
108009,54237,599,1,2796.57,0.0,2796.57
108010,54238,559,3,5502.85,2476.28,14032.27
108011,54238,621,2,1304.44,0.0,2608.88
108012,54238,598,1,579.36,0.0,579.36
108013,54238,616,1,594.6,0.0,594.6
108014,54238,536,1,1067.42,0.0,1067.42
108015,54239,743,2,892.31,0.0,1784.62
108016,54239,747,4,805.8,644.64,2578.56
108017,54239,581,3,2900.19,0.0,8700.57
108018,54240,662,1,9986.23,0.0,9986.23
108019,54240,714,2,44813.18,8962.64,80663.72
108020,54241,706,1,14673.28,0.0,14673.28
108021,54242,654,1,2895.35,0.0,2895.35
108022,54242,577,1,795.1,0.0,795.1
108023,54243,777,1,2061.3,103.07,1958.23
108024,54243,751,1,25845.26,1292.26,24553.0
108025,54244,720,2,3038.53,0.0,6077.06
108026,54245,540,3,32834.15,0.0,98502.45
108027,54245,780,1,3012.88,301.29,2711.59
108028,54246,712,2,12089.2,0.0,24178.4
108029,54246,671,2,3564.48,0.0,7128.96
108030,54246,777,2,2061.3,618.39,3504.21
108031,54246,517,1,12096.53,0.0,12096.53
108032,54246,685,2,9687.25,0.0,19374.5
108033,54247,585,5,29624.84,0.0,148124.2
108034,54248,503,1,1376.24,206.44,1169.8
108035,54248,595,2,2237.17,0.0,4474.34
108036,54248,615,2,24337.83,2433.78,46241.88
108037,54249,666,1,4195.88,0.0,0.01
108038,54250,795,1,18501.43,0.0,18501.43
108039,54251,796,2,1462.48,146.25,2778.71
108040,54252,698,2,9291.61,1858.32,16724.9
108041,54253,745,1,5138.19,0.0,5138.19
108042,54254,708,2,10297.58,0.0,20595.16
108043,54255,562,3,1170.27,175.54,3335.27
108044,54256,570,1,4486.57,0.0,4486.57
108045,54257,551,1,3446.79,0.0,3446.79
108046,54257,656,1,9107.06,0.0,9107.06
108047,54258,744,2,6141.59,0.0,12283.18
108048,54258,600,1,6469.3,0.0,6469.3
108049,54259,565,2,322.27,96.68,547.86
108050,54259,579,1,17100.24,1710.02,15390.22
108051,54260,796,2,1462.48,0.0,2924.96
108052,54260,501,2,45292.52,0.0,90585.04
108053,54260,795,1,18501.43,0.0,18501.43
108054,54260,547,1,817.17,81.72,735.45
108055,54261,706,1,14673.28,0.0,14673.28
108056,54261,672,1,9227.41,461.37,8766.04
108057,54261,723,1,3644.62,0.0,3644.62
108058,54261,504,1,3910.83,195.54,3715.29
108059,54262,535,1,2114.96,422.99,1691.97
108060,54262,583,2,9641.6,0.0,19283.2
108061,54262,626,1,236.68,0.0,236.68
108062,54262,650,1,6201.76,310.09,5891.67
108063,54263,512,1,1219.3,60.97,1158.33
108064,54264,596,1,1919.15,287.87,1631.28
108065,54265,763,1,66.59,0.0,66.59
108066,54266,734,1,839.57,0.0,839.57
108067,54266,616,1,594.6,29.73,564.87
108068,54267,685,3,9687.25,0.0,29061.75
108069,54267,607,1,10316.31,1031.63,9284.68
108070,54267,687,2,1705.39,0.0,3410.78
108071,54268,628,1,6761.04,0.0,6761.04
108072,54268,716,3,1117.48,0.0,3352.44
108073,54268,528,5,951.12,0.0,4755.6
108074,54268,648,1,1203.65,0.0,1203.65
108075,54269,579,1,17100.24,1710.02,15390.22
108076,54270,794,1,482.29,96.46,385.83
108077,54270,525,4,4003.31,0.0,16013.24
108078,54271,678,1,37877.29,0.0,37877.29
108079,54272,524,3,1357.31,610.79,3461.14
108080,54273,703,1,2609.04,391.36,2217.68
108081,54274,594,2,55089.87,0.0,110179.74
108082,54274,735,1,1557.67,233.65,1324.02
108083,54274,686,1,4182.59,0.0,4182.59
108084,54274,635,2,3079.07,0.0,6158.14
108085,54274,752,1,14566.93,0.0,14566.93
108086,54275,793,1,2448.49,122.42,2326.07
108087,54276,797,1,1277.35,63.87,1213.48
108088,54277,693,3,1213.14,0.0,3639.42
108089,54278,673,2,1038.9,0.0,2077.8
108090,54279,609,1,3589.04,0.0,3589.04
108091,54279,538,5,8640.93,0.0,43204.65
108092,54279,580,1,1023.86,0.0,1023.86
108093,54279,539,4,1082.58,866.06,3464.26
108094,54279,524,3,1357.31,0.0,4071.93
108095,54280,549,1,13993.54,2099.03,11894.51
108096,54280,793,3,2448.49,367.27,6978.2
108097,54280,707,1,626.29,0.0,626.29
108098,54281,722,0,53128.36,7969.25,45159.11
108099,54281,665,1,2533.05,0.0,2533.05
108100,54281,517,1,12096.53,0.0,12096.53
108101,54281,778,2,2068.11,0.0,4136.22
108102,54282,765,2,37606.92,0.0,75213.84
108103,54283,750,2,182.17,0.0,364.34
108104,54283,592,2,1511.43,0.0,3022.86
108105,54283,689,1,11449.91,1717.49,9732.42
108106,54284,616,1,594.6,0.0,594.6
108107,54285,531,1,10687.35,0.0,10687.35
108108,54285,557,2,783.76,0.0,1567.52
108109,54285,752,1,14566.93,0.0,14566.93
108110,54286,547,2,817.17,0.0,1634.34
108111,54286,655,1,5152.69,0.0,5152.69
108112,54286,582,1,8407.83,420.39,7987.44
108113,54286,698,3,9291.61,1393.74,26481.09
108114,54287,702,1,569.75,0.0,569.75
108115,54287,642,1,6612.07,0.0,6612.07
108116,54287,553,4,31731.27,0.0,126925.08
108117,54288,547,1,817.17,0.0,817.17
108118,54288,727,1,11354.29,0.0,11354.29
108119,54289,607,1,10316.31,2063.26,8253.05
108120,54290,516,4,14192.65,0.0,56770.6
108121,54291,515,1,1144.81,0.0,1144.81
108122,54292,653,1,4298.41,0.0,4298.41
108123,54293,749,2,1601.66,640.66,2562.66
108124,54293,630,1,2387.03,477.41,1909.62
108125,54294,789,3,2799.8,419.97,7979.43
108126,54295,651,2,4691.47,1407.44,7975.5
108127,54295,758,1,2596.01,0.0,2596.01
108128,54296,658,1,711.18,0.0,711.18
108129,54297,767,1,2764.13,414.62,2349.51
108130,54297,745,1,5138.19,0.0,5138.19
108131,54297,524,1,1357.31,0.0,1357.31
108132,54298,619,1,577.92,0.0,577.92
108133,54298,643,3,55447.46,24951.36,141391.02
108134,54299,791,1,11369.6,0.0,11369.6
108135,54299,563,4,5426.08,0.0,21704.32
108136,54299,628,0,6761.04,1014.16,19268.96
108137,54300,773,1,5708.39,1141.68,4566.71
108138,54300,537,1,7317.24,0.0,7317.24
108139,54300,584,1,1377.03,68.85,1308.18
108140,54300,601,5,17813.81,0.0,89069.05
108141,54301,589,2,17388.16,0.0,34776.32
108142,54301,666,2,4195.88,0.0,8391.76
108143,54302,545,10,1464.92,732.46,13916.74
108144,54303,650,1,6201.76,930.26,5271.5
108145,54303,541,1,2124.38,0.0,2124.38
108146,54304,727,2,11354.29,0.0,22708.58
108147,54304,619,1,577.92,0.0,577.92
108148,54305,691,2,12820.07,0.0,25640.14
108149,54306,548,1,8285.36,0.0,8285.36
108150,54306,725,1,6229.36,0.0,6229.36
108151,54307,748,-1,2116.96,0.0,6350.88
108152,54308,603,4,18106.09,0.0,72424.36
108153,54309,551,2,3446.79,0.0,6893.58
108154,54309,781,1,508.19,0.0,508.19
108155,54309,508,2,5538.85,0.0,11077.7
108156,54310,739,2,9905.71,0.0,19811.42
108157,54310,704,3,1165.72,174.86,3322.3
108158,54310,555,1,9558.13,955.81,8602.32
108159,54311,756,1,372.34,37.23,335.11
108160,54312,800,4,2202.18,0.0,8808.72
108161,54313,770,1,2789.39,278.94,2510.45
108162,54313,721,1,5715.09,0.0,5715.09
108163,54314,689,2,11449.91,2289.98,20609.84
108164,54314,575,1,253.01,25.3,227.71
108165,54314,765,4,37606.92,0.0,150427.68
108166,54314,688,2,9656.12,965.61,18346.63
108167,54314,740,4,38799.36,0.0,155197.44
108168,54315,695,2,24310.04,4862.01,43758.07
108169,54316,665,1,2533.05,0.0,2533.05
108170,54317,695,1,24310.04,0.0,24310.04
108171,54317,793,1,2448.49,489.7,1958.79
108172,54318,696,1,4358.64,871.73,3486.91
108173,54318,677,2,3625.43,362.54,6888.32
108174,54319,650,1,6201.76,0.0,6201.76
108175,54319,678,2,37877.29,11363.19,64391.39
108176,54320,597,1,535.83,0.0,535.83
108177,54320,523,1,6428.51,0.0,6428.51
108178,54321,717,3,902.81,541.69,2166.74
108179,54321,574,1,20894.55,2089.45,18805.1
108180,54322,503,2,1376.24,0.0,2752.48
108181,54323,521,1,3815.32,0.0,3815.32
108182,54324,509,1,3363.13,0.0,3363.13
108183,54325,765,2,37606.92,0.0,75213.84
108184,54325,605,1,1048.97,0.0,1048.97
108185,54325,503,1,1376.24,0.0,1376.24
108186,54326,544,4,6582.2,0.0,0.01
108187,54326,800,4,2202.18,1761.74,7046.98
108188,54327,730,1,713.55,35.68,677.87
108189,54327,575,4,253.01,0.0,1012.04
108190,54327,501,1,45292.52,0.0,45292.52
108191,54328,726,1,983.03,0.0,983.03
108192,54328,744,2,6141.59,1842.48,10440.7
108193,54329,565,2,322.27,0.0,644.54
108194,54330,519,3,849.44,127.42,2420.9
108195,54330,595,1,2237.17,0.0,2237.17
108196,54330,675,2,16586.98,0.0,33173.96
108197,54331,643,1,55447.46,8317.12,47130.34
108198,54332,658,1,711.18,71.12,640.06
108199,54332,677,1,3625.43,543.81,3081.62
108200,54333,753,1,1068.74,53.44,1015.3
108201,54333,644,2,36167.51,0.0,0.01
108202,54334,705,2,17197.08,0.0,34394.16
108203,54334,631,1,1647.26,329.45,1317.81
108204,54334,585,1,29624.84,1481.24,28143.6
108205,54335,779,5,9166.85,0.0,45834.25
108206,54335,653,2,4298.41,1289.52,7307.3
108207,54335,528,1,951.12,0.0,951.12
108208,54336,559,1,5502.85,275.14,5227.71
108209,54336,784,1,1641.14,0.0,1641.14
108210,54337,584,1,1377.03,0.0,1377.03
108211,54337,710,1,10731.06,0.0,10731.06
108212,54337,593,-1,1214.64,0.0,1214.64
108213,54337,548,2,8285.36,0.0,16570.72
108214,54338,653,2,4298.41,859.68,7737.14
108215,54338,503,3,1376.24,206.44,3922.28
108216,54339,752,2,14566.93,2913.39,26220.47
108217,54339,589,2,17388.16,5216.45,29559.87
108218,54340,752,1,14566.93,0.0,14566.93
108219,54340,519,1,849.44,0.0,849.44
108220,54341,540,2,32834.15,3283.42,62384.88
108221,54342,547,1,817.17,0.0,817.17
108222,54343,660,3,3268.31,0.0,9804.93
108223,54343,568,1,5802.78,0.0,5802.78
108224,54344,636,1,1717.09,0.0,1717.09
108225,54344,574,2,20894.55,0.0,41789.1
108226,54345,550,1,3272.22,490.83,2781.39
108227,54346,685,1,9687.25,0.0,9687.25
108228,54346,584,2,1377.03,275.41,2478.65
108229,54347,757,1,13097.42,0.0,13097.42
108230,54348,683,1,873.55,0.0,873.55
108231,54348,797,1,1277.35,0.0,1277.35
108232,54348,745,1,5138.19,256.91,4881.28
108233,54348,640,1,1058.22,0.0,1058.22
108234,54349,762,1,886.5,132.97,753.53
108235,54350,557,1,783.76,39.19,744.57
108236,54351,569,1,46883.02,0.0,46883.02
108237,54351,562,1,1170.27,0.0,1170.27
108238,54351,657,2,8779.23,1755.85,15802.61
108239,54351,705,1,17197.08,0.0,17197.08
108240,54351,549,2,13993.54,5597.42,22389.66
108241,54352,544,1,6582.2,0.0,6582.2
108242,54353,735,10,1557.67,0.0,15576.7
108243,54354,670,1,2118.7,423.74,1694.96
108244,54354,531,1,10687.35,1603.1,9084.25
108245,54354,609,5,3589.04,0.0,17945.2
108246,54354,666,2,4195.88,419.59,7972.17
108247,54355,788,1,8889.42,0.0,8889.42
108248,54355,671,-1,3564.48,356.45,3208.03
108249,54356,683,2,873.55,262.06,1485.04
108250,54356,795,1,18501.43,925.07,17576.36
108251,54356,689,1,11449.91,0.0,11449.91
108252,54356,793,1,2448.49,244.85,2203.64
108253,54357,501,1,45292.52,0.0,45292.52
108254,54358,647,1,48665.91,4866.59,43799.32
108255,54359,674,1,7676.03,767.6,6908.43
108256,54359,538,1,8640.93,1296.14,7344.79
108257,54360,695,1,24310.04,0.0,24310.04
108258,54360,560,1,407.29,0.0,407.29
108259,54360,561,3,2177.62,979.93,5552.93
108260,54360,753,1,1068.74,106.87,961.87
108261,54361,602,2,817.44,0.0,1634.88
108262,54362,999999,1,817.44,40.87,776.57
108263,54363,694,5,1970.24,0.0,9851.2
108264,54364,540,3,32834.15,0.0,98502.45
108265,54365,786,1,5485.59,0.0,5485.59
108266,54365,645,1,3816.62,0.0,3816.62
108267,54366,597,1,535.83,26.79,509.04
108268,54366,690,4,1805.43,1083.26,6138.46
108269,54366,621,1,1304.44,195.67,1108.77
108270,54367,668,1,1156.71,57.84,1098.87
108271,54368,675,2,16586.98,0.0,33173.96
108272,54369,532,3,820.25,0.0,2460.75
108273,54369,747,4,805.8,161.16,3062.04
108274,54370,610,2,26733.01,2673.3,50792.72
108275,54371,672,1,9227.41,0.0,9227.41
108276,54371,658,1,711.18,0.0,711.18
108277,54372,617,1,1324.53,0.0,1324.53
108278,54372,792,1,2835.7,283.57,2552.13
108279,54372,633,2,1617.01,485.1,2748.92
108280,54373,696,1,4358.64,0.0,4358.64
108281,54374,644,1,36167.51,0.0,36167.51
108282,54375,580,3,1023.86,0.0,3071.58
108283,54375,638,1,9668.28,1450.24,8218.04
108284,54376,615,2,24337.83,4867.57,43808.09
108285,54377,576,1,2970.75,0.0,2970.75
108286,54378,742,1,31236.95,0.0,31236.95
108287,54378,643,1,55447.46,2772.37,52675.09
108288,54379,778,1,2068.11,206.81,1861.3
108289,54379,711,1,5931.42,0.0,5931.42
108290,54380,712,1,12089.2,1813.38,10275.82
108291,54380,651,1,4691.47,938.29,3753.18
108292,54381,563,1,5426.08,271.3,5154.78
108293,54381,635,1,3079.07,0.0,3079.07
108294,54382,659,2,364.24,0.0,728.48
108295,54382,523,1,6428.51,0.0,6428.51
108296,54382,560,2,407.29,81.46,733.12
108297,54382,631,1,1647.26,82.36,1564.9
108298,54382,729,1,2699.1,269.91,2429.19
108299,54383,727,2,11354.29,0.0,22708.58
108300,54383,561,1,2177.62,0.0,2177.62
108301,54384,691,1,12820.07,641.0,12179.07
108302,54384,560,2,407.29,0.0,814.58
108303,54385,717,1,902.81,0.0,902.81
108304,54385,618,2,161.7,0.0,323.4
108305,54385,701,1,11805.02,0.0,11805.02
108306,54385,676,1,865.11,86.51,778.6
108307,54386,557,1,783.76,117.56,666.2
108308,54386,571,5,11994.11,11994.11,47976.44
108309,54387,728,1,2491.24,249.12,2242.12
108310,54387,670,10,2118.7,1059.35,20127.65
108311,54388,790,1,723.68,0.0,723.68
108312,54389,765,2,37606.92,0.0,75213.84
108313,54389,661,3,16283.24,2442.49,46407.23
108314,54390,783,1,39234.63,3923.46,35311.17
108315,54390,646,3,6680.81,2004.24,18038.19
108316,54391,732,3,3277.37,983.21,8848.9
108317,54391,592,1,1511.43,0.0,1511.43
108318,54392,688,2,9656.12,965.61,18346.63
108319,54393,502,2,15084.04,0.0,30168.08
108320,54394,721,1,5715.09,0.0,5715.09
108321,54395,717,2,902.81,90.28,1715.34
108322,54395,743,1,892.31,0.0,892.31
108323,54395,639,1,5888.93,0.0,5888.93
108324,54396,566,2,8272.67,0.0,16545.34
108325,54396,698,1,9291.61,0.0,9291.61
108326,54397,773,1,5708.39,0.0,5708.39
108327,54397,783,1,39234.63,0.0,39234.63
108328,54397,709,1,5677.52,283.88,5393.64
108329,54398,651,1,4691.47,469.15,4222.32
108330,54399,691,1,12820.07,0.0,12820.07
108331,54399,546,2,12181.16,1218.12,23144.2
108332,54399,745,1,5138.19,0.0,5138.19
108333,54400,526,1,5568.93,0.0,5568.93
108334,54400,743,1,892.31,0.0,892.31
108335,54400,537,3,7317.24,0.0,21951.72
108336,54400,589,1,17388.16,1738.82,15649.34
108337,54400,665,1,2533.05,0.0,2533.05
108338,54401,533,1,10801.02,1620.15,9180.87
108339,54402,723,2,3644.62,0.0,7289.24
108340,54403,606,2,290.06,0.0,580.12
108341,54403,635,2,3079.07,0.0,6158.14
108342,54403,668,1,1156.71,115.67,1041.04
108343,54404,697,3,17716.2,0.0,53148.6
108344,54404,740,1,38799.36,0.0,38799.36
108345,54404,507,1,5384.85,807.73,4577.12
108346,54404,788,2,8889.42,0.0,17778.84
108347,54405,550,2,3272.22,327.22,6217.22
108348,54406,599,1,2796.57,0.0,2796.57
108349,54406,665,1,2533.05,0.0,2533.05
108350,54406,616,3,594.6,0.0,1783.8
108351,54406,552,1,10613.41,530.67,10082.74
108352,54406,733,1,1597.66,0.0,1597.66
108353,54407,697,1,17716.2,0.0,17716.2
108354,54407,690,4,1805.43,0.0,7221.72
108355,54408,757,1,13097.42,0.0,13097.42
108356,54408,780,4,3012.88,2410.3,9641.22
108357,54409,527,5,43071.55,21535.78,193821.97
108358,54410,554,1,5371.45,268.57,5102.88
108359,54411,612,1,2192.78,109.64,2083.14
108360,54411,503,1,1376.24,0.0,1376.24
108361,54412,620,2,607.15,0.0,1214.3
108362,54412,530,3,3414.81,1024.44,9219.99
108363,54412,746,2,1732.13,346.43,3117.83
108364,54413,539,10,1082.58,0.0,10825.8
108365,54414,780,2,3012.88,0.0,6025.76
108366,54415,646,1,6680.81,0.0,6680.81
108367,54416,618,1,161.7,0.0,161.7
108368,54416,569,5,46883.02,35162.26,199252.84
108369,54416,679,1,53522.92,2676.15,50846.77
108370,54417,568,1,5802.78,870.42,4932.36
108371,54418,723,1,3644.62,546.69,3097.93
108372,54419,742,1,31236.95,3123.7,28113.25
108373,54419,716,1,1117.48,0.0,1117.48
108374,54420,797,1,1277.35,0.0,1277.35
108375,54420,598,1,579.36,0.0,579.36
108376,54420,541,1,2124.38,318.66,1805.72
108377,54420,643,1,55447.46,0.0,55447.46
108378,54421,742,1,31236.95,0.0,31236.95
108379,54422,733,5,1597.66,0.0,7988.3
108380,54423,678,2,37877.29,0.0,75754.58
108381,54423,535,1,2114.96,0.0,2114.96
108382,54424,768,5,10470.08,0.0,52350.4
108383,54424,775,5,3454.82,0.0,17274.1
108384,54425,796,4,1462.48,877.49,4972.43
108385,54426,574,1,20894.55,1044.73,19849.82
108386,54427,692,3,7325.8,0.0,21977.4
108387,54428,741,1,1969.25,196.93,1772.32
108388,54429,580,1,1023.86,102.39,921.47
108389,54430,698,2,9291.61,929.16,17654.06
108390,54430,768,1,10470.08,0.0,10470.08
108391,54431,650,1,6201.76,0.0,6201.76
108392,54431,649,2,699.68,69.97,1329.39
108393,54432,623,1,2674.16,0.0,2674.16
108394,54432,575,1,253.01,0.0,253.01
108395,54432,537,1,7317.24,0.0,7317.24
108396,54432,540,1,32834.15,6566.83,26267.32
108397,54432,618,1,161.7,0.0,161.7
108398,54433,659,2,364.24,72.85,655.63
108399,54434,698,3,9291.61,0.0,27874.83
108400,54434,648,1,1203.65,0.0,1203.65
108401,54435,568,2,5802.78,0.0,11605.56
108402,54436,775,2,3454.82,0.0,6909.64
108403,54437,527,3,43071.55,0.0,129214.65
108404,54437,757,1,13097.42,0.0,13097.42
108405,54438,728,1,2491.24,0.0,2491.24
108406,54438,737,1,454.39,45.44,408.95
108407,54439,724,2,2567.59,256.76,4878.42
108408,54439,532,1,820.25,0.0,820.25
108409,54439,546,1,12181.16,1218.12,10963.04
108410,54440,755,2,923.61,0.0,1847.22
108411,54441,708,1,10297.58,0.0,10297.58
108412,54442,743,10,892.31,892.31,8030.79
108413,54442,572,1,1098.59,54.93,1043.66
108414,54442,514,1,8817.04,0.0,8817.04
108415,54443,709,1,5677.52,851.63,4825.89
108416,54443,607,1,10316.31,1031.63,9284.68
108417,54444,701,4,11805.02,2361.0,44859.08
108418,54444,791,2,11369.6,1136.96,21602.24
108419,54444,559,1,5502.85,0.0,5502.85
108420,54444,999999,4,3564.48,2138.69,12119.23
108421,54444,626,1,236.68,0.0,236.68
108422,54445,518,1,49561.42,2478.07,47083.35
108423,54445,723,3,3644.62,1093.39,9840.47
108424,54445,534,1,46679.73,2333.99,44345.74
108425,54446,698,2,9291.61,0.0,18583.22
108426,54446,558,1,9344.26,0.0,9344.26
108427,54446,654,3,2895.35,1737.21,6948.84
108428,54446,683,2,873.55,0.0,1747.1
108429,54446,509,2,3363.13,0.0,6726.26
108430,54447,699,5,713.36,535.02,3031.78
108431,54447,550,5,3272.22,818.05,15543.05
108432,54448,623,2,2674.16,0.0,5348.32
108433,54449,582,2,8407.83,1681.57,15134.09
108434,54450,740,2,38799.36,0.0,77598.72
108435,54451,512,1,1219.3,0.0,1219.3
108436,54451,782,1,9360.71,0.0,9360.71
108437,54452,541,5,2124.38,1593.29,9028.61
108438,54452,599,4,2796.57,0.0,11186.28
108439,54453,666,2,4195.88,0.0,8391.76
108440,54453,649,1,699.68,69.97,629.71
108441,54453,631,1,1647.26,0.0,1647.26
108442,54454,556,1,3671.69,183.58,3488.11
108443,54455,617,1,1324.53,66.23,1258.3
108444,54455,556,2,3671.69,0.0,7343.38
108445,54456,762,2,886.5,0.0,1773.0
108446,54456,593,1,1214.64,121.46,1093.18
108447,54457,554,1,5371.45,0.0,5371.45
108448,54458,610,1,26733.01,1336.65,25396.36
108449,54458,613,3,11372.12,0.0,34116.36
108450,54459,717,1,902.81,0.0,902.81
108451,54459,511,2,856.8,85.68,1627.92
108452,54459,583,1,9641.6,0.0,9641.6
108453,54459,510,1,640.28,0.0,640.28
108454,54459,762,2,886.5,265.95,1507.05
108455,54460,690,1,1805.43,0.0,1805.43
108456,54461,724,1,2567.59,0.0,2567.59
108457,54461,757,1,13097.42,0.0,13097.42
108458,54461,519,1,849.44,0.0,849.44
108459,54461,735,4,1557.67,311.53,5919.15
108460,54462,515,1,1144.81,114.48,1030.33
108461,54462,799,1,2348.69,0.0,2348.69
108462,54463,579,1,17100.24,0.0,17100.24
108463,54463,635,1,3079.07,0.0,3079.07
108464,54463,784,1,1641.14,164.11,1477.03
108465,54464,701,1,11805.02,0.0,11805.02
108466,54465,639,3,5888.93,3533.36,14133.43
108467,54465,776,1,1371.98,0.0,1371.98
108468,54465,630,1,2387.03,358.05,2028.98
108469,54466,728,1,2491.24,124.56,2366.68
108470,54467,650,1,6201.76,0.0,6201.76
108471,54467,657,1,8779.23,0.0,8779.23
108472,54467,718,1,6766.17,338.31,6427.86
108473,54468,632,3,2338.49,1052.32,5963.15
108474,54469,714,1,44813.18,4481.32,40331.86
108475,54469,506,1,1305.17,195.78,1109.39
108476,54469,694,1,1970.24,197.02,1773.22
108477,54469,680,1,1294.32,0.0,1294.32
108478,54470,648,2,1203.65,120.37,2286.93
108479,54470,774,1,1776.67,177.67,1599.0
108480,54471,768,4,10470.08,0.0,41880.32
108481,54472,760,1,11301.08,0.0,11301.08
108482,54473,518,1,49561.42,0.0,49561.42
108483,54473,739,2,9905.71,0.0,19811.42
108484,54474,674,1,7676.03,0.0,7676.03
108485,54475,649,2,699.68,279.87,1119.49
108486,54475,617,1,1324.53,0.0,1324.53
108487,54475,546,4,12181.16,2436.23,46288.41
108488,54475,741,1,1969.25,393.85,1575.4
108489,54476,525,2,4003.31,800.66,7205.96
108490,54476,563,5,5426.08,0.0,27130.4
108491,54476,670,1,2118.7,0.0,2118.7
108492,54477,673,1,1038.9,51.95,986.95
108493,54477,741,1,1969.25,0.0,1969.25
108494,54478,766,1,4834.22,725.13,4109.09
108495,54479,761,1,1440.57,0.0,1440.57
108496,54480,758,2,2596.01,1038.4,4153.62
108497,54480,565,2,322.27,96.68,547.86
108498,54480,738,2,4031.99,806.4,7257.58
108499,54480,541,1,2124.38,0.0,2124.38
108500,54481,608,2,667.69,0.0,1335.38
108501,54482,706,1,14673.28,0.0,14673.28
108502,54482,776,5,1371.98,685.99,6173.91
108503,54482,601,1,17813.81,0.0,17813.81
108504,54483,734,1,839.57,0.0,839.57
108505,54484,598,1,579.36,0.0,579.36
108506,54485,582,1,8407.83,420.39,7987.44
108507,54485,613,1,11372.12,568.61,10803.51
108508,54485,725,4,6229.36,0.0,24917.44
108509,54486,611,1,15431.65,0.0,15431.65
108510,54487,759,1,8304.75,0.0,8304.75
108511,54488,577,-1,795.1,0.0,795.1
108512,54489,709,2,5677.52,0.0,11355.04
108513,54490,794,3,482.29,0.0,1446.87
108514,54490,605,1,1048.97,157.35,891.62
108515,54491,753,1,1068.74,53.44,1015.3
108516,54491,798,1,3816.99,190.85,3626.14
108517,54491,766,4,4834.22,2900.53,16436.35
108518,54492,621,1,1304.44,195.67,1108.77
108519,54492,625,1,54397.72,5439.77,48957.95
108520,54493,577,2,795.1,79.51,1510.69
108521,54494,599,2,2796.57,559.31,5033.83
108522,54495,768,3,10470.08,3141.02,28269.22
108523,54496,796,1,1462.48,0.0,1462.48
108524,54496,670,1,2118.7,0.0,2118.7
108525,54496,635,1,3079.07,0.0,3079.07
108526,54497,646,2,6680.81,0.0,13361.62
108527,54497,599,1,2796.57,419.49,2377.08
108528,54497,758,1,2596.01,389.4,2206.61
108529,54498,793,1,2448.49,0.0,2448.49
108530,54498,707,2,626.29,0.0,1252.58
108531,54498,715,2,61205.17,0.0,122410.34
108532,54499,663,2,1339.76,0.0,2679.52
108533,54499,793,1,2448.49,0.0,2448.49
108534,54499,779,1,9166.85,0.0,9166.85
108535,54500,598,3,579.36,0.0,1738.08
108536,54500,738,1,4031.99,0.0,4031.99
108537,54500,774,2,1776.67,0.0,3553.34
108538,54501,597,1,535.83,107.17,428.66
108539,54502,654,1,2895.35,289.54,2605.81
108540,54503,690,1,1805.43,180.54,1624.89
108541,54504,696,1,4358.64,0.0,4358.64
108542,54504,641,3,3333.39,0.0,10000.17
108543,54504,551,1,3446.79,0.0,3446.79
108544,54505,540,1,32834.15,0.0,32834.15
108545,54506,796,2,1462.48,0.0,2924.96
108546,54507,596,1,1919.15,0.0,1919.15
108547,54508,701,1,11805.02,1180.5,10624.52
108548,54508,548,1,8285.36,828.54,7456.82
108549,54509,592,2,1511.43,302.29,2720.57
108550,54510,562,2,1170.27,0.0,2340.54
108551,54510,656,3,9107.06,0.0,27321.18
108552,54511,555,1,9558.13,477.91,9080.22
108553,54512,729,2,2699.1,0.0,5398.2
108554,54512,527,4,43071.55,25842.93,146443.27
108555,54512,541,5,2124.38,531.1,10090.8
108556,54513,575,2,253.01,0.0,506.02
108557,54514,689,-3,11449.91,572.5,10877.41
108558,54515,565,2,322.27,32.23,612.31
108559,54515,527,1,43071.55,0.0,43071.55
108560,54516,537,2,7317.24,731.72,0.01
108561,54516,573,1,620.76,0.0,620.76
108562,54516,738,5,4031.99,0.0,20159.95
108563,54516,660,1,3268.31,0.0,3268.31
108564,54517,735,1,1557.67,0.0,1557.67
108565,54517,602,1,817.44,0.0,817.44
108566,54517,509,1,3363.13,0.0,3363.13
108567,54518,570,1,4486.57,0.0,4486.57
108568,54518,573,1,620.76,62.08,558.68
108569,54518,779,1,9166.85,0.0,9166.85
108570,54518,677,5,3625.43,906.36,17220.79
108571,54519,585,2,29624.84,0.0,59249.68
108572,54519,676,1,865.11,86.51,778.6
108573,54520,725,1,6229.36,934.4,5294.96
108574,54520,782,5,9360.71,0.0,46803.55
108575,54521,575,1,253.01,0.0,253.01
108576,54521,798,1,3816.99,381.7,3435.29
108577,54521,564,1,1265.51,253.1,1012.41
108578,54522,714,1,44813.18,2240.66,42572.52
108579,54522,733,1,1597.66,0.0,1597.66
108580,54523,523,1,6428.51,0.0,6428.51
108581,54523,686,1,4182.59,836.52,3346.07
108582,54524,687,1,1705.39,0.0,1705.39
108583,54524,541,1,2124.38,0.0,2124.38
108584,54525,655,3,5152.69,772.9,14685.17
108585,54526,691,1,12820.07,0.0,12820.07
108586,54527,732,3,3277.37,0.0,9832.11
108587,54528,763,1,66.59,3.33,63.26
108588,54529,711,2,5931.42,0.0,11862.84
108589,54529,613,2,11372.12,0.0,22744.24
108590,54529,502,5,15084.04,11313.03,64107.17
108591,54529,643,5,55447.46,0.0,277237.3
108592,54530,587,2,790.56,0.0,1581.12
108593,54530,760,10,11301.08,22602.16,90408.64
108594,54531,759,1,8304.75,1245.71,7059.04
108595,54532,690,1,1805.43,90.27,1715.16
108596,54532,689,3,11449.91,0.0,34349.73
108597,54532,700,4,6725.93,0.0,26903.72
108598,54533,679,1,53522.92,0.0,53522.92
108599,54534,647,3,48665.91,0.0,145997.73
108600,54535,575,2,253.01,0.0,506.02
108601,54535,759,1,8304.75,0.0,8304.75
108602,54535,600,2,6469.3,646.93,12291.67
108603,54535,697,1,17716.2,1771.62,15944.58
108604,54536,738,1,4031.99,0.0,4031.99
108605,54537,544,1,6582.2,0.0,6582.2
108606,54538,644,1,36167.51,0.0,36167.51
108607,54538,800,1,2202.18,330.33,1871.85
108608,54538,709,1,5677.52,0.0,5677.52
108609,54538,580,1,1023.86,0.0,1023.86
108610,54539,999999,2,1067.42,0.0,2134.84
108611,54539,756,1,372.34,18.62,353.72
108612,54540,524,1,1357.31,0.0,1357.31
108613,54541,686,2,4182.59,1254.78,7110.4
108614,54541,659,2,364.24,36.42,692.06
108615,54542,753,1,1068.74,0.0,1068.74
108616,54542,693,4,1213.14,485.26,4367.3
108617,54543,604,2,5835.32,1750.6,9920.04
108618,54544,573,1,620.76,0.0,620.76
108619,54545,529,1,47474.39,2373.72,45100.67
108620,54546,600,2,6469.3,0.0,12938.6
108621,54546,712,4,12089.2,0.0,48356.8
108622,54546,692,1,7325.8,0.0,7325.8
108623,54547,703,1,2609.04,130.45,2478.59
108624,54548,674,1,7676.03,0.0,7676.03
108625,54548,730,5,713.55,0.0,3567.75
108626,54548,590,1,2022.4,101.12,1921.28
108627,54549,675,3,16586.98,0.0,49760.94
108628,54550,507,1,5384.85,0.0,5384.85
108629,54551,628,2,6761.04,1352.21,12169.87
108630,54552,698,1,9291.61,0.0,9291.61
108631,54552,530,1,3414.81,682.96,2731.85
108632,54553,600,1,6469.3,0.0,6469.3
108633,54554,515,1,1144.81,0.0,1144.81
108634,54554,633,1,1617.01,242.55,1374.46
108635,54555,704,1,1165.72,0.0,1165.72
108636,54555,603,1,18106.09,0.0,18106.09
108637,54555,668,2,1156.71,231.34,2082.08
108638,54556,662,0,9986.23,499.31,9486.92
108639,54556,745,1,5138.19,256.91,4881.28
108640,54556,635,1,3079.07,153.95,2925.12
108641,54556,799,1,2348.69,0.0,2348.69
108642,54557,573,1,620.76,0.0,620.76
108643,54557,735,2,1557.67,311.53,2803.81
108644,54558,512,3,1219.3,0.0,3657.9
108645,54558,676,1,865.11,0.0,865.11
108646,54558,725,2,6229.36,0.0,12458.72
108647,54559,689,1,11449.91,0.0,11449.91
108648,54559,706,1,14673.28,0.0,14673.28
108649,54559,718,3,6766.17,0.0,20298.51
108650,54560,602,10,817.44,0.0,8174.4
108651,54561,730,2,713.55,71.36,1355.74
108652,54561,521,1,3815.32,0.0,3815.32
108653,54562,720,1,3038.53,0.0,3038.53
108654,54562,579,1,17100.24,1710.02,15390.22
108655,54562,591,1,9106.57,1821.31,7285.26
108656,54562,603,1,18106.09,1810.61,16295.48
108657,54562,665,1,2533.05,506.61,2026.44
108658,54563,502,1,15084.04,0.0,15084.04
108659,54563,695,1,24310.04,0.0,24310.04
108660,54564,659,2,364.24,0.0,728.48
108661,54565,529,1,47474.39,4747.44,42726.95
108662,54565,745,2,5138.19,0.0,10276.38
108663,54566,616,4,594.6,0.0,2378.4
108664,54566,643,2,55447.46,16634.24,94260.68
108665,54566,687,1,1705.39,85.27,1620.12
108666,54566,753,3,1068.74,0.0,3206.22
108667,54567,541,2,2124.38,0.0,4248.76
108668,54567,625,1,54397.72,0.0,54397.72
108669,54568,521,1,3815.32,0.0,3815.32
108670,54568,778,2,2068.11,0.0,4136.22
108671,54568,545,1,1464.92,0.0,1464.92
108672,54568,711,1,5931.42,296.57,5634.85
108673,54568,522,2,39986.91,3998.69,75975.13
108674,54569,552,2,10613.41,0.0,21226.82
108675,54569,540,1,32834.15,0.0,32834.15
108676,54569,721,1,5715.09,0.0,5715.09
108677,54569,770,1,2789.39,0.0,2789.39
108678,54569,786,1,5485.59,0.0,5485.59
108679,54570,720,1,3038.53,0.0,3038.53
108680,54570,705,1,17197.08,0.0,17197.08
108681,54570,772,1,6175.25,0.0,6175.25
108682,54570,566,1,8272.67,0.0,8272.67
108683,54570,607,3,10316.31,3094.89,27854.04
108684,54571,645,1,3816.62,190.83,3625.79
108685,54572,777,2,2061.3,0.0,4122.6
108686,54572,746,1,1732.13,0.0,1732.13
108687,54573,636,1,1717.09,0.0,1717.09
108688,54573,762,2,886.5,0.0,1773.0
108689,54573,619,1,577.92,0.0,577.92
108690,54574,783,3,39234.63,11770.39,105933.5
108691,54575,630,1,2387.03,0.0,2387.03
108692,54576,770,3,2789.39,0.0,8368.17
108693,54577,505,1,5998.46,899.77,5098.69
108694,54577,688,1,9656.12,0.0,9656.12
108695,54578,728,2,2491.24,498.25,4484.23
108696,54579,568,1,5802.78,0.0,5802.78
108697,54580,668,1,1156.71,0.0,1156.71
108698,54581,747,2,805.8,0.0,1611.6
108699,54581,700,2,6725.93,0.0,13451.86
108700,54582,533,1,10801.02,0.0,10801.02
108701,54582,634,1,5262.27,0.0,5262.27
108702,54583,567,1,7980.38,0.0,7980.38
108703,54584,753,1,1068.74,0.0,1068.74
108704,54584,778,1,2068.11,0.0,2068.11
108705,54584,713,1,5412.77,811.92,4600.85
108706,54585,586,1,4444.5,0.0,4444.5
108707,54586,653,2,4298.41,0.0,8596.82
108708,54586,636,2,1717.09,0.0,3434.18
108709,54587,573,2,620.76,186.23,1055.29
108710,54588,515,1,1144.81,0.0,1144.81
108711,54589,752,2,14566.93,0.0,29133.86
108712,54590,551,1,3446.79,0.0,3446.79
108713,54590,553,2,31731.27,6346.25,57116.29
108714,54590,719,3,15471.04,0.0,46413.12
108715,54590,569,1,46883.02,0.0,46883.02
108716,54591,662,2,9986.23,0.0,19972.46
108717,54592,702,3,569.75,0.0,1709.25
108718,54593,644,1,36167.51,0.0,36167.51
108719,54593,638,2,9668.28,1933.66,17402.9
108720,54594,778,1,2068.11,103.41,1964.7
108721,54594,791,1,11369.6,0.0,11369.6
108722,54594,738,3,4031.99,1814.4,10281.57
108723,54595,654,4,2895.35,0.0,11581.4
108724,54595,686,1,4182.59,627.39,3555.2
108725,54595,629,2,717.69,0.0,1435.38
108726,54596,676,10,865.11,0.0,8651.1
108727,54597,603,2,18106.09,7242.44,28969.74
108728,54597,604,2,5835.32,1167.06,10503.58
108729,54597,751,1,25845.26,1292.26,24553.0
108730,54597,605,1,1048.97,0.0,1048.97
108731,54597,597,1,535.83,0.0,535.83
108732,54598,798,1,3816.99,763.4,3053.59
108733,54599,642,4,6612.07,0.0,26448.28
108734,54599,772,1,6175.25,617.53,5557.72
108735,54599,584,1,1377.03,68.85,1308.18
108736,54599,789,1,2799.8,0.0,2799.8
108737,54600,578,3,6521.84,0.0,19565.52
108738,54600,534,1,46679.73,0.0,46679.73
108739,54600,565,1,322.27,32.23,290.04
108740,54601,634,2,5262.27,0.0,10524.54
108741,54601,688,1,9656.12,1931.22,7724.9
108742,54601,713,1,5412.77,0.0,5412.77
108743,54601,716,1,1117.48,167.62,949.86
108744,54602,760,3,11301.08,6780.65,27122.59
108745,54603,548,5,8285.36,0.0,41426.8
108746,54604,707,3,626.29,0.0,1878.87
108747,54604,555,1,9558.13,0.0,9558.13
108748,54604,533,1,10801.02,1080.1,9720.92
108749,54604,742,2,31236.95,0.0,62473.9
108750,54605,739,1,9905.71,0.0,9905.71
108751,54605,766,1,4834.22,0.0,4834.22
108752,54606,526,3,5568.93,0.0,16706.79
108753,54607,669,3,5183.71,0.0,15551.13
108754,54608,714,1,44813.18,0.0,44813.18
108755,54608,533,1,10801.02,0.0,10801.02
108756,54608,655,3,5152.69,772.9,14685.17
108757,54609,557,10,783.76,1567.52,6270.08
108758,54609,641,1,3333.39,0.0,3333.39
108759,54609,742,1,31236.95,0.0,31236.95
108760,54609,503,2,1376.24,412.87,2339.61
108761,54610,569,1,46883.02,0.0,46883.02
108762,54611,724,1,2567.59,0.0,2567.59
108763,54611,618,1,161.7,0.0,161.7
108764,54611,516,1,14192.65,0.0,14192.65
108765,54612,687,1,1705.39,0.0,1705.39
108766,54613,645,3,3816.62,0.0,11449.86
108767,54613,729,1,2699.1,0.0,2699.1
108768,54613,769,2,1383.36,0.0,2766.72
108769,54613,768,1,10470.08,0.0,10470.08
108770,54614,567,1,7980.38,0.0,7980.38
108771,54615,605,3,1048.97,0.0,3146.91
108772,54616,653,1,4298.41,0.0,4298.41
108773,54616,749,1,1601.66,0.0,1601.66
108774,54616,666,5,4195.88,1048.97,19930.43
108775,54616,681,2,5353.16,0.0,10706.32
108776,54617,554,1,5371.45,0.0,5371.45
108777,54618,696,3,4358.64,0.0,13075.92
108778,54619,690,1,1805.43,0.0,1805.43
108779,54620,731,1,1578.26,0.0,1578.26
108780,54621,662,4,9986.23,0.0,39944.92
108781,54622,574,10,20894.55,10447.28,198498.22
108782,54623,749,3,1601.66,0.0,4804.98
108783,54624,518,1,49561.42,4956.14,44605.28
108784,54624,540,1,32834.15,0.0,32834.15
108785,54625,704,1,1165.72,0.0,1165.72
108786,54626,654,2,2895.35,289.54,5501.16
108787,54627,800,1,2202.18,0.0,2202.18
108788,54628,506,3,1305.17,0.0,3915.51
108789,54629,554,5,5371.45,1342.86,25514.39
108790,54630,635,1,3079.07,0.0,3079.07
108791,54630,504,2,3910.83,0.0,7821.66
108792,54630,786,2,5485.59,0.0,10971.18
108793,54630,769,2,1383.36,0.0,2766.72
108794,54630,660,4,3268.31,653.66,12419.58
108795,54631,767,1,2764.13,276.41,2487.72
108796,54631,774,3,1776.67,1066.0,4264.01
108797,54632,713,2,5412.77,1082.55,9742.99
108798,54632,783,2,39234.63,3923.46,74545.8
108799,54633,780,2,3012.88,0.0,6025.76
108800,54633,736,4,6075.78,2430.31,21872.81
108801,54633,596,3,1919.15,0.0,5757.45
108802,54633,600,2,6469.3,0.0,12938.6
108803,54633,527,3,43071.55,0.0,129214.65
108804,54634,583,1,9641.6,0.0,9641.6
108805,54634,585,1,29624.84,0.0,29624.84
108806,54635,657,1,8779.23,0.0,8779.23
108807,54635,543,2,4352.44,1305.73,7399.15
108808,54635,515,1,1144.81,0.0,1144.81
108809,54636,579,1,17100.24,0.0,17100.24
108810,54636,787,2,27577.51,0.0,55155.02
108811,54636,528,2,951.12,0.0,1902.24
108812,54637,595,1,2237.17,0.0,2237.17
108813,54637,677,1,3625.43,0.0,3625.43
108814,54637,740,1,38799.36,0.0,38799.36
108815,54637,772,1,6175.25,617.53,5557.72
108816,54638,595,3,2237.17,0.0,6711.51
108817,54638,626,1,236.68,35.5,201.18
108818,54639,570,1,4486.57,0.0,4486.57
108819,54640,540,1,32834.15,3283.42,29550.73
108820,54641,541,1,2124.38,0.0,2124.38
108821,54641,535,2,2114.96,211.5,4018.42
108822,54641,737,1,454.39,22.72,431.67
108823,54641,560,3,407.29,122.19,1099.68
108824,54642,676,1,865.11,0.0,865.11
108825,54643,767,1,2764.13,0.0,2764.13
108826,54644,624,1,391.05,58.66,332.39
108827,54645,696,2,4358.64,0.0,8717.28
108828,54646,785,2,1136.17,0.0,2272.34
108829,54646,617,2,1324.53,0.0,2649.06
108830,54647,595,1,2237.17,223.72,2013.45
108831,54647,655,2,5152.69,1545.81,8759.57
108832,54647,743,2,892.31,0.0,1784.62
108833,54647,529,1,47474.39,4747.44,42726.95
108834,54648,599,4,2796.57,0.0,11186.28
108835,54648,694,1,1970.24,98.51,1871.73
108836,54649,780,1,3012.88,0.0,3012.88
108837,54650,722,3,53128.36,31877.02,127508.06
108838,54651,646,1,6680.81,0.0,6680.81
108839,54651,589,2,17388.16,0.0,34776.32
108840,54651,517,1,12096.53,0.0,12096.53
108841,54651,628,3,6761.04,0.0,20283.12
108842,54652,788,1,8889.42,0.0,8889.42
108843,54653,739,1,9905.71,0.0,9905.71
108844,54654,635,1,3079.07,153.95,2925.12
108845,54655,550,1,3272.22,327.22,2945.0
108846,54655,800,1,2202.18,330.33,1871.85
108847,54655,768,1,10470.08,1570.51,8899.57
108848,54656,794,10,482.29,0.0,4822.9
108849,54656,582,1,8407.83,0.0,8407.83
108850,54656,737,2,454.39,90.88,817.9
108851,54656,742,1,31236.95,4685.54,26551.41
108852,54657,728,1,2491.24,373.69,2117.55
108853,54658,797,1,1277.35,0.0,1277.35
108854,54658,585,1,29624.84,4443.73,25181.11
108855,54659,527,4,43071.55,8614.31,163671.89
108856,54659,503,1,1376.24,275.25,1100.99
108857,54659,713,1,5412.77,270.64,5142.13
108858,54660,594,2,55089.87,5508.99,104670.75
108859,54660,687,3,1705.39,0.0,5116.17
108860,54661,506,1,1305.17,0.0,1305.17
108861,54662,554,10,5371.45,0.0,53714.5
108862,54662,754,1,9295.64,464.78,8830.86
108863,54662,730,2,713.55,0.0,1427.1
108864,54663,583,1,9641.6,964.16,8677.44
108865,54664,663,1,1339.76,0.0,1339.76
108866,54664,524,2,1357.31,542.92,2171.7
108867,54665,694,1,1970.24,0.0,1970.24
108868,54666,632,1,2338.49,0.0,2338.49
108869,54667,556,1,3671.69,183.58,3488.11
108870,54667,664,2,18695.4,0.0,37390.8
108871,54667,574,1,20894.55,0.0,20894.55
108872,54667,708,2,10297.58,0.0,20595.16
108873,54667,589,1,17388.16,869.41,16518.75
108874,54668,514,1,8817.04,0.0,8817.04
108875,54669,799,1,2348.69,0.0,2348.69
108876,54669,634,3,5262.27,0.0,15786.81
108877,54670,763,10,66.59,0.0,665.9
108878,54670,602,1,817.44,122.62,694.82
108879,54670,541,1,2124.38,106.22,2018.16
108880,54671,760,5,11301.08,0.0,56505.4
108881,54672,716,4,1117.48,0.0,4469.92
108882,54672,535,1,2114.96,0.0,2114.96
108883,54672,731,1,1578.26,0.0,1578.26
108884,54672,540,2,32834.15,6566.83,59101.47
108885,54672,568,1,5802.78,0.0,5802.78
108886,54673,640,1,1058.22,0.0,1058.22
108887,54674,544,1,6582.2,0.0,6582.2
108888,54675,751,1,25845.26,2584.53,23260.73
108889,54676,505,1,5998.46,299.92,5698.54
108890,54677,563,1,5426.08,0.0,5426.08
108891,54678,793,4,2448.49,0.0,9793.96
108892,54679,696,1,4358.64,0.0,4358.64
108893,54679,523,2,6428.51,0.0,12857.02
108894,54680,753,2,1068.74,0.0,2137.48
108895,54680,555,1,9558.13,0.0,9558.13
108896,54680,780,2,3012.88,0.0,6025.76
108897,54680,572,1,1098.59,0.0,1098.59
108898,54681,797,1,1277.35,0.0,1277.35
108899,54681,543,1,4352.44,0.0,4352.44
108900,54681,532,1,820.25,0.0,820.25
108901,54682,729,2,2699.1,0.0,5398.2
108902,54682,722,1,53128.36,0.0,53128.36
108903,54683,534,5,46679.73,0.0,233398.65
108904,54683,543,1,4352.44,0.0,4352.44
108905,54683,627,2,348.17,0.0,696.34
108906,54683,799,2,2348.69,0.0,4697.38
108907,54684,544,2,6582.2,658.22,12506.18
108908,54685,766,2,4834.22,0.0,9668.44
108909,54686,643,1,55447.46,0.0,55447.46
108910,54687,688,1,9656.12,0.0,9656.12
108911,54687,639,10,5888.93,2944.47,55944.83
108912,54687,790,1,723.68,0.0,723.68
108913,54687,723,2,3644.62,1093.39,6195.85
108914,54688,640,2,1058.22,0.0,2116.44
108915,54688,659,1,364.24,0.0,364.24
108916,54688,595,3,2237.17,0.0,6711.51
108917,54689,665,1,2533.05,0.0,2533.05
108918,54689,639,1,5888.93,1177.79,4711.14
108919,54689,741,1,1969.25,0.0,1969.25
108920,54689,560,1,407.29,40.73,366.56
108921,54690,701,5,11805.02,0.0,59025.1
108922,54690,747,4,805.8,0.0,3223.2
108923,54691,794,1,482.29,0.0,482.29
108924,54692,642,3,6612.07,991.81,18844.4
108925,54692,714,3,44813.18,0.0,134439.54
108926,54693,510,1,640.28,64.03,576.25
108927,54694,703,1,2609.04,260.9,2348.14
108928,54695,702,1,569.75,0.0,569.75
108929,54696,511,2,856.8,0.0,1713.6
108930,54697,513,1,1399.58,69.98,1329.6
108931,54698,749,1,1601.66,160.17,1441.49
108932,54699,776,3,1371.98,411.59,3704.35
108933,54699,623,1,2674.16,0.0,2674.16
108934,54699,587,3,790.56,118.58,2253.1
108935,54699,564,4,1265.51,0.0,5062.04
108936,54700,698,3,9291.61,1393.74,26481.09
108937,54700,585,1,29624.84,5924.97,23699.87
108938,54700,775,2,3454.82,0.0,6909.64
108939,54701,643,1,55447.46,0.0,55447.46
108940,54702,757,3,13097.42,1964.61,37327.65
108941,54703,612,1,2192.78,0.0,2192.78
108942,54703,593,1,1214.64,0.0,1214.64
108943,54703,570,3,4486.57,2691.94,10767.77
108944,54704,734,1,839.57,41.98,797.59
108945,54705,795,2,18501.43,3700.29,33302.57
108946,54705,574,1,20894.55,0.0,20894.55
108947,54705,648,3,1203.65,0.0,3610.95
108948,54706,761,1,1440.57,144.06,1296.51
108949,54706,617,1,1324.53,0.0,1324.53
108950,54707,619,1,577.92,0.0,577.92
108951,54707,709,3,5677.52,0.0,17032.56
108952,54708,657,1,8779.23,1755.85,7023.38
108953,54709,619,-3,577.92,57.79,520.13
108954,54710,613,1,11372.12,0.0,11372.12
108955,54710,753,5,1068.74,0.0,5343.7
108956,54711,716,1,1117.48,167.62,949.86
108957,54712,745,1,5138.19,513.82,4624.37
108958,54713,616,1,594.6,29.73,564.87
108959,54713,619,2,577.92,0.0,1155.84
108960,54713,688,1,9656.12,0.0,9656.12
108961,54713,703,1,2609.04,0.0,2609.04
108962,54714,726,1,983.03,49.15,933.88
108963,54714,599,2,2796.57,0.0,5593.14
108964,54714,572,1,1098.59,164.79,933.8
108965,54715,521,1,3815.32,763.06,3052.26
108966,54715,704,5,1165.72,291.43,5537.17
108967,54715,776,2,1371.98,0.0,2743.96
108968,54716,779,2,9166.85,2750.05,15583.65
108969,54716,777,2,2061.3,0.0,4122.6
108970,54716,709,1,5677.52,1135.5,4542.02
108971,54717,542,5,1742.37,0.0,8711.85
108972,54717,545,4,1464.92,0.0,5859.68
108973,54718,575,1,253.01,0.0,253.01
108974,54718,727,2,11354.29,1135.43,21573.15
108975,54719,542,3,1742.37,261.36,4965.75
108976,54720,701,3,11805.02,7083.01,28332.05
108977,54721,557,1,783.76,39.19,744.57
108978,54721,538,1,8640.93,432.05,8208.88
108979,54721,674,2,7676.03,0.0,15352.06
108980,54722,692,4,7325.8,0.0,29303.2
108981,54723,734,1,839.57,0.0,839.57
108982,54724,657,1,8779.23,438.96,8340.27
108983,54724,598,1,579.36,0.0,579.36
108984,54724,789,1,2799.8,419.97,2379.83
108985,54725,552,2,10613.41,0.0,21226.82
108986,54725,583,3,9641.6,1446.24,27478.56
108987,54726,721,1,5715.09,0.0,5715.09
108988,54727,606,1,290.06,0.0,290.06
108989,54727,773,2,5708.39,570.84,10845.94
108990,54728,999999,3,4003.31,0.0,12009.93
108991,54729,580,1,1023.86,51.19,972.67
108992,54729,518,4,49561.42,19824.57,178421.11
108993,54730,659,1,364.24,0.0,364.24
108994,54731,610,1,26733.01,1336.65,25396.36
108995,54732,678,1,37877.29,5681.59,32195.7
108996,54733,521,2,3815.32,1144.6,6486.04
108997,54733,798,1,3816.99,0.0,3816.99
108998,54733,640,4,1058.22,423.29,3809.59
108999,54733,659,4,364.24,291.39,1165.57
109000,54734,704,4,1165.72,466.29,4196.59
109001,54734,542,2,1742.37,0.0,3484.74
109002,54734,724,1,2567.59,0.0,2567.59
109003,54734,763,1,66.59,0.0,66.59
109004,54734,743,3,892.31,0.0,2676.93
109005,54735,517,1,12096.53,0.0,12096.53
109006,54736,727,1,11354.29,0.0,11354.29
109007,54737,673,1,1038.9,0.0,1038.9
109008,54737,772,3,6175.25,926.29,17599.46
109009,54737,720,1,3038.53,0.0,3038.53
109010,54738,573,3,620.76,0.0,1862.28
109011,54738,599,3,2796.57,838.97,7550.74
109012,54739,578,5,6521.84,0.0,32609.2
109013,54739,683,1,873.55,0.0,873.55
109014,54740,789,2,2799.8,0.0,5599.6
109015,54740,603,1,18106.09,0.0,18106.09
109016,54741,701,2,11805.02,0.0,23610.04
109017,54741,785,2,1136.17,0.0,2272.34
109018,54741,744,3,6141.59,0.0,18424.77
109019,54741,650,4,6201.76,1240.35,23566.69
109020,54742,783,1,39234.63,1961.73,37272.9
109021,54743,689,4,11449.91,0.0,45799.64
109022,54743,521,4,3815.32,763.06,14498.22
109023,54743,594,1,55089.87,11017.97,44071.9
109024,54743,782,1,9360.71,468.04,8892.67
109025,54744,651,2,4691.47,469.15,8913.79
109026,54745,686,5,4182.59,1045.65,19867.3
109027,54745,582,1,8407.83,0.0,8407.83
109028,54746,688,1,9656.12,1448.42,8207.7
109029,54747,744,2,6141.59,0.0,12283.18
109030,54747,569,1,46883.02,7032.45,39850.57
109031,54747,694,2,1970.24,0.0,3940.48
109032,54748,749,1,1601.66,160.17,1441.49
109033,54749,593,1,1214.64,0.0,1214.64
109034,54749,627,1,348.17,0.0,348.17
109035,54749,758,1,2596.01,389.4,2206.61
109036,54750,537,1,7317.24,0.0,7317.24
109037,54751,639,1,5888.93,294.45,5594.48
109038,54751,722,2,53128.36,0.0,106256.72
109039,54752,664,1,18695.4,0.0,18695.4
109040,54752,629,2,717.69,143.54,1291.84
109041,54752,744,-3,6141.59,0.0,6141.59
109042,54752,601,1,17813.81,0.0,17813.81
109043,54752,748,2,2116.96,0.0,4233.92
109044,54753,529,2,47474.39,0.0,94948.78
109045,54753,709,2,5677.52,0.0,11355.04
109046,54753,606,2,290.06,0.0,580.12
109047,54753,675,3,16586.98,4976.09,44784.85
109048,54754,580,5,1023.86,0.0,5119.3
109049,54754,503,2,1376.24,0.0,2752.48
109050,54754,606,1,290.06,0.0,290.06
109051,54754,753,1,1068.74,160.31,908.43
109052,54755,727,1,11354.29,567.71,10786.58
109053,54755,723,1,3644.62,546.69,3097.93
109054,54756,534,1,46679.73,0.0,46679.73
109055,54757,544,2,6582.2,0.0,13164.4
109056,54757,687,1,1705.39,85.27,1620.12
109057,54758,671,1,3564.48,0.0,3564.48
109058,54759,523,1,6428.51,0.0,6428.51
109059,54759,767,1,2764.13,0.0,2764.13
109060,54759,520,2,1736.99,173.7,3300.28
109061,54759,723,1,3644.62,728.92,2915.7
109062,54760,666,2,4195.88,0.0,8391.76
109063,54761,643,1,55447.46,0.0,55447.46
109064,54762,669,3,5183.71,777.56,14773.57
109065,54763,655,2,5152.69,0.0,10305.38
109066,54764,515,1,1144.81,57.24,1087.57
109067,54764,717,1,902.81,180.56,722.25
109068,54765,772,4,6175.25,0.0,24701.0
109069,54765,585,1,29624.84,4443.73,25181.11
109070,54766,669,5,5183.71,2591.86,23326.69
109071,54766,517,2,12096.53,1209.65,22983.41
109072,54767,716,1,1117.48,55.87,1061.61
109073,54768,675,1,16586.98,0.0,16586.98
109074,54769,691,1,12820.07,1282.01,11538.06
109075,54770,641,1,3333.39,0.0,3333.39
109076,54771,767,3,2764.13,0.0,8292.39
109077,54771,677,5,3625.43,0.0,18127.15
109078,54772,619,2,577.92,231.17,924.67
109079,54772,673,2,1038.9,103.89,1973.91
109080,54773,637,1,3516.12,0.0,3516.12
109081,54774,758,10,2596.01,5192.02,20768.08
109082,54774,650,2,6201.76,620.18,11783.34
109083,54774,535,1,2114.96,105.75,2009.21
109084,54774,799,2,2348.69,0.0,4697.38
109085,54775,762,2,886.5,265.95,1507.05
109086,54775,582,4,8407.83,0.0,33631.32
109087,54776,612,1,2192.78,0.0,2192.78
109088,54777,798,2,3816.99,381.7,7252.28
109089,54778,762,2,886.5,88.65,1684.35
109090,54778,617,1,1324.53,0.0,1324.53
109091,54778,541,1,2124.38,212.44,1911.94
109092,54779,764,1,38368.4,3836.84,34531.56
109093,54780,735,2,1557.67,467.3,2648.04
109094,54781,771,1,1072.89,107.29,965.6
109095,54782,552,1,10613.41,1592.01,9021.4
109096,54783,576,1,2970.75,0.0,2970.75
109097,54783,793,1,2448.49,0.0,2448.49
109098,54784,738,1,4031.99,0.0,4031.99
109099,54785,517,1,12096.53,0.0,12096.53
109100,54785,733,4,1597.66,0.0,6390.64
109101,54786,718,3,6766.17,0.0,20298.51
109102,54786,686,5,4182.59,3136.94,17776.01
109103,54787,570,2,4486.57,0.0,8973.14
109104,54788,548,2,8285.36,828.54,15742.18
109105,54789,643,2,55447.46,16634.24,94260.68
109106,54790,527,2,43071.55,0.0,86143.1
109107,54790,513,1,1399.58,0.0,1399.58
109108,54790,652,3,13563.11,2034.47,38654.86
109109,54790,641,1,3333.39,0.0,3333.39
109110,54791,548,3,8285.36,0.0,24856.08
109111,54791,511,4,856.8,342.72,3084.48
109112,54792,743,3,892.31,133.85,2543.08
109113,54793,780,2,3012.88,0.0,6025.76
109114,54793,715,1,61205.17,0.0,61205.17
109115,54794,618,1,161.7,0.0,161.7
109116,54794,745,1,5138.19,0.0,5138.19
109117,54795,539,1,1082.58,0.0,1082.58
109118,54795,524,2,1357.31,0.0,2714.62
109119,54796,549,1,13993.54,2099.03,11894.51
109120,54796,612,3,2192.78,0.0,6578.34
109121,54796,543,1,4352.44,217.62,4134.82
109122,54796,550,1,3272.22,0.0,3272.22
109123,54797,618,1,161.7,0.0,161.7
109124,54797,762,3,886.5,0.0,2659.5
109125,54798,780,1,3012.88,301.29,2711.59
109126,54798,559,3,5502.85,825.43,15683.12
109127,54798,714,1,44813.18,0.0,44813.18
109128,54799,677,1,3625.43,181.27,3444.16
109129,54799,745,3,5138.19,770.73,14643.84
109130,54799,519,4,849.44,339.78,3057.98
109131,54799,766,1,4834.22,725.13,4109.09
109132,54799,536,1,1067.42,106.74,960.68
109133,54800,636,3,1717.09,515.13,4636.14
109134,54801,570,10,4486.57,4486.57,40379.13
109135,54802,537,1,7317.24,0.0,7317.24
109136,54803,604,2,5835.32,1167.06,10503.58
109137,54804,671,1,3564.48,356.45,3208.03
109138,54804,783,4,39234.63,15693.85,141244.67
109139,54804,712,1,12089.2,0.0,12089.2
109140,54804,714,1,44813.18,4481.32,40331.86
109141,54805,515,2,1144.81,0.0,2289.62
109142,54806,798,1,3816.99,190.85,3626.14
109143,54807,627,1,348.17,17.41,330.76
109144,54807,793,2,2448.49,0.0,4896.98
109145,54807,653,1,4298.41,0.0,4298.41
109146,54808,550,1,3272.22,0.0,3272.22
109147,54808,791,1,11369.6,0.0,11369.6
109148,54809,732,3,3277.37,491.61,9340.5
109149,54809,516,1,14192.65,0.0,14192.65
109150,54809,591,3,9106.57,0.0,27319.71
109151,54810,742,1,31236.95,4685.54,26551.41
109152,54811,749,3,1601.66,0.0,4804.98
109153,54812,529,2,47474.39,14242.32,80706.46
109154,54812,708,1,10297.58,0.0,10297.58
109155,54812,763,1,66.59,0.0,66.59
109156,54813,999999,1,6075.78,0.0,6075.78
109157,54814,641,1,3333.39,333.34,3000.05
109158,54815,692,4,7325.8,0.0,29303.2
109159,54816,518,5,49561.42,0.0,247807.1
109160,54816,650,1,6201.76,0.0,6201.76
109161,54817,771,4,1072.89,429.16,3862.4
109162,54818,750,4,182.17,109.3,619.38
109163,54819,751,2,25845.26,0.0,51690.52
109164,54819,732,1,3277.37,0.0,3277.37
109165,54819,555,2,9558.13,3823.25,15293.01
109166,54819,538,5,8640.93,0.0,43204.65
109167,54819,684,3,59645.43,17893.63,161042.66
109168,54820,600,2,6469.3,2587.72,10350.88
109169,54820,699,2,713.36,71.34,1355.38
109170,54820,589,4,17388.16,6955.26,62597.38
109171,54821,609,1,3589.04,0.0,3589.04
109172,54821,514,1,8817.04,881.7,7935.34
109173,54821,744,1,6141.59,0.0,6141.59
109174,54822,769,1,1383.36,0.0,1383.36
109175,54822,535,1,2114.96,211.5,1903.46
109176,54823,753,1,1068.74,0.0,1068.74
109177,54824,572,2,1098.59,0.0,2197.18
109178,54824,544,2,6582.2,0.0,13164.4
109179,54825,720,1,3038.53,303.85,2734.68
109180,54826,713,2,5412.77,1082.55,9742.99
109181,54827,558,1,9344.26,467.21,8877.05
109182,54827,566,1,8272.67,0.0,8272.67
109183,54827,509,1,3363.13,0.0,3363.13
109184,54827,709,1,5677.52,283.88,5393.64
109185,54828,565,1,322.27,0.0,322.27
109186,54828,753,2,1068.74,106.87,2030.61
109187,54829,752,3,14566.93,2185.04,41515.75
109188,54830,542,3,1742.37,0.0,5227.11
109189,54831,578,1,6521.84,0.0,6521.84
109190,54831,746,3,1732.13,0.0,5196.39
109191,54832,740,4,38799.36,0.0,155197.44
109192,54832,617,2,1324.53,264.91,2384.15
109193,54833,635,4,3079.07,1231.63,11084.65
109194,54834,520,10,1736.99,0.0,17369.9
109195,54835,724,1,2567.59,0.0,2567.59
109196,54836,561,1,2177.62,108.88,2068.74
109197,54837,754,2,9295.64,0.0,18591.28
109198,54837,574,1,20894.55,1044.73,19849.82
109199,54838,508,1,5538.85,830.83,4708.02
109200,54838,706,2,14673.28,2934.66,26411.9
109201,54838,784,3,1641.14,0.0,4923.42
109202,54839,588,5,490.64,0.0,2453.2
109203,54840,715,1,61205.17,9180.78,52024.39
109204,54840,506,4,1305.17,783.1,4437.58
109205,54840,582,1,8407.83,0.0,8407.83
109206,54840,747,3,805.8,0.0,2417.4
109207,54841,528,1,951.12,0.0,951.12
109208,54841,574,2,20894.55,0.0,41789.1
109209,54842,657,1,8779.23,0.0,8779.23
109210,54843,754,3,9295.64,0.0,27886.92
109211,54843,640,3,1058.22,634.93,2539.73
109212,54844,657,1,8779.23,438.96,8340.27
109213,54845,586,3,4444.5,666.68,12666.82
109214,54846,541,2,2124.38,424.88,3823.88
109215,54846,539,1,1082.58,54.13,1028.45
109216,54847,581,1,2900.19,0.0,2900.19
109217,54848,534,2,46679.73,0.0,93359.46
109218,54848,655,2,5152.69,1545.81,8759.57
109219,54848,768,1,10470.08,523.5,9946.58
109220,54849,560,2,407.29,0.0,814.58
109221,54849,540,1,32834.15,0.0,32834.15
109222,54849,799,1,2348.69,0.0,2348.69
109223,54849,614,3,30296.77,4544.52,86345.79
109224,54850,537,1,7317.24,0.0,7317.24
109225,54850,776,3,1371.98,0.0,4115.94
109226,54850,699,1,713.36,0.0,713.36
109227,54850,790,3,723.68,0.0,2171.04
109228,54851,747,1,805.8,0.0,805.8
109229,54851,552,1,10613.41,1592.01,9021.4
109230,54852,799,2,2348.69,0.0,4697.38
109231,54853,713,4,5412.77,0.0,21651.08
109232,54853,707,1,626.29,0.0,626.29
109233,54853,592,1,1511.43,151.14,1360.29
109234,54854,670,1,2118.7,211.87,1906.83
109235,54854,656,2,9107.06,910.71,17303.41
109236,54855,672,1,9227.41,922.74,8304.67
109237,54856,640,1,1058.22,0.0,1058.22
109238,54856,534,3,46679.73,0.0,140039.19
109239,54856,527,1,43071.55,2153.58,40917.97
109240,54857,665,1,2533.05,0.0,2533.05
109241,54857,580,3,1023.86,614.32,2457.26
109242,54858,549,3,13993.54,0.0,41980.62
109243,54859,774,1,1776.67,0.0,1776.67
109244,54860,676,3,865.11,389.3,2206.03
109245,54860,789,3,2799.8,0.0,8399.4
109246,54860,729,2,2699.1,0.0,5398.2
109247,54860,669,3,5183.71,0.0,15551.13
109248,54861,517,2,12096.53,0.0,24193.06
109249,54861,778,2,2068.11,0.0,4136.22
109250,54861,546,1,12181.16,609.06,11572.1
109251,54862,547,1,817.17,0.0,817.17
109252,54862,600,1,6469.3,970.39,5498.91
109253,54863,564,10,1265.51,632.76,12022.34
109254,54863,577,4,795.1,477.06,2703.34
109255,54864,729,1,2699.1,269.91,2429.19
109256,54864,548,1,8285.36,0.0,8285.36
109257,54865,533,1,10801.02,1080.1,9720.92
109258,54865,645,2,3816.62,381.66,7251.58
109259,54865,673,10,1038.9,519.45,9869.55
109260,54866,661,1,16283.24,1628.32,14654.92
109261,54867,675,2,16586.98,0.0,33173.96
109262,54868,617,-1,1324.53,198.68,1125.85
109263,54869,784,4,1641.14,0.0,6564.56
109264,54869,785,1,1136.17,170.43,965.74
109265,54870,741,2,1969.25,590.77,3347.73
109266,54871,674,1,7676.03,0.0,7676.03
109267,54871,680,1,1294.32,0.0,1294.32
109268,54871,560,1,407.29,0.0,407.29
109269,54871,675,3,16586.98,2488.05,47272.89
109270,54871,730,1,713.55,35.68,677.87
109271,54872,613,3,11372.12,6823.27,27293.09
109272,54872,658,1,711.18,0.0,711.18
109273,54873,607,1,10316.31,0.0,10316.31
109274,54873,789,4,2799.8,559.96,10639.24
109275,54873,595,3,2237.17,0.0,6711.51
109276,54873,760,5,11301.08,0.0,56505.4
109277,54874,705,1,17197.08,0.0,17197.08
109278,54875,707,1,626.29,0.0,626.29
109279,54876,709,2,5677.52,2271.01,9084.03
109280,54877,580,3,1023.86,0.0,3071.58
109281,54877,643,1,55447.46,0.0,55447.46
109282,54878,649,2,699.68,0.0,1399.36
109283,54878,581,1,2900.19,290.02,2610.17
109284,54879,715,1,61205.17,0.0,61205.17
109285,54879,504,1,3910.83,195.54,3715.29
109286,54879,796,1,1462.48,0.0,1462.48
109287,54880,767,1,2764.13,0.0,2764.13
109288,54880,720,1,3038.53,0.0,3038.53
109289,54880,600,2,6469.3,1293.86,11644.74
109290,54881,519,1,849.44,0.0,849.44
109291,54881,703,1,2609.04,0.0,2609.04
109292,54882,542,1,1742.37,0.0,1742.37
109293,54883,571,1,11994.11,0.0,11994.11
109294,54884,570,1,4486.57,224.33,4262.24
109295,54884,756,5,372.34,0.0,1861.7
109296,54885,750,1,182.17,0.0,182.17
109297,54886,585,2,29624.84,2962.48,56287.2
109298,54887,515,1,1144.81,0.0,1144.81
109299,54887,797,1,1277.35,63.87,1213.48
109300,54887,786,1,5485.59,0.0,5485.59
109301,54888,739,2,9905.71,0.0,19811.42
109302,54888,645,1,3816.62,190.83,3625.79
109303,54888,633,1,1617.01,0.0,1617.01
109304,54889,614,1,30296.77,0.0,30296.77
109305,54889,580,2,1023.86,102.39,1945.33
109306,54889,727,3,11354.29,5109.43,28953.44
109307,54889,585,1,29624.84,0.0,29624.84
109308,54890,594,1,55089.87,0.0,55089.87
109309,54890,597,2,535.83,0.0,1071.66
109310,54891,648,1,1203.65,0.0,1203.65
109311,54892,700,1,6725.93,0.0,6725.93
109312,54893,551,4,3446.79,0.0,13787.16
109313,54893,772,2,6175.25,0.0,12350.5
109314,54893,790,2,723.68,0.0,1447.36
109315,54893,532,2,820.25,328.1,1312.4
109316,54893,613,1,11372.12,568.61,10803.51
109317,54894,773,3,5708.39,0.0,17125.17
109318,54895,732,1,3277.37,0.0,3277.37
109319,54895,715,2,61205.17,0.0,122410.34
109320,54895,572,3,1098.59,0.0,3295.77
109321,54896,612,1,2192.78,328.92,1863.86
109322,54896,549,1,13993.54,0.0,13993.54
109323,54896,574,1,20894.55,0.0,20894.55
109324,54897,776,1,1371.98,0.0,1371.98
109325,54897,746,1,1732.13,0.0,1732.13
109326,54898,695,1,24310.04,0.0,24310.04
109327,54899,580,1,1023.86,0.0,1023.86
109328,54899,575,1,253.01,0.0,253.01
109329,54899,624,1,391.05,58.66,332.39
109330,54899,608,2,667.69,200.31,1135.07
109331,54899,698,3,9291.61,0.0,27874.83
109332,54900,577,1,795.1,39.76,755.34
109333,54900,689,2,11449.91,0.0,22899.82
109334,54900,738,1,4031.99,0.0,4031.99
109335,54900,545,1,1464.92,0.0,1464.92
109336,54901,575,1,253.01,37.95,215.06
109337,54902,507,1,5384.85,0.0,5384.85
109338,54902,782,3,9360.71,0.0,28082.13
109339,54902,646,1,6680.81,0.0,6680.81
109340,54903,764,3,38368.4,0.0,115105.2
109341,54904,620,1,607.15,91.07,516.08
109342,54904,999999,2,2061.3,618.39,3504.21
109343,54904,703,3,2609.04,782.71,7044.41
109344,54904,746,1,1732.13,173.21,1558.92
109345,54904,707,4,626.29,250.52,2254.64
109346,54905,795,1,18501.43,925.07,17576.36
109347,54905,796,2,1462.48,292.5,2632.46
109348,54906,601,4,17813.81,0.0,71255.24
109349,54906,640,1,1058.22,0.0,1058.22
109350,54906,737,1,454.39,0.0,454.39
109351,54906,519,1,849.44,0.0,849.44
109352,54907,651,1,4691.47,0.0,4691.47
109353,54907,674,1,7676.03,0.0,7676.03
109354,54907,792,2,2835.7,0.0,5671.4
109355,54907,790,3,723.68,325.66,1845.38
109356,54908,725,1,6229.36,0.0,6229.36
109357,54909,682,2,707.75,0.0,1415.5
109358,54909,567,1,7980.38,1596.08,6384.3
109359,54909,672,1,9227.41,0.0,9227.41
109360,54909,618,1,161.7,24.25,137.45
109361,54910,744,3,6141.59,0.0,18424.77
109362,54911,628,3,6761.04,0.0,20283.12
109363,54911,569,1,46883.02,0.0,46883.02
109364,54911,559,1,5502.85,275.14,5227.71
109365,54911,674,2,7676.03,0.0,15352.06
109366,54912,697,1,17716.2,0.0,17716.2
109367,54913,559,2,5502.85,0.0,11005.7
109368,54913,725,1,6229.36,622.94,5606.42
109369,54914,762,1,886.5,44.33,842.17
109370,54915,544,1,6582.2,0.0,6582.2
109371,54915,800,1,2202.18,0.0,2202.18
109372,54915,563,1,5426.08,542.61,4883.47
109373,54915,642,1,6612.07,0.0,6612.07
109374,54915,584,1,1377.03,275.41,1101.62
109375,54916,551,1,3446.79,344.68,3102.11
109376,54916,588,1,490.64,0.0,490.64
109377,54917,567,3,7980.38,0.0,23941.14
109378,54917,613,2,11372.12,0.0,22744.24
109379,54918,686,1,4182.59,0.0,4182.59
109380,54918,714,3,44813.18,6721.98,127717.56
109381,54918,566,1,8272.67,0.0,8272.67
109382,54918,622,1,2792.75,0.0,2792.75
109383,54919,800,2,2202.18,880.87,3523.49
109384,54919,631,5,1647.26,0.0,8236.3
109385,54919,561,1,2177.62,0.0,2177.62
109386,54920,511,2,856.8,257.04,1456.56
109387,54920,688,3,9656.12,0.0,28968.36
109388,54920,745,2,5138.19,1027.64,9248.74
109389,54921,755,1,923.61,92.36,831.25
109390,54922,707,2,626.29,0.0,1252.58
109391,54922,552,2,10613.41,1061.34,20165.48
109392,54922,576,1,2970.75,148.54,2822.21
109393,54923,602,1,817.44,122.62,694.82
109394,54923,527,1,43071.55,0.0,43071.55
109395,54923,777,3,2061.3,618.39,5565.51
109396,54923,595,2,2237.17,0.0,4474.34
109397,54923,691,10,12820.07,25640.14,102560.56
109398,54924,751,1,25845.26,0.0,25845.26
109399,54925,692,1,7325.8,366.29,6959.51
109400,54926,557,4,783.76,0.0,3135.04
109401,54927,674,3,7676.03,0.0,23028.09
109402,54927,725,1,6229.36,311.47,5917.89
109403,54928,596,1,1919.15,0.0,1919.15
109404,54929,700,1,6725.93,1008.89,5717.04
109405,54929,645,1,3816.62,0.0,3816.62
109406,54930,564,1,1265.51,253.1,1012.41
109407,54931,612,2,2192.78,219.28,4166.28
109408,54931,762,1,886.5,0.0,886.5
109409,54932,726,1,983.03,0.0,983.03
109410,54932,513,1,1399.58,139.96,1259.62
109411,54933,663,1,1339.76,133.98,1205.78
109412,54934,636,3,1717.09,0.0,5151.27
109413,54934,787,1,27577.51,0.0,27577.51
109414,54934,796,1,1462.48,0.0,1462.48
109415,54934,628,1,6761.04,1352.21,5408.83
109416,54934,501,1,45292.52,6793.88,38498.64
109417,54935,503,2,1376.24,0.0,2752.48
109418,54935,718,2,6766.17,676.62,12855.72
109419,54936,513,1,1399.58,0.0,1399.58
109420,54937,656,1,9107.06,0.0,9107.06
109421,54938,750,1,182.17,0.0,182.17
109422,54938,543,1,4352.44,217.62,4134.82
109423,54938,752,1,14566.93,0.0,14566.93
109424,54938,727,2,11354.29,2270.86,20437.72
109425,54938,555,1,9558.13,0.0,9558.13
109426,54939,999999,2,17813.81,1781.38,33846.24
109427,54940,510,2,640.28,0.0,1280.56
109428,54941,607,1,10316.31,0.0,10316.31
109429,54942,594,1,55089.87,0.0,55089.87
109430,54943,705,1,17197.08,1719.71,15477.37
109431,54943,744,1,6141.59,614.16,5527.43
109432,54943,620,3,607.15,0.0,1821.45
109433,54943,531,1,10687.35,1068.74,9618.61
109434,54944,649,1,699.68,104.95,594.73
109435,54944,618,2,161.7,0.0,323.4
109436,54944,543,2,4352.44,435.24,8269.64
109437,54945,723,1,3644.62,0.0,3644.62
109438,54945,737,1,454.39,0.0,454.39
109439,54946,753,2,1068.74,320.62,1816.86
109440,54946,521,3,3815.32,0.0,11445.96
109441,54947,525,1,4003.31,0.0,4003.31
109442,54947,665,1,2533.05,253.31,2279.74
109443,54947,620,1,607.15,0.0,0.01
109444,54948,591,1,9106.57,0.0,9106.57
109445,54948,517,1,12096.53,0.0,12096.53
109446,54948,553,3,31731.27,0.0,95193.81
109447,54949,556,1,3671.69,0.0,3671.69
109448,54950,710,2,10731.06,2146.21,19315.91
109449,54951,791,1,11369.6,1136.96,10232.64
109450,54952,580,3,1023.86,0.0,3071.58
109451,54953,674,1,7676.03,383.8,7292.23
109452,54953,728,1,2491.24,0.0,2491.24
109453,54954,625,1,54397.72,2719.89,51677.83
109454,54955,772,1,6175.25,308.76,5866.49
109455,54955,735,3,1557.67,0.0,4673.01
109456,54956,647,1,48665.91,0.0,48665.91
109457,54956,586,3,4444.5,0.0,13333.5
109458,54956,600,2,6469.3,0.0,12938.6
109459,54957,539,2,1082.58,433.03,1732.13
109460,54958,676,1,865.11,43.26,821.85
109461,54958,634,4,5262.27,0.0,21049.08
109462,54959,760,1,11301.08,0.0,11301.08
109463,54960,548,2,8285.36,0.0,16570.72
109464,54960,791,1,11369.6,0.0,11369.6
109465,54960,602,2,817.44,0.0,1634.88
109466,54961,627,1,348.17,0.0,348.17
109467,54962,626,2,236.68,0.0,473.36
109468,54962,784,1,1641.14,0.0,1641.14
109469,54963,769,1,1383.36,138.34,1245.02
109470,54964,674,2,7676.03,0.0,15352.06
109471,54964,792,4,2835.7,0.0,11342.8
109472,54965,569,3,46883.02,21097.36,119551.7
109473,54966,643,2,55447.46,0.0,110894.92
109474,54967,777,3,2061.3,309.2,5874.7
109475,54968,601,2,17813.81,0.0,35627.62
109476,54969,521,3,3815.32,0.0,11445.96
109477,54969,559,1,5502.85,550.29,4952.56
109478,54969,625,3,54397.72,0.0,163193.16
109479,54970,797,3,1277.35,191.6,3640.45
109480,54971,617,1,1324.53,132.45,1192.08
109481,54971,717,3,902.81,0.0,2708.43
109482,54972,538,1,8640.93,864.09,7776.84
109483,54973,516,3,14192.65,0.0,42577.95
109484,54974,630,1,2387.03,0.0,2387.03
109485,54975,607,1,10316.31,0.0,10316.31
109486,54975,700,2,6725.93,672.59,12779.27
109487,54976,647,1,48665.91,7299.89,0.01
109488,54977,526,1,5568.93,278.45,5290.48
109489,54978,514,5,8817.04,0.0,44085.2
109490,54978,741,1,1969.25,0.0,1969.25
109491,54979,663,2,1339.76,0.0,2679.52
109492,54980,747,3,805.8,0.0,2417.4
109493,54980,551,1,3446.79,344.68,3102.11
109494,54980,663,1,1339.76,0.0,1339.76
109495,54980,596,1,1919.15,287.87,1631.28
109496,54981,599,3,2796.57,0.0,8389.71
109497,54981,781,1,508.19,0.0,508.19
109498,54982,597,1,535.83,80.37,455.46
109499,54983,603,1,18106.09,3621.22,14484.87
109500,54983,674,1,7676.03,0.0,7676.03
109501,54983,743,1,892.31,0.0,892.31
109502,54983,703,2,2609.04,0.0,5218.08
109503,54984,557,-3,783.76,0.0,1567.52
109504,54984,507,1,5384.85,807.73,4577.12
109505,54985,504,2,3910.83,782.17,7039.49
109506,54985,514,2,8817.04,0.0,17634.08
109507,54985,717,1,902.81,0.0,902.81
109508,54985,776,1,1371.98,0.0,1371.98
109509,54986,652,5,13563.11,0.0,67815.55
109510,54986,757,1,13097.42,0.0,13097.42
109511,54987,512,1,1219.3,60.97,1158.33
109512,54987,771,1,1072.89,107.29,965.6
109513,54988,653,1,4298.41,0.0,4298.41
109514,54989,514,2,8817.04,2645.11,14988.97
109515,54989,789,1,2799.8,0.0,2799.8
109516,54989,751,1,25845.26,1292.26,24553.0
109517,54989,724,5,2567.59,0.0,12837.95
109518,54990,797,1,1277.35,63.87,1213.48
109519,54991,573,1,620.76,31.04,589.72
109520,54992,679,1,53522.92,2676.15,50846.77
109521,54993,598,1,579.36,0.0,579.36
109522,54994,510,1,640.28,0.0,640.28
109523,54995,658,1,711.18,0.0,711.18
109524,54996,785,1,1136.17,0.0,1136.17
109525,54996,757,2,13097.42,0.0,26194.84
109526,54997,653,1,4298.41,0.0,4298.41
109527,54998,782,3,9360.71,0.0,28082.13
109528,54998,756,1,372.34,0.0,372.34
109529,54998,619,2,577.92,0.0,1155.84
109530,54999,574,3,20894.55,0.0,62683.65
109531,54999,680,1,1294.32,0.0,1294.32
109532,54999,566,1,8272.67,0.0,8272.67
109533,55000,682,2,707.75,0.0,1415.5
109534,55000,661,1,16283.24,0.0,16283.24
109535,55000,622,1,2792.75,418.91,2373.84
109536,55001,641,3,3333.39,0.0,10000.17
109537,55002,571,2,11994.11,0.0,23988.22
109538,55002,596,2,1919.15,575.75,3262.55
109539,55002,564,1,1265.51,0.0,1265.51
109540,55003,743,2,892.31,356.92,1427.7
109541,55003,531,2,10687.35,0.0,21374.7
109542,55004,769,3,1383.36,415.01,3735.07
109543,55004,648,1,1203.65,0.0,1203.65
109544,55004,556,2,3671.69,0.0,7343.38
109545,55005,748,1,2116.96,317.54,1799.42
109546,55006,742,2,31236.95,0.0,62473.9
109547,55006,583,2,9641.6,0.0,19283.2
109548,55006,587,1,790.56,158.11,632.45
109549,55006,764,1,38368.4,3836.84,34531.56
109550,55006,510,2,640.28,0.0,1280.56
109551,55007,543,1,4352.44,0.0,4352.44
109552,55008,731,2,1578.26,157.83,2998.69
109553,55009,589,2,17388.16,0.0,34776.32
109554,55009,603,1,18106.09,0.0,18106.09
109555,55009,613,1,11372.12,568.61,10803.51
109556,55009,698,1,9291.61,464.58,8827.03
109557,55010,719,2,15471.04,0.0,30942.08
109558,55010,633,1,1617.01,0.0,1617.01
109559,55010,798,1,3816.99,0.0,3816.99
109560,55010,511,1,856.8,42.84,813.96
109561,55011,640,2,1058.22,0.0,2116.44
109562,55011,506,1,1305.17,0.0,1305.17
109563,55011,692,1,7325.8,0.0,7325.8
109564,55011,749,2,1601.66,0.0,3203.32
109565,55012,743,2,892.31,0.0,1784.62
109566,55013,513,2,1399.58,279.92,2519.24
109567,55014,586,2,4444.5,444.45,8444.55
109568,55014,698,1,9291.61,0.0,9291.61
109569,55014,709,1,5677.52,0.0,5677.52
109570,55015,690,1,1805.43,0.0,1805.43
109571,55016,650,1,6201.76,0.0,6201.76
109572,55017,710,1,10731.06,0.0,10731.06
109573,55017,614,1,30296.77,0.0,30296.77
109574,55017,658,1,711.18,0.0,711.18
109575,55018,616,2,594.6,0.0,1189.2
109576,55019,776,10,1371.98,1371.98,12347.82
109577,55020,512,1,1219.3,0.0,1219.3
109578,55020,738,10,4031.99,0.0,40319.9
109579,55020,554,1,5371.45,0.0,5371.45
109580,55021,507,3,5384.85,0.0,16154.55
109581,55022,606,1,290.06,0.0,290.06
109582,55022,654,1,2895.35,434.3,2461.05
109583,55023,792,1,2835.7,0.0,2835.7
109584,55023,698,1,9291.61,1858.32,7433.29
109585,55024,753,1,1068.74,53.44,1015.3
109586,55024,755,3,923.61,0.0,2770.83
109587,55024,710,2,10731.06,3219.32,18242.8
109588,55024,747,1,805.8,0.0,805.8
109589,55024,630,1,2387.03,358.05,2028.98
109590,55025,591,2,9106.57,0.0,18213.14
109591,55026,506,1,1305.17,0.0,1305.17
109592,55026,637,2,3516.12,1054.84,5977.4
109593,55027,738,1,4031.99,201.6,3830.39
109594,55027,787,1,27577.51,4136.63,23440.88
109595,55028,518,1,49561.42,4956.14,44605.28
109596,55029,535,1,2114.96,0.0,2114.96
109597,55029,538,1,8640.93,1296.14,7344.79
109598,55029,798,1,3816.99,0.0,3816.99
109599,55030,563,1,5426.08,0.0,5426.08
109600,55031,539,1,1082.58,0.0,1082.58
109601,55031,532,1,820.25,0.0,820.25
109602,55032,773,1,5708.39,0.0,5708.39
109603,55032,700,1,6725.93,0.0,6725.93
109604,55032,696,1,4358.64,0.0,4358.64
109605,55033,545,1,1464.92,0.0,1464.92
109606,55033,521,1,3815.32,0.0,3815.32
109607,55033,741,1,1969.25,295.39,1673.86
109608,55033,728,1,2491.24,0.0,2491.24
109609,55033,735,2,1557.67,0.0,3115.34
109610,55034,601,1,17813.81,2672.07,15141.74
109611,55035,675,1,16586.98,829.35,15757.63
109612,55035,660,1,3268.31,0.0,3268.31
109613,55035,705,2,17197.08,0.0,34394.16
109614,55036,599,1,2796.57,419.49,2377.08
109615,55037,603,1,18106.09,0.0,18106.09
109616,55038,785,1,1136.17,113.62,1022.55
109617,55039,648,1,1203.65,0.0,1203.65
109618,55039,544,2,6582.2,1316.44,11847.96
109619,55039,697,1,17716.2,0.0,17716.2
109620,55040,533,2,10801.02,0.0,21602.04
109621,55041,598,1,579.36,28.97,550.39
109622,55041,668,1,1156.71,0.0,1156.71
109623,55042,592,1,1511.43,75.57,1435.86
109624,55042,738,1,4031.99,0.0,4031.99
109625,55043,604,1,5835.32,0.0,5835.32
109626,55044,709,1,5677.52,0.0,5677.52
109627,55044,724,1,2567.59,385.14,2182.45
109628,55045,638,1,9668.28,0.0,9668.28
109629,55045,767,1,2764.13,0.0,2764.13
109630,55045,513,1,1399.58,209.94,1189.64
109631,55046,575,2,253.01,0.0,506.02
109632,55047,768,1,10470.08,0.0,10470.08
109633,55047,511,3,856.8,128.52,2441.88
109634,55047,773,1,5708.39,1141.68,4566.71
109635,55048,734,1,839.57,0.0,839.57
109636,55049,586,5,4444.5,0.0,22222.5
109637,55049,707,4,626.29,0.0,2505.16
109638,55050,794,1,482.29,24.11,458.18
109639,55050,622,1,2792.75,139.64,2653.11
109640,55050,593,1,1214.64,60.73,1153.91
109641,55051,745,1,5138.19,0.0,5138.19
109642,55051,610,1,26733.01,2673.3,24059.71
109643,55052,751,10,25845.26,0.0,258452.6
109644,55052,652,2,13563.11,0.0,27126.22
109645,55052,549,5,13993.54,10495.16,59472.54
109646,55052,615,1,24337.83,1216.89,23120.94
109647,55053,572,1,1098.59,109.86,988.73
109648,55054,718,1,6766.17,676.62,6089.55
109649,55054,693,1,1213.14,0.0,1213.14
109650,55054,615,1,24337.83,0.0,24337.83
109651,55055,514,3,8817.04,1322.56,25128.56
109652,55055,505,1,5998.46,599.85,5398.61
109653,55055,595,2,2237.17,223.72,4250.62
109654,55056,534,1,46679.73,0.0,0.01
109655,55057,781,1,508.19,25.41,482.78
109656,55057,632,2,2338.49,701.55,3975.43
109657,55058,624,2,391.05,39.11,742.99
109658,55059,696,1,4358.64,0.0,4358.64
109659,55059,734,2,839.57,0.0,1679.14
109660,55059,539,2,1082.58,108.26,2056.9
109661,55060,660,2,3268.31,0.0,6536.62
109662,55060,650,3,6201.76,0.0,18605.28
109663,55060,617,3,1324.53,0.0,3973.59
109664,55060,506,3,1305.17,587.33,3328.18
109665,55061,561,10,2177.62,0.0,21776.2
109666,55061,590,1,2022.4,202.24,1820.16
109667,55062,627,1,348.17,52.23,295.94
109668,55062,527,4,43071.55,0.0,172286.2
109669,55062,530,1,3414.81,512.22,2902.59
109670,55063,697,1,17716.2,0.0,17716.2
109671,55063,678,3,37877.29,11363.19,102268.68
109672,55063,703,1,2609.04,521.81,2087.23
109673,55064,726,1,983.03,98.3,884.73
109674,55064,755,1,923.61,184.72,738.89
109675,55065,728,3,2491.24,0.0,7473.72
109676,55065,607,10,10316.31,0.0,103163.1
109677,55066,759,1,8304.75,1245.71,7059.04
109678,55067,655,1,5152.69,257.63,4895.06
109679,55068,684,2,59645.43,0.0,119290.86
109680,55069,777,2,2061.3,618.39,3504.21
109681,55069,504,2,3910.83,0.0,7821.66
109682,55069,692,1,7325.8,0.0,7325.8
109683,55069,625,1,54397.72,0.0,54397.72
109684,55070,550,1,3272.22,327.22,2945.0
109685,55070,789,-3,2799.8,0.0,2799.8
109686,55070,675,1,16586.98,2488.05,14098.93
109687,55070,502,1,15084.04,0.0,15084.04
109688,55071,671,3,3564.48,0.0,10693.44
109689,55072,738,10,4031.99,0.0,40319.9
109690,55073,752,1,14566.93,0.0,14566.93
109691,55073,659,1,364.24,0.0,364.24
109692,55074,605,1,1048.97,0.0,1048.97
109693,55075,786,1,5485.59,822.84,4662.75
109694,55075,656,1,9107.06,0.0,9107.06
109695,55076,758,1,2596.01,0.0,2596.01
109696,55076,506,1,1305.17,261.03,1044.14
109697,55076,772,3,6175.25,0.0,18525.75
109698,55077,765,2,37606.92,0.0,75213.84
109699,55077,516,1,14192.65,0.0,14192.65
109700,55077,649,1,699.68,104.95,594.73
109701,55077,583,1,9641.6,0.0,9641.6
109702,55078,669,2,5183.71,0.0,10367.42
109703,55078,519,1,849.44,0.0,849.44
109704,55079,767,2,2764.13,0.0,5528.26
109705,55079,545,4,1464.92,292.98,5566.7
109706,55079,723,1,3644.62,364.46,3280.16
109707,55080,648,5,1203.65,0.0,6018.25
109708,55080,656,1,9107.06,0.0,9107.06
109709,55081,726,2,983.03,0.0,1966.06
109710,55081,506,2,1305.17,130.52,2479.82
109711,55081,651,1,4691.47,703.72,3987.75
109712,55082,778,1,2068.11,206.81,1861.3
109713,55082,612,1,2192.78,219.28,1973.5
109714,55083,799,1,2348.69,0.0,2348.69
109715,55084,695,1,24310.04,3646.51,20663.53
109716,55085,718,1,6766.17,1353.23,5412.94
109717,55086,651,1,4691.47,234.57,4456.9
109718,55087,634,2,5262.27,1578.68,8945.86
109719,55088,646,2,6680.81,0.0,13361.62
109720,55089,754,2,9295.64,0.0,18591.28
109721,55089,654,1,2895.35,579.07,2316.28
109722,55090,631,1,1647.26,0.0,1647.26
109723,55091,697,2,17716.2,0.0,35432.4
109724,55091,725,3,6229.36,934.4,17753.68
109725,55092,709,1,5677.52,0.0,5677.52
109726,55092,766,2,4834.22,0.0,9668.44
109727,55092,517,3,12096.53,0.0,36289.59
109728,55093,578,1,6521.84,0.0,6521.84
109729,55093,554,1,5371.45,0.0,5371.45
109730,55094,756,1,372.34,0.0,372.34
109731,55094,570,1,4486.57,0.0,4486.57
109732,55094,660,2,3268.31,0.0,0.01
109733,55094,682,1,707.75,35.39,0.01
109734,55095,608,2,667.69,133.54,1201.84
109735,55096,796,1,1462.48,0.0,1462.48
109736,55097,702,1,569.75,85.46,484.29
109737,55097,541,3,2124.38,0.0,6373.14
109738,55098,695,1,24310.04,0.0,24310.04
109739,55099,737,1,454.39,22.72,431.67
109740,55100,721,1,5715.09,571.51,5143.58
109741,55101,740,1,38799.36,0.0,38799.36
109742,55101,632,2,2338.49,0.0,4676.98
109743,55102,506,1,1305.17,0.0,1305.17
109744,55102,682,1,707.75,0.0,707.75
109745,55103,503,2,1376.24,275.25,2477.23
109746,55104,620,3,607.15,0.0,1821.45
109747,55104,701,1,11805.02,0.0,11805.02
109748,55105,782,1,9360.71,0.0,9360.71
109749,55105,591,1,9106.57,910.66,8195.91
109750,55105,711,1,5931.42,0.0,5931.42
109751,55106,772,1,6175.25,0.0,6175.25
109752,55106,538,1,8640.93,864.09,7776.84
109753,55106,713,1,5412.77,1082.55,4330.22
109754,55106,760,1,11301.08,0.0,11301.08
109755,55107,636,1,1717.09,85.85,1631.24
109756,55107,597,1,535.83,0.0,535.83
109757,55108,530,2,3414.81,0.0,6829.62
109758,55109,726,2,983.03,98.3,1867.76
109759,55109,525,1,4003.31,0.0,4003.31
109760,55109,692,3,7325.8,0.0,21977.4
109761,55110,776,2,1371.98,0.0,2743.96
109762,55111,534,1,46679.73,7001.96,39677.77
109763,55111,746,3,1732.13,0.0,5196.39
109764,55111,545,1,1464.92,0.0,1464.92
109765,55111,519,1,849.44,42.47,806.97
109766,55111,781,1,508.19,101.64,406.55
109767,55112,619,1,577.92,0.0,577.92
109768,55112,683,1,873.55,0.0,873.55
109769,55112,764,1,38368.4,0.0,38368.4
109770,55113,554,2,5371.45,1074.29,9668.61
109771,55113,551,1,3446.79,172.34,3274.45
109772,55114,625,1,54397.72,2719.89,51677.83
109773,55114,683,3,873.55,0.0,2620.65
109774,55114,694,1,1970.24,0.0,1970.24
109775,55114,695,1,24310.04,0.0,24310.04
109776,55114,627,2,348.17,34.82,661.52
109777,55115,593,1,1214.64,0.0,1214.64
109778,55116,546,2,12181.16,1218.12,23144.2
109779,55117,510,1,640.28,96.04,544.24
109780,55118,547,1,817.17,40.86,776.31
109781,55118,590,1,2022.4,0.0,2022.4
109782,55118,594,1,55089.87,0.0,55089.87
109783,55119,577,2,795.1,0.0,1590.2
109784,55119,713,1,5412.77,811.92,4600.85
109785,55119,664,1,18695.4,1869.54,16825.86
109786,55120,552,1,10613.41,1592.01,9021.4
109787,55120,780,1,3012.88,0.0,3012.88
109788,55121,619,2,577.92,0.0,1155.84
109789,55121,667,2,558.92,0.0,1117.84
109790,55121,743,1,892.31,0.0,892.31
109791,55122,686,1,4182.59,0.0,4182.59
109792,55123,501,1,45292.52,0.0,45292.52
109793,55124,687,1,1705.39,85.27,1620.12
109794,55124,581,1,2900.19,290.02,2610.17
109795,55125,712,1,12089.2,0.0,12089.2
109796,55125,747,-3,805.8,40.29,765.51
109797,55126,697,1,17716.2,885.81,16830.39
109798,55127,654,1,2895.35,289.54,2605.81
109799,55127,738,1,4031.99,0.0,4031.99
109800,55127,719,1,15471.04,0.0,15471.04
109801,55127,698,1,9291.61,0.0,9291.61
109802,55128,515,2,1144.81,0.0,2289.62
109803,55129,765,1,37606.92,0.0,37606.92
109804,55130,647,2,48665.91,0.0,97331.82
109805,55131,514,1,8817.04,440.85,8376.19
109806,55131,733,1,1597.66,0.0,1597.66
109807,55131,662,3,9986.23,0.0,29958.69
109808,55132,757,1,13097.42,0.0,13097.42
109809,55132,536,2,1067.42,0.0,2134.84
109810,55132,762,1,886.5,44.33,842.17
109811,55133,624,1,391.05,0.0,391.05
109812,55133,609,5,3589.04,0.0,17945.2
109813,55133,724,3,2567.59,1155.42,6547.35
109814,55133,542,2,1742.37,0.0,3484.74
109815,55134,631,2,1647.26,329.45,2965.07
109816,55134,559,1,5502.85,550.29,4952.56
109817,55135,649,1,699.68,0.0,699.68
109818,55136,538,1,8640.93,0.0,8640.93
109819,55136,766,1,4834.22,241.71,4592.51
109820,55136,564,1,1265.51,0.0,1265.51
109821,55137,516,3,14192.65,2128.9,40449.05
109822,55138,609,1,3589.04,358.9,3230.14
109823,55138,653,4,4298.41,0.0,17193.64
109824,55138,749,3,1601.66,0.0,4804.98
109825,55139,699,10,713.36,1426.72,5706.88
109826,55140,544,1,6582.2,0.0,6582.2
109827,55140,653,2,4298.41,0.0,8596.82
109828,55141,599,3,2796.57,0.0,8389.71
109829,55141,609,5,3589.04,1794.52,16150.68
109830,55141,693,3,1213.14,0.0,3639.42
109831,55141,519,1,849.44,42.47,806.97
109832,55142,624,1,391.05,39.11,351.94
109833,55143,600,1,6469.3,0.0,6469.3
109834,55144,510,1,640.28,0.0,640.28
109835,55144,775,1,3454.82,0.0,3454.82
109836,55144,544,3,6582.2,987.33,18759.27
109837,55145,999999,3,1919.15,0.0,5757.45
109838,55146,697,1,17716.2,0.0,17716.2
109839,55147,783,1,39234.63,0.0,39234.63
109840,55148,725,1,6229.36,0.0,6229.36
109841,55149,669,1,5183.71,0.0,5183.71
109842,55149,624,1,391.05,19.55,371.5
109843,55149,779,2,9166.85,0.0,18333.7
109844,55150,784,2,1641.14,0.0,3282.28
109845,55150,730,2,713.55,71.36,1355.74
109846,55151,602,2,817.44,163.49,1471.39
109847,55151,748,1,2116.96,105.85,2011.11
109848,55152,505,1,5998.46,0.0,5998.46
109849,55152,695,4,24310.04,0.0,97240.16
109850,55153,515,1,1144.81,0.0,1144.81
109851,55154,527,1,43071.55,4307.16,38764.39
109852,55154,713,10,5412.77,0.0,54127.7
109853,55154,705,2,17197.08,0.0,34394.16
109854,55154,516,1,14192.65,2838.53,11354.12
109855,55155,518,3,49561.42,22302.64,126381.62
109856,55156,625,1,54397.72,2719.89,51677.83
109857,55157,732,3,3277.37,0.0,9832.11
109858,55157,587,1,790.56,0.0,790.56
109859,55158,547,1,817.17,0.0,817.17
109860,55159,517,1,12096.53,0.0,12096.53
109861,55160,680,4,1294.32,776.59,4400.69
109862,55161,797,4,1277.35,0.0,5109.4
109863,55161,507,2,5384.85,0.0,10769.7
109864,55161,530,1,3414.81,0.0,3414.81
109865,55161,667,1,558.92,55.89,503.03
109866,55162,543,4,4352.44,870.49,16539.27
109867,55163,627,2,348.17,0.0,696.34
109868,55163,509,1,3363.13,0.0,3363.13
109869,55163,612,1,2192.78,0.0,2192.78
109870,55163,705,3,17197.08,5159.12,46432.12
109871,55164,618,1,161.7,0.0,161.7
109872,55164,507,2,5384.85,1615.46,9154.24
109873,55164,763,2,66.59,0.0,133.18
109874,55164,553,2,31731.27,0.0,63462.54
109875,55165,602,2,817.44,0.0,1634.88
109876,55165,649,1,699.68,0.0,699.68
109877,55165,598,2,579.36,57.94,1100.78
109878,55165,625,1,54397.72,8159.66,46238.06
109879,55165,680,1,1294.32,0.0,1294.32
109880,55166,513,1,1399.58,279.92,1119.66
109881,55166,716,4,1117.48,0.0,4469.92
109882,55166,512,4,1219.3,487.72,4389.48
109883,55166,661,1,16283.24,1628.32,14654.92
109884,55166,531,2,10687.35,2137.47,19237.23
109885,55167,621,1,1304.44,130.44,1174.0
109886,55168,722,1,53128.36,5312.84,47815.52
109887,55168,502,1,15084.04,0.0,15084.04
109888,55169,514,1,8817.04,0.0,8817.04
109889,55169,567,1,7980.38,0.0,7980.38
109890,55170,622,2,2792.75,558.55,5026.95
109891,55171,786,1,5485.59,0.0,5485.59
109892,55172,547,3,817.17,0.0,2451.51
109893,55172,727,1,11354.29,0.0,11354.29
109894,55172,533,2,10801.02,0.0,21602.04
109895,55172,608,1,667.69,0.0,667.69
109896,55173,618,2,161.7,0.0,323.4
109897,55173,520,3,1736.99,260.55,4950.42
109898,55173,532,1,820.25,0.0,820.25
109899,55174,594,1,55089.87,5508.99,49580.88
109900,55174,514,1,8817.04,0.0,8817.04
109901,55175,722,1,53128.36,0.0,53128.36
109902,55175,504,2,3910.83,782.17,7039.49
109903,55176,504,5,3910.83,977.71,18576.44
109904,55176,680,1,1294.32,0.0,1294.32
109905,55176,617,1,1324.53,0.0,1324.53
109906,55177,735,2,1557.67,155.77,2959.57
109907,55178,797,1,1277.35,0.0,1277.35
109908,55179,533,3,10801.02,0.0,32403.06
109909,55179,659,1,364.24,0.0,364.24
109910,55179,628,1,6761.04,0.0,6761.04
109911,55179,536,1,1067.42,53.37,1014.05
109912,55180,631,1,1647.26,0.0,1647.26
109913,55180,596,2,1919.15,383.83,0.01
109914,55180,775,3,3454.82,0.0,10364.46
109915,55180,645,1,3816.62,0.0,3816.62
109916,55181,527,1,43071.55,0.0,43071.55
109917,55182,689,1,11449.91,1144.99,10304.92
109918,55183,562,1,1170.27,58.51,1111.76
109919,55183,766,2,4834.22,483.42,9185.02
109920,55183,738,1,4031.99,403.2,3628.79
109921,55184,636,1,1717.09,85.85,1631.24
109922,55185,617,2,1324.53,0.0,2649.06
109923,55185,676,2,865.11,0.0,1730.22
109924,55186,687,2,1705.39,170.54,3240.24
109925,55187,746,1,1732.13,86.61,1645.52
109926,55187,568,1,5802.78,870.42,4932.36
109927,55187,737,2,454.39,0.0,908.78
109928,55188,662,1,9986.23,0.0,9986.23
109929,55189,751,1,25845.26,1292.26,24553.0
109930,55190,528,1,951.12,190.22,760.9
109931,55191,575,1,253.01,0.0,253.01
109932,55191,600,2,6469.3,0.0,12938.6
109933,55192,551,1,3446.79,0.0,3446.79
109934,55192,646,2,6680.81,0.0,13361.62
109935,55193,574,10,20894.55,0.0,208945.5
109936,55193,711,2,5931.42,0.0,11862.84
109937,55194,661,2,16283.24,0.0,32566.48
109938,55194,574,1,20894.55,0.0,20894.55
109939,55195,733,1,1597.66,0.0,1597.66
109940,55196,772,1,6175.25,0.0,6175.25
109941,55197,747,1,805.8,0.0,805.8
109942,55197,568,1,5802.78,290.14,5512.64
109943,55198,634,2,5262.27,1052.45,9472.09
109944,55198,728,1,2491.24,0.0,2491.24
109945,55198,579,3,17100.24,2565.04,48735.68
109946,55199,658,1,711.18,35.56,675.62
109947,55200,515,1,1144.81,228.96,915.85
109948,55200,747,5,805.8,0.0,4029.0
109949,55201,556,2,3671.69,0.0,7343.38
109950,55202,767,3,2764.13,0.0,8292.39
109951,55202,576,2,2970.75,297.07,5644.43
109952,55202,676,2,865.11,0.0,1730.22
109953,55203,696,4,4358.64,871.73,16562.83
109954,55204,539,1,1082.58,108.26,974.32
109955,55204,685,2,9687.25,1937.45,17437.05
109956,55205,681,1,5353.16,0.0,5353.16
109957,55205,570,1,4486.57,224.33,4262.24
109958,55206,703,10,2609.04,0.0,26090.4
109959,55207,645,1,3816.62,0.0,3816.62
109960,55208,541,1,2124.38,0.0,2124.38
109961,55208,554,1,5371.45,0.0,5371.45
109962,55209,562,1,1170.27,117.03,1053.24
109963,55210,795,10,18501.43,0.0,185014.3
109964,55210,639,1,5888.93,588.89,5300.04
109965,55210,601,2,17813.81,3562.76,32064.86
109966,55211,706,2,14673.28,0.0,29346.56
109967,55212,674,1,7676.03,0.0,7676.03
109968,55212,510,1,640.28,0.0,640.28
109969,55213,750,3,182.17,27.33,519.18
109970,55214,538,-3,8640.93,864.09,7776.84
109971,55214,604,1,5835.32,0.0,5835.32
109972,55214,711,1,5931.42,0.0,5931.42
109973,55215,647,1,48665.91,7299.89,41366.02
109974,55215,664,1,18695.4,2804.31,15891.09
109975,55216,546,1,12181.16,609.06,11572.1
109976,55216,510,1,640.28,0.0,640.28
109977,55217,737,1,454.39,0.0,454.39
109978,55218,664,1,18695.4,0.0,18695.4
109979,55219,701,1,11805.02,0.0,11805.02
109980,55219,512,1,1219.3,0.0,1219.3
109981,55220,727,1,11354.29,0.0,11354.29
109982,55221,593,2,1214.64,242.93,2186.35
109983,55222,531,2,10687.35,0.0,21374.7
109984,55222,697,2,17716.2,0.0,35432.4
109985,55223,506,1,1305.17,195.78,1109.39
109986,55223,704,2,1165.72,233.14,2098.3
109987,55223,611,1,15431.65,0.0,15431.65
109988,55223,556,1,3671.69,0.0,3671.69
109989,55224,531,4,10687.35,0.0,42749.4
109990,55224,747,3,805.8,0.0,2417.4
109991,55225,770,2,2789.39,0.0,5578.78
109992,55226,762,2,886.5,177.3,1595.7
109993,55226,644,1,36167.51,0.0,36167.51
109994,55226,737,5,454.39,340.79,1931.16
109995,55226,599,2,2796.57,279.66,5313.48
109996,55227,767,2,2764.13,0.0,5528.26
109997,55227,580,2,1023.86,0.0,2047.72
109998,55227,576,1,2970.75,0.0,2970.75
109999,55228,568,2,5802.78,0.0,11605.56
110000,55229,524,1,1357.31,0.0,1357.31
110001,55230,759,1,8304.75,0.0,8304.75
110002,55231,501,3,45292.52,0.0,135877.56
110003,55232,693,1,1213.14,0.0,1213.14
110004,55232,682,2,707.75,141.55,1273.95
110005,55233,791,3,11369.6,0.0,34108.8
110006,55233,754,1,9295.64,0.0,9295.64
110007,55234,502,1,15084.04,0.0,15084.04
110008,55234,546,1,12181.16,1827.17,10353.99
110009,55235,778,1,2068.11,310.22,1757.89
110010,55236,533,1,10801.02,2160.2,8640.82
110011,55236,727,2,11354.29,0.0,22708.58
110012,55236,767,1,2764.13,0.0,2764.13
110013,55236,655,5,5152.69,0.0,25763.45
110014,55237,682,2,707.75,141.55,1273.95
110015,55238,598,1,579.36,28.97,550.39
110016,55238,719,1,15471.04,2320.66,13150.38
110017,55238,527,1,43071.55,2153.58,40917.97
110018,55239,661,1,16283.24,814.16,15469.08
110019,55239,787,2,27577.51,0.0,55155.02
110020,55239,795,1,18501.43,1850.14,16651.29
110021,55239,761,1,1440.57,144.06,1296.51
110022,55240,539,1,1082.58,0.0,1082.58
110023,55241,757,1,13097.42,2619.48,10477.94
110024,55242,522,1,39986.91,0.0,39986.91
110025,55243,737,2,454.39,0.0,908.78
110026,55243,512,2,1219.3,0.0,2438.6
110027,55244,594,1,55089.87,8263.48,46826.39
110028,55244,674,3,7676.03,3454.21,19573.88
110029,55244,667,1,558.92,55.89,503.03
110030,55244,759,2,8304.75,0.0,16609.5
110031,55244,768,2,10470.08,0.0,20940.16
110032,55245,692,2,7325.8,2930.32,11721.28
110033,55245,557,3,783.76,235.13,2116.15
110034,55245,637,1,3516.12,351.61,3164.51
110035,55246,583,4,9641.6,0.0,38566.4
110036,55247,605,1,1048.97,0.0,1048.97
110037,55247,743,2,892.31,0.0,1784.62
110038,55248,548,1,8285.36,0.0,8285.36
110039,55248,563,1,5426.08,0.0,5426.08
110040,55249,792,1,2835.7,283.57,2552.13
110041,55250,738,1,4031.99,0.0,4031.99
110042,55251,626,4,236.68,0.0,946.72
110043,55252,501,1,45292.52,9058.5,36234.02
110044,55252,550,3,3272.22,490.83,9325.83
110045,55253,618,1,161.7,0.0,161.7
110046,55254,536,2,1067.42,0.0,2134.84
110047,55255,589,3,17388.16,0.0,52164.48
110048,55255,586,2,4444.5,1333.35,7555.65
110049,55256,725,2,6229.36,0.0,12458.72
110050,55256,747,1,805.8,161.16,644.64
110051,55256,762,1,886.5,44.33,842.17
110052,55257,539,2,1082.58,0.0,2165.16
110053,55257,732,1,3277.37,0.0,3277.37
110054,55257,753,1,1068.74,213.75,854.99
110055,55257,671,4,3564.48,0.0,14257.92
110056,55258,749,1,1601.66,80.08,1521.58
110057,55258,510,2,640.28,0.0,1280.56
110058,55259,606,1,290.06,29.01,261.05
110059,55260,758,3,2596.01,0.0,7788.03
110060,55260,582,2,8407.83,0.0,16815.66
110061,55260,572,2,1098.59,0.0,2197.18
110062,55261,711,1,5931.42,0.0,5931.42
110063,55262,666,1,4195.88,0.0,4195.88
110064,55263,789,1,2799.8,139.99,2659.81
110065,55264,644,3,36167.51,0.0,108502.53
110066,55265,672,1,9227.41,0.0,9227.41
110067,55265,757,1,13097.42,1309.74,11787.68
110068,55265,703,1,2609.04,0.0,2609.04
110069,55266,781,1,508.19,0.0,508.19
110070,55266,596,2,1919.15,0.0,3838.3
110071,55266,573,1,620.76,0.0,620.76
110072,55267,664,1,18695.4,0.0,18695.4
110073,55267,577,5,795.1,0.0,3975.5
110074,55267,615,1,24337.83,0.0,24337.83
110075,55268,691,1,12820.07,0.0,12820.07
110076,55268,664,1,18695.4,934.77,17760.63
110077,55269,709,2,5677.52,0.0,11355.04
110078,55269,649,1,699.68,0.0,699.68
110079,55269,756,1,372.34,0.0,372.34
110080,55270,705,1,17197.08,0.0,17197.08
110081,55270,792,1,2835.7,283.57,2552.13
110082,55270,553,2,31731.27,0.0,63462.54
110083,55271,723,1,3644.62,364.46,3280.16
110084,55271,665,1,2533.05,253.31,2279.74
110085,55272,719,1,15471.04,2320.66,13150.38
110086,55273,725,2,6229.36,0.0,12458.72
110087,55273,638,1,9668.28,0.0,9668.28
110088,55273,784,1,1641.14,0.0,1641.14
110089,55274,596,1,1919.15,95.96,1823.19
110090,55274,559,4,5502.85,1100.57,20910.83
110091,55274,711,2,5931.42,0.0,11862.84
110092,55275,999999,10,1072.89,0.0,10728.9
110093,55276,739,4,9905.71,5943.43,33679.41
110094,55276,752,2,14566.93,1456.69,27677.17
110095,55277,575,1,253.01,0.0,253.01
110096,55277,582,1,8407.83,1681.57,6726.26
110097,55278,596,4,1919.15,0.0,7676.6
110098,55279,636,2,1717.09,0.0,3434.18
110099,55279,552,1,10613.41,0.0,10613.41
110100,55279,750,3,182.17,0.0,546.51
110101,55279,609,1,3589.04,0.0,3589.04
110102,55280,527,2,43071.55,0.0,86143.1
110103,55281,683,2,873.55,0.0,1747.1
110104,55281,743,1,892.31,89.23,803.08
110105,55281,576,2,2970.75,0.0,5941.5
110106,55281,527,3,43071.55,0.0,129214.65
110107,55282,620,4,607.15,242.86,2185.74
110108,55283,611,1,15431.65,0.0,15431.65
110109,55283,769,4,1383.36,0.0,5533.44
110110,55283,725,1,6229.36,622.94,5606.42
110111,55283,798,1,3816.99,0.0,3816.99
110112,55283,641,3,3333.39,500.01,9500.16
110113,55284,537,1,7317.24,1097.59,6219.65
110114,55284,781,1,508.19,101.64,406.55
110115,55284,535,2,2114.96,0.0,4229.92
110116,55285,596,1,1919.15,383.83,1535.32
110117,55285,750,1,182.17,0.0,182.17
110118,55286,724,1,2567.59,0.0,2567.59
110119,55286,563,2,5426.08,542.61,10309.55
110120,55286,580,10,1023.86,0.0,10238.6
110121,55287,747,1,805.8,0.0,805.8
110122,55287,672,1,9227.41,1384.11,7843.3
110123,55287,771,2,1072.89,0.0,2145.78
110124,55287,595,5,2237.17,1118.59,10067.26
110125,55288,730,4,713.55,0.0,2854.2
110126,55289,793,1,2448.49,0.0,0.01
110127,55289,543,2,4352.44,0.0,8704.88
110128,55289,602,1,817.44,163.49,653.95
110129,55289,556,1,3671.69,0.0,3671.69
110130,55290,771,2,1072.89,0.0,2145.78
110131,55291,708,1,10297.58,0.0,10297.58
110132,55291,615,2,24337.83,7301.35,41374.31
110133,55292,543,1,4352.44,217.62,4134.82
110134,55292,595,5,2237.17,0.0,11185.85
110135,55292,575,1,253.01,25.3,227.71
110136,55293,652,4,13563.11,0.0,54252.44
110137,55294,588,1,490.64,0.0,490.64
110138,55294,748,4,2116.96,0.0,8467.84
110139,55294,680,1,1294.32,0.0,1294.32
110140,55295,637,1,3516.12,0.0,3516.12
110141,55295,767,1,2764.13,0.0,2764.13
110142,55295,555,2,9558.13,0.0,19116.26
110143,55296,700,1,6725.93,0.0,6725.93
110144,55296,782,1,9360.71,468.04,8892.67
110145,55296,663,2,1339.76,0.0,2679.52
110146,55297,646,2,6680.81,0.0,13361.62
110147,55297,583,-1,9641.6,0.0,19283.2
110148,55298,552,1,10613.41,530.67,10082.74
110149,55298,751,1,25845.26,1292.26,24553.0
110150,55298,518,10,49561.42,0.0,495614.2
110151,55298,654,1,2895.35,0.0,2895.35
110152,55299,756,3,372.34,0.0,1117.02
110153,55300,564,1,1265.51,0.0,1265.51
110154,55301,754,1,9295.64,464.78,8830.86
110155,55301,723,1,3644.62,182.23,3462.39
110156,55302,769,2,1383.36,276.67,2490.05
110157,55302,777,2,2061.3,0.0,4122.6
110158,55303,762,1,886.5,0.0,886.5
110159,55303,707,1,626.29,0.0,626.29
110160,55304,713,1,5412.77,1082.55,4330.22
110161,55305,739,3,9905.71,5943.43,23773.7
110162,55306,765,1,37606.92,7521.38,30085.54
110163,55306,690,1,1805.43,0.0,1805.43
110164,55307,533,2,10801.02,0.0,21602.04
110165,55307,501,5,45292.52,11323.13,215139.47
110166,55307,648,1,1203.65,0.0,1203.65
110167,55307,689,2,11449.91,0.0,22899.82
110168,55308,743,3,892.31,0.0,2676.93
110169,55308,506,1,1305.17,130.52,1174.65
110170,55309,707,1,626.29,31.31,594.98
110171,55309,561,1,2177.62,0.0,2177.62
110172,55309,760,5,11301.08,2825.27,53680.13
110173,55309,595,1,2237.17,0.0,2237.17
110174,55310,693,4,1213.14,0.0,4852.56
110175,55311,716,1,1117.48,111.75,1005.73
110176,55312,741,1,1969.25,98.46,1870.79
110177,55312,646,1,6680.81,668.08,6012.73
110178,55312,777,1,2061.3,0.0,2061.3
110179,55312,506,1,1305.17,0.0,1305.17
110180,55313,765,1,37606.92,0.0,37606.92
110181,55313,658,1,711.18,0.0,711.18
110182,55314,600,2,6469.3,0.0,12938.6
110183,55315,560,1,407.29,0.0,407.29
110184,55315,504,5,3910.83,0.0,19554.15
110185,55315,649,1,699.68,104.95,594.73
110186,55315,595,1,2237.17,0.0,2237.17
110187,55316,599,3,2796.57,1258.46,7131.25
110188,55316,760,1,11301.08,1130.11,10170.97
110189,55317,741,2,1969.25,0.0,3938.5
110190,55317,732,5,3277.37,819.34,15567.51
110191,55317,579,1,17100.24,0.0,17100.24
110192,55317,762,1,886.5,88.65,797.85
110193,55317,513,1,1399.58,0.0,1399.58
110194,55318,722,1,53128.36,10625.67,42502.69
110195,55319,559,1,5502.85,825.43,4677.42
110196,55320,769,2,1383.36,276.67,2490.05
110197,55320,587,2,790.56,0.0,1581.12
110198,55321,571,1,11994.11,1199.41,10794.7
110199,55322,743,5,892.31,223.08,4238.47
110200,55323,740,1,38799.36,0.0,38799.36
110201,55324,621,1,1304.44,65.22,1239.22
110202,55325,533,3,10801.02,1620.15,30782.91
110203,55326,529,1,47474.39,0.0,47474.39
110204,55326,677,1,3625.43,0.0,3625.43
110205,55327,641,1,3333.39,0.0,3333.39
110206,55327,506,2,1305.17,0.0,2610.34
110207,55328,716,1,1117.48,55.87,1061.61
110208,55328,525,1,4003.31,400.33,3602.98
110209,55328,508,1,5538.85,553.89,4984.96
110210,55328,750,1,182.17,18.22,163.95
110211,55329,796,1,1462.48,219.37,1243.11
110212,55329,619,1,577.92,0.0,577.92
110213,55329,627,1,348.17,0.0,348.17
110214,55330,686,1,4182.59,209.13,3973.46
110215,55331,743,1,892.31,89.23,803.08
110216,55332,622,2,2792.75,0.0,5585.5
110217,55333,745,1,5138.19,0.0,5138.19
110218,55333,683,1,873.55,43.68,829.87
110219,55334,748,1,2116.96,317.54,1799.42
110220,55335,562,1,1170.27,117.03,1053.24
110221,55336,679,1,53522.92,0.0,53522.92
110222,55336,607,1,10316.31,0.0,10316.31
110223,55337,640,1,1058.22,105.82,952.4
110224,55338,703,1,2609.04,0.0,2609.04
110225,55338,528,1,951.12,0.0,951.12
110226,55339,593,4,1214.64,728.78,4129.78
110227,55340,721,5,5715.09,0.0,28575.45
110228,55340,674,2,7676.03,0.0,15352.06
110229,55341,614,2,30296.77,0.0,60593.54
110230,55342,534,1,46679.73,2333.99,44345.74
110231,55343,625,1,54397.72,0.0,54397.72
110232,55343,730,1,713.55,35.68,677.87
110233,55343,781,3,508.19,0.0,1524.57
110234,55343,552,1,10613.41,1592.01,9021.4
110235,55343,646,2,6680.81,2672.32,10689.3
110236,55344,679,1,53522.92,0.0,53522.92
110237,55345,613,2,11372.12,0.0,22744.24
110238,55346,782,1,9360.71,1872.14,7488.57
110239,55346,534,1,46679.73,4667.97,42011.76
110240,55346,740,2,38799.36,0.0,77598.72
110241,55346,671,1,3564.48,534.67,3029.81
110242,55347,587,3,790.56,355.75,2015.93
110243,55347,655,3,5152.69,1545.81,13912.26
110244,55348,791,1,11369.6,0.0,11369.6
110245,55349,798,3,3816.99,0.0,11450.97
110246,55349,732,2,3277.37,0.0,6554.74
110247,55349,735,1,1557.67,77.88,1479.79
110248,55350,615,2,24337.83,7301.35,41374.31
110249,55351,669,1,5183.71,0.0,5183.71
110250,55351,752,1,14566.93,0.0,14566.93
110251,55352,714,1,44813.18,0.0,44813.18
110252,55352,771,4,1072.89,858.31,3433.25
110253,55352,546,2,12181.16,0.0,24362.32
110254,55353,795,2,18501.43,1850.14,35152.72
110255,55353,570,1,4486.57,448.66,4037.91
110256,55353,611,1,15431.65,0.0,15431.65
110257,55353,666,1,4195.88,0.0,4195.88
110258,55353,569,3,46883.02,21097.36,119551.7
110259,55354,537,1,7317.24,731.72,6585.52
110260,55355,705,1,17197.08,2579.56,14617.52
110261,55355,567,1,7980.38,399.02,7581.36
110262,55355,560,1,407.29,40.73,366.56
110263,55356,796,2,1462.48,0.0,2924.96
110264,55357,511,1,856.8,128.52,728.28
110265,55358,689,3,11449.91,0.0,34349.73
110266,55358,754,1,9295.64,0.0,9295.64
110267,55358,670,1,2118.7,211.87,1906.83
110268,55358,698,2,9291.61,1858.32,16724.9
110269,55358,770,1,2789.39,0.0,2789.39
110270,55359,706,1,14673.28,2200.99,12472.29
110271,55360,728,1,2491.24,0.0,2491.24
110272,55361,727,3,11354.29,5109.43,28953.44
110273,55362,703,1,2609.04,260.9,2348.14
110274,55363,648,2,1203.65,361.1,2046.2
110275,55363,505,2,5998.46,599.85,11397.07
110276,55363,721,2,5715.09,571.51,10858.67
110277,55364,661,1,16283.24,0.0,16283.24
110278,55364,613,1,11372.12,568.61,10803.51
110279,55365,503,1,1376.24,137.62,1238.62
110280,55365,516,2,14192.65,0.0,28385.3
110281,55366,760,1,11301.08,0.0,11301.08
110282,55367,523,1,6428.51,0.0,6428.51
110283,55368,701,5,11805.02,5902.51,53122.59
110284,55369,796,1,1462.48,0.0,1462.48
110285,55370,565,3,322.27,0.0,966.81
110286,55371,764,1,38368.4,1918.42,36449.98
110287,55371,573,5,620.76,155.19,2948.61
110288,55371,779,1,9166.85,1833.37,7333.48
110289,55372,796,4,1462.48,292.5,5557.42
110290,55372,748,3,2116.96,952.63,5398.25
110291,55372,743,2,892.31,0.0,1784.62
110292,55372,526,1,5568.93,278.45,5290.48
110293,55372,615,3,24337.83,0.0,73013.49
110294,55373,757,1,13097.42,0.0,13097.42
110295,55374,722,1,53128.36,5312.84,47815.52
110296,55374,597,2,535.83,53.58,1018.08
110297,55374,685,1,9687.25,968.73,8718.52
110298,55374,743,2,892.31,0.0,1784.62
110299,55375,562,10,1170.27,0.0,11702.7
110300,55376,691,1,12820.07,0.0,12820.07
110301,55377,503,2,1376.24,0.0,2752.48
110302,55378,796,2,1462.48,0.0,2924.96
110303,55378,697,2,17716.2,3543.24,31889.16
110304,55379,554,2,5371.45,0.0,10742.9
110305,55379,689,1,11449.91,0.0,11449.91
110306,55380,684,1,59645.43,0.0,59645.43
110307,55381,795,1,18501.43,0.0,18501.43
110308,55381,541,1,2124.38,106.22,2018.16
110309,55381,570,2,4486.57,0.0,8973.14
110310,55381,640,1,1058.22,52.91,1005.31
110311,55382,680,1,1294.32,0.0,1294.32
110312,55383,650,1,6201.76,0.0,6201.76
110313,55384,579,1,17100.24,0.0,17100.24
110314,55384,563,1,5426.08,0.0,5426.08
110315,55385,648,2,1203.65,120.37,2286.93
110316,55386,685,3,9687.25,2906.18,26155.57
110317,55386,729,4,2699.1,0.0,10796.4
110318,55386,720,1,3038.53,455.78,2582.75
110319,55387,572,1,1098.59,0.0,1098.59
110320,55387,545,-1,1464.92,0.0,1464.92
110321,55388,505,2,5998.46,0.0,11996.92
110322,55389,685,1,9687.25,0.0,9687.25
110323,55390,509,2,3363.13,1345.25,5381.01
110324,55390,502,3,15084.04,0.0,45252.12
110325,55390,714,1,44813.18,0.0,44813.18
110326,55391,525,1,4003.31,600.5,3402.81
110327,55392,544,2,6582.2,0.0,13164.4
110328,55392,620,1,607.15,0.0,607.15
110329,55393,607,2,10316.31,1031.63,19600.99
110330,55394,552,3,10613.41,0.0,31840.23
110331,55395,596,1,1919.15,95.96,1823.19
110332,55395,586,1,4444.5,0.0,4444.5
110333,55395,617,1,1324.53,66.23,1258.3
110334,55395,750,2,182.17,0.0,364.34
110335,55396,541,1,2124.38,0.0,2124.38
110336,55396,503,2,1376.24,137.62,2614.86
110337,55397,690,1,1805.43,180.54,1624.89
110338,55398,603,2,18106.09,0.0,36212.18
110339,55398,580,1,1023.86,0.0,1023.86
110340,55398,532,1,820.25,41.01,779.24
110341,55399,773,1,5708.39,0.0,5708.39
110342,55399,508,1,5538.85,1107.77,4431.08
110343,55399,528,1,951.12,47.56,903.56
110344,55399,714,2,44813.18,0.0,89626.36
110345,55400,588,3,490.64,0.0,1471.92
110346,55400,768,2,10470.08,1047.01,19893.15
110347,55401,792,2,2835.7,0.0,5671.4
110348,55402,587,1,790.56,0.0,790.56
110349,55402,648,3,1203.65,0.0,3610.95
110350,55402,640,1,1058.22,0.0,1058.22
110351,55402,658,1,711.18,0.0,711.18
110352,55403,775,1,3454.82,0.0,3454.82
110353,55404,786,1,5485.59,0.0,5485.59
110354,55404,702,1,569.75,0.0,569.75
110355,55405,531,1,10687.35,534.37,10152.98
110356,55406,750,1,182.17,27.33,154.84
110357,55407,739,3,9905.71,0.0,29717.13
110358,55408,753,1,1068.74,0.0,1068.74
110359,55408,772,1,6175.25,0.0,6175.25
110360,55409,561,1,2177.62,0.0,2177.62
110361,55409,667,2,558.92,0.0,1117.84
110362,55410,782,2,9360.71,2808.21,15913.21
110363,55411,614,3,30296.77,0.0,90890.31
110364,55411,589,2,17388.16,5216.45,29559.87
110365,55412,794,1,482.29,0.0,482.29
110366,55413,569,1,46883.02,0.0,46883.02
110367,55413,762,3,886.5,0.0,2659.5
110368,55414,606,1,290.06,0.0,290.06
110369,55415,520,1,1736.99,0.0,1736.99
110370,55415,699,2,713.36,0.0,1426.72
110371,55416,621,3,1304.44,0.0,3913.32
110372,55417,701,1,11805.02,590.25,11214.77
110373,55417,800,4,2202.18,0.0,8808.72
110374,55418,673,1,1038.9,0.0,1038.9
110375,55418,621,1,1304.44,65.22,1239.22
110376,55418,740,1,38799.36,0.0,38799.36
110377,55419,587,5,790.56,0.0,3952.8
110378,55419,637,2,3516.12,1054.84,5977.4
110379,55419,627,1,348.17,34.82,313.35
110380,55420,666,3,4195.88,0.0,12587.64
110381,55421,694,1,1970.24,394.05,1576.19
110382,55421,629,5,717.69,358.85,3229.6
110383,55421,659,2,364.24,36.42,692.06
110384,55422,662,1,9986.23,0.0,9986.23
110385,55423,616,1,594.6,0.0,594.6
110386,55423,755,1,923.61,0.0,923.61
110387,55423,507,2,5384.85,1076.97,9692.73
110388,55423,665,1,2533.05,0.0,2533.05
110389,55423,673,5,1038.9,0.0,5194.5
110390,55424,588,2,490.64,98.13,883.15
110391,55424,580,1,1023.86,51.19,972.67
110392,55425,518,2,49561.42,4956.14,94166.7
110393,55426,518,2,49561.42,0.0,99122.84
110394,55427,797,1,1277.35,0.0,1277.35
110395,55428,786,1,5485.59,274.28,5211.31
110396,55429,525,1,4003.31,0.0,4003.31
110397,55430,800,1,2202.18,0.0,2202.18
110398,55431,739,1,9905.71,0.0,9905.71
110399,55431,706,1,14673.28,0.0,14673.28
110400,55432,597,5,535.83,0.0,0.01
110401,55432,697,1,17716.2,0.0,17716.2
110402,55433,787,1,27577.51,1378.88,26198.63
110403,55433,704,1,1165.72,58.29,1107.43
110404,55433,586,2,4444.5,888.9,8000.1
110405,55433,795,1,18501.43,1850.14,16651.29
110406,55433,542,5,1742.37,0.0,8711.85
110407,55434,668,1,1156.71,0.0,1156.71
110408,55434,767,1,2764.13,0.0,2764.13
110409,55434,695,1,24310.04,3646.51,20663.53
110410,55435,527,1,43071.55,6460.73,36610.82
110411,55435,728,1,2491.24,0.0,2491.24
110412,55436,593,2,1214.64,0.0,2429.28
110413,55437,704,1,1165.72,58.29,1107.43
110414,55437,637,1,3516.12,0.0,3516.12
110415,55437,736,1,6075.78,0.0,6075.78
110416,55438,746,1,1732.13,0.0,1732.13
110417,55439,741,2,1969.25,0.0,3938.5
110418,55440,678,2,37877.29,3787.73,71966.85
110419,55440,609,1,3589.04,0.0,3589.04
110420,55441,550,1,3272.22,0.0,3272.22
110421,55441,717,1,902.81,0.0,902.81
110422,55441,770,1,2789.39,139.47,2649.92
110423,55442,631,4,1647.26,0.0,6589.04
110424,55442,646,1,6680.81,668.08,6012.73
110425,55443,729,2,2699.1,0.0,5398.2
110426,55444,735,2,1557.67,0.0,3115.34
110427,55445,573,1,620.76,0.0,620.76
110428,55446,781,3,508.19,0.0,1524.57
110429,55447,714,2,44813.18,4481.32,85145.04
110430,55447,510,1,640.28,32.01,608.27
110431,55447,513,1,1399.58,0.0,1399.58
110432,55447,583,1,9641.6,482.08,9159.52
110433,55447,717,10,902.81,0.0,9028.1
110434,55448,567,3,7980.38,3591.17,20349.97
110435,55449,663,1,1339.76,0.0,1339.76
110436,55450,681,1,5353.16,0.0,5353.16
110437,55451,710,1,10731.06,0.0,10731.06
110438,55451,735,2,1557.67,467.3,2648.04
110439,55452,540,5,32834.15,16417.08,147753.67
110440,55452,607,2,10316.31,0.0,20632.62
110441,55452,758,1,2596.01,0.0,2596.01
110442,55453,666,2,4195.88,419.59,7972.17
110443,55453,654,1,2895.35,0.0,2895.35
110444,55454,749,1,1601.66,80.08,1521.58
110445,55454,609,1,3589.04,0.0,3589.04
110446,55454,734,1,839.57,0.0,839.57
110447,55455,582,2,8407.83,0.0,16815.66
110448,55456,593,1,1214.64,0.0,1214.64
110449,55457,799,2,2348.69,0.0,4697.38
110450,55458,788,1,8889.42,0.0,8889.42
110451,55458,786,1,5485.59,274.28,5211.31
110452,55458,627,1,348.17,0.0,348.17
110453,55458,657,3,8779.23,0.0,26337.69
110454,55459,661,1,16283.24,0.0,16283.24
110455,55460,705,2,17197.08,0.0,34394.16
110456,55461,649,1,699.68,0.0,699.68
110457,55461,593,10,1214.64,0.0,12146.4
110458,55461,577,1,795.1,79.51,715.59
110459,55462,623,-3,2674.16,401.12,2273.04
110460,55462,587,1,790.56,0.0,790.56
110461,55462,547,1,817.17,0.0,817.17
110462,55463,676,1,865.11,0.0,865.11
110463,55464,730,1,713.55,0.0,713.55
110464,55465,632,1,2338.49,0.0,2338.49
110465,55465,650,1,6201.76,0.0,6201.76
110466,55465,658,1,711.18,0.0,711.18
110467,55465,700,1,6725.93,1008.89,5717.04
110468,55466,780,2,3012.88,1205.15,4820.61
110469,55467,602,1,817.44,40.87,776.57
110470,55468,663,1,1339.76,0.0,1339.76
110471,55468,658,1,711.18,0.0,711.18
110472,55468,626,3,236.68,0.0,710.04
110473,55468,670,1,2118.7,0.0,2118.7
110474,55468,544,1,6582.2,0.0,6582.2
110475,55469,691,4,12820.07,10256.06,41024.22
110476,55469,760,2,11301.08,4520.43,18081.73
110477,55470,561,1,2177.62,217.76,1959.86
110478,55470,737,1,454.39,0.0,454.39
110479,55471,769,-3,1383.36,138.34,1245.02
110480,55471,721,2,5715.09,0.0,11430.18
110481,55471,577,2,795.1,0.0,1590.2
110482,55471,710,1,10731.06,0.0,10731.06
110483,55472,756,1,372.34,0.0,372.34
110484,55473,511,1,856.8,171.36,685.44
110485,55474,654,2,2895.35,579.07,5211.63
110486,55475,735,1,1557.67,0.0,1557.67
110487,55476,664,1,18695.4,0.0,18695.4
110488,55477,566,1,8272.67,0.0,8272.67
110489,55478,592,1,1511.43,0.0,1511.43
110490,55479,525,1,4003.31,0.0,4003.31
110491,55480,713,1,5412.77,0.0,5412.77
110492,55481,503,1,1376.24,0.0,1376.24
110493,55481,618,1,161.7,0.0,161.7
110494,55481,604,2,5835.32,0.0,11670.64
110495,55482,722,1,53128.36,0.0,53128.36
110496,55483,790,2,723.68,0.0,1447.36
110497,55483,547,1,817.17,0.0,817.17
110498,55483,602,3,817.44,0.0,2452.32
110499,55483,699,1,713.36,0.0,713.36
110500,55483,728,1,2491.24,0.0,2491.24
110501,55484,596,1,1919.15,0.0,1919.15
110502,55484,753,1,1068.74,0.0,1068.74
110503,55484,554,1,5371.45,0.0,5371.45
110504,55485,582,2,8407.83,1681.57,15134.09
110505,55485,549,2,13993.54,0.0,27987.08
110506,55486,740,4,38799.36,0.0,155197.44
110507,55486,523,1,6428.51,0.0,6428.51
110508,55486,664,1,18695.4,0.0,18695.4
110509,55487,650,2,6201.76,0.0,12403.52
110510,55487,611,-3,15431.65,0.0,15431.65
110511,55488,781,1,508.19,25.41,482.78
110512,55489,543,2,4352.44,0.0,8704.88
110513,55489,708,1,10297.58,1029.76,9267.82
110514,55490,612,1,2192.78,0.0,2192.78
110515,55491,647,1,48665.91,2433.3,46232.61
110516,55491,537,3,7317.24,0.0,21951.72
110517,55491,677,1,3625.43,0.0,3625.43
110518,55492,749,5,1601.66,400.42,7607.88
110519,55493,715,2,61205.17,0.0,122410.34
110520,55494,617,2,1324.53,0.0,2649.06
110521,55495,648,-1,1203.65,0.0,4814.6
110522,55496,658,1,711.18,0.0,711.18
110523,55496,736,2,6075.78,0.0,12151.56
110524,55497,792,1,2835.7,0.0,2835.7
110525,55498,682,2,707.75,212.32,1203.18
110526,55499,553,1,31731.27,0.0,31731.27
110527,55500,691,2,12820.07,1282.01,24358.13
110528,55501,680,1,1294.32,64.72,1229.6
110529,55502,658,1,711.18,35.56,675.62
110530,55503,636,2,1717.09,171.71,3262.47
110531,55504,730,1,713.55,0.0,713.55
110532,55505,679,2,53522.92,0.0,107045.84
110533,55505,565,2,322.27,0.0,644.54
110534,55505,527,1,43071.55,8614.31,34457.24
110535,55506,656,1,9107.06,0.0,9107.06
110536,55507,707,3,626.29,93.94,1784.93
110537,55507,625,2,54397.72,0.0,108795.44
110538,55508,763,4,66.59,13.32,253.04
110539,55509,513,1,1399.58,69.98,1329.6
110540,55510,533,1,10801.02,1080.1,9720.92
110541,55511,524,1,1357.31,0.0,1357.31
110542,55512,776,1,1371.98,0.0,1371.98
110543,55512,548,3,8285.36,2485.61,22370.47
110544,55513,773,1,5708.39,0.0,5708.39
110545,55514,628,1,6761.04,0.0,6761.04
110546,55514,533,3,10801.02,0.0,32403.06
110547,55514,511,1,856.8,85.68,771.12
110548,55514,773,1,5708.39,0.0,5708.39
110549,55515,768,5,10470.08,0.0,52350.4
110550,55516,546,1,12181.16,0.0,12181.16
110551,55516,699,1,713.36,0.0,713.36
110552,55516,528,1,951.12,95.11,856.01
110553,55516,725,2,6229.36,0.0,12458.72
110554,55517,585,1,29624.84,0.0,29624.84
110555,55517,593,2,1214.64,0.0,2429.28
110556,55518,761,1,1440.57,72.03,1368.54
110557,55519,554,2,5371.45,0.0,10742.9
110558,55519,737,4,454.39,0.0,1817.56
110559,55519,757,1,13097.42,0.0,13097.42
110560,55520,580,3,1023.86,0.0,3071.58
110561,55520,652,4,13563.11,2712.62,51539.82
110562,55520,563,1,5426.08,0.0,5426.08
110563,55521,571,1,11994.11,0.0,11994.11
110564,55521,685,1,9687.25,0.0,9687.25
110565,55521,749,1,1601.66,0.0,1601.66
110566,55521,720,1,3038.53,0.0,3038.53
110567,55521,679,5,53522.92,0.0,267614.6
110568,55522,555,1,9558.13,477.91,9080.22
110569,55522,686,2,4182.59,0.0,8365.18
110570,55522,628,2,6761.04,0.0,13522.08
110571,55523,554,1,5371.45,0.0,5371.45
110572,55524,711,1,5931.42,889.71,5041.71
110573,55525,565,2,322.27,32.23,612.31
110574,55525,654,1,2895.35,0.0,2895.35
110575,55525,524,2,1357.31,135.73,2578.89
110576,55526,522,1,39986.91,3998.69,35988.22
110577,55526,525,1,4003.31,0.0,4003.31
110578,55527,766,1,4834.22,0.0,4834.22
110579,55527,658,1,711.18,0.0,711.18
110580,55527,623,1,2674.16,0.0,2674.16
110581,55527,693,5,1213.14,303.29,5762.41
110582,55528,628,1,6761.04,0.0,6761.04
110583,55529,598,1,579.36,0.0,579.36
110584,55529,527,1,43071.55,0.0,43071.55
110585,55529,545,1,1464.92,73.25,1391.67
110586,55530,715,3,61205.17,9180.78,174434.73
110587,55530,640,1,1058.22,105.82,952.4
110588,55531,532,1,820.25,123.04,697.21
110589,55532,595,4,2237.17,0.0,8948.68
110590,55532,532,2,820.25,164.05,1476.45
110591,55533,658,1,711.18,0.0,711.18
110592,55534,659,1,364.24,18.21,346.03
110593,55535,680,1,1294.32,0.0,1294.32
110594,55535,573,1,620.76,31.04,589.72
110595,55535,565,1,322.27,0.0,322.27
110596,55536,611,1,15431.65,0.0,15431.65
110597,55537,564,2,1265.51,0.0,2531.02
110598,55538,560,1,407.29,0.0,407.29
110599,55539,746,2,1732.13,173.21,3291.05
110600,55539,541,2,2124.38,0.0,4248.76
110601,55539,999999,2,15471.04,0.0,30942.08
110602,55540,533,3,10801.02,0.0,32403.06
110603,55541,734,1,839.57,0.0,839.57
110604,55542,800,4,2202.18,0.0,8808.72
110605,55543,768,2,10470.08,0.0,20940.16
110606,55543,765,1,37606.92,0.0,37606.92
110607,55543,608,1,667.69,0.0,667.69
110608,55544,587,1,790.56,0.0,790.56
110609,55545,699,1,713.36,71.34,642.02
110610,55546,507,2,5384.85,0.0,10769.7
110611,55547,672,2,9227.41,1845.48,16609.34
110612,55548,621,2,1304.44,130.44,2478.44
110613,55549,618,1,161.7,16.17,145.53
110614,55549,600,5,6469.3,6469.3,25877.2
110615,55549,788,1,8889.42,0.0,8889.42
110616,55549,672,1,9227.41,461.37,8766.04
110617,55550,507,1,5384.85,0.0,5384.85
110618,55550,730,1,713.55,0.0,713.55
110619,55551,518,2,49561.42,19824.57,79298.27
110620,55552,574,1,20894.55,0.0,20894.55
110621,55552,720,1,3038.53,0.0,3038.53
110622,55552,755,1,923.61,0.0,923.61
110623,55552,771,1,1072.89,0.0,1072.89
110624,55552,577,2,795.1,0.0,1590.2
110625,55553,605,1,1048.97,52.45,996.52
110626,55553,757,1,13097.42,0.0,13097.42
110627,55554,758,3,2596.01,778.8,7009.23
110628,55554,648,1,1203.65,0.0,1203.65
110629,55555,773,3,5708.39,2568.78,14556.39
110630,55556,671,1,3564.48,0.0,3564.48
110631,55557,520,1,1736.99,0.0,1736.99
110632,55558,738,1,4031.99,201.6,3830.39
110633,55558,589,2,17388.16,0.0,34776.32
110634,55558,772,3,6175.25,926.29,17599.46
110635,55558,702,5,569.75,427.31,2421.44
110636,55558,614,1,30296.77,3029.68,27267.09
110637,55559,689,2,11449.91,1144.99,21754.83
110638,55560,586,3,4444.5,0.0,13333.5
110639,55561,565,2,322.27,32.23,612.31
110640,55561,559,1,5502.85,0.0,5502.85
110641,55561,749,2,1601.66,0.0,3203.32
110642,55562,648,2,1203.65,0.0,2407.3
110643,55563,784,1,1641.14,328.23,1312.91
110644,55564,609,3,3589.04,1076.71,9690.41
110645,55565,649,1,699.68,139.94,559.74
110646,55566,787,2,27577.51,2757.75,52397.27
110647,55567,592,3,1511.43,226.71,4307.58
110648,55568,719,1,15471.04,0.0,15471.04
110649,55568,535,3,2114.96,0.0,0.01
110650,55569,517,1,12096.53,1209.65,10886.88
110651,55569,529,1,47474.39,2373.72,45100.67
110652,55570,759,3,8304.75,0.0,24914.25
110653,55570,728,5,2491.24,622.81,11833.39
110654,55571,731,2,1578.26,0.0,3156.52
110655,55572,502,1,15084.04,0.0,15084.04
110656,55572,733,1,1597.66,79.88,1517.78
110657,55573,781,2,508.19,0.0,1016.38
110658,55574,539,3,1082.58,162.39,3085.35
110659,55575,644,1,36167.51,0.0,36167.51
110660,55575,703,1,2609.04,0.0,2609.04
110661,55576,566,1,8272.67,0.0,8272.67
110662,55577,533,1,10801.02,0.0,10801.02
110663,55577,541,1,2124.38,106.22,2018.16
110664,55577,685,3,9687.25,2906.18,26155.57
110665,55578,675,5,16586.98,8293.49,74641.41
110666,55578,654,1,2895.35,144.77,2750.58
110667,55578,579,2,17100.24,0.0,34200.48
110668,55579,788,1,8889.42,444.47,8444.95
110669,55579,513,3,1399.58,0.0,4198.74
110670,55579,666,2,4195.88,0.0,8391.76
110671,55579,734,1,839.57,0.0,839.57
110672,55580,527,2,43071.55,0.0,86143.1
110673,55581,677,1,3625.43,725.09,2900.34
110674,55582,738,2,4031.99,0.0,8063.98
110675,55583,621,1,1304.44,130.44,1174.0
110676,55584,626,1,236.68,0.0,236.68
110677,55584,630,1,2387.03,0.0,2387.03
110678,55584,707,1,626.29,0.0,626.29
110679,55585,753,2,1068.74,0.0,2137.48
110680,55586,713,1,5412.77,811.92,4600.85
110681,55586,621,1,1304.44,0.0,1304.44
110682,55586,562,1,1170.27,58.51,1111.76
110683,55586,534,2,46679.73,0.0,93359.46
110684,55587,576,1,2970.75,297.07,2673.68
110685,55587,629,1,717.69,0.0,717.69
110686,55588,514,1,8817.04,0.0,8817.04
110687,55588,559,1,5502.85,0.0,5502.85
110688,55589,551,1,3446.79,344.68,3102.11
110689,55589,536,3,1067.42,0.0,3202.26
110690,55590,554,1,5371.45,0.0,5371.45
110691,55590,747,3,805.8,120.87,2296.53
110692,55590,616,1,594.6,0.0,594.6
110693,55591,541,2,2124.38,849.75,3399.01
110694,55592,743,1,892.31,133.85,758.46
110695,55593,665,1,2533.05,506.61,2026.44
110696,55594,509,1,3363.13,504.47,2858.66
110697,55594,555,2,9558.13,0.0,19116.26
110698,55595,708,1,10297.58,514.88,9782.7
110699,55596,756,1,372.34,18.62,353.72
110700,55597,747,1,805.8,40.29,765.51
110701,55598,611,1,15431.65,0.0,15431.65
110702,55598,673,1,1038.9,51.95,986.95
110703,55599,666,1,4195.88,0.0,4195.88
110704,55599,793,1,2448.49,244.85,2203.64
110705,55599,542,1,1742.37,0.0,1742.37
110706,55600,558,3,9344.26,0.0,28032.78
110707,55600,631,1,1647.26,82.36,1564.9
110708,55601,778,1,2068.11,0.0,2068.11
110709,55602,603,1,18106.09,0.0,18106.09
110710,55602,637,3,3516.12,1582.25,8966.11
110711,55603,507,3,5384.85,807.73,15346.82
110712,55604,611,1,15431.65,0.0,15431.65
110713,55604,527,1,43071.55,0.0,43071.55
110714,55604,516,3,14192.65,4257.8,38320.15
110715,55604,796,3,1462.48,0.0,4387.44
110716,55605,681,3,5353.16,0.0,16059.48
110717,55605,751,1,25845.26,0.0,25845.26
110718,55606,728,1,2491.24,0.0,2491.24
110719,55607,710,1,10731.06,0.0,10731.06
110720,55608,673,1,1038.9,0.0,1038.9
110721,55609,629,1,717.69,0.0,717.69
110722,55610,780,1,3012.88,150.64,2862.24
110723,55610,733,2,1597.66,479.3,2716.02
110724,55611,510,3,640.28,0.0,1920.84
110725,55611,567,2,7980.38,0.0,15960.76
110726,55612,711,3,5931.42,1779.43,16014.83
110727,55613,545,5,1464.92,732.46,6592.14
110728,55614,549,1,13993.54,0.0,13993.54
110729,55615,532,1,820.25,0.0,820.25
110730,55616,722,2,53128.36,10625.67,95631.05
110731,55617,605,1,1048.97,52.45,996.52
110732,55618,709,1,5677.52,0.0,5677.52
110733,55618,723,1,3644.62,0.0,3644.62
110734,55619,537,1,7317.24,731.72,6585.52
110735,55619,727,1,11354.29,1135.43,10218.86
110736,55620,641,1,3333.39,166.67,3166.72
110737,55621,729,1,2699.1,0.0,2699.1
110738,55622,611,1,15431.65,0.0,15431.65
110739,55622,681,1,5353.16,535.32,4817.84
110740,55623,642,2,6612.07,0.0,13224.14
110741,55624,506,2,1305.17,130.52,2479.82
110742,55625,759,1,8304.75,0.0,8304.75
110743,55625,710,4,10731.06,0.0,42924.24
110744,55625,568,1,5802.78,0.0,5802.78
110745,55625,566,2,8272.67,0.0,16545.34
110746,55626,594,5,55089.87,0.0,275449.35
110747,55626,532,1,820.25,164.05,656.2
110748,55626,570,2,4486.57,0.0,8973.14
110749,55627,582,1,8407.83,0.0,8407.83
110750,55627,625,1,54397.72,0.0,54397.72
110751,55627,645,2,3816.62,0.0,7633.24
110752,55627,608,1,667.69,0.0,667.69
110753,55627,721,2,5715.09,0.0,11430.18
110754,55628,553,2,31731.27,0.0,63462.54
110755,55628,665,5,2533.05,0.0,12665.25
110756,55629,757,2,13097.42,2619.48,23575.36
110757,55629,676,1,865.11,129.77,735.34
110758,55629,710,2,10731.06,1073.11,20389.01
110759,55630,633,1,1617.01,323.4,1293.61
110760,55630,673,1,1038.9,0.0,1038.9
110761,55630,749,1,1601.66,0.0,1601.66
110762,55630,693,1,1213.14,0.0,1213.14
110763,55631,740,1,38799.36,1939.97,36859.39
110764,55631,532,3,820.25,246.08,2214.67
110765,55632,534,2,46679.73,18671.89,74687.57
110766,55632,711,5,5931.42,0.0,29657.1
110767,55632,697,1,17716.2,0.0,17716.2
110768,55633,641,3,3333.39,0.0,10000.17
110769,55633,568,1,5802.78,580.28,5222.5
110770,55633,518,4,49561.42,0.0,198245.68
110771,55633,727,1,11354.29,0.0,11354.29
110772,55633,763,10,66.59,66.59,599.31
110773,55634,712,1,12089.2,0.0,12089.2
110774,55634,642,1,6612.07,1322.41,5289.66
110775,55634,773,1,5708.39,856.26,4852.13
110776,55635,531,4,10687.35,0.0,42749.4
110777,55635,580,1,1023.86,0.0,1023.86
110778,55635,689,3,11449.91,0.0,34349.73
110779,55635,556,2,3671.69,1101.51,6241.87
110780,55636,590,1,2022.4,0.0,2022.4
110781,55637,771,3,1072.89,160.93,3057.74
110782,55638,626,1,236.68,47.34,189.34
110783,55638,624,2,391.05,0.0,782.1
110784,55638,577,3,795.1,0.0,2385.3
110785,55638,790,1,723.68,0.0,723.68
110786,55639,656,2,9107.06,0.0,18214.12
110787,55640,581,1,2900.19,0.0,2900.19
110788,55640,629,1,717.69,71.77,645.92
110789,55641,798,3,3816.99,1145.1,10305.87
110790,55641,512,3,1219.3,0.0,3657.9
110791,55642,568,1,5802.78,290.14,5512.64
110792,55642,735,1,1557.67,155.77,1401.9
110793,55642,783,3,39234.63,0.0,117703.89
110794,55643,527,1,43071.55,0.0,43071.55
110795,55644,574,2,20894.55,0.0,41789.1
110796,55645,623,2,2674.16,0.0,5348.32
110797,55646,656,2,9107.06,910.71,17303.41
110798,55646,673,1,1038.9,0.0,1038.9
110799,55646,732,3,3277.37,0.0,9832.11
110800,55646,622,1,2792.75,418.91,2373.84
110801,55646,635,1,3079.07,307.91,2771.16
110802,55647,599,5,2796.57,699.14,13283.71
110803,55648,644,1,36167.51,0.0,36167.51
110804,55648,575,1,253.01,0.0,253.01
110805,55648,531,2,10687.35,1068.74,20305.96
110806,55649,781,2,508.19,50.82,965.56
110807,55650,513,2,1399.58,0.0,2799.16
110808,55650,588,1,490.64,24.53,466.11
110809,55651,553,1,31731.27,6346.25,25385.02
110810,55651,581,1,2900.19,0.0,2900.19
110811,55652,620,3,607.15,364.29,1457.16
110812,55652,766,1,4834.22,0.0,4834.22
110813,55653,526,4,5568.93,2227.57,20048.15
110814,55653,791,3,11369.6,0.0,34108.8
110815,55654,559,3,5502.85,0.0,16508.55
110816,55655,541,3,2124.38,955.97,5417.17
110817,55656,688,3,9656.12,0.0,28968.36
110818,55656,689,1,11449.91,0.0,11449.91
110819,55657,527,1,43071.55,2153.58,40917.97
110820,55658,747,2,805.8,0.0,1611.6
110821,55658,669,1,5183.71,518.37,4665.34
110822,55658,660,10,3268.31,4902.46,27780.64
110823,55658,631,1,1647.26,0.0,1647.26
110824,55659,512,2,1219.3,0.0,2438.6
110825,55659,508,5,5538.85,5538.85,22155.4
110826,55659,555,5,9558.13,0.0,47790.65
110827,55660,631,1,1647.26,0.0,1647.26
110828,55660,626,4,236.68,142.01,804.71
110829,55661,637,3,3516.12,0.0,10548.36
110830,55662,563,4,5426.08,1085.22,20619.1
110831,55662,621,2,1304.44,0.0,2608.88
110832,55662,629,1,717.69,0.0,717.69
110833,55663,797,3,1277.35,191.6,3640.45
110834,55664,577,1,795.1,0.0,795.1
110835,55664,783,3,39234.63,0.0,117703.89
110836,55664,748,1,2116.96,0.0,2116.96
110837,55665,634,1,5262.27,0.0,5262.27
110838,55666,794,1,482.29,0.0,482.29
110839,55666,664,1,18695.4,0.0,18695.4
110840,55667,698,1,9291.61,0.0,9291.61
110841,55667,622,1,2792.75,279.28,2513.47
110842,55667,572,3,1098.59,0.0,3295.77
110843,55668,522,1,39986.91,3998.69,35988.22
110844,55669,761,1,1440.57,144.06,1296.51
110845,55669,799,1,2348.69,0.0,2348.69
110846,55669,770,1,2789.39,0.0,2789.39
110847,55669,789,3,2799.8,419.97,7979.43
110848,55670,580,1,1023.86,0.0,1023.86
110849,55670,664,2,18695.4,1869.54,35521.26
110850,55670,785,1,1136.17,0.0,1136.17
110851,55671,614,1,30296.77,1514.84,28781.93
110852,55671,672,1,9227.41,0.0,9227.41
110853,55671,611,1,15431.65,0.0,15431.65
110854,55672,533,2,10801.02,0.0,21602.04
110855,55673,627,1,348.17,0.0,348.17
110856,55673,554,2,5371.45,0.0,10742.9
110857,55673,653,1,4298.41,0.0,4298.41
110858,55674,635,1,3079.07,0.0,3079.07
110859,55674,706,2,14673.28,0.0,29346.56
110860,55674,553,2,31731.27,9519.38,53943.16
110861,55674,562,1,1170.27,58.51,1111.76
110862,55675,669,1,5183.71,0.0,5183.71
110863,55675,522,1,39986.91,1999.35,37987.56
110864,55675,772,2,6175.25,1852.57,10497.93
110865,55676,664,1,18695.4,0.0,18695.4
110866,55677,800,1,2202.18,0.0,2202.18
110867,55678,721,3,5715.09,0.0,17145.27
110868,55679,680,1,1294.32,194.15,1100.17
110869,55679,800,1,2202.18,440.44,1761.74
110870,55680,999999,1,11369.6,1136.96,10232.64
110871,55680,556,1,3671.69,0.0,3671.69
110872,55681,673,3,1038.9,155.84,2960.86
110873,55681,601,3,17813.81,0.0,53441.43
110874,55682,628,1,6761.04,0.0,6761.04
110875,55683,661,1,16283.24,1628.32,14654.92
110876,55684,618,1,161.7,0.0,161.7
110877,55684,535,1,2114.96,0.0,2114.96
110878,55685,577,3,795.1,238.53,2146.77
110879,55685,558,1,9344.26,0.0,9344.26
110880,55686,565,2,322.27,0.0,644.54
110881,55686,712,1,12089.2,1208.92,10880.28
110882,55687,570,1,4486.57,0.0,4486.57
110883,55688,559,1,5502.85,0.0,5502.85
110884,55689,602,2,817.44,0.0,1634.88
110885,55689,704,1,1165.72,233.14,932.58
110886,55689,504,1,3910.83,0.0,3910.83
110887,55690,666,1,4195.88,0.0,4195.88
110888,55690,670,1,2118.7,0.0,2118.7
110889,55690,657,1,8779.23,877.92,7901.31
110890,55691,710,1,10731.06,1073.11,9657.95
110891,55692,627,2,348.17,0.0,696.34
110892,55692,761,1,1440.57,144.06,1296.51
110893,55693,599,5,2796.57,1398.29,12584.56
110894,55694,749,1,1601.66,160.17,1441.49
110895,55695,551,1,3446.79,517.02,2929.77
110896,55696,664,4,18695.4,7478.16,67303.44
110897,55697,707,1,626.29,0.0,626.29
110898,55697,773,1,5708.39,0.0,5708.39
110899,55697,715,1,61205.17,12241.03,48964.14
110900,55698,765,1,37606.92,0.0,37606.92
110901,55698,606,1,290.06,0.0,290.06
110902,55699,758,2,2596.01,259.6,4932.42
110903,55699,590,1,2022.4,404.48,1617.92
110904,55699,525,1,4003.31,0.0,4003.31
110905,55699,743,2,892.31,178.46,1606.16
110906,55700,546,3,12181.16,0.0,36543.48
110907,55700,527,2,43071.55,0.0,86143.1
110908,55701,673,3,1038.9,467.5,2649.2
110909,55702,648,1,1203.65,60.18,1143.47
110910,55703,658,1,711.18,35.56,675.62
110911,55703,789,3,2799.8,839.94,7559.46
110912,55703,651,1,4691.47,0.0,4691.47
110913,55704,785,1,1136.17,0.0,1136.17
110914,55705,653,1,4298.41,0.0,4298.41
110915,55705,744,1,6141.59,0.0,6141.59
110916,55705,510,1,640.28,32.01,608.27
110917,55706,638,2,9668.28,1933.66,17402.9
110918,55707,685,2,9687.25,0.0,19374.5
110919,55708,623,1,2674.16,534.83,2139.33
110920,55708,792,2,2835.7,567.14,5104.26
110921,55708,750,1,182.17,18.22,163.95
110922,55709,624,1,391.05,0.0,391.05
110923,55709,799,1,2348.69,0.0,2348.69
110924,55710,619,1,577.92,0.0,577.92
110925,55710,799,1,2348.69,0.0,2348.69
110926,55711,766,1,4834.22,725.13,4109.09
110927,55711,682,2,707.75,70.78,1344.72
110928,55711,564,1,1265.51,126.55,1138.96
110929,55712,661,1,16283.24,1628.32,14654.92
110930,55712,649,1,699.68,34.98,664.7
110931,55713,751,1,25845.26,1292.26,24553.0
110932,55714,787,1,27577.51,0.0,27577.51
110933,55714,773,1,5708.39,856.26,4852.13
110934,55715,750,1,182.17,0.0,182.17
110935,55716,743,1,892.31,0.0,892.31
110936,55717,548,1,8285.36,0.0,8285.36
110937,55718,530,2,3414.81,0.0,6829.62
110938,55719,624,2,391.05,39.11,742.99
110939,55720,631,1,1647.26,247.09,1400.17
110940,55720,513,5,1399.58,0.0,6997.9
110941,55720,999999,1,817.44,0.0,817.44
110942,55721,695,1,24310.04,0.0,24310.04
110943,55722,790,1,723.68,0.0,723.68
110944,55723,573,1,620.76,31.04,589.72
110945,55724,747,1,805.8,0.0,805.8
110946,55725,531,1,10687.35,534.37,10152.98
110947,55725,742,1,31236.95,1561.85,29675.1
110948,55726,562,2,1170.27,0.0,2340.54
110949,55726,765,3,37606.92,0.0,112820.76
110950,55727,696,1,4358.64,0.0,4358.64
110951,55728,592,2,1511.43,453.43,2569.43
110952,55728,799,1,2348.69,0.0,2348.69
110953,55728,676,1,865.11,173.02,692.09
110954,55729,768,1,10470.08,0.0,10470.08
110955,55730,684,1,59645.43,0.0,59645.43
110956,55731,740,1,38799.36,0.0,38799.36
110957,55732,563,2,5426.08,0.0,10852.16
110958,55733,575,3,253.01,0.0,759.03
110959,55733,528,1,951.12,0.0,951.12
110960,55734,541,2,2124.38,212.44,4036.32
110961,55735,699,1,713.36,0.0,713.36
110962,55735,735,1,1557.67,0.0,1557.67
110963,55736,602,1,817.44,163.49,653.95
110964,55737,727,1,11354.29,1703.14,9651.15
110965,55738,598,1,579.36,0.0,579.36
110966,55738,722,2,53128.36,0.0,106256.72
110967,55738,587,1,790.56,79.06,711.5
110968,55739,682,2,707.75,70.78,1344.72
110969,55740,727,2,11354.29,1135.43,21573.15
110970,55741,560,1,407.29,0.0,407.29
110971,55741,539,1,1082.58,108.26,974.32
110972,55741,774,3,1776.67,266.5,5063.51
110973,55742,556,1,3671.69,0.0,3671.69
110974,55742,561,5,2177.62,0.0,10888.1
110975,55743,674,4,7676.03,1535.21,29168.91
110976,55743,646,1,6680.81,0.0,6680.81
110977,55743,515,1,1144.81,171.72,973.09
110978,55743,604,1,5835.32,0.0,5835.32
110979,55743,601,1,17813.81,0.0,17813.81
110980,55744,711,3,5931.42,0.0,17794.26
110981,55744,775,1,3454.82,0.0,3454.82
110982,55745,746,1,1732.13,0.0,1732.13
110983,55745,658,2,711.18,0.0,1422.36
110984,55745,690,3,1805.43,0.0,5416.29
110985,55746,510,1,640.28,0.0,640.28
110986,55747,615,1,24337.83,0.0,24337.83
110987,55748,644,2,36167.51,7233.5,65101.52
110988,55749,753,2,1068.74,320.62,1816.86
110989,55749,600,1,6469.3,0.0,6469.3
110990,55750,649,4,699.68,279.87,2518.85
110991,55751,756,1,372.34,37.23,335.11
110992,55752,674,1,7676.03,767.6,6908.43
110993,55753,589,3,17388.16,0.0,52164.48
110994,55753,722,2,53128.36,10625.67,95631.05
110995,55753,543,3,4352.44,0.0,13057.32
110996,55754,576,1,2970.75,0.0,2970.75
110997,55754,649,1,699.68,0.0,699.68
110998,55755,609,1,3589.04,0.0,3589.04
110999,55755,698,1,9291.61,0.0,9291.61
111000,55755,588,2,490.64,98.13,883.15
111001,55755,622,1,2792.75,0.0,2792.75
111002,55756,591,1,9106.57,0.0,9106.57
111003,55756,673,2,1038.9,103.89,1973.91
111004,55756,701,1,11805.02,0.0,11805.02
111005,55757,758,1,2596.01,0.0,2596.01
111006,55757,782,1,9360.71,0.0,9360.71
111007,55757,576,3,2970.75,891.23,8021.02
111008,55758,619,4,577.92,115.58,2196.1
111009,55758,557,4,783.76,0.0,3135.04
111010,55758,706,1,14673.28,0.0,14673.28
111011,55758,672,2,9227.41,0.0,18454.82
111012,55759,533,1,10801.02,0.0,10801.02
111013,55759,587,1,790.56,0.0,790.56
111014,55760,660,1,3268.31,490.25,2778.06
111015,55761,760,1,11301.08,0.0,11301.08
111016,55762,788,1,8889.42,444.47,8444.95
111017,55762,547,1,817.17,81.72,735.45
111018,55763,568,1,5802.78,0.0,5802.78
111019,55763,563,2,5426.08,0.0,10852.16
111020,55764,649,2,699.68,0.0,1399.36
111021,55764,749,2,1601.66,320.33,2882.99
111022,55765,532,1,820.25,82.03,738.22
111023,55766,690,2,1805.43,361.09,3249.77
111024,55766,733,2,1597.66,0.0,3195.32
111025,55767,662,1,9986.23,998.62,8987.61
111026,55767,687,5,1705.39,0.0,8526.95
111027,55768,789,1,2799.8,139.99,2659.81
111028,55769,688,2,9656.12,0.0,19312.24
111029,55770,596,1,1919.15,0.0,1919.15
111030,55771,628,2,6761.04,0.0,13522.08
111031,55772,776,1,1371.98,0.0,1371.98
111032,55772,581,1,2900.19,0.0,2900.19
111033,55773,613,3,11372.12,1705.82,32410.54
111034,55773,645,2,3816.62,0.0,7633.24
111035,55773,559,2,5502.85,0.0,11005.7
111036,55773,506,2,1305.17,261.03,2349.31
111037,55773,578,1,6521.84,0.0,6521.84
111038,55774,719,1,15471.04,0.0,15471.04
111039,55774,714,5,44813.18,0.0,224065.9
111040,55775,545,1,1464.92,73.25,1391.67
111041,55775,594,2,55089.87,16526.96,93652.78
111042,55775,587,1,790.56,0.0,790.56
111043,55775,542,1,1742.37,0.0,1742.37
111044,55775,508,1,5538.85,553.89,4984.96
111045,55776,634,2,5262.27,526.23,9998.31
111046,55776,655,1,5152.69,0.0,5152.69
111047,55776,571,2,11994.11,1199.41,22788.81
111048,55777,546,2,12181.16,0.0,24362.32
111049,55777,674,1,7676.03,0.0,7676.03
111050,55777,549,2,13993.54,0.0,27987.08
111051,55778,797,1,1277.35,0.0,1277.35
111052,55778,578,10,6521.84,13043.68,52174.72
111053,55779,674,4,7676.03,0.0,30704.12
111054,55779,753,1,1068.74,0.0,1068.74
111055,55780,728,4,2491.24,0.0,9964.96
111056,55781,513,2,1399.58,0.0,2799.16
111057,55782,647,4,48665.91,9733.18,184930.46
111058,55782,758,2,2596.01,519.2,4672.82
111059,55783,620,4,607.15,364.29,2064.31
111060,55784,554,2,5371.45,537.14,10205.76
111061,55784,611,3,15431.65,0.0,46294.95
111062,55785,536,1,1067.42,0.0,1067.42
111063,55785,776,1,1371.98,0.0,1371.98
111064,55785,534,1,46679.73,7001.96,39677.77
111065,55786,609,1,3589.04,0.0,3589.04
111066,55786,713,5,5412.77,4059.58,23004.27
111067,55786,540,1,32834.15,6566.83,26267.32
111068,55786,530,1,3414.81,170.74,3244.07
111069,55787,776,2,1371.98,137.2,2606.76
111070,55788,566,1,8272.67,0.0,8272.67
111071,55789,757,5,13097.42,0.0,65487.1
111072,55790,502,3,15084.04,0.0,45252.12
111073,55790,665,3,2533.05,1139.87,6459.28
111074,55791,684,1,59645.43,0.0,59645.43
111075,55792,711,4,5931.42,0.0,23725.68
111076,55792,800,1,2202.18,110.11,2092.07
111077,55792,721,1,5715.09,0.0,5715.09
111078,55792,792,5,2835.7,0.0,14178.5
111079,55793,754,2,9295.64,0.0,18591.28
111080,55793,718,1,6766.17,1014.93,5751.24
111081,55793,639,1,5888.93,0.0,5888.93
111082,55794,683,1,873.55,43.68,829.87
111083,55795,760,2,11301.08,0.0,22602.16
111084,55795,657,1,8779.23,0.0,8779.23
111085,55796,601,5,17813.81,0.0,89069.05
111086,55797,620,3,607.15,182.14,1639.31
111087,55798,557,1,783.76,117.56,666.2
111088,55799,690,3,1805.43,0.0,5416.29
111089,55800,723,1,3644.62,0.0,3644.62
111090,55801,788,1,8889.42,0.0,8889.42
111091,55801,613,1,11372.12,0.0,11372.12
111092,55801,635,1,3079.07,0.0,3079.07
111093,55802,800,1,2202.18,0.0,2202.18
111094,55803,767,2,2764.13,552.83,4975.43
111095,55804,620,1,607.15,0.0,607.15
111096,55805,539,1,1082.58,54.13,1028.45
111097,55806,764,1,38368.4,3836.84,34531.56
111098,55807,781,1,508.19,0.0,508.19
111099,55808,655,1,5152.69,515.27,4637.42
111100,55808,780,1,3012.88,150.64,2862.24
111101,55808,779,2,9166.85,1833.37,16500.33
111102,55808,573,1,620.76,0.0,620.76
111103,55808,663,1,1339.76,0.0,1339.76
111104,55809,571,2,11994.11,0.0,23988.22
111105,55809,542,3,1742.37,0.0,5227.11
111106,55810,505,1,5998.46,0.0,5998.46
111107,55810,719,1,15471.04,3094.21,12376.83
111108,55811,685,1,9687.25,484.36,9202.89
111109,55812,781,1,508.19,0.0,508.19
111110,55812,683,1,873.55,0.0,873.55
111111,55812,696,1,4358.64,871.73,3486.91
111112,55813,519,1,849.44,127.42,722.02
111113,55814,577,1,795.1,79.51,715.59
111114,55815,665,1,2533.05,0.0,2533.05
111115,55816,747,1,805.8,0.0,805.8
111116,55817,644,3,36167.51,5425.13,103077.4
111117,55817,712,1,12089.2,0.0,12089.2
111118,55818,751,2,25845.26,0.0,51690.52
111119,55818,588,3,490.64,73.6,1398.32
111120,55819,677,5,3625.43,906.36,17220.79
111121,55820,503,3,1376.24,619.31,3509.41
111122,55820,579,1,17100.24,0.0,17100.24
111123,55821,774,1,1776.67,88.83,1687.84
111124,55821,524,3,1357.31,203.6,3868.33
111125,55821,783,1,39234.63,1961.73,37272.9
111126,55822,559,1,5502.85,0.0,5502.85
111127,55822,548,1,8285.36,0.0,8285.36
111128,55823,698,1,9291.61,0.0,9291.61
111129,55824,673,2,1038.9,0.0,2077.8
111130,55824,506,1,1305.17,0.0,1305.17
111131,55825,588,2,490.64,147.19,834.09
111132,55825,579,3,17100.24,0.0,51300.72
111133,55826,601,1,17813.81,0.0,17813.81
111134,55827,652,5,13563.11,3390.78,64424.77
111135,55827,642,1,6612.07,661.21,5950.86
111136,55828,800,1,2202.18,0.0,2202.18
111137,55829,546,1,12181.16,2436.23,9744.93
111138,55829,556,2,3671.69,734.34,0.01
111139,55829,761,2,1440.57,288.11,2593.03
111140,55830,676,3,865.11,129.77,2465.56
111141,55830,735,1,1557.67,0.0,1557.67
111142,55831,688,1,9656.12,965.61,8690.51
111143,55832,786,3,5485.59,822.84,15633.93
111144,55833,621,1,1304.44,0.0,1304.44
111145,55833,578,3,6521.84,0.0,19565.52
111146,55833,649,1,699.68,0.0,699.68
111147,55833,715,1,61205.17,0.0,61205.17
111148,55833,514,1,8817.04,440.85,8376.19
111149,55834,587,2,790.56,0.0,1581.12
111150,55834,669,1,5183.71,0.0,5183.71
111151,55835,576,1,2970.75,0.0,2970.75
111152,55836,598,1,579.36,57.94,521.42
111153,55836,592,3,1511.43,680.14,3854.15
111154,55836,568,1,5802.78,290.14,5512.64
111155,55836,583,1,9641.6,0.0,9641.6
111156,55836,783,1,39234.63,0.0,39234.63
111157,55837,641,1,3333.39,500.01,2833.38
111158,55838,537,1,7317.24,0.0,7317.24
111159,55839,636,2,1717.09,0.0,3434.18
111160,55839,773,1,5708.39,570.84,5137.55
111161,55840,689,1,11449.91,0.0,11449.91
111162,55841,699,1,713.36,0.0,713.36
111163,55842,796,5,1462.48,1096.86,6215.54
111164,55842,629,1,717.69,71.77,645.92
111165,55842,555,2,9558.13,1911.63,17204.63
111166,55843,702,1,569.75,0.0,569.75
111167,55843,789,1,2799.8,279.98,2519.82
111168,55844,798,3,3816.99,0.0,11450.97
111169,55844,665,2,2533.05,253.31,4812.79
111170,55845,573,1,620.76,31.04,589.72
111171,55846,573,1,620.76,0.0,620.76
111172,55846,736,1,6075.78,0.0,6075.78
111173,55846,616,1,594.6,29.73,564.87
111174,55847,999999,2,2533.05,0.0,5066.1
111175,55848,640,1,1058.22,0.0,1058.22
111176,55848,652,1,13563.11,0.0,13563.11
111177,55848,543,0,4352.44,0.0,8704.88
111178,55849,788,1,8889.42,1333.41,7556.01
111179,55850,768,1,10470.08,1047.01,9423.07
111180,55850,558,1,9344.26,467.21,8877.05
111181,55850,659,1,364.24,0.0,364.24
111182,55851,719,1,15471.04,773.55,14697.49
111183,55851,796,3,1462.48,0.0,4387.44
111184,55852,622,1,2792.75,279.28,2513.47
111185,55852,659,1,364.24,18.21,346.03
111186,55853,673,1,1038.9,0.0,1038.9
111187,55854,662,1,9986.23,0.0,9986.23
111188,55854,570,1,4486.57,0.0,4486.57
111189,55855,746,2,1732.13,0.0,3464.26
111190,55856,675,1,16586.98,0.0,16586.98
111191,55856,735,1,1557.67,311.53,1246.14
111192,55857,584,2,1377.03,0.0,2754.06
111193,55857,792,1,2835.7,141.78,2693.92
111194,55858,629,2,717.69,215.31,1220.07
111195,55858,712,1,12089.2,0.0,12089.2
111196,55859,526,2,5568.93,0.0,11137.86
111197,55859,728,3,2491.24,1121.06,6352.66
111198,55859,698,1,9291.61,0.0,9291.61
111199,55860,617,2,1324.53,0.0,2649.06
111200,55861,711,1,5931.42,0.0,5931.42
111201,55861,787,1,27577.51,0.0,27577.51
111202,55861,658,2,711.18,0.0,1422.36
111203,55862,513,1,1399.58,69.98,1329.6
111204,55863,517,1,12096.53,604.83,11491.7
111205,55863,579,3,17100.24,0.0,51300.72
111206,55864,650,1,6201.76,310.09,5891.67
111207,55864,702,1,569.75,28.49,541.26
111208,55865,765,2,37606.92,0.0,75213.84
111209,55866,726,1,983.03,0.0,983.03
111210,55866,798,1,3816.99,0.0,3816.99
111211,55867,506,2,1305.17,0.0,2610.34
111212,55867,526,1,5568.93,0.0,5568.93
111213,55867,764,1,38368.4,0.0,38368.4
111214,55868,558,1,9344.26,0.0,9344.26
111215,55868,784,1,1641.14,164.11,1477.03
111216,55868,761,1,1440.57,0.0,1440.57
111217,55868,609,2,3589.04,1076.71,6101.37
111218,55869,543,2,4352.44,435.24,8269.64
111219,55869,708,1,10297.58,514.88,9782.7
111220,55870,615,2,24337.83,2433.78,46241.88
111221,55871,736,1,6075.78,607.58,5468.2
111222,55871,696,1,4358.64,0.0,4358.64
111223,55872,719,1,15471.04,0.0,15471.04
111224,55873,678,5,37877.29,18938.65,170447.8
111225,55874,658,1,711.18,35.56,675.62
111226,55875,654,1,2895.35,0.0,2895.35
111227,55876,504,4,3910.83,782.17,14861.15
111228,55877,508,2,5538.85,0.0,11077.7
111229,55877,634,3,5262.27,789.34,14997.47
111230,55878,658,1,711.18,142.24,568.94
111231,55878,768,2,10470.08,0.0,20940.16
111232,55878,686,1,4182.59,0.0,4182.59
111233,55878,568,2,5802.78,1740.83,9864.73
111234,55878,776,1,1371.98,0.0,1371.98
111235,55879,792,2,2835.7,0.0,5671.4
111236,55880,509,1,3363.13,0.0,3363.13
111237,55880,506,1,1305.17,261.03,1044.14
111238,55881,563,2,5426.08,0.0,10852.16
111239,55881,693,2,1213.14,0.0,2426.28
111240,55881,756,1,372.34,55.85,316.49
111241,55882,737,1,454.39,0.0,454.39
111242,55883,799,2,2348.69,469.74,4227.64
111243,55883,612,1,2192.78,0.0,2192.78
111244,55883,529,1,47474.39,2373.72,45100.67
111245,55883,721,1,5715.09,857.26,4857.83
111246,55884,763,1,66.59,13.32,53.27
111247,55884,748,2,2116.96,0.0,4233.92
111248,55884,574,1,20894.55,0.0,20894.55
111249,55884,740,2,38799.36,0.0,77598.72
111250,55885,679,3,53522.92,24085.31,136483.45
111251,55885,685,2,9687.25,968.73,18405.77
111252,55886,564,2,1265.51,0.0,2531.02
111253,55887,608,1,667.69,0.0,667.69
111254,55888,550,1,3272.22,163.61,3108.61
111255,55888,565,2,322.27,0.0,644.54
111256,55888,785,3,1136.17,340.85,3067.66
111257,55889,513,4,1399.58,0.0,5598.32
111258,55890,764,1,38368.4,5755.26,32613.14
111259,55891,699,1,713.36,0.0,713.36
111260,55892,619,1,577.92,0.0,577.92
111261,55893,611,1,15431.65,0.0,15431.65
111262,55893,669,1,5183.71,0.0,5183.71
111263,55893,602,1,817.44,163.49,653.95
111264,55893,503,1,1376.24,68.81,1307.43
111265,55894,683,1,873.55,0.0,873.55
111266,55894,548,2,8285.36,0.0,16570.72
111267,55894,779,1,9166.85,0.0,9166.85
111268,55894,672,1,9227.41,461.37,8766.04
111269,55895,787,1,27577.51,4136.63,23440.88
111270,55895,671,1,3564.48,0.0,3564.48
111271,55896,705,1,17197.08,0.0,17197.08
111272,55897,706,2,14673.28,0.0,29346.56
111273,55897,798,4,3816.99,763.4,14504.56
111274,55897,501,2,45292.52,9058.5,81526.54
111275,55897,731,2,1578.26,0.0,3156.52
111276,55897,568,1,5802.78,0.0,5802.78
111277,55898,798,2,3816.99,381.7,7252.28
111278,55899,502,5,15084.04,11313.03,64107.17
111279,55899,503,3,1376.24,619.31,3509.41
111280,55899,753,1,1068.74,0.0,1068.74
111281,55900,528,2,951.12,0.0,1902.24
111282,55900,659,3,364.24,0.0,1092.72
111283,55900,796,2,1462.48,0.0,2924.96
111284,55901,515,2,1144.81,343.44,1946.18
111285,55902,682,2,707.75,283.1,1132.4
111286,55903,746,1,1732.13,0.0,1732.13
111287,55904,594,1,55089.87,5508.99,49580.88
111288,55904,657,1,8779.23,438.96,8340.27
111289,55904,791,1,11369.6,568.48,10801.12
111290,55905,615,3,24337.83,14602.7,58410.79
111291,55906,741,4,1969.25,0.0,7877.0
111292,55907,511,1,856.8,0.0,856.8
111293,55908,750,1,182.17,0.0,182.17
111294,55909,530,1,3414.81,0.0,3414.81
111295,55909,670,1,2118.7,0.0,2118.7
111296,55909,682,2,707.75,0.0,1415.5
111297,55910,762,1,886.5,88.65,797.85
111298,55911,670,1,2118.7,0.0,2118.7
111299,55912,709,1,5677.52,0.0,5677.52
111300,55913,683,1,873.55,0.0,873.55
111301,55914,671,1,3564.48,0.0,3564.48
111302,55915,536,2,1067.42,320.23,1814.61
111303,55915,708,1,10297.58,0.0,10297.58
111304,55915,564,3,1265.51,0.0,3796.53
111305,55916,758,0,2596.01,0.0,2596.01
111306,55917,756,2,372.34,74.47,670.21
111307,55917,674,1,7676.03,0.0,7676.03
111308,55917,742,1,31236.95,4685.54,26551.41
111309,55917,510,2,640.28,0.0,1280.56
111310,55917,637,3,3516.12,0.0,10548.36
111311,55918,643,1,55447.46,0.0,55447.46
111312,55918,759,3,8304.75,0.0,24914.25
111313,55918,554,2,5371.45,0.0,10742.9
111314,55918,710,1,10731.06,0.0,10731.06
111315,55918,735,1,1557.67,0.0,1557.67
111316,55919,788,1,8889.42,444.47,8444.95
111317,55920,693,3,1213.14,181.97,3457.45
111318,55920,512,1,1219.3,0.0,1219.3
111319,55921,634,2,5262.27,0.0,10524.54
111320,55922,770,1,2789.39,0.0,2789.39
111321,55922,758,1,2596.01,129.8,2466.21
111322,55923,580,1,1023.86,0.0,1023.86
111323,55923,786,3,5485.59,0.0,16456.77
111324,55923,715,1,61205.17,9180.78,52024.39
111325,55923,775,2,3454.82,1381.93,5527.71
111326,55924,754,1,9295.64,464.78,8830.86
111327,55924,683,5,873.55,0.0,4367.75
111328,55925,632,1,2338.49,0.0,2338.49
111329,55925,508,1,5538.85,276.94,5261.91
111330,55925,645,1,3816.62,0.0,3816.62
111331,55926,691,1,12820.07,1923.01,10897.06
111332,55927,785,1,1136.17,0.0,1136.17
111333,55927,584,2,1377.03,0.0,2754.06
111334,55927,722,3,53128.36,15938.51,143446.57
111335,55928,669,2,5183.71,0.0,10367.42
111336,55928,748,1,2116.96,423.39,1693.57
111337,55928,575,1,253.01,0.0,253.01
111338,55928,648,3,1203.65,541.64,3069.31
111339,55928,776,1,1371.98,0.0,1371.98
111340,55929,710,1,10731.06,536.55,10194.51
111341,55930,570,1,4486.57,0.0,4486.57
111342,55930,654,3,2895.35,0.0,8686.05
111343,55931,731,2,1578.26,473.48,2683.04
111344,55932,512,2,1219.3,0.0,2438.6
111345,55932,583,1,9641.6,482.08,9159.52
111346,55933,600,1,6469.3,0.0,6469.3
111347,55934,664,3,18695.4,0.0,56086.2
111348,55934,709,1,5677.52,0.0,5677.52
111349,55935,753,3,1068.74,0.0,3206.22
111350,55935,675,1,16586.98,1658.7,14928.28
111351,55936,755,4,923.61,369.44,3325.0
111352,55937,736,1,6075.78,607.58,5468.2
111353,55938,786,4,5485.59,2194.24,19748.12
111354,55939,661,2,16283.24,4884.97,27681.51
111355,55940,639,1,5888.93,294.45,5594.48
111356,55940,789,2,2799.8,559.96,5039.64
111357,55940,529,2,47474.39,0.0,94948.78
111358,55941,586,1,4444.5,222.23,4222.27
111359,55942,565,3,322.27,96.68,870.13
111360,55943,761,1,1440.57,0.0,1440.57
111361,55943,537,1,7317.24,0.0,7317.24
111362,55943,772,1,6175.25,0.0,6175.25
111363,55944,754,1,9295.64,0.0,9295.64
111364,55945,579,1,17100.24,0.0,17100.24
111365,55946,768,1,10470.08,1047.01,9423.07
111366,55947,554,3,5371.45,805.72,15308.63
111367,55947,595,1,2237.17,447.43,1789.74
111368,55948,568,2,5802.78,0.0,11605.56
111369,55948,727,5,11354.29,0.0,56771.45
111370,55949,649,1,699.68,34.98,664.7
111371,55950,686,2,4182.59,0.0,8365.18
111372,55951,516,5,14192.65,7096.33,63866.92
111373,55952,501,1,45292.52,4529.25,40763.27
111374,55952,751,2,25845.26,0.0,51690.52
111375,55953,629,1,717.69,0.0,717.69
111376,55953,599,2,2796.57,0.0,5593.14
111377,55953,653,4,4298.41,1719.36,15474.28
111378,55953,728,1,2491.24,124.56,2366.68
111379,55953,569,1,46883.02,4688.3,42194.72
111380,55954,638,2,9668.28,0.0,19336.56
111381,55954,779,1,9166.85,0.0,9166.85
111382,55955,594,1,55089.87,0.0,55089.87
111383,55956,776,2,1371.98,0.0,2743.96
111384,55957,652,2,13563.11,0.0,27126.22
111385,55957,627,1,348.17,17.41,330.76
111386,55958,797,1,1277.35,0.0,1277.35
111387,55959,527,1,43071.55,0.0,43071.55
111388,55960,664,1,18695.4,934.77,17760.63
111389,55961,690,3,1805.43,0.0,5416.29
111390,55962,627,5,348.17,0.0,1740.85
111391,55963,779,1,9166.85,0.0,9166.85
111392,55963,520,1,1736.99,260.55,1476.44
111393,55963,511,1,856.8,0.0,856.8
111394,55964,631,1,1647.26,0.0,1647.26
111395,55965,531,2,10687.35,0.0,21374.7
111396,55965,590,4,2022.4,404.48,7685.12
111397,55965,594,2,55089.87,22035.95,88143.79
111398,55965,699,3,713.36,107.0,2033.08
111399,55966,612,1,2192.78,219.28,1973.5
111400,55966,789,-1,2799.8,0.0,2799.8
111401,55967,676,3,865.11,129.77,2465.56
111402,55968,510,2,640.28,128.06,1152.5
111403,55968,633,1,1617.01,0.0,1617.01
111404,55968,757,2,13097.42,3929.23,22265.61
111405,55968,708,1,10297.58,1029.76,9267.82
111406,55969,622,1,2792.75,418.91,2373.84
111407,55969,592,1,1511.43,75.57,1435.86
111408,55970,611,1,15431.65,0.0,15431.65
111409,55970,543,1,4352.44,435.24,3917.2
111410,55970,659,1,364.24,54.64,309.6
111411,55971,661,2,16283.24,3256.65,29309.83
111412,55971,602,1,817.44,81.74,735.7
111413,55972,785,1,1136.17,0.0,1136.17
111414,55972,525,1,4003.31,200.17,3803.14
111415,55973,622,4,2792.75,0.0,11171.0
111416,55973,586,1,4444.5,0.0,4444.5
111417,55974,770,1,2789.39,0.0,2789.39
111418,55975,725,1,6229.36,0.0,6229.36
111419,55975,732,1,3277.37,0.0,3277.37
111420,55975,548,1,8285.36,0.0,8285.36
111421,55975,764,1,38368.4,0.0,38368.4
111422,55975,682,1,707.75,106.16,601.59
111423,55976,772,2,6175.25,1235.05,11115.45
111424,55977,723,1,3644.62,0.0,3644.62
111425,55977,610,1,26733.01,1336.65,25396.36
111426,55977,561,1,2177.62,108.88,2068.74
111427,55977,645,1,3816.62,0.0,3816.62
111428,55978,999999,1,39986.91,0.0,39986.91
111429,55979,773,2,5708.39,0.0,11416.78
111430,55980,752,1,14566.93,0.0,14566.93
111431,55980,606,1,290.06,0.0,290.06
111432,55980,635,1,3079.07,0.0,3079.07
111433,55981,578,2,6521.84,652.18,12391.5
111434,55982,549,1,13993.54,699.68,13293.86
111435,55982,638,1,9668.28,0.0,9668.28
111436,55983,504,2,3910.83,391.08,7430.58
111437,55983,648,2,1203.65,120.37,2286.93
111438,55983,699,1,713.36,0.0,713.36
111439,55984,734,1,839.57,125.94,713.63
111440,55985,772,1,6175.25,308.76,5866.49
111441,55985,572,1,1098.59,0.0,1098.59
111442,55985,655,2,5152.69,0.0,10305.38
111443,55985,778,2,2068.11,206.81,3929.41
111444,55986,515,1,1144.81,0.0,1144.81
111445,55987,690,3,1805.43,812.44,4603.85
111446,55988,604,1,5835.32,0.0,5835.32
111447,55989,541,1,2124.38,106.22,2018.16
111448,55990,588,3,490.64,73.6,1398.32
111449,55991,761,1,1440.57,72.03,1368.54
111450,55991,776,1,1371.98,68.6,1303.38
111451,55991,609,1,3589.04,358.9,3230.14
111452,55991,693,5,1213.14,0.0,6065.7
111453,55992,634,1,5262.27,526.23,4736.04
111454,55992,533,1,10801.02,540.05,10260.97
111455,55993,636,1,1717.09,0.0,1717.09
111456,55993,798,3,3816.99,572.55,10878.42
111457,55993,550,1,3272.22,0.0,3272.22
111458,55993,589,1,17388.16,0.0,17388.16
111459,55993,502,1,15084.04,0.0,15084.04
111460,55994,714,1,44813.18,6721.98,38091.2
111461,55994,737,1,454.39,0.0,454.39
111462,55995,582,2,8407.83,0.0,16815.66
111463,55996,548,1,8285.36,414.27,7871.09
111464,55996,779,2,9166.85,0.0,18333.7
111465,55997,705,1,17197.08,0.0,17197.08
111466,55997,525,1,4003.31,0.0,4003.31
111467,55998,734,1,839.57,41.98,797.59
111468,55998,710,1,10731.06,536.55,10194.51
111469,55998,767,1,2764.13,138.21,2625.92
111470,55998,776,3,1371.98,205.8,3910.14
111471,55998,581,2,2900.19,0.0,5800.38
111472,55999,654,1,2895.35,579.07,2316.28
111473,56000,742,1,31236.95,0.0,31236.95
111474,56001,608,3,667.69,0.0,2003.07
111475,56002,627,10,348.17,174.09,3307.61
111476,56003,675,5,16586.98,8293.49,74641.41
111477,56004,800,1,2202.18,0.0,2202.18
111478,56005,594,1,55089.87,8263.48,46826.39
111479,56006,519,1,849.44,0.0,849.44
111480,56007,782,2,9360.71,0.0,18721.42
111481,56008,760,2,11301.08,3390.32,19211.84
111482,56008,535,1,2114.96,0.0,2114.96
111483,56008,600,1,6469.3,0.0,6469.3
111484,56008,590,2,2022.4,808.96,3235.84
111485,56009,572,2,1098.59,109.86,2087.32
111486,56009,752,5,14566.93,0.0,72834.65
111487,56009,620,1,607.15,30.36,576.79
111488,56009,644,1,36167.51,0.0,36167.51
111489,56010,769,1,1383.36,207.5,1175.86
111490,56010,593,2,1214.64,364.39,2064.89
111491,56011,748,1,2116.96,105.85,2011.11
111492,56011,622,1,2792.75,0.0,2792.75
111493,56011,607,2,10316.31,0.0,20632.62
111494,56012,604,1,5835.32,291.77,5543.55
111495,56013,547,2,817.17,163.43,1470.91
111496,56013,532,1,820.25,0.0,820.25
111497,56014,798,1,3816.99,190.85,3626.14
111498,56015,643,1,55447.46,0.0,55447.46
111499,56016,756,1,372.34,0.0,372.34
111500,56016,659,1,364.24,0.0,364.24
111501,56017,653,1,4298.41,0.0,4298.41
111502,56018,561,2,2177.62,217.76,4137.48
111503,56019,688,1,9656.12,0.0,9656.12
111504,56019,694,2,1970.24,0.0,3940.48
111505,56020,556,1,3671.69,0.0,3671.69
111506,56021,558,1,9344.26,934.43,8409.83
111507,56022,640,1,1058.22,0.0,1058.22
111508,56023,789,1,2799.8,0.0,2799.8
111509,56024,789,2,2799.8,1119.92,4479.68
111510,56024,538,1,8640.93,432.05,8208.88
111511,56024,548,1,8285.36,0.0,8285.36
111512,56025,753,1,1068.74,0.0,1068.74
111513,56025,681,3,5353.16,0.0,16059.48
111514,56026,682,1,707.75,0.0,707.75
111515,56026,712,1,12089.2,2417.84,9671.36
111516,56027,770,1,2789.39,0.0,2789.39
111517,56027,698,2,9291.61,0.0,18583.22
111518,56028,532,1,820.25,0.0,820.25
111519,56028,648,1,1203.65,120.37,1083.28
111520,56028,662,2,9986.23,0.0,19972.46
111521,56029,674,1,7676.03,0.0,7676.03
111522,56030,768,1,10470.08,0.0,10470.08
111523,56030,567,1,7980.38,0.0,7980.38
111524,56030,613,1,11372.12,568.61,10803.51
111525,56030,727,1,11354.29,567.71,10786.58
111526,56031,674,1,7676.03,0.0,7676.03
111527,56032,780,2,3012.88,0.0,6025.76
111528,56033,645,1,3816.62,0.0,3816.62
111529,56033,779,1,9166.85,1375.03,7791.82
111530,56033,776,1,1371.98,0.0,1371.98
111531,56034,630,2,2387.03,0.0,4774.06
111532,56034,657,1,8779.23,0.0,8779.23
111533,56035,999999,1,53522.92,5352.29,48170.63
111534,56035,606,2,290.06,0.0,580.12
111535,56035,586,1,4444.5,0.0,4444.5
111536,56036,647,1,48665.91,0.0,48665.91
111537,56037,533,1,10801.02,1080.1,9720.92
111538,56038,586,1,4444.5,666.67,3777.83
111539,56039,763,2,66.59,6.66,126.52
111540,56039,584,10,1377.03,688.51,13081.79
111541,56040,737,2,454.39,0.0,908.78
111542,56041,714,1,44813.18,0.0,44813.18
111543,56042,789,2,2799.8,279.98,5319.62
111544,56043,735,2,1557.67,0.0,3115.34
111545,56044,591,1,9106.57,0.0,9106.57
111546,56045,715,2,61205.17,0.0,122410.34
111547,56045,999999,1,3268.31,0.0,3268.31
111548,56046,778,3,2068.11,1240.87,4963.46
111549,56046,706,1,14673.28,1467.33,13205.95
111550,56047,766,1,4834.22,0.0,4834.22
111551,56048,523,4,6428.51,1285.7,24428.34
111552,56048,800,2,2202.18,0.0,4404.36
111553,56048,625,4,54397.72,10879.54,206711.34
111554,56049,578,1,6521.84,0.0,6521.84
111555,56050,578,2,6521.84,0.0,13043.68
111556,56050,514,1,8817.04,881.7,7935.34
111557,56051,745,1,5138.19,0.0,5138.19
111558,56051,618,2,161.7,32.34,291.06
111559,56052,678,3,37877.29,17044.78,96587.09
111560,56053,708,1,10297.58,0.0,10297.58
111561,56054,618,2,161.7,16.17,307.23
111562,56054,614,1,30296.77,4544.52,25752.25
111563,56054,776,1,1371.98,0.0,1371.98
111564,56055,556,2,3671.69,1101.51,6241.87
111565,56055,541,5,2124.38,2124.38,8497.52
111566,56055,794,1,482.29,72.34,409.95
111567,56055,999999,1,1117.48,167.62,949.86
111568,56056,518,1,49561.42,7434.21,42127.21
111569,56056,694,2,1970.24,0.0,3940.48
111570,56057,687,1,1705.39,341.08,1364.31
111571,56057,648,1,1203.65,180.55,1023.1
111572,56057,798,3,3816.99,1717.65,9733.32
111573,56057,510,1,640.28,0.0,640.28
111574,56058,531,1,10687.35,0.0,10687.35
111575,56059,751,2,25845.26,0.0,51690.52
111576,56060,607,3,10316.31,3094.89,27854.04
111577,56061,530,2,3414.81,0.0,6829.62
111578,56062,620,2,607.15,0.0,1214.3
111579,56062,657,3,8779.23,0.0,26337.69
111580,56062,792,1,2835.7,283.57,2552.13
111581,56062,572,1,1098.59,0.0,1098.59
111582,56062,522,1,39986.91,0.0,39986.91
111583,56063,697,1,17716.2,885.81,16830.39
111584,56064,685,1,9687.25,0.0,9687.25
111585,56064,716,3,1117.48,0.0,3352.44
111586,56064,504,1,3910.83,195.54,3715.29
111587,56065,626,1,236.68,0.0,236.68
111588,56066,589,1,17388.16,0.0,17388.16
111589,56066,531,1,10687.35,1068.74,9618.61
111590,56066,717,2,902.81,0.0,1805.62
111591,56067,645,4,3816.62,0.0,15266.48
111592,56067,603,1,18106.09,1810.61,16295.48
111593,56067,597,1,535.83,0.0,535.83
111594,56067,737,3,454.39,0.0,1363.17
111595,56068,558,0,9344.26,0.0,9344.26
111596,56068,715,2,61205.17,12241.03,110169.31
111597,56069,752,4,14566.93,0.0,58267.72
111598,56069,761,1,1440.57,72.03,1368.54
111599,56069,657,1,8779.23,0.0,8779.23
111600,56070,745,1,5138.19,0.0,5138.19
111601,56071,740,1,38799.36,1939.97,36859.39
111602,56071,746,3,1732.13,259.82,4936.57
111603,56072,578,1,6521.84,0.0,6521.84
111604,56073,708,1,10297.58,514.88,9782.7
111605,56073,787,1,27577.51,1378.88,26198.63
111606,56073,505,2,5998.46,0.0,11996.92
111607,56073,584,1,1377.03,0.0,1377.03
111608,56074,764,5,38368.4,9592.1,182249.9
111609,56074,611,1,15431.65,0.0,15431.65
111610,56075,571,2,11994.11,0.0,23988.22
111611,56076,651,1,4691.47,0.0,4691.47
111612,56077,748,2,2116.96,0.0,4233.92
111613,56077,797,1,1277.35,191.6,1085.75
111614,56077,507,3,5384.85,807.73,15346.82
111615,56078,639,1,5888.93,0.0,5888.93
111616,56078,798,1,3816.99,190.85,3626.14
111617,56078,551,1,3446.79,172.34,3274.45
111618,56078,720,1,3038.53,0.0,3038.53
111619,56079,546,2,12181.16,2436.23,21926.09
111620,56080,787,4,27577.51,0.0,110310.04
111621,56081,735,1,1557.67,0.0,1557.67
111622,56082,583,1,9641.6,0.0,9641.6
111623,56082,526,2,5568.93,0.0,11137.86
111624,56083,658,1,711.18,71.12,640.06
111625,56084,577,2,795.1,0.0,1590.2
111626,56085,776,1,1371.98,0.0,1371.98
111627,56086,758,1,2596.01,0.0,2596.01
111628,56087,501,4,45292.52,9058.5,172111.58
111629,56088,502,0,15084.04,7542.02,67878.18
111630,56089,654,2,2895.35,0.0,5790.7
111631,56089,798,1,3816.99,0.0,3816.99
111632,56090,536,2,1067.42,0.0,2134.84
111633,56090,595,2,2237.17,223.72,4250.62
111634,56091,642,1,6612.07,0.0,6612.07
111635,56091,555,1,9558.13,1911.63,7646.5
111636,56092,692,1,7325.8,0.0,7325.8
111637,56093,523,1,6428.51,0.0,6428.51
111638,56093,589,3,17388.16,0.0,52164.48
111639,56094,791,1,11369.6,0.0,11369.6
111640,56095,546,2,12181.16,0.0,24362.32
111641,56095,754,1,9295.64,464.78,8830.86
111642,56095,738,1,4031.99,201.6,3830.39
111643,56095,681,1,5353.16,535.32,4817.84
111644,56096,524,2,1357.31,135.73,2578.89
111645,56097,705,1,17197.08,0.0,17197.08
111646,56098,717,1,902.81,0.0,902.81
111647,56099,625,2,54397.72,0.0,108795.44
111648,56099,657,1,8779.23,438.96,8340.27
111649,56099,704,3,1165.72,0.0,3497.16
111650,56100,622,10,2792.75,2792.75,25134.75
111651,56101,800,3,2202.18,0.0,6606.54
111652,56101,579,2,17100.24,3420.05,30780.43
111653,56102,702,2,569.75,113.95,1025.55
111654,56103,542,1,1742.37,87.12,1655.25
111655,56103,680,1,1294.32,129.43,1164.89
111656,56103,731,1,1578.26,0.0,1578.26
111657,56103,614,1,30296.77,0.0,30296.77
111658,56104,662,1,9986.23,0.0,9986.23
111659,56105,507,5,5384.85,4038.64,22885.61
111660,56105,553,1,31731.27,3173.13,28558.14
111661,56105,616,1,594.6,0.0,594.6
111662,56105,765,3,37606.92,0.0,112820.76
111663,56106,684,4,59645.43,0.0,238581.72
111664,56106,571,4,11994.11,0.0,47976.44
111665,56107,585,4,29624.84,5924.97,112574.39
111666,56108,642,2,6612.07,1322.41,11901.73
111667,56109,503,1,1376.24,0.0,1376.24
111668,56110,578,2,6521.84,1304.37,11739.31
111669,56110,518,2,49561.42,4956.14,94166.7
111670,56110,556,1,3671.69,0.0,3671.69
111671,56110,535,3,2114.96,0.0,6344.88
111672,56111,503,1,1376.24,68.81,1307.43
111673,56111,619,4,577.92,115.58,2196.1
111674,56112,520,1,1736.99,0.0,1736.99
111675,56112,654,3,2895.35,868.61,7817.44
111676,56112,573,1,620.76,31.04,589.72
111677,56113,586,1,4444.5,0.0,4444.5
111678,56114,649,2,699.68,0.0,1399.36
111679,56114,640,1,1058.22,211.64,846.58
111680,56114,733,3,1597.66,0.0,4792.98
111681,56114,566,5,8272.67,2068.17,39295.18
111682,56115,554,2,5371.45,0.0,10742.9
111683,56116,643,1,55447.46,0.0,55447.46
111684,56117,517,4,12096.53,0.0,48386.12
111685,56117,604,3,5835.32,0.0,17505.96
111686,56117,718,1,6766.17,1014.93,5751.24
111687,56117,514,1,8817.04,0.0,8817.04
111688,56117,564,3,1265.51,189.83,3606.7
111689,56118,717,5,902.81,0.0,4514.05
111690,56118,782,4,9360.71,0.0,37442.84
111691,56119,535,1,2114.96,317.24,1797.72
111692,56120,784,3,1641.14,0.0,4923.42
111693,56120,568,1,5802.78,0.0,5802.78
111694,56121,507,1,5384.85,269.24,5115.61
111695,56122,596,1,1919.15,0.0,1919.15
111696,56123,792,4,2835.7,0.0,11342.8
111697,56123,722,3,53128.36,31877.02,127508.06
111698,56124,799,1,2348.69,234.87,2113.82
111699,56124,752,1,14566.93,0.0,14566.93
111700,56124,800,3,2202.18,0.0,6606.54
111701,56124,765,1,37606.92,0.0,37606.92
111702,56124,790,1,723.68,0.0,723.68
111703,56125,765,1,37606.92,7521.38,30085.54
111704,56125,715,2,61205.17,0.0,122410.34
111705,56126,781,2,508.19,101.64,914.74
111706,56127,541,3,2124.38,318.66,6054.48
111707,56127,800,2,2202.18,0.0,4404.36
111708,56127,735,1,1557.67,77.88,1479.79
111709,56128,654,2,2895.35,579.07,5211.63
111710,56128,799,1,2348.69,117.43,2231.26
111711,56128,694,1,1970.24,98.51,1871.73
111712,56129,691,1,12820.07,1282.01,11538.06
111713,56129,547,1,817.17,0.0,817.17
111714,56129,714,1,44813.18,0.0,44813.18
111715,56129,560,1,407.29,0.0,407.29
111716,56129,751,1,25845.26,1292.26,24553.0
111717,56130,655,1,5152.69,772.9,4379.79
111718,56131,746,4,1732.13,346.43,6582.09
111719,56132,698,1,9291.61,0.0,9291.61
111720,56133,745,1,5138.19,256.91,4881.28
111721,56134,671,1,3564.48,178.22,3386.26
111722,56134,755,2,923.61,0.0,1847.22
111723,56134,515,1,1144.81,228.96,915.85
111724,56135,669,1,5183.71,0.0,5183.71
111725,56135,737,2,454.39,45.44,863.34
111726,56136,709,1,5677.52,0.0,5677.52
111727,56137,752,1,14566.93,0.0,14566.93
111728,56137,556,5,3671.69,0.0,18358.45
111729,56137,544,1,6582.2,0.0,6582.2
111730,56138,566,3,8272.67,0.0,24818.01
111731,56139,666,2,4195.88,0.0,8391.76
111732,56139,553,2,31731.27,6346.25,57116.29
111733,56140,605,1,1048.97,104.9,944.07
111734,56141,573,1,620.76,62.08,558.68
111735,56141,578,1,6521.84,0.0,6521.84
111736,56142,799,1,2348.69,0.0,2348.69
111737,56143,542,1,1742.37,0.0,1742.37
111738,56143,637,1,3516.12,703.22,2812.9
111739,56143,792,2,2835.7,0.0,5671.4
111740,56144,612,2,2192.78,0.0,4385.56
111741,56144,720,10,3038.53,0.0,30385.3
111742,56145,517,1,12096.53,1814.48,10282.05
111743,56146,656,1,9107.06,1821.41,7285.65
111744,56147,783,3,39234.63,0.0,117703.89
111745,56147,758,4,2596.01,0.0,10384.04
111746,56147,683,10,873.55,0.0,8735.5
111747,56148,695,1,24310.04,0.0,24310.04
111748,56148,510,1,640.28,32.01,608.27
111749,56149,766,1,4834.22,241.71,4592.51
111750,56150,505,3,5998.46,0.0,17995.38
111751,56150,534,1,46679.73,9335.95,37343.78
111752,56150,663,2,1339.76,0.0,2679.52
111753,56151,757,3,13097.42,3929.23,35363.03
111754,56151,738,1,4031.99,403.2,3628.79
111755,56151,648,3,1203.65,0.0,3610.95
111756,56152,525,0,4003.31,0.0,8006.62
111757,56152,576,1,2970.75,148.54,2822.21
111758,56153,702,1,569.75,0.0,569.75
111759,56154,762,1,886.5,0.0,886.5
111760,56155,581,2,2900.19,870.06,4930.32
111761,56156,526,1,5568.93,0.0,5568.93
111762,56156,706,1,14673.28,0.0,14673.28
111763,56156,723,1,3644.62,0.0,3644.62
111764,56157,513,1,1399.58,209.94,1189.64
111765,56158,724,1,2567.59,128.38,2439.21
111766,56158,741,1,1969.25,0.0,1969.25
111767,56158,603,3,18106.09,0.0,54318.27
111768,56159,660,1,3268.31,0.0,3268.31
111769,56160,785,1,1136.17,0.0,1136.17
111770,56160,762,3,886.5,265.95,2393.55
111771,56161,650,5,6201.76,0.0,31008.8
111772,56161,711,2,5931.42,1779.43,10083.41
111773,56161,624,1,391.05,0.0,391.05
111774,56162,751,1,25845.26,1292.26,24553.0
111775,56163,527,5,43071.55,32303.66,183054.09
111776,56164,720,2,3038.53,303.85,5773.21
111777,56165,794,1,482.29,0.0,482.29
111778,56165,571,2,11994.11,0.0,23988.22
111779,56166,510,1,640.28,64.03,576.25
111780,56166,588,1,490.64,0.0,490.64
111781,56166,730,2,713.55,142.71,1284.39
111782,56167,572,3,1098.59,0.0,3295.77
111783,56167,692,4,7325.8,0.0,29303.2
111784,56168,719,2,15471.04,4641.31,26300.77
111785,56169,584,2,1377.03,413.11,2340.95
111786,56170,621,1,1304.44,130.44,1174.0
111787,56171,746,1,1732.13,0.0,1732.13
111788,56171,738,1,4031.99,403.2,3628.79
111789,56172,785,1,1136.17,0.0,1136.17
111790,56173,590,1,2022.4,303.36,1719.04
111791,56173,742,1,31236.95,0.0,31236.95
111792,56173,764,2,38368.4,0.0,76736.8
111793,56174,553,2,31731.27,0.0,63462.54
111794,56174,713,1,5412.77,0.0,5412.77
111795,56175,604,1,5835.32,0.0,5835.32
111796,56175,680,1,1294.32,0.0,1294.32
111797,56176,612,2,2192.78,219.28,4166.28
111798,56177,780,1,3012.88,602.58,2410.3
111799,56177,640,1,1058.22,0.0,1058.22
111800,56178,709,1,5677.52,283.88,5393.64
111801,56179,698,3,9291.61,0.0,27874.83
111802,56180,581,1,2900.19,0.0,2900.19
111803,56181,639,1,5888.93,0.0,5888.93
111804,56182,776,1,1371.98,0.0,1371.98
111805,56183,680,2,1294.32,0.0,2588.64
111806,56184,566,2,8272.67,1654.53,14890.81
111807,56185,549,2,13993.54,0.0,27987.08
111808,56185,572,5,1098.59,274.65,5218.3
111809,56185,554,1,5371.45,268.57,5102.88
111810,56185,667,2,558.92,0.0,1117.84
111811,56185,561,1,2177.62,435.52,1742.1
111812,56186,755,2,923.61,184.72,1662.5
111813,56187,729,2,2699.1,1079.64,4318.56
111814,56187,574,2,20894.55,0.0,41789.1
111815,56188,751,1,25845.26,0.0,25845.26
111816,56189,756,1,372.34,0.0,372.34
111817,56189,700,2,6725.93,0.0,13451.86
111818,56190,609,2,3589.04,1076.71,6101.37
111819,56190,723,1,3644.62,182.23,3462.39
111820,56191,762,4,886.5,0.0,3546.0
111821,56191,789,1,2799.8,0.0,2799.8
111822,56192,650,1,6201.76,0.0,6201.76
111823,56193,731,1,1578.26,0.0,1578.26
111824,56193,567,2,7980.38,0.0,15960.76
111825,56193,562,3,1170.27,351.08,3159.73
111826,56194,742,1,31236.95,0.0,31236.95
111827,56194,649,1,699.68,34.98,664.7
111828,56195,789,1,2799.8,0.0,2799.8
111829,56195,752,1,14566.93,0.0,14566.93
111830,56195,763,1,66.59,0.0,66.59
111831,56195,616,1,594.6,89.19,505.41
111832,56196,543,1,4352.44,0.0,4352.44
111833,56197,749,3,1601.66,240.25,4564.73
111834,56198,656,1,9107.06,0.0,9107.06
111835,56198,577,1,795.1,0.0,795.1
111836,56199,716,2,1117.48,0.0,2234.96
111837,56199,748,1,2116.96,0.0,2116.96
111838,56199,553,5,31731.27,0.0,158656.35
111839,56199,573,1,620.76,62.08,558.68
111840,56199,605,1,1048.97,52.45,996.52
111841,56200,728,2,2491.24,0.0,4982.48
111842,56200,626,1,236.68,11.83,224.85
111843,56201,550,1,3272.22,163.61,3108.61
111844,56202,679,1,53522.92,0.0,53522.92
111845,56203,673,1,1038.9,103.89,935.01
111846,56204,533,3,10801.02,1620.15,30782.91
111847,56205,629,1,717.69,0.0,717.69
111848,56205,525,1,4003.31,200.17,3803.14
111849,56205,775,1,3454.82,690.96,2763.86
111850,56206,631,2,1647.26,0.0,3294.52
111851,56206,758,1,2596.01,389.4,2206.61
111852,56207,737,3,454.39,0.0,1363.17
111853,56207,585,2,29624.84,2962.48,56287.2
111854,56207,742,5,31236.95,7809.24,148375.51
111855,56207,761,1,1440.57,72.03,1368.54
111856,56208,572,1,1098.59,0.0,1098.59
111857,56209,799,3,2348.69,0.0,7046.07
111858,56209,514,2,8817.04,3526.82,14107.26
111859,56210,501,5,45292.52,0.0,226462.6
111860,56211,682,1,707.75,0.0,707.75
111861,56212,757,2,13097.42,0.0,26194.84
111862,56212,538,1,8640.93,432.05,8208.88
111863,56213,749,2,1601.66,0.0,3203.32
111864,56213,788,1,8889.42,0.0,8889.42
111865,56214,704,1,1165.72,0.0,1165.72
111866,56214,501,1,45292.52,0.0,45292.52
111867,56214,530,1,3414.81,0.0,3414.81
111868,56214,529,1,47474.39,4747.44,42726.95
111869,56215,609,1,3589.04,0.0,3589.04
111870,56215,604,1,5835.32,0.0,5835.32
111871,56215,663,1,1339.76,0.0,1339.76
111872,56215,748,3,2116.96,0.0,6350.88
111873,56216,517,1,12096.53,0.0,12096.53
111874,56216,549,4,13993.54,8396.12,47578.04
111875,56216,578,1,6521.84,652.18,5869.66
111876,56216,748,10,2116.96,0.0,21169.6
111877,56216,642,1,6612.07,0.0,6612.07
111878,56217,571,1,11994.11,1199.41,10794.7
111879,56217,654,1,2895.35,0.0,2895.35
111880,56218,756,1,372.34,18.62,353.72
111881,56219,616,2,594.6,178.38,1010.82
111882,56220,737,4,454.39,363.51,1454.05
111883,56221,580,2,1023.86,102.39,1945.33
111884,56221,585,1,29624.84,1481.24,28143.6
111885,56222,566,3,8272.67,0.0,24818.01
111886,56223,764,3,38368.4,5755.26,109349.94
111887,56223,621,2,1304.44,0.0,2608.88
111888,56223,623,1,2674.16,133.71,2540.45
111889,56224,686,1,4182.59,0.0,4182.59
111890,56224,585,1,29624.84,0.0,29624.84
111891,56225,630,1,2387.03,0.0,2387.03
111892,56226,544,2,6582.2,0.0,13164.4
111893,56227,735,1,1557.67,0.0,1557.67
111894,56227,723,1,3644.62,0.0,3644.62
111895,56228,658,4,711.18,568.94,2275.78
111896,56229,707,2,626.29,0.0,1252.58
111897,56229,621,1,1304.44,0.0,1304.44
111898,56229,588,4,490.64,0.0,1962.56
111899,56230,711,1,5931.42,0.0,5931.42
111900,56231,585,1,29624.84,0.0,29624.84
111901,56232,622,1,2792.75,139.64,2653.11
111902,56233,676,1,865.11,43.26,821.85
111903,56233,744,1,6141.59,0.0,6141.59
111904,56233,664,2,18695.4,0.0,37390.8
111905,56234,514,1,8817.04,1322.56,7494.48
111906,56234,748,1,2116.96,0.0,2116.96
111907,56234,690,1,1805.43,0.0,1805.43
111908,56235,740,1,38799.36,0.0,38799.36
111909,56236,612,1,2192.78,109.64,2083.14
111910,56237,783,1,39234.63,0.0,39234.63
111911,56238,710,1,10731.06,0.0,10731.06
111912,56239,556,1,3671.69,0.0,3671.69
111913,56239,521,2,3815.32,0.0,7630.64
111914,56239,629,2,717.69,143.54,1291.84
111915,56240,737,1,454.39,45.44,408.95
111916,56241,636,3,1717.09,0.0,5151.27
111917,56242,780,1,3012.88,0.0,3012.88
111918,56242,563,5,5426.08,0.0,27130.4
111919,56242,653,1,4298.41,0.0,4298.41
111920,56243,769,1,1383.36,0.0,1383.36
111921,56243,788,1,8889.42,888.94,8000.48
111922,56244,511,2,856.8,257.04,1456.56
111923,56245,604,2,5835.32,1167.06,10503.58
111924,56246,763,1,66.59,3.33,63.26
111925,56246,681,1,5353.16,0.0,5353.16
111926,56246,678,2,37877.29,0.0,75754.58
111927,56246,615,3,24337.83,0.0,73013.49
111928,56246,583,1,9641.6,1446.24,8195.36
111929,56247,743,1,892.31,44.62,847.69
111930,56248,747,4,805.8,0.0,3223.2
111931,56248,683,1,873.55,0.0,873.55
111932,56249,672,4,9227.41,0.0,36909.64
111933,56250,507,3,5384.85,807.73,15346.82
111934,56250,554,1,5371.45,268.57,5102.88
111935,56251,742,2,31236.95,0.0,62473.9
111936,56252,675,2,16586.98,0.0,33173.96
111937,56253,609,4,3589.04,0.0,14356.16
111938,56254,702,2,569.75,227.9,911.6
111939,56254,535,1,2114.96,0.0,2114.96
111940,56255,742,1,31236.95,0.0,31236.95
111941,56255,569,1,46883.02,0.0,46883.02
111942,56256,695,3,24310.04,3646.51,69283.61
111943,56257,641,2,3333.39,0.0,6666.78
111944,56257,579,2,17100.24,0.0,34200.48
111945,56258,680,10,1294.32,1941.48,11001.72
111946,56258,760,2,11301.08,0.0,22602.16
111947,56259,583,1,9641.6,0.0,9641.6
111948,56259,748,1,2116.96,0.0,2116.96
111949,56260,710,1,10731.06,0.0,10731.06
111950,56260,796,4,1462.48,584.99,5264.93
111951,56260,617,1,1324.53,198.68,1125.85
111952,56261,741,3,1969.25,0.0,5907.75
111953,56262,637,5,3516.12,1758.06,15822.54
111954,56262,560,1,407.29,20.36,386.93
111955,56263,599,1,2796.57,0.0,2796.57
111956,56263,545,2,1464.92,146.49,2783.35
111957,56264,583,2,9641.6,0.0,19283.2
111958,56264,546,2,12181.16,4872.46,19489.86
111959,56264,733,1,1597.66,0.0,1597.66
111960,56264,629,1,717.69,35.88,681.81
111961,56264,647,1,48665.91,0.0,48665.91
111962,56265,531,1,10687.35,0.0,10687.35
111963,56265,538,1,8640.93,0.0,8640.93
111964,56265,507,5,5384.85,1346.21,25578.04
111965,56266,750,1,182.17,36.43,145.74
111966,56267,753,1,1068.74,0.0,1068.74
111967,56268,703,1,2609.04,0.0,2609.04
111968,56269,793,1,2448.49,0.0,2448.49
111969,56270,779,2,9166.85,916.69,17417.01
111970,56270,601,1,17813.81,890.69,16923.12
111971,56271,598,1,579.36,0.0,579.36
111972,56272,636,1,1717.09,0.0,1717.09
111973,56272,598,3,579.36,0.0,1738.08
111974,56272,769,2,1383.36,138.34,2628.38
111975,56273,798,5,3816.99,0.0,19084.95
111976,56273,559,1,5502.85,550.29,4952.56
111977,56273,529,1,47474.39,9494.88,37979.51
111978,56274,581,2,2900.19,0.0,0.01
111979,56274,624,1,391.05,0.0,391.05
111980,56274,684,2,59645.43,5964.54,113326.32
111981,56275,575,1,253.01,0.0,253.01
111982,56275,558,1,9344.26,467.21,8877.05
111983,56276,551,2,3446.79,0.0,6893.58
111984,56277,679,1,53522.92,0.0,53522.92
111985,56278,762,2,886.5,0.0,1773.0
111986,56278,774,1,1776.67,0.0,1776.67
111987,56279,697,-3,17716.2,0.0,53148.6
111988,56279,733,1,1597.66,0.0,1597.66
111989,56280,628,4,6761.04,2704.42,24339.74
111990,56281,723,1,3644.62,0.0,3644.62
111991,56281,606,1,290.06,14.5,275.56
111992,56282,607,1,10316.31,515.82,9800.49
111993,56283,771,2,1072.89,0.0,2145.78
111994,56284,673,2,1038.9,207.78,1870.02
111995,56285,658,1,711.18,106.68,604.5
111996,56285,512,1,1219.3,121.93,1097.37
111997,56285,508,1,5538.85,0.0,5538.85
111998,56286,745,2,5138.19,0.0,10276.38
111999,56287,586,1,4444.5,222.23,4222.27
112000,56287,579,2,17100.24,0.0,34200.48
112001,56288,506,1,1305.17,0.0,1305.17
112002,56289,562,1,1170.27,58.51,1111.76
112003,56290,742,2,31236.95,3123.7,59350.2
112004,56290,586,1,4444.5,444.45,4000.05
112005,56290,790,2,723.68,0.0,1447.36
112006,56291,665,3,2533.05,379.96,7219.19
112007,56291,669,1,5183.71,1036.74,4146.97
112008,56291,509,5,3363.13,1681.57,15134.08
112009,56292,737,4,454.39,0.0,1817.56
112010,56293,586,3,4444.5,2000.02,11333.48
112011,56293,620,1,607.15,0.0,607.15
112012,56293,664,1,18695.4,0.0,18695.4
112013,56294,701,1,11805.02,0.0,11805.02
112014,56295,605,4,1048.97,419.59,3776.29
112015,56295,740,3,38799.36,0.0,116398.08
112016,56295,555,2,9558.13,2867.44,16248.82
112017,56296,546,1,12181.16,0.0,12181.16
112018,56297,558,2,9344.26,934.43,17754.09
112019,56298,687,1,1705.39,0.0,1705.39
112020,56299,521,2,3815.32,0.0,7630.64
112021,56299,584,4,1377.03,550.81,4957.31
112022,56299,590,2,2022.4,202.24,3842.56
112023,56299,791,1,11369.6,0.0,11369.6
112024,56299,598,5,579.36,144.84,2751.96
112025,56300,591,5,9106.57,0.0,45532.85
112026,56300,510,3,640.28,0.0,1920.84
112027,56301,678,0,37877.29,0.0,37877.29
112028,56301,605,1,1048.97,209.79,839.18
112029,56301,553,2,31731.27,0.0,63462.54
112030,56302,797,4,1277.35,0.0,5109.4
112031,56302,569,1,46883.02,4688.3,42194.72
112032,56303,597,3,535.83,0.0,1607.49
112033,56304,623,1,2674.16,0.0,2674.16
112034,56305,689,1,11449.91,1144.99,10304.92
112035,56306,671,2,3564.48,0.0,7128.96
112036,56306,768,2,10470.08,3141.02,17799.14
112037,56306,666,1,4195.88,0.0,4195.88
112038,56306,610,1,26733.01,2673.3,24059.71
112039,56307,606,1,290.06,29.01,261.05
112040,56308,541,1,2124.38,0.0,2124.38
112041,56308,571,1,11994.11,0.0,11994.11
112042,56308,687,1,1705.39,0.0,1705.39
112043,56309,684,1,59645.43,0.0,59645.43
112044,56310,686,1,4182.59,0.0,4182.59
112045,56311,747,2,805.8,241.74,1369.86
112046,56312,535,1,2114.96,0.0,2114.96
112047,56313,787,1,27577.51,0.0,27577.51
112048,56313,520,2,1736.99,0.0,3473.98
112049,56314,654,1,2895.35,0.0,2895.35
112050,56314,767,1,2764.13,0.0,2764.13
112051,56314,781,2,508.19,50.82,965.56
112052,56315,683,1,873.55,0.0,873.55
112053,56315,697,2,17716.2,0.0,35432.4
112054,56315,601,1,17813.81,0.0,17813.81
112055,56315,713,3,5412.77,3247.66,12990.65
112056,56316,663,2,1339.76,0.0,2679.52
112057,56316,568,1,5802.78,0.0,5802.78
112058,56316,758,1,2596.01,0.0,2596.01
112059,56316,621,5,1304.44,0.0,6522.2
112060,56317,790,0,723.68,0.0,1447.36
112061,56318,658,1,711.18,0.0,711.18
112062,56318,612,3,2192.78,0.0,6578.34
112063,56319,732,1,3277.37,163.87,3113.5
112064,56319,745,2,5138.19,513.82,9762.56
112065,56319,763,1,66.59,0.0,66.59
112066,56319,564,1,1265.51,253.1,1012.41
112067,56320,734,1,839.57,0.0,839.57
112068,56320,739,1,9905.71,0.0,9905.71
112069,56321,745,3,5138.19,0.0,15414.57
112070,56322,536,2,1067.42,213.48,1921.36
112071,56322,786,1,5485.59,548.56,4937.03
112072,56322,618,3,161.7,48.51,436.59
112073,56323,564,2,1265.51,0.0,2531.02
112074,56323,732,1,3277.37,0.0,3277.37
112075,56323,764,2,38368.4,7673.68,69063.12
112076,56324,726,1,983.03,49.15,933.88
112077,56325,772,1,6175.25,926.29,5248.96
112078,56325,625,2,54397.72,10879.54,97915.9
112079,56326,627,4,348.17,0.0,1392.68
112080,56326,515,1,1144.81,0.0,1144.81
112081,56326,613,1,11372.12,0.0,11372.12
112082,56326,681,4,5353.16,1070.63,20342.01
112083,56327,505,3,5998.46,0.0,17995.38
112084,56328,669,2,5183.71,0.0,10367.42
112085,56328,627,1,348.17,0.0,348.17
112086,56328,704,3,1165.72,0.0,3497.16
112087,56329,797,3,1277.35,0.0,3832.05
112088,56329,674,1,7676.03,0.0,7676.03
112089,56329,652,1,13563.11,0.0,13563.11
112090,56330,555,5,9558.13,0.0,47790.65
112091,56330,525,1,4003.31,600.5,3402.81
112092,56331,778,2,2068.11,0.0,4136.22
112093,56332,770,3,2789.39,0.0,8368.17
112094,56333,650,1,6201.76,0.0,6201.76
112095,56333,779,1,9166.85,0.0,9166.85
112096,56334,739,1,9905.71,1485.86,8419.85
112097,56335,783,1,39234.63,1961.73,37272.9
112098,56336,657,1,8779.23,0.0,8779.23
112099,56337,751,1,25845.26,0.0,25845.26
112100,56338,571,3,11994.11,0.0,35982.33
112101,56339,579,1,17100.24,0.0,17100.24
112102,56340,677,1,3625.43,0.0,3625.43
112103,56340,580,1,1023.86,51.19,972.67
112104,56341,585,5,29624.84,0.0,148124.2
112105,56341,576,1,2970.75,0.0,2970.75
112106,56342,709,1,5677.52,0.0,5677.52
112107,56343,999999,2,817.17,163.43,1470.91
112108,56344,545,2,1464.92,0.0,2929.84
112109,56344,620,2,607.15,0.0,1214.3
112110,56344,763,1,66.59,0.0,66.59
112111,56345,775,1,3454.82,0.0,3454.82
112112,56345,789,3,2799.8,0.0,8399.4
112113,56345,516,1,14192.65,0.0,14192.65
112114,56346,633,1,1617.01,0.0,1617.01
112115,56347,562,1,1170.27,0.0,1170.27
112116,56348,762,1,886.5,0.0,886.5
112117,56348,731,1,1578.26,0.0,1578.26
112118,56348,505,1,5998.46,0.0,5998.46
112119,56348,631,3,1647.26,494.18,4447.6
112120,56348,771,1,1072.89,53.64,1019.25
112121,56349,729,3,2699.1,0.0,8097.3
112122,56349,755,2,923.61,277.08,1570.14
112123,56350,727,2,11354.29,0.0,22708.58
112124,56351,541,2,2124.38,0.0,4248.76
112125,56352,526,1,5568.93,278.45,5290.48
112126,56352,558,1,9344.26,0.0,9344.26
112127,56352,684,3,59645.43,0.0,178936.29
112128,56353,748,3,2116.96,0.0,6350.88
112129,56353,649,4,699.68,0.0,2798.72
112130,56353,710,1,10731.06,536.55,10194.51
112131,56353,751,1,25845.26,0.0,25845.26
112132,56354,763,5,66.59,0.0,332.95
112133,56355,547,1,817.17,81.72,735.45
112134,56355,703,1,2609.04,0.0,2609.04
112135,56356,652,1,13563.11,0.0,13563.11
112136,56356,507,1,5384.85,269.24,5115.61
112137,56356,721,2,5715.09,2286.04,9144.14
112138,56357,706,1,14673.28,2200.99,12472.29
112139,56357,595,1,2237.17,111.86,2125.31
112140,56357,640,2,1058.22,0.0,2116.44
112141,56358,719,1,15471.04,0.0,15471.04
112142,56358,798,1,3816.99,763.4,3053.59
112143,56359,702,1,569.75,0.0,569.75
112144,56360,554,1,5371.45,0.0,5371.45
112145,56361,671,1,3564.48,712.9,0.01
112146,56362,556,1,3671.69,0.0,3671.69
112147,56362,622,1,2792.75,0.0,2792.75
112148,56363,628,1,6761.04,1352.21,5408.83
112149,56363,695,1,24310.04,0.0,24310.04
112150,56363,774,5,1776.67,0.0,8883.35
112151,56364,573,2,620.76,0.0,1241.52
112152,56365,642,1,6612.07,0.0,6612.07
112153,56365,504,1,3910.83,195.54,3715.29
112154,56366,786,1,5485.59,0.0,5485.59
112155,56366,597,1,535.83,26.79,509.04
112156,56367,771,1,1072.89,0.0,1072.89
112157,56368,507,1,5384.85,807.73,4577.12
112158,56368,730,1,713.55,0.0,713.55
112159,56369,532,2,820.25,246.07,1394.43
112160,56369,590,3,2022.4,303.36,5763.84
112161,56369,686,1,4182.59,0.0,4182.59
112162,56369,783,3,39234.63,5885.19,111818.7
112163,56370,647,-3,48665.91,0.0,243329.55
112164,56370,723,1,3644.62,546.69,3097.93
112165,56371,731,1,1578.26,0.0,1578.26
112166,56371,711,1,5931.42,0.0,0.01
112167,56372,615,2,24337.83,0.0,48675.66
112168,56373,554,2,5371.45,0.0,10742.9
112169,56373,528,1,951.12,95.11,856.01
112170,56374,594,2,55089.87,0.0,110179.74
112171,56375,733,1,1597.66,0.0,1597.66
112172,56375,771,2,1072.89,0.0,2145.78
112173,56375,554,1,5371.45,0.0,5371.45
112174,56376,767,2,2764.13,552.83,4975.43
112175,56376,760,1,11301.08,0.0,11301.08
112176,56376,747,1,805.8,0.0,805.8
112177,56377,640,3,1058.22,0.0,3174.66
112178,56377,549,5,13993.54,0.0,69967.7
112179,56377,566,2,8272.67,0.0,16545.34
112180,56378,530,3,3414.81,512.22,9732.21
112181,56379,761,3,1440.57,648.26,3673.45
112182,56380,545,1,1464.92,219.74,1245.18
112183,56381,711,2,5931.42,1186.28,10676.56
112184,56382,585,1,29624.84,0.0,29624.84
112185,56382,678,3,37877.29,5681.59,107950.28
112186,56383,530,4,3414.81,0.0,13659.24
112187,56383,679,1,53522.92,0.0,53522.92
112188,56383,525,3,4003.31,600.5,11409.43
112189,56383,727,1,11354.29,0.0,11354.29
112190,56384,689,2,11449.91,0.0,22899.82
112191,56385,557,1,783.76,39.19,744.57
112192,56385,713,2,5412.77,0.0,10825.54
112193,56386,733,2,1597.66,0.0,3195.32
112194,56387,701,2,11805.02,2361.0,21249.04
112195,56388,682,1,707.75,0.0,707.75
112196,56388,717,1,902.81,135.42,767.39
112197,56389,672,1,9227.41,0.0,9227.41
112198,56389,661,-3,16283.24,0.0,16283.24
112199,56390,765,2,37606.92,0.0,75213.84
112200,56391,529,1,47474.39,0.0,47474.39
112201,56392,701,2,11805.02,0.0,23610.04
112202,56392,559,3,5502.85,0.0,16508.55
112203,56392,772,3,6175.25,3705.15,14820.6
112204,56392,564,2,1265.51,0.0,2531.02
112205,56392,728,1,2491.24,0.0,2491.24
112206,56393,753,1,1068.74,53.44,1015.3
112207,56393,610,2,26733.01,0.0,53466.02
112208,56394,580,2,1023.86,0.0,2047.72
112209,56394,632,1,2338.49,0.0,2338.49
112210,56394,504,1,3910.83,195.54,3715.29
112211,56394,676,1,865.11,0.0,865.11
112212,56394,519,1,849.44,0.0,849.44
112213,56395,536,4,1067.42,213.48,4056.2
112214,56395,730,1,713.55,107.03,606.52
112215,56395,631,1,1647.26,0.0,1647.26
112216,56395,594,1,55089.87,5508.99,49580.88
112217,56396,613,2,11372.12,0.0,22744.24
112218,56397,704,4,1165.72,0.0,4662.88
112219,56397,627,1,348.17,52.23,295.94
112220,56397,589,1,17388.16,0.0,17388.16
112221,56398,777,1,2061.3,0.0,2061.3
112222,56398,730,3,713.55,0.0,2140.65
112223,56398,798,1,3816.99,381.7,3435.29
112224,56399,644,5,36167.51,0.0,180837.55
112225,56399,660,10,3268.31,6536.62,26146.48
112226,56399,546,2,12181.16,1218.12,23144.2
112227,56399,728,5,2491.24,1245.62,11210.58
112228,56400,573,2,620.76,0.0,1241.52
112229,56400,749,1,1601.66,0.0,1601.66
112230,56400,617,2,1324.53,0.0,2649.06
112231,56401,503,3,1376.24,0.0,4128.72
112232,56401,741,1,1969.25,0.0,1969.25
112233,56402,542,2,1742.37,0.0,3484.74
112234,56402,640,2,1058.22,105.82,2010.62
112235,56402,784,2,1641.14,0.0,3282.28
112236,56403,597,1,535.83,0.0,535.83
112237,56404,509,1,3363.13,672.63,2690.5
112238,56404,701,2,11805.02,0.0,23610.04
112239,56404,793,2,2448.49,489.7,4407.28
112240,56404,720,2,3038.53,0.0,6077.06
112241,56405,519,1,849.44,0.0,849.44
112242,56405,510,3,640.28,0.0,1920.84
112243,56405,680,4,1294.32,0.0,5177.28
112244,56405,637,1,3516.12,0.0,3516.12
112245,56406,723,2,3644.62,728.92,6560.32
112246,56406,716,2,1117.48,0.0,2234.96
112247,56406,511,4,856.8,0.0,3427.2
112248,56407,765,1,37606.92,0.0,37606.92
112249,56408,759,1,8304.75,0.0,8304.75
112250,56408,525,1,4003.31,0.0,4003.31
112251,56409,762,4,886.5,0.0,3546.0
112252,56409,686,1,4182.59,0.0,4182.59
112253,56410,709,3,5677.52,0.0,17032.56
112254,56410,564,1,1265.51,0.0,1265.51
112255,56411,706,1,14673.28,2934.66,11738.62
112256,56411,595,1,2237.17,0.0,2237.17
112257,56412,706,1,14673.28,733.66,13939.62
112258,56412,749,2,1601.66,0.0,3203.32
112259,56413,603,1,18106.09,0.0,18106.09
112260,56414,532,1,820.25,123.04,697.21
112261,56415,773,2,5708.39,0.0,11416.78
112262,56416,616,5,594.6,0.0,2973.0
112263,56417,549,2,13993.54,0.0,27987.08
112264,56418,643,3,55447.46,33268.48,133073.9
112265,56419,652,1,13563.11,0.0,13563.11
112266,56420,763,3,66.59,0.0,199.77
112267,56421,710,1,10731.06,2146.21,8584.85
112268,56421,516,1,14192.65,0.0,14192.65
112269,56422,790,2,723.68,0.0,1447.36
112270,56422,657,1,8779.23,438.96,8340.27
112271,56423,590,1,2022.4,0.0,2022.4
112272,56423,755,1,923.61,0.0,923.61
112273,56424,518,1,49561.42,2478.07,47083.35
112274,56424,517,4,12096.53,4838.61,43547.51
112275,56425,528,1,951.12,0.0,951.12
112276,56425,700,2,6725.93,0.0,13451.86
112277,56425,619,1,577.92,28.9,549.02
112278,56426,539,1,1082.58,0.0,1082.58
112279,56426,661,3,16283.24,0.0,48849.72
112280,56427,795,2,18501.43,3700.29,33302.57
112281,56427,650,2,6201.76,620.18,11783.34
112282,56427,676,1,865.11,0.0,865.11
112283,56428,615,1,24337.83,0.0,24337.83
112284,56429,619,1,577.92,115.58,462.34
112285,56430,722,1,53128.36,0.0,53128.36
112286,56431,586,1,4444.5,0.0,4444.5
112287,56432,524,10,1357.31,2035.96,11537.14
112288,56432,790,1,723.68,36.18,687.5
112289,56432,709,3,5677.52,0.0,17032.56
112290,56433,536,10,1067.42,0.0,10674.2
112291,56433,732,4,3277.37,1310.95,11798.53
112292,56434,743,3,892.31,133.85,2543.08
112293,56434,715,1,61205.17,0.0,61205.17
112294,56434,539,1,1082.58,0.0,1082.58
112295,56434,504,3,3910.83,0.0,11732.49
112296,56435,558,4,9344.26,0.0,37377.04
112297,56436,578,1,6521.84,652.18,5869.66
112298,56436,501,2,45292.52,0.0,90585.04
112299,56436,767,1,2764.13,0.0,2764.13
112300,56436,582,2,8407.83,0.0,16815.66
112301,56437,520,1,1736.99,173.7,1563.29
112302,56437,546,1,12181.16,0.0,12181.16
112303,56438,543,1,4352.44,0.0,4352.44
112304,56438,762,1,886.5,88.65,797.85
112305,56439,740,1,38799.36,0.0,38799.36
112306,56439,763,1,66.59,0.0,66.59
112307,56439,525,1,4003.31,0.0,4003.31
112308,56439,596,2,1919.15,383.83,3454.47
112309,56440,659,1,364.24,54.64,309.6
112310,56441,519,3,849.44,0.0,2548.32
112311,56441,686,1,4182.59,0.0,4182.59
112312,56441,775,4,3454.82,0.0,13819.28
112313,56442,763,1,66.59,0.0,66.59
112314,56443,635,1,3079.07,615.81,2463.26
112315,56443,617,1,1324.53,132.45,1192.08
112316,56444,771,3,1072.89,0.0,3218.67
112317,56445,746,3,1732.13,1039.28,4157.11
112318,56445,793,1,2448.49,0.0,2448.49
112319,56445,519,2,849.44,84.94,1613.94
112320,56446,555,1,9558.13,0.0,9558.13
112321,56446,626,5,236.68,0.0,1183.4
112322,56447,580,1,1023.86,51.19,972.67
112323,56448,544,1,6582.2,0.0,6582.2
112324,56449,658,5,711.18,0.0,3555.9
112325,56450,635,1,3079.07,0.0,3079.07
112326,56451,766,2,4834.22,0.0,9668.44
112327,56451,690,2,1805.43,361.09,3249.77
112328,56451,606,4,290.06,0.0,1160.24
112329,56451,621,1,1304.44,260.89,1043.55
112330,56452,749,1,1601.66,0.0,1601.66
112331,56453,999999,1,9668.28,966.83,8701.45
112332,56454,579,1,17100.24,855.01,16245.23
112333,56455,652,2,13563.11,2712.62,24413.6
112334,56456,672,2,9227.41,3690.96,14763.86
112335,56457,734,1,839.57,0.0,839.57
112336,56457,647,3,48665.91,0.0,145997.73
112337,56457,746,2,1732.13,0.0,3464.26
112338,56458,637,1,3516.12,0.0,3516.12
112339,56459,677,5,3625.43,2719.07,15408.08
112340,56460,739,3,9905.71,2971.71,26745.42
112341,56461,539,1,1082.58,108.26,974.32
112342,56462,566,1,8272.67,827.27,7445.4
112343,56463,520,1,1736.99,0.0,1736.99
112344,56463,727,1,11354.29,0.0,11354.29
112345,56463,690,1,1805.43,90.27,1715.16
112346,56463,524,3,1357.31,0.0,4071.93
112347,56463,634,1,5262.27,0.0,5262.27
112348,56464,671,2,3564.48,712.9,6416.06
112349,56464,683,1,873.55,0.0,873.55
112350,56465,545,1,1464.92,0.0,1464.92
112351,56466,601,2,17813.81,0.0,35627.62
112352,56466,737,3,454.39,68.16,1295.01
112353,56467,634,4,5262.27,0.0,21049.08
112354,56467,784,2,1641.14,164.11,3118.17
112355,56468,788,4,8889.42,0.0,35557.68
112356,56468,562,4,1170.27,468.11,4212.97
112357,56468,620,1,607.15,91.07,516.08
112358,56469,503,1,1376.24,68.81,1307.43
112359,56470,545,4,1464.92,0.0,5859.68
112360,56471,553,2,31731.27,0.0,63462.54
112361,56471,605,1,1048.97,0.0,1048.97
112362,56472,675,1,16586.98,2488.05,14098.93
112363,56473,744,2,6141.59,1228.32,11054.86
112364,56474,572,2,1098.59,109.86,2087.32
112365,56474,686,1,4182.59,627.39,3555.2
112366,56474,574,2,20894.55,0.0,41789.1
112367,56474,736,1,6075.78,0.0,6075.78
112368,56475,774,1,1776.67,0.0,1776.67
112369,56475,727,1,11354.29,1135.43,10218.86
112370,56475,592,1,1511.43,226.71,1284.72
112371,56476,759,1,8304.75,830.48,7474.27
112372,56476,587,1,790.56,39.53,751.03
112373,56476,797,1,1277.35,127.73,1149.62
112374,56477,571,1,11994.11,0.0,11994.11
112375,56478,553,1,31731.27,1586.56,30144.71
112376,56478,718,1,6766.17,0.0,6766.17
112377,56478,557,1,783.76,78.38,705.38
112378,56478,695,1,24310.04,0.0,24310.04
112379,56479,567,1,7980.38,0.0,7980.38
112380,56480,718,1,6766.17,1014.93,5751.24
112381,56481,784,1,1641.14,0.0,1641.14
112382,56482,567,1,7980.38,1197.06,6783.32
112383,56482,643,1,55447.46,8317.12,47130.34
112384,56483,724,1,2567.59,513.52,2054.07
112385,56484,576,1,2970.75,297.07,2673.68
112386,56485,748,5,2116.96,1058.48,9526.32
112387,56486,511,2,856.8,0.0,1713.6
112388,56486,502,2,15084.04,0.0,30168.08
112389,56487,783,1,39234.63,0.0,39234.63
112390,56487,553,2,31731.27,0.0,63462.54
112391,56488,597,1,535.83,0.0,535.83
112392,56488,579,1,17100.24,0.0,17100.24
112393,56489,594,1,55089.87,5508.99,49580.88
112394,56489,730,3,713.55,214.06,1926.59
112395,56490,647,3,48665.91,14599.77,131397.96
112396,56491,713,1,5412.77,0.0,5412.77
112397,56492,728,1,2491.24,0.0,2491.24
112398,56493,673,1,1038.9,0.0,1038.9
112399,56493,711,3,5931.42,889.71,16904.55
112400,56493,695,1,24310.04,0.0,24310.04
112401,56494,771,4,1072.89,214.58,4076.98
112402,56495,786,2,5485.59,2194.24,8776.94
112403,56496,704,2,1165.72,0.0,2331.44
112404,56497,511,1,856.8,128.52,728.28
112405,56498,620,1,607.15,30.36,576.79
112406,56498,703,1,2609.04,0.0,2609.04
112407,56499,788,1,8889.42,0.0,8889.42
112408,56500,505,3,5998.46,1799.54,16195.84
112409,56501,743,4,892.31,713.85,2855.39
112410,56502,535,1,2114.96,317.24,1797.72
112411,56503,735,2,1557.67,0.0,3115.34
112412,56503,788,-3,8889.42,0.0,8889.42
112413,56504,516,2,14192.65,2838.53,25546.77
112414,56504,630,1,2387.03,0.0,2387.03
112415,56505,670,1,2118.7,105.94,2012.76
112416,56506,707,1,626.29,62.63,563.66
112417,56507,606,1,290.06,0.0,290.06
112418,56508,695,2,24310.04,7293.01,41327.07
112419,56508,635,2,3079.07,0.0,6158.14
112420,56508,527,1,43071.55,0.0,43071.55
112421,56508,600,2,6469.3,0.0,12938.6
112422,56509,726,1,983.03,0.0,983.03
112423,56510,702,1,569.75,0.0,569.75
112424,56511,527,1,43071.55,0.0,43071.55
112425,56512,731,1,1578.26,0.0,1578.26
112426,56512,788,3,8889.42,0.0,26668.26
112427,56512,704,1,1165.72,58.29,1107.43
112428,56513,782,-1,9360.71,468.04,8892.67
112429,56514,755,3,923.61,0.0,2770.83
112430,56514,680,1,1294.32,194.15,1100.17
112431,56514,731,1,1578.26,0.0,1578.26
112432,56515,732,1,3277.37,0.0,0.01
112433,56515,764,1,38368.4,1918.42,36449.98
112434,56515,547,1,817.17,0.0,817.17
112435,56515,663,1,1339.76,66.99,1272.77
112436,56515,772,1,6175.25,0.0,6175.25
112437,56516,636,1,1717.09,171.71,1545.38
112438,56517,640,1,1058.22,105.82,952.4
112439,56518,605,3,1048.97,472.04,2674.87
112440,56519,596,1,1919.15,287.87,1631.28
112441,56519,687,5,1705.39,0.0,8526.95
112442,56519,761,1,1440.57,0.0,1440.57
112443,56520,596,2,1919.15,0.0,3838.3
112444,56521,526,1,5568.93,0.0,5568.93
112445,56522,620,3,607.15,273.22,1548.23
112446,56523,504,3,3910.83,0.0,11732.49
112447,56523,674,2,7676.03,0.0,15352.06
112448,56524,648,4,1203.65,0.0,4814.6
112449,56525,793,1,2448.49,122.42,2326.07
112450,56525,530,-1,3414.81,0.0,13659.24
112451,56526,688,2,9656.12,0.0,19312.24
112452,56527,760,1,11301.08,0.0,11301.08
112453,56528,666,1,4195.88,0.0,4195.88
112454,56529,732,3,3277.37,0.0,9832.11
112455,56530,524,1,1357.31,0.0,1357.31
112456,56531,586,2,4444.5,444.45,8444.55
112457,56531,606,2,290.06,0.0,580.12
112458,56532,660,1,3268.31,0.0,3268.31
112459,56532,740,1,38799.36,0.0,38799.36
112460,56532,700,1,6725.93,336.3,6389.63
112461,56532,623,1,2674.16,0.0,2674.16
112462,56532,573,2,620.76,124.15,1117.37
112463,56533,784,1,1641.14,82.06,1559.08
112464,56533,501,3,45292.52,0.0,135877.56
112465,56534,576,1,2970.75,594.15,2376.6
112466,56534,634,1,5262.27,0.0,5262.27
112467,56535,569,3,46883.02,0.0,140649.06
112468,56535,766,1,4834.22,241.71,4592.51
112469,56535,644,1,36167.51,0.0,36167.51
112470,56535,622,1,2792.75,0.0,2792.75
112471,56536,628,2,6761.04,0.0,13522.08
112472,56537,775,2,3454.82,0.0,6909.64
112473,56537,595,2,2237.17,0.0,4474.34
112474,56537,718,1,6766.17,1014.93,5751.24
112475,56538,596,1,1919.15,95.96,1823.19
112476,56539,705,1,17197.08,0.0,17197.08
112477,56540,600,1,6469.3,1293.86,5175.44
112478,56540,592,1,1511.43,0.0,1511.43
112479,56540,525,1,4003.31,0.0,4003.31
112480,56541,680,2,1294.32,0.0,2588.64
112481,56542,527,10,43071.55,0.0,430715.5
112482,56543,671,1,3564.48,0.0,3564.48
112483,56543,647,3,48665.91,0.0,145997.73
112484,56543,573,1,620.76,0.0,620.76
112485,56544,688,2,9656.12,1931.22,17381.02
112486,56545,594,4,55089.87,0.0,220359.48
112487,56545,618,3,161.7,0.0,485.1
112488,56546,560,1,407.29,0.0,407.29
112489,56547,591,1,9106.57,0.0,9106.57
112490,56547,588,2,490.64,0.0,981.28
112491,56547,523,1,6428.51,321.43,6107.08
112492,56548,606,1,290.06,0.0,290.06
112493,56549,511,2,856.8,0.0,1713.6
112494,56550,684,1,59645.43,2982.27,56663.16
112495,56550,577,5,795.1,0.0,3975.5
112496,56550,612,1,2192.78,0.0,2192.78
112497,56550,528,1,951.12,0.0,951.12
112498,56551,586,1,4444.5,0.0,4444.5
112499,56551,632,2,2338.49,0.0,4676.98
112500,56551,687,3,1705.39,0.0,5116.17
112501,56552,639,1,5888.93,0.0,5888.93
112502,56553,620,1,607.15,0.0,607.15
112503,56554,772,1,6175.25,0.0,6175.25
112504,56555,793,1,2448.49,122.42,2326.07
112505,56556,542,1,1742.37,0.0,1742.37
112506,56556,763,2,66.59,0.0,133.18
112507,56556,661,1,16283.24,814.16,15469.08
112508,56557,553,1,31731.27,0.0,31731.27
112509,56558,540,1,32834.15,0.0,32834.15
112510,56558,513,1,1399.58,0.0,1399.58
112511,56558,724,2,2567.59,0.0,5135.18
112512,56559,512,1,1219.3,121.93,1097.37
112513,56560,716,1,1117.48,111.75,1005.73
112514,56561,529,3,47474.39,0.0,142423.17
112515,56562,637,1,3516.12,0.0,3516.12
112516,56562,579,1,17100.24,0.0,17100.24
112517,56563,666,3,4195.88,1258.76,11328.88
112518,56564,647,1,48665.91,4866.59,43799.32
112519,56565,717,1,902.81,45.14,857.67
112520,56565,588,1,490.64,98.13,392.51
112521,56565,554,1,5371.45,0.0,5371.45
112522,56566,699,1,713.36,35.67,677.69
112523,56567,794,2,482.29,0.0,964.58
112524,56567,690,2,1805.43,0.0,3610.86
112525,56568,800,1,2202.18,0.0,2202.18
112526,56568,720,1,3038.53,151.93,2886.6
112527,56568,619,2,577.92,173.38,982.46
112528,56569,558,2,9344.26,0.0,18688.52
112529,56569,724,1,2567.59,0.0,2567.59
112530,56569,511,3,856.8,0.0,2570.4
112531,56570,580,1,1023.86,0.0,1023.86
112532,56570,595,1,2237.17,0.0,2237.17
112533,56571,568,1,5802.78,870.42,4932.36
112534,56572,524,1,1357.31,67.87,1289.44
112535,56572,739,4,9905.71,0.0,39622.84
112536,56572,588,1,490.64,49.06,441.58
112537,56573,726,1,983.03,0.0,983.03
112538,56573,606,2,290.06,0.0,580.12
112539,56573,590,1,2022.4,303.36,1719.04
112540,56574,707,2,626.29,0.0,1252.58
112541,56574,715,1,61205.17,0.0,61205.17
112542,56574,689,5,11449.91,0.0,57249.55
112543,56574,652,3,13563.11,4068.93,36620.4
112544,56575,547,1,817.17,81.72,735.45
112545,56576,560,4,407.29,325.83,1303.33
112546,56576,543,2,4352.44,435.24,8269.64
112547,56576,722,2,53128.36,0.0,106256.72
112548,56577,760,1,11301.08,0.0,11301.08
112549,56577,706,1,14673.28,0.0,14673.28
112550,56578,791,1,11369.6,0.0,11369.6
112551,56578,676,1,865.11,86.51,778.6
112552,56579,559,1,5502.85,1100.57,4402.28
112553,56580,763,3,66.59,0.0,199.77
112554,56580,678,1,37877.29,0.0,37877.29
112555,56580,646,3,6680.81,2004.24,18038.19
112556,56581,602,1,817.44,0.0,817.44
112557,56582,632,1,2338.49,0.0,2338.49
112558,56583,676,1,865.11,43.26,821.85
112559,56584,713,1,5412.77,0.0,5412.77
112560,56584,644,1,36167.51,0.0,36167.51
112561,56584,730,2,713.55,142.71,1284.39
112562,56585,790,2,723.68,72.37,1374.99
112563,56585,774,1,1776.67,0.0,1776.67
112564,56586,782,1,9360.71,0.0,9360.71
112565,56586,757,3,13097.42,0.0,39292.26
112566,56586,744,2,6141.59,2456.64,9826.54
112567,56587,556,5,3671.69,917.92,17440.53
112568,56588,762,1,886.5,44.33,842.17
112569,56588,542,5,1742.37,435.59,8276.26
112570,56588,627,4,348.17,139.27,1253.41
112571,56589,562,2,1170.27,0.0,2340.54
112572,56589,758,1,2596.01,0.0,2596.01
112573,56589,627,2,348.17,0.0,696.34
112574,56589,545,1,1464.92,73.25,1391.67
112575,56590,572,2,1098.59,109.86,2087.32
112576,56591,763,1,66.59,13.32,53.27
112577,56592,746,2,1732.13,346.43,3117.83
112578,56593,657,2,8779.23,0.0,17558.46
112579,56593,594,1,55089.87,0.0,55089.87
112580,56593,592,1,1511.43,0.0,1511.43
112581,56594,638,5,9668.28,9668.28,38673.12
112582,56594,516,3,14192.65,0.0,42577.95
112583,56594,575,1,253.01,0.0,253.01
112584,56594,633,1,1617.01,161.7,1455.31
112585,56595,559,1,5502.85,0.0,5502.85
112586,56596,795,1,18501.43,0.0,18501.43
112587,56597,685,1,9687.25,0.0,9687.25
112588,56597,595,3,2237.17,0.0,6711.51
112589,56598,797,1,1277.35,191.6,1085.75
112590,56599,553,1,31731.27,4759.69,26971.58
112591,56599,728,1,2491.24,124.56,2366.68
112592,56599,744,1,6141.59,0.0,6141.59
112593,56600,690,2,1805.43,0.0,3610.86
112594,56600,729,1,2699.1,134.96,2564.14
112595,56600,579,1,17100.24,0.0,17100.24
112596,56601,527,1,43071.55,2153.58,40917.97
112597,56602,556,1,3671.69,0.0,3671.69
112598,56603,752,3,14566.93,0.0,43700.79
112599,56603,543,4,4352.44,2611.46,14798.3
112600,56604,644,1,36167.51,0.0,36167.51
112601,56605,532,1,820.25,41.01,779.24
112602,56606,671,1,3564.48,0.0,3564.48
112603,56607,745,1,5138.19,0.0,5138.19
112604,56607,647,2,48665.91,0.0,97331.82
112605,56607,593,1,1214.64,60.73,1153.91
112606,56607,567,1,7980.38,0.0,7980.38
112607,56607,753,3,1068.74,0.0,3206.22
112608,56608,772,1,6175.25,0.0,6175.25
112609,56609,701,3,11805.02,3541.51,31873.55
112610,56609,589,5,17388.16,8694.08,78246.72
112611,56610,536,1,1067.42,0.0,1067.42
112612,56611,799,1,2348.69,469.74,1878.95
112613,56611,543,2,4352.44,0.0,8704.88
112614,56611,631,1,1647.26,0.0,1647.26
112615,56612,759,1,8304.75,0.0,8304.75
112616,56612,658,1,711.18,0.0,711.18
112617,56613,635,1,3079.07,307.91,2771.16
112618,56614,741,5,1969.25,984.62,8861.63
112619,56614,652,5,13563.11,0.0,67815.55
112620,56615,739,1,9905.71,0.0,9905.71
112621,56616,728,1,2491.24,124.56,2366.68
112622,56617,581,1,2900.19,145.01,2755.18
112623,56618,620,4,607.15,0.0,2428.6
112624,56618,601,1,17813.81,1781.38,16032.43
112625,56619,695,1,24310.04,0.0,24310.04
112626,56619,687,1,1705.39,85.27,1620.12
112627,56620,525,1,4003.31,200.17,3803.14
112628,56620,556,1,3671.69,0.0,3671.69
112629,56621,725,3,6229.36,0.0,18688.08
112630,56622,595,1,2237.17,0.0,2237.17
112631,56622,522,1,39986.91,0.0,39986.91
112632,56623,690,5,1805.43,902.72,8124.43
112633,56623,789,1,2799.8,0.0,2799.8
112634,56624,640,2,1058.22,0.0,2116.44
112635,56624,569,1,46883.02,0.0,46883.02
112636,56624,610,1,26733.01,2673.3,24059.71
112637,56624,748,5,2116.96,1587.72,8997.08
112638,56625,539,1,1082.58,54.13,1028.45
112639,56626,664,1,18695.4,0.0,18695.4
112640,56627,504,1,3910.83,0.0,3910.83
112641,56627,532,1,820.25,0.0,820.25
112642,56628,523,1,6428.51,0.0,6428.51
112643,56629,784,4,1641.14,0.0,6564.56
112644,56630,623,1,2674.16,534.83,2139.33
112645,56630,728,1,2491.24,0.0,2491.24
112646,56631,554,1,5371.45,0.0,5371.45
112647,56631,720,1,3038.53,0.0,3038.53
112648,56631,527,2,43071.55,0.0,86143.1
112649,56631,580,3,1023.86,153.58,2918.0
112650,56632,541,2,2124.38,0.0,4248.76
112651,56632,785,2,1136.17,0.0,2272.34
112652,56633,616,1,594.6,0.0,594.6
112653,56633,600,1,6469.3,0.0,6469.3
112654,56634,748,1,2116.96,0.0,2116.96
112655,56635,614,3,30296.77,0.0,90890.31
112656,56636,510,1,640.28,0.0,640.28
112657,56636,797,1,1277.35,127.73,1149.62
112658,56637,727,1,11354.29,0.0,11354.29
112659,56637,556,2,3671.69,0.0,7343.38
112660,56637,510,1,640.28,0.0,640.28
112661,56638,644,2,36167.51,0.0,72335.02
112662,56639,695,1,24310.04,0.0,24310.04
112663,56639,671,2,3564.48,1069.34,6059.62
112664,56640,682,3,707.75,106.16,2017.09
112665,56641,602,2,817.44,0.0,1634.88
112666,56641,539,1,1082.58,0.0,1082.58
112667,56642,571,1,11994.11,0.0,11994.11
112668,56642,582,2,8407.83,1681.57,15134.09
112669,56642,585,2,29624.84,8887.45,50362.23
112670,56642,570,1,4486.57,897.31,3589.26
112671,56642,668,3,1156.71,173.51,3296.62
112672,56643,601,1,17813.81,0.0,17813.81
112673,56643,502,1,15084.04,1508.4,13575.64
112674,56644,632,2,2338.49,467.7,4209.28
112675,56644,774,1,1776.67,266.5,1510.17
112676,56645,686,2,4182.59,0.0,8365.18
112677,56645,719,2,15471.04,1547.1,29394.98
112678,56645,657,1,8779.23,0.0,8779.23
112679,56646,651,2,4691.47,0.0,9382.94
112680,56646,531,2,10687.35,0.0,21374.7
112681,56647,773,2,5708.39,0.0,11416.78
112682,56647,681,4,5353.16,0.0,21412.64
112683,56648,582,1,8407.83,1681.57,6726.26
112684,56648,788,2,8889.42,0.0,17778.84
112685,56649,736,1,6075.78,303.79,5771.99
112686,56650,563,1,5426.08,0.0,5426.08
112687,56650,656,1,9107.06,1821.41,7285.65
112688,56650,781,1,508.19,76.23,431.96
112689,56651,703,1,2609.04,391.36,2217.68
112690,56651,673,2,1038.9,0.0,2077.8
112691,56651,533,2,10801.02,0.0,21602.04
112692,56652,700,1,6725.93,0.0,6725.93
112693,56653,704,1,1165.72,0.0,1165.72
112694,56654,746,2,1732.13,0.0,3464.26
112695,56654,526,3,5568.93,835.34,15871.45
112696,56655,723,1,3644.62,0.0,3644.62
112697,56655,517,1,12096.53,604.83,11491.7
112698,56656,586,1,4444.5,222.23,4222.27
112699,56657,682,10,707.75,353.88,6723.62
112700,56657,629,3,717.69,0.0,2153.07
112701,56658,654,1,2895.35,0.0,2895.35
112702,56658,606,1,290.06,0.0,290.06
112703,56659,702,2,569.75,56.98,1082.52
112704,56660,662,1,9986.23,1497.93,8488.3
112705,56661,716,1,1117.48,0.0,1117.48
112706,56661,715,1,61205.17,9180.78,52024.39
112707,56661,775,1,3454.82,172.74,3282.08
112708,56661,575,2,253.01,0.0,506.02
112709,56661,791,1,11369.6,0.0,11369.6
112710,56662,670,1,2118.7,423.74,1694.96
112711,56663,632,1,2338.49,0.0,2338.49
112712,56663,613,1,11372.12,0.0,11372.12
112713,56664,679,1,53522.92,8028.44,45494.48
112714,56665,557,2,783.76,0.0,1567.52
112715,56665,555,1,9558.13,0.0,9558.13
112716,56665,728,2,2491.24,0.0,4982.48
112717,56666,548,1,8285.36,414.27,7871.09
112718,56666,609,1,3589.04,179.45,3409.59
112719,56666,594,2,55089.87,0.0,110179.74
112720,56667,561,3,2177.62,1306.57,5226.29
112721,56667,663,2,1339.76,0.0,2679.52
112722,56668,550,3,3272.22,490.83,9325.83
112723,56668,654,1,2895.35,0.0,2895.35
112724,56668,679,0,53522.92,0.0,107045.84
112725,56669,556,3,3671.69,0.0,11015.07
112726,56669,674,1,7676.03,0.0,7676.03
112727,56670,508,2,5538.85,1107.77,9969.93
112728,56671,527,3,43071.55,6460.73,122753.92
112729,56671,563,1,5426.08,0.0,5426.08
112730,56671,754,1,9295.64,0.0,9295.64
112731,56672,599,1,2796.57,279.66,2516.91
112732,56673,563,5,5426.08,1356.52,25773.88
112733,56674,700,1,6725.93,0.0,6725.93
112734,56674,798,2,3816.99,1526.8,6107.18
112735,56674,619,1,577.92,28.9,549.02
112736,56674,616,1,594.6,118.92,475.68
112737,56675,606,2,290.06,29.01,551.11
112738,56676,730,1,713.55,35.68,677.87
112739,56677,559,3,5502.85,0.0,16508.55
112740,56677,606,2,290.06,29.01,551.11
112741,56678,707,1,626.29,0.0,626.29
112742,56678,788,1,8889.42,0.0,8889.42
112743,56679,793,2,2448.49,0.0,4896.98
112744,56679,728,1,2491.24,0.0,2491.24
112745,56680,739,1,9905.71,1981.14,7924.57
112746,56681,600,4,6469.3,0.0,25877.2
112747,56681,999999,1,3079.07,307.91,2771.16
112748,56682,790,3,723.68,0.0,2171.04
112749,56683,771,1,1072.89,0.0,1072.89
112750,56683,564,2,1265.51,0.0,2531.02
112751,56684,584,1,1377.03,0.0,1377.03
112752,56684,690,2,1805.43,361.09,3249.77
112753,56685,664,3,18695.4,0.0,56086.2
112754,56685,702,1,569.75,0.0,569.75
112755,56686,640,1,1058.22,52.91,1005.31
112756,56686,557,1,783.76,39.19,744.57
112757,56686,590,1,2022.4,0.0,2022.4
112758,56687,656,1,9107.06,1821.41,7285.65
112759,56687,645,1,3816.62,0.0,3816.62
112760,56687,732,10,3277.37,1638.68,31135.02
112761,56688,762,3,886.5,0.0,2659.5
112762,56688,705,2,17197.08,0.0,34394.16
112763,56689,688,1,9656.12,0.0,9656.12
112764,56689,660,1,3268.31,490.25,2778.06
112765,56690,719,1,15471.04,2320.66,13150.38
112766,56691,619,2,577.92,0.0,1155.84
112767,56692,576,2,2970.75,0.0,5941.5
112768,56692,518,2,49561.42,14868.43,84254.41
112769,56692,784,2,1641.14,0.0,3282.28
112770,56693,550,4,3272.22,0.0,13088.88
112771,56694,634,1,5262.27,789.34,4472.93
112772,56694,702,2,569.75,0.0,1139.5
112773,56694,756,1,372.34,37.23,335.11
112774,56695,707,2,626.29,0.0,1252.58
112775,56695,762,1,886.5,0.0,0.01
112776,56695,544,1,6582.2,0.0,6582.2
112777,56696,537,1,7317.24,731.72,6585.52
112778,56696,781,2,508.19,0.0,1016.38
112779,56696,535,4,2114.96,422.99,8036.85
112780,56697,615,5,24337.83,6084.46,115604.69
112781,56697,633,1,1617.01,161.7,1455.31
112782,56698,790,1,723.68,0.0,723.68
112783,56698,560,1,407.29,20.36,386.93
112784,56699,638,1,9668.28,1450.24,8218.04
112785,56700,675,1,16586.98,2488.05,14098.93
112786,56701,790,1,723.68,36.18,687.5
112787,56701,506,1,1305.17,65.26,1239.91
112788,56701,649,1,699.68,0.0,699.68
112789,56702,754,1,9295.64,0.0,9295.64
112790,56703,738,1,4031.99,403.2,3628.79
112791,56704,724,2,2567.59,0.0,5135.18
112792,56705,586,1,4444.5,0.0,4444.5
112793,56706,703,1,2609.04,0.0,2609.04
112794,56707,621,1,1304.44,130.44,1174.0
112795,56707,732,2,3277.37,0.0,6554.74
112796,56708,726,1,983.03,0.0,983.03
112797,56709,757,-1,13097.42,0.0,52389.68
112798,56710,721,1,5715.09,571.51,5143.58
112799,56710,624,1,391.05,0.0,391.05
112800,56710,585,1,29624.84,0.0,29624.84
112801,56711,564,1,1265.51,63.28,1202.23
112802,56711,701,1,11805.02,1770.75,10034.27
112803,56711,786,1,5485.59,274.28,5211.31
112804,56712,631,1,1647.26,329.45,1317.81
112805,56712,794,1,482.29,0.0,482.29
112806,56713,999999,1,9344.26,467.21,8877.05
112807,56714,625,1,54397.72,0.0,54397.72
112808,56714,794,-3,482.29,217.03,1229.84
112809,56715,796,1,1462.48,0.0,1462.48
112810,56716,505,1,5998.46,599.85,5398.61
112811,56716,728,3,2491.24,373.69,7100.03
112812,56716,697,1,17716.2,0.0,17716.2
112813,56717,642,3,6612.07,0.0,19836.21
112814,56718,591,1,9106.57,455.33,8651.24
112815,56719,638,1,9668.28,483.41,9184.87
112816,56719,611,1,15431.65,0.0,15431.65
112817,56719,564,1,1265.51,0.0,1265.51
112818,56719,551,1,3446.79,172.34,3274.45
112819,56720,519,1,849.44,0.0,849.44
112820,56721,516,1,14192.65,0.0,14192.65
112821,56721,638,1,9668.28,483.41,9184.87
112822,56721,726,1,983.03,196.61,786.42
112823,56721,778,1,2068.11,103.41,1964.7
112824,56722,660,1,3268.31,490.25,2778.06
112825,56722,783,1,39234.63,1961.73,37272.9
112826,56723,508,1,5538.85,0.0,5538.85
112827,56724,636,1,1717.09,0.0,1717.09
112828,56724,561,1,2177.62,0.0,2177.62
112829,56724,680,2,1294.32,0.0,2588.64
112830,56725,546,2,12181.16,0.0,24362.32
112831,56725,651,1,4691.47,0.0,4691.47
112832,56726,545,1,1464.92,73.25,1391.67
112833,56727,696,1,4358.64,217.93,4140.71
112834,56727,742,2,31236.95,9371.08,53102.82
112835,56728,594,1,55089.87,0.0,55089.87
112836,56728,687,4,1705.39,0.0,6821.56
112837,56729,511,1,856.8,0.0,856.8
112838,56729,550,1,3272.22,0.0,3272.22
112839,56730,670,1,2118.7,0.0,2118.7
112840,56731,567,3,7980.38,1197.06,22744.08
112841,56731,546,5,12181.16,0.0,60905.8
112842,56731,538,1,8640.93,864.09,7776.84
112843,56732,598,2,579.36,0.0,1158.72
112844,56733,750,4,182.17,0.0,728.68
112845,56734,698,1,9291.61,929.16,8362.45
112846,56734,553,2,31731.27,0.0,63462.54
112847,56735,504,2,3910.83,0.0,7821.66
112848,56735,531,1,10687.35,0.0,10687.35
112849,56735,795,1,18501.43,925.07,17576.36
112850,56735,710,1,10731.06,1609.66,9121.4
112851,56736,521,1,3815.32,190.77,3624.55
112852,56737,800,1,2202.18,0.0,2202.18
112853,56737,626,1,236.68,0.0,236.68
112854,56738,671,1,3564.48,0.0,3564.48
112855,56738,800,3,2202.18,0.0,6606.54
112856,56738,743,1,892.31,0.0,892.31
112857,56738,615,3,24337.83,0.0,73013.49
112858,56738,748,2,2116.96,211.7,4022.22
112859,56739,514,2,8817.04,881.7,16752.38
112860,56739,563,1,5426.08,271.3,5154.78
112861,56739,745,1,5138.19,0.0,5138.19
112862,56740,780,2,3012.88,0.0,6025.76
112863,56741,677,2,3625.43,0.0,7250.86
112864,56742,760,2,11301.08,1130.11,21472.05
112865,56743,577,1,795.1,39.76,755.34
112866,56744,766,1,4834.22,0.0,4834.22
112867,56745,738,1,4031.99,604.8,3427.19
112868,56746,587,2,790.56,0.0,1581.12
112869,56746,538,1,8640.93,0.0,8640.93
112870,56746,646,4,6680.81,4008.49,22714.75
112871,56747,726,1,983.03,98.3,884.73
112872,56747,781,1,508.19,0.0,508.19
112873,56747,633,1,1617.01,0.0,1617.01
112874,56748,714,1,44813.18,0.0,44813.18
112875,56748,746,1,1732.13,86.61,1645.52
112876,56749,652,2,13563.11,0.0,27126.22
112877,56749,521,10,3815.32,3815.32,34337.88
112878,56749,661,1,16283.24,3256.65,13026.59
112879,56750,658,1,711.18,71.12,640.06
112880,56750,594,1,55089.87,0.0,55089.87
112881,56751,672,1,9227.41,0.0,9227.41
112882,56752,720,1,3038.53,151.93,2886.6
112883,56753,748,2,2116.96,0.0,4233.92
112884,56753,679,2,53522.92,0.0,107045.84
112885,56753,764,1,38368.4,0.0,38368.4
112886,56754,528,1,951.12,0.0,951.12
112887,56755,769,1,1383.36,0.0,1383.36
112888,56755,642,2,6612.07,1322.41,11901.73
112889,56756,799,2,2348.69,234.87,4462.51
112890,56756,608,1,667.69,0.0,667.69
112891,56756,556,1,3671.69,0.0,3671.69
112892,56757,706,1,14673.28,0.0,14673.28
112893,56758,638,2,9668.28,1933.66,17402.9
112894,56759,530,1,3414.81,0.0,3414.81
112895,56760,612,1,2192.78,0.0,2192.78
112896,56760,699,1,713.36,35.67,677.69
112897,56760,521,1,3815.32,763.06,3052.26
112898,56760,752,3,14566.93,0.0,43700.79
112899,56761,766,1,4834.22,483.42,4350.8
112900,56761,780,2,3012.88,301.29,5724.47
112901,56762,578,1,6521.84,0.0,6521.84
112902,56763,594,1,55089.87,0.0,55089.87
112903,56763,736,2,6075.78,0.0,12151.56
112904,56764,637,1,3516.12,351.61,3164.51
112905,56765,654,3,2895.35,0.0,8686.05
112906,56766,766,1,4834.22,725.13,4109.09
112907,56767,684,1,59645.43,11929.09,47716.34
112908,56768,784,3,1641.14,0.0,4923.42
112909,56768,765,2,37606.92,0.0,75213.84
112910,56769,665,1,2533.05,0.0,2533.05
112911,56769,541,2,2124.38,637.31,3611.45
112912,56770,578,1,6521.84,1304.37,5217.47
112913,56771,723,1,3644.62,182.23,3462.39
112914,56771,585,1,29624.84,1481.24,28143.6
112915,56772,763,1,66.59,0.0,66.59
112916,56773,612,1,2192.78,0.0,2192.78
112917,56774,553,1,31731.27,4759.69,26971.58
112918,56774,746,3,1732.13,259.82,4936.57
112919,56775,640,2,1058.22,0.0,2116.44
112920,56776,768,2,10470.08,0.0,20940.16
112921,56777,680,1,1294.32,0.0,1294.32
112922,56777,641,4,3333.39,1333.36,12000.2
112923,56777,518,4,49561.42,9912.28,188333.4
112924,56778,668,2,1156.71,115.67,2197.75
112925,56778,786,3,5485.59,822.84,15633.93
112926,56779,638,1,9668.28,1450.24,8218.04
112927,56779,715,3,61205.17,0.0,183615.51
112928,56780,616,2,594.6,59.46,1129.74
112929,56780,523,1,6428.51,1285.7,5142.81
112930,56780,784,4,1641.14,0.0,6564.56
112931,56780,757,1,13097.42,0.0,13097.42
112932,56780,674,2,7676.03,2302.81,13049.25
112933,56781,752,2,14566.93,0.0,29133.86
112934,56782,531,1,10687.35,0.0,10687.35
112935,56783,528,1,951.12,0.0,951.12
112936,56783,544,1,6582.2,0.0,6582.2
112937,56783,717,4,902.81,722.25,2888.99
112938,56783,628,1,6761.04,0.0,6761.04
112939,56784,521,-3,3815.32,0.0,7630.64
112940,56784,624,5,391.05,0.0,1955.25
112941,56785,560,3,407.29,0.0,1221.87
112942,56786,565,3,322.27,0.0,966.81
112943,56786,661,1,16283.24,1628.32,14654.92
112944,56787,593,3,1214.64,0.0,3643.92
112945,56788,729,1,2699.1,539.82,2159.28
112946,56788,680,1,1294.32,129.43,1164.89
112947,56789,516,1,14192.65,0.0,14192.65
112948,56790,700,1,6725.93,0.0,6725.93
112949,56790,584,1,1377.03,206.55,1170.48
112950,56790,549,1,13993.54,0.0,13993.54
112951,56791,694,1,1970.24,0.0,1970.24
112952,56792,536,1,1067.42,0.0,1067.42
112953,56793,579,2,17100.24,1710.02,32490.46
112954,56793,521,1,3815.32,190.77,3624.55
112955,56794,510,1,640.28,0.0,640.28
112956,56794,619,1,577.92,57.79,520.13
112957,56794,762,2,886.5,88.65,1684.35
112958,56794,713,2,5412.77,0.0,10825.54
112959,56795,607,5,10316.31,2579.08,49002.47
112960,56796,550,2,3272.22,327.22,6217.22
112961,56796,531,1,10687.35,1068.74,9618.61
112962,56797,673,2,1038.9,0.0,2077.8
112963,56797,609,1,3589.04,179.45,3409.59
112964,56797,653,5,4298.41,2149.2,19342.85
112965,56797,594,1,55089.87,0.0,55089.87
112966,56798,577,1,795.1,0.0,795.1
112967,56798,732,2,3277.37,0.0,6554.74
112968,56799,755,1,923.61,0.0,923.61
112969,56799,682,2,707.75,0.0,1415.5
112970,56800,693,3,1213.14,0.0,3639.42
112971,56801,606,3,290.06,0.0,870.18
112972,56801,547,1,817.17,0.0,817.17
112973,56801,628,5,6761.04,0.0,33805.2
112974,56802,534,10,46679.73,0.0,466797.3
112975,56803,618,1,161.7,8.08,153.62
112976,56804,505,1,5998.46,0.0,5998.46
112977,56805,779,2,9166.85,916.69,17417.01
112978,56806,739,1,9905.71,0.0,9905.71
112979,56807,581,2,2900.19,0.0,5800.38
112980,56808,599,5,2796.57,0.0,13982.85
112981,56808,642,1,6612.07,0.0,6612.07
112982,56808,548,1,8285.36,0.0,8285.36
112983,56809,772,1,6175.25,926.29,5248.96
112984,56810,663,1,1339.76,0.0,1339.76
112985,56810,570,1,4486.57,0.0,4486.57
112986,56810,656,1,9107.06,0.0,9107.06
112987,56810,771,3,1072.89,0.0,3218.67
112988,56811,601,1,17813.81,0.0,17813.81
112989,56812,795,2,18501.43,0.0,37002.86
112990,56812,671,1,3564.48,712.9,2851.58
112991,56813,588,4,490.64,0.0,1962.56
112992,56813,551,1,3446.79,0.0,3446.79
112993,56814,764,1,38368.4,1918.42,36449.98
112994,56814,640,1,1058.22,0.0,1058.22
112995,56815,744,1,6141.59,0.0,6141.59
112996,56816,758,1,2596.01,129.8,2466.21
112997,56816,794,2,482.29,0.0,964.58
112998,56816,504,1,3910.83,586.62,3324.21
112999,56816,670,1,2118.7,105.94,2012.76
113000,56817,639,2,5888.93,1177.79,10600.07
113001,56817,596,1,1919.15,0.0,1919.15
113002,56818,618,2,161.7,0.0,323.4
113003,56818,607,1,10316.31,2063.26,8253.05
113004,56818,613,1,11372.12,0.0,11372.12
113005,56819,658,1,711.18,71.12,640.06
113006,56819,638,1,9668.28,0.0,9668.28
113007,56819,770,3,2789.39,0.0,8368.17
113008,56819,675,2,16586.98,0.0,33173.96
113009,56820,738,1,4031.99,403.2,3628.79
113010,56820,513,2,1399.58,559.83,2239.33
113011,56820,646,1,6680.81,668.08,6012.73
113012,56821,638,1,9668.28,1450.24,8218.04
113013,56822,740,1,38799.36,0.0,38799.36
113014,56823,556,5,3671.69,0.0,18358.45
113015,56824,645,2,3816.62,1144.99,6488.25
113016,56825,622,1,2792.75,0.0,2792.75
113017,56826,584,3,1377.03,413.11,3717.98
113018,56826,693,1,1213.14,121.31,1091.83
113019,56826,756,1,372.34,74.47,297.87
113020,56826,660,1,3268.31,0.0,3268.31
113021,56827,740,4,38799.36,7759.87,147437.57
113022,56827,721,4,5715.09,0.0,22860.36
113023,56828,504,1,3910.83,195.54,3715.29
113024,56829,536,5,1067.42,0.0,5337.1
113025,56830,999999,1,15431.65,0.0,15431.65
113026,56831,788,1,8889.42,0.0,8889.42
113027,56832,794,3,482.29,0.0,1446.87
113028,56833,691,1,12820.07,0.0,12820.07
113029,56833,731,1,1578.26,0.0,1578.26
113030,56834,614,1,30296.77,0.0,30296.77
113031,56834,605,1,1048.97,0.0,1048.97
113032,56834,704,3,1165.72,524.57,2972.59
113033,56835,728,1,2491.24,0.0,2491.24
113034,56835,578,3,6521.84,0.0,19565.52
113035,56836,758,1,2596.01,0.0,2596.01
113036,56837,538,1,8640.93,0.0,8640.93
113037,56837,610,2,26733.01,8019.9,45446.12
113038,56838,525,1,4003.31,0.0,4003.31
113039,56839,594,4,55089.87,0.0,220359.48
113040,56840,527,-3,43071.55,2153.58,40917.97
113041,56840,645,2,3816.62,0.0,7633.24
113042,56840,525,1,4003.31,0.0,4003.31
113043,56841,617,1,1324.53,66.23,1258.3
113044,56841,667,3,558.92,251.51,1425.25
113045,56842,588,2,490.64,0.0,981.28
113046,56842,615,1,24337.83,0.0,24337.83
113047,56842,754,1,9295.64,1859.13,7436.51
113048,56843,776,1,1371.98,205.8,1166.18
113049,56844,768,1,10470.08,0.0,10470.08
113050,56844,688,1,9656.12,965.61,8690.51
113051,56844,638,5,9668.28,2417.07,45924.33
113052,56845,593,4,1214.64,0.0,4858.56
113053,56846,608,1,667.69,0.0,667.69
113054,56846,653,-1,4298.41,644.76,3653.65
113055,56847,668,3,1156.71,520.52,2949.61
113056,56848,799,1,2348.69,0.0,2348.69
113057,56849,765,1,37606.92,5641.04,31965.88
113058,56850,698,1,9291.61,1393.74,7897.87
113059,56851,608,3,667.69,100.15,0.01
113060,56851,555,1,9558.13,1433.72,8124.41
113061,56851,569,3,46883.02,7032.45,133616.61
113062,56851,627,1,348.17,0.0,348.17
113063,56851,562,2,1170.27,117.03,2223.51
113064,56852,674,2,7676.03,0.0,15352.06
113065,56853,761,1,1440.57,144.06,1296.51
113066,56854,603,1,18106.09,0.0,18106.09
113067,56855,794,1,482.29,48.23,434.06
113068,56855,671,1,3564.48,712.9,2851.58
113069,56855,643,1,55447.46,2772.37,52675.09
113070,56856,516,1,14192.65,0.0,14192.65
113071,56857,689,2,11449.91,0.0,22899.82
113072,56858,713,3,5412.77,0.0,16238.31
113073,56859,684,1,59645.43,0.0,59645.43
113074,56860,686,10,4182.59,0.0,41825.9
113075,56860,672,1,9227.41,0.0,9227.41
113076,56861,673,1,1038.9,103.89,935.01
113077,56862,567,1,7980.38,0.0,7980.38
113078,56862,770,1,2789.39,0.0,2789.39
113079,56863,701,2,11805.02,3541.51,20068.53
113080,56864,760,1,11301.08,1130.11,10170.97
113081,56865,690,2,1805.43,0.0,3610.86
113082,56865,779,1,9166.85,0.0,9166.85
113083,56866,504,1,3910.83,0.0,3910.83
113084,56866,739,1,9905.71,1485.86,8419.85
113085,56867,702,1,569.75,0.0,569.75
113086,56868,563,2,5426.08,0.0,10852.16
113087,56869,504,2,3910.83,0.0,7821.66
113088,56869,512,2,1219.3,0.0,2438.6
113089,56870,593,1,1214.64,0.0,1214.64
113090,56871,675,1,16586.98,1658.7,14928.28
113091,56872,532,3,820.25,0.0,2460.75
113092,56873,763,1,66.59,0.0,66.59
113093,56874,716,2,1117.48,0.0,2234.96
113094,56874,746,1,1732.13,0.0,1732.13
113095,56875,788,1,8889.42,888.94,8000.48
113096,56876,643,2,55447.46,0.0,110894.92
113097,56876,758,2,2596.01,0.0,5192.02
113098,56876,641,3,3333.39,1000.02,9000.15
113099,56877,790,2,723.68,0.0,1447.36
113100,56878,573,1,620.76,31.04,589.72
113101,56879,698,1,9291.61,0.0,9291.61
113102,56879,514,1,8817.04,0.0,8817.04
113103,56880,696,1,4358.64,0.0,4358.64
113104,56881,725,1,6229.36,0.0,6229.36
113105,56881,718,1,6766.17,0.0,6766.17
113106,56881,772,3,6175.25,0.0,18525.75
113107,56882,642,1,6612.07,661.21,5950.86
113108,56883,568,-1,5802.78,0.0,5802.78
113109,56884,634,2,5262.27,0.0,10524.54
113110,56884,637,5,3516.12,0.0,17580.6
113111,56885,688,2,9656.12,0.0,19312.24
113112,56886,571,2,11994.11,0.0,23988.22
113113,56887,771,3,1072.89,0.0,3218.67
113114,56888,630,1,2387.03,0.0,2387.03
113115,56889,622,1,2792.75,0.0,2792.75
113116,56890,570,1,4486.57,0.0,4486.57
113117,56890,720,5,3038.53,1519.27,13673.38
113118,56891,753,1,1068.74,53.44,1015.3
113119,56892,645,1,3816.62,0.0,3816.62
113120,56892,549,2,13993.54,0.0,27987.08
113121,56893,741,1,1969.25,98.46,1870.79
113122,56893,522,1,39986.91,0.0,39986.91
113123,56894,513,1,1399.58,209.94,1189.64
113124,56894,751,1,25845.26,3876.79,21968.47
113125,56894,625,1,54397.72,0.0,54397.72
113126,56895,799,1,2348.69,0.0,2348.69
113127,56896,565,2,322.27,0.0,644.54
113128,56897,569,1,46883.02,0.0,46883.02
113129,56898,597,1,535.83,53.58,482.25
113130,56898,738,2,4031.99,0.0,8063.98
113131,56899,674,1,7676.03,0.0,7676.03
113132,56899,673,2,1038.9,0.0,2077.8
113133,56899,709,1,5677.52,0.0,5677.52
113134,56900,793,1,2448.49,0.0,2448.49
113135,56901,613,1,11372.12,0.0,11372.12
113136,56901,777,1,2061.3,0.0,2061.3
113137,56902,698,1,9291.61,0.0,9291.61
113138,56902,503,1,1376.24,137.62,1238.62
113139,56902,576,3,2970.75,0.0,8912.25
113140,56902,787,1,27577.51,4136.63,23440.88
113141,56903,787,3,27577.51,0.0,82732.53
113142,56903,504,1,3910.83,0.0,3910.83
113143,56903,631,2,1647.26,0.0,3294.52
113144,56904,766,1,4834.22,483.42,4350.8
113145,56904,745,4,5138.19,0.0,20552.76
113146,56904,774,1,1776.67,88.83,1687.84
113147,56905,610,1,26733.01,0.0,26733.01
113148,56906,632,1,2338.49,0.0,2338.49
113149,56907,671,2,3564.48,712.9,6416.06
113150,56908,739,2,9905.71,0.0,19811.42
113151,56908,710,1,10731.06,1073.11,9657.95
113152,56908,645,2,3816.62,0.0,7633.24
113153,56908,658,5,711.18,0.0,3555.9
113154,56909,785,1,1136.17,0.0,1136.17
113155,56910,785,1,1136.17,0.0,1136.17
113156,56910,748,1,2116.96,0.0,2116.96
113157,56911,546,2,12181.16,0.0,24362.32
113158,56912,621,1,1304.44,130.44,1174.0
113159,56912,513,2,1399.58,0.0,2799.16
113160,56913,680,1,1294.32,0.0,1294.32
113161,56914,533,1,10801.02,0.0,10801.02
113162,56914,525,1,4003.31,400.33,0.01
113163,56914,717,1,902.81,180.56,722.25
113164,56914,719,1,15471.04,1547.1,0.01
113165,56915,594,2,55089.87,0.0,110179.74
113166,56916,564,2,1265.51,0.0,2531.02
113167,56916,693,1,1213.14,0.0,1213.14
113168,56917,767,4,2764.13,1658.48,9398.04
113169,56918,544,1,6582.2,658.22,5923.98
113170,56919,586,1,4444.5,666.67,3777.83
113171,56919,598,2,579.36,0.0,1158.72
113172,56919,705,2,17197.08,0.0,34394.16
113173,56920,553,2,31731.27,0.0,63462.54
113174,56920,747,2,805.8,0.0,1611.6
113175,56920,524,2,1357.31,0.0,2714.62
113176,56920,575,1,253.01,25.3,227.71
113177,56921,661,1,16283.24,2442.49,13840.75
113178,56921,530,1,3414.81,0.0,3414.81
113179,56922,765,1,37606.92,0.0,37606.92
113180,56923,577,3,795.1,477.06,1908.24
113181,56923,599,1,2796.57,0.0,2796.57
113182,56923,679,2,53522.92,0.0,107045.84
113183,56923,694,1,1970.24,0.0,1970.24
113184,56923,683,2,873.55,0.0,1747.1
113185,56924,618,1,161.7,0.0,161.7
113186,56924,641,-1,3333.39,0.0,3333.39
113187,56924,695,1,24310.04,3646.51,20663.53
113188,56925,560,1,407.29,0.0,407.29
113189,56925,591,1,9106.57,0.0,9106.57
113190,56925,669,1,5183.71,0.0,5183.71
113191,56926,648,4,1203.65,0.0,4814.6
113192,56926,776,1,1371.98,0.0,1371.98
113193,56926,790,2,723.68,0.0,1447.36
113194,56927,521,1,3815.32,381.53,3433.79
113195,56928,569,2,46883.02,0.0,93766.04
113196,56928,612,3,2192.78,0.0,6578.34
113197,56928,773,1,5708.39,570.84,5137.55
113198,56928,583,1,9641.6,1928.32,7713.28
113199,56929,672,3,9227.41,0.0,27682.23
113200,56929,619,1,577.92,0.0,577.92
113201,56929,744,1,6141.59,614.16,5527.43
113202,56930,719,2,15471.04,0.0,30942.08
113203,56930,643,1,55447.46,0.0,55447.46
113204,56931,563,2,5426.08,1627.82,9224.34
113205,56931,580,1,1023.86,0.0,1023.86
113206,56931,583,1,9641.6,482.08,9159.52
113207,56932,619,3,577.92,0.0,1733.76
113208,56933,549,4,13993.54,0.0,55974.16
113209,56934,507,1,5384.85,0.0,5384.85
113210,56935,627,1,348.17,0.0,348.17
113211,56935,600,1,6469.3,646.93,5822.37
113212,56935,735,2,1557.67,0.0,3115.34
113213,56935,753,1,1068.74,0.0,1068.74
113214,56936,674,2,7676.03,767.6,14584.46
113215,56936,506,1,1305.17,0.0,1305.17
113216,56937,683,1,873.55,43.68,829.87
113217,56937,588,1,490.64,73.6,417.04
113218,56937,672,2,9227.41,1845.48,16609.34
113219,56937,755,1,923.61,46.18,877.43
113220,56938,722,2,53128.36,0.0,106256.72
113221,56939,703,2,2609.04,0.0,5218.08
113222,56939,677,2,3625.43,0.0,7250.86
113223,56939,627,1,348.17,0.0,348.17
113224,56940,570,2,4486.57,0.0,8973.14
113225,56941,668,1,1156.71,0.0,1156.71
113226,56942,750,2,182.17,0.0,364.34
113227,56942,723,1,3644.62,0.0,3644.62
113228,56943,688,2,9656.12,0.0,19312.24
113229,56943,638,1,9668.28,0.0,9668.28
113230,56944,567,2,7980.38,0.0,15960.76
113231,56945,555,5,9558.13,0.0,47790.65
113232,56945,718,1,6766.17,676.62,6089.55
113233,56946,516,1,14192.65,0.0,14192.65
113234,56946,683,1,873.55,0.0,873.55
113235,56946,703,1,2609.04,0.0,2609.04
113236,56947,510,1,640.28,0.0,640.28
113237,56948,785,2,1136.17,113.62,2158.72
113238,56949,999999,1,6175.25,0.0,6175.25
113239,56950,566,1,8272.67,0.0,8272.67
113240,56950,590,1,2022.4,0.0,2022.4
113241,56951,663,1,1339.76,267.95,1071.81
113242,56952,613,1,11372.12,0.0,11372.12
113243,56952,583,1,9641.6,964.16,8677.44
113244,56952,605,1,1048.97,0.0,1048.97
113245,56953,565,2,322.27,32.23,612.31
113246,56953,781,2,508.19,152.46,863.92
113247,56954,688,1,9656.12,0.0,9656.12
113248,56955,640,1,1058.22,0.0,1058.22
113249,56956,606,3,290.06,0.0,870.18
113250,56957,526,1,5568.93,0.0,5568.93
113251,56958,614,1,30296.77,0.0,30296.77
113252,56959,785,4,1136.17,681.7,3862.98
113253,56959,710,1,10731.06,0.0,10731.06
113254,56960,538,1,8640.93,0.0,8640.93
113255,56960,573,1,620.76,31.04,589.72
113256,56960,635,1,3079.07,615.81,2463.26
113257,56961,579,1,17100.24,1710.02,15390.22
113258,56961,548,1,8285.36,414.27,7871.09
113259,56962,999999,2,17100.24,3420.05,30780.43
113260,56963,785,2,1136.17,0.0,2272.34
113261,56963,783,2,39234.63,0.0,78469.26
113262,56964,999999,5,14192.65,0.0,70963.25
113263,56964,736,1,6075.78,303.79,5771.99
113264,56964,598,1,579.36,86.9,492.46
113265,56965,521,3,3815.32,572.3,10873.66
113266,56966,600,2,6469.3,0.0,12938.6
113267,56967,635,1,3079.07,153.95,2925.12
113268,56967,733,1,1597.66,159.77,1437.89
113269,56967,616,2,594.6,0.0,1189.2
113270,56968,663,1,1339.76,133.98,1205.78
113271,56968,640,3,1058.22,0.0,3174.66
113272,56969,513,1,1399.58,69.98,1329.6
113273,56969,732,1,3277.37,327.74,2949.63
113274,56969,750,1,182.17,0.0,182.17
113275,56969,592,1,1511.43,75.57,1435.86
113276,56970,779,0,9166.85,0.0,27500.55
113277,56970,618,5,161.7,0.0,808.5
113278,56970,650,1,6201.76,0.0,6201.76
113279,56970,999999,1,3012.88,0.0,3012.88
113280,56971,638,1,9668.28,0.0,9668.28
113281,56972,623,1,2674.16,0.0,2674.16
113282,56972,692,3,7325.8,0.0,21977.4
113283,56973,729,1,2699.1,539.82,2159.28
113284,56974,606,1,290.06,58.01,232.05
113285,56975,572,1,1098.59,0.0,1098.59
113286,56976,785,2,1136.17,0.0,2272.34
113287,56977,773,2,5708.39,1141.68,10275.1
113288,56977,643,1,55447.46,0.0,55447.46
113289,56978,505,2,5998.46,1199.69,10797.23
113290,56978,760,1,11301.08,0.0,11301.08
113291,56978,539,1,1082.58,0.0,1082.58
113292,56979,792,2,2835.7,0.0,5671.4
113293,56979,782,1,9360.71,468.04,8892.67
113294,56980,574,2,20894.55,4178.91,37610.19
113295,56980,630,1,2387.03,0.0,2387.03
113296,56981,785,1,1136.17,0.0,1136.17
113297,56982,588,-1,490.64,98.13,392.51
113298,56982,717,1,902.81,90.28,812.53
113299,56983,725,2,6229.36,0.0,12458.72
113300,56984,600,2,6469.3,0.0,12938.6
113301,56984,560,1,407.29,0.0,407.29
113302,56984,629,3,717.69,0.0,2153.07
113303,56985,798,5,3816.99,0.0,19084.95
113304,56985,592,1,1511.43,75.57,1435.86
113305,56985,529,3,47474.39,0.0,142423.17
113306,56985,509,3,3363.13,0.0,10089.39
113307,56986,524,2,1357.31,0.0,2714.62
113308,56986,744,1,6141.59,0.0,6141.59
113309,56986,534,3,46679.73,0.0,140039.19
113310,56987,758,3,2596.01,389.4,7398.63
113311,56987,774,2,1776.67,533.0,3020.34
113312,56987,634,2,5262.27,0.0,10524.54
113313,56987,605,1,1048.97,0.0,1048.97
113314,56988,754,2,9295.64,1859.13,16732.15
113315,56989,672,3,9227.41,0.0,27682.23
113316,56990,732,1,3277.37,0.0,3277.37
113317,56991,734,1,839.57,41.98,797.59
113318,56992,771,1,1072.89,107.29,965.6
113319,56992,641,1,3333.39,0.0,3333.39
113320,56993,558,1,9344.26,934.43,8409.83
113321,56994,634,1,5262.27,0.0,5262.27
113322,56995,512,3,1219.3,0.0,3657.9
113323,56995,657,1,8779.23,0.0,8779.23
113324,56996,622,1,2792.75,558.55,2234.2
113325,56997,750,1,182.17,9.11,173.06
113326,56998,624,1,391.05,19.55,371.5
113327,56998,545,1,1464.92,292.98,1171.94
113328,56999,780,1,3012.88,0.0,3012.88
113329,57000,692,1,7325.8,0.0,7325.8
113330,57001,611,2,15431.65,0.0,30863.3
113331,57002,616,5,594.6,0.0,2973.0
113332,57003,654,1,2895.35,579.07,2316.28
113333,57004,724,1,2567.59,0.0,2567.59
113334,57004,616,3,594.6,89.19,1694.61
113335,57005,680,3,1294.32,388.3,3494.66
113336,57005,605,2,1048.97,0.0,2097.94
113337,57005,714,2,44813.18,0.0,89626.36
113338,57006,740,4,38799.36,0.0,155197.44
113339,57006,679,2,53522.92,10704.58,96341.26
113340,57006,793,1,2448.49,0.0,2448.49
113341,57006,540,1,32834.15,3283.42,29550.73
113342,57007,740,4,38799.36,0.0,155197.44
113343,57007,671,2,3564.48,356.45,6772.51
113344,57008,608,4,667.69,267.08,2403.68
113345,57009,718,2,6766.17,1353.23,12179.11
113346,57009,706,2,14673.28,2934.66,26411.9
113347,57010,528,1,951.12,0.0,951.12
113348,57011,760,3,11301.08,0.0,33903.24
113349,57012,649,1,699.68,0.0,699.68
113350,57012,764,1,38368.4,5755.26,32613.14
113351,57013,502,1,15084.04,1508.4,13575.64
113352,57013,517,3,12096.53,0.0,36289.59
113353,57014,646,2,6680.81,2004.24,11357.38
113354,57014,642,1,6612.07,0.0,6612.07
113355,57014,673,2,1038.9,103.89,1973.91
113356,57015,585,2,29624.84,0.0,59249.68
113357,57016,535,3,2114.96,951.73,5393.15
113358,57016,767,2,2764.13,829.24,4699.02
113359,57016,617,2,1324.53,264.91,2384.15
113360,57017,605,1,1048.97,0.0,1048.97
113361,57018,669,2,5183.71,0.0,10367.42
113362,57019,516,1,14192.65,709.63,13483.02
113363,57019,583,1,9641.6,0.0,9641.6
113364,57019,531,1,10687.35,0.0,10687.35
113365,57019,759,1,8304.75,0.0,8304.75
113366,57019,555,1,9558.13,1911.63,7646.5
113367,57020,557,1,783.76,39.19,744.57
113368,57020,655,2,5152.69,0.0,10305.38
113369,57020,543,1,4352.44,435.24,3917.2
113370,57020,730,3,713.55,0.0,2140.65
113371,57021,706,1,14673.28,0.0,14673.28
113372,57022,532,1,820.25,0.0,820.25
113373,57022,631,1,1647.26,0.0,1647.26
113374,57022,769,2,1383.36,276.67,2490.05
113375,57022,699,3,713.36,321.01,1819.07
113376,57022,537,2,7317.24,0.0,14634.48
113377,57023,589,3,17388.16,10432.9,41731.58
113378,57023,629,1,717.69,0.0,717.69
113379,57024,769,3,1383.36,0.0,4150.08
113380,57025,793,1,2448.49,0.0,2448.49
113381,57025,606,1,290.06,0.0,290.06
113382,57026,713,2,5412.77,1082.55,9742.99
113383,57027,604,1,5835.32,0.0,5835.32
113384,57028,630,1,2387.03,358.05,2028.98
113385,57028,628,2,6761.04,0.0,13522.08
113386,57028,723,2,3644.62,1457.85,5831.39
113387,57029,625,2,54397.72,0.0,108795.44
113388,57029,604,1,5835.32,0.0,5835.32
113389,57029,521,1,3815.32,190.77,3624.55
113390,57029,598,2,579.36,0.0,1158.72
113391,57029,649,2,699.68,0.0,1399.36
113392,57030,512,1,1219.3,243.86,975.44
113393,57031,751,1,25845.26,1292.26,24553.0
113394,57032,505,1,5998.46,0.0,5998.46
113395,57032,796,1,1462.48,0.0,1462.48
113396,57033,799,1,2348.69,0.0,2348.69
113397,57033,531,1,10687.35,0.0,10687.35
113398,57033,709,3,5677.52,2554.88,14477.68
113399,57034,766,3,4834.22,0.0,14502.66
113400,57034,747,1,805.8,40.29,765.51
113401,57034,566,1,8272.67,0.0,8272.67
113402,57035,597,2,535.83,0.0,1071.66
113403,57035,561,1,2177.62,0.0,2177.62
113404,57036,738,1,4031.99,0.0,4031.99
113405,57036,538,2,8640.93,0.0,17281.86
113406,57036,515,2,1144.81,457.92,1831.7
113407,57037,746,10,1732.13,866.07,16455.23
113408,57038,766,1,4834.22,725.13,4109.09
113409,57038,764,1,38368.4,3836.84,34531.56
113410,57039,639,4,5888.93,0.0,23555.72
113411,57040,764,3,38368.4,0.0,115105.2
113412,57040,726,1,983.03,0.0,983.03
113413,57040,538,1,8640.93,0.0,8640.93
113414,57041,753,1,1068.74,0.0,1068.74
113415,57041,559,1,5502.85,825.43,4677.42
113416,57041,784,2,1641.14,0.0,3282.28
113417,57041,599,1,2796.57,0.0,2796.57
113418,57042,706,2,14673.28,2934.66,26411.9
113419,57042,717,2,902.81,0.0,1805.62
113420,57043,643,1,55447.46,0.0,55447.46
113421,57043,682,1,707.75,0.0,707.75
113422,57043,524,1,1357.31,0.0,1357.31
113423,57044,632,1,2338.49,116.92,2221.57
113424,57045,656,1,9107.06,0.0,9107.06
113425,57046,577,1,795.1,39.76,755.34
113426,57046,655,1,5152.69,257.63,4895.06
113427,57046,618,1,161.7,0.0,161.7
113428,57047,543,1,4352.44,435.24,3917.2
113429,57047,665,4,2533.05,0.0,10132.2
113430,57048,763,1,66.59,6.66,59.93
113431,57048,727,1,11354.29,0.0,11354.29
113432,57049,783,4,39234.63,0.0,156938.52
113433,57050,559,2,5502.85,0.0,11005.7
113434,57050,623,1,2674.16,133.71,2540.45
113435,57050,726,1,983.03,0.0,983.03
113436,57051,753,2,1068.74,320.62,1816.86
113437,57051,590,1,2022.4,0.0,2022.4
113438,57052,698,1,9291.61,0.0,9291.61
113439,57053,657,1,8779.23,0.0,8779.23
113440,57053,704,1,1165.72,58.29,1107.43
113441,57054,574,2,20894.55,0.0,41789.1
113442,57054,519,1,849.44,0.0,849.44
113443,57054,740,1,38799.36,0.0,38799.36
113444,57054,526,2,5568.93,0.0,11137.86
113445,57055,657,1,8779.23,0.0,8779.23
113446,57055,517,2,12096.53,1209.65,22983.41
113447,57055,557,2,783.76,78.38,1489.14
113448,57056,733,2,1597.66,0.0,3195.32
113449,57056,599,2,2796.57,559.31,5033.83
113450,57056,741,1,1969.25,0.0,1969.25
113451,57056,510,2,640.28,0.0,1280.56
113452,57057,999999,1,5931.42,0.0,5931.42
113453,57057,668,2,1156.71,115.67,2197.75
113454,57057,674,3,7676.03,0.0,23028.09
113455,57058,768,1,10470.08,1570.51,8899.57
113456,57059,692,2,7325.8,0.0,14651.6
113457,57060,563,3,5426.08,2441.74,13836.5
113458,57061,642,3,6612.07,991.81,18844.4
113459,57061,570,1,4486.57,0.0,4486.57
113460,57061,726,2,983.03,0.0,1966.06
113461,57061,773,1,5708.39,1141.68,4566.71
113462,57061,535,1,2114.96,0.0,2114.96
113463,57062,724,1,2567.59,256.76,2310.83
113464,57062,586,1,4444.5,0.0,4444.5
113465,57063,566,3,8272.67,4963.6,19854.41
113466,57064,604,1,5835.32,0.0,5835.32
113467,57064,720,1,3038.53,0.0,3038.53
113468,57065,569,3,46883.02,0.0,140649.06
113469,57065,519,1,849.44,42.47,806.97
113470,57065,661,1,16283.24,0.0,16283.24
113471,57066,765,5,37606.92,0.0,188034.6
113472,57067,727,2,11354.29,4541.72,18166.86
113473,57067,680,2,1294.32,0.0,2588.64
113474,57068,723,5,3644.62,2733.46,15489.64
113475,57068,787,1,27577.51,0.0,27577.51
113476,57069,568,1,5802.78,580.28,5222.5
113477,57069,607,1,10316.31,515.82,9800.49
113478,57069,528,1,951.12,142.67,808.45
113479,57070,510,1,640.28,0.0,640.28
113480,57071,781,1,508.19,76.23,431.96
113481,57072,603,1,18106.09,0.0,18106.09
113482,57072,658,4,711.18,426.71,2418.01
113483,57073,649,1,699.68,0.0,699.68
113484,57074,795,1,18501.43,0.0,18501.43
113485,57075,689,1,11449.91,0.0,11449.91
113486,57076,659,3,364.24,109.27,983.45
113487,57077,571,1,11994.11,0.0,11994.11
113488,57078,597,1,535.83,53.58,482.25
113489,57079,667,1,558.92,0.0,558.92
113490,57079,545,1,1464.92,0.0,1464.92
113491,57080,543,1,4352.44,652.87,3699.57
113492,57081,731,2,1578.26,473.48,2683.04
113493,57082,755,1,923.61,0.0,923.61
113494,57083,630,1,2387.03,119.35,2267.68
113495,57084,567,4,7980.38,0.0,0.01
113496,57085,670,1,2118.7,0.0,2118.7
113497,57086,654,1,2895.35,0.0,2895.35
113498,57086,593,1,1214.64,60.73,1153.91
113499,57087,609,1,3589.04,0.0,0.01
113500,57087,741,3,1969.25,295.39,5612.36
113501,57088,722,2,53128.36,10625.67,95631.05
113502,57089,646,1,6680.81,0.0,6680.81
113503,57090,726,2,983.03,0.0,1966.06
113504,57090,784,1,1641.14,82.06,1559.08
113505,57091,744,1,6141.59,0.0,6141.59
113506,57092,792,1,2835.7,0.0,2835.7
113507,57093,771,2,1072.89,0.0,2145.78
113508,57094,625,1,54397.72,0.0,54397.72
113509,57094,549,1,13993.54,2099.03,11894.51
113510,57094,769,3,1383.36,415.01,3735.07
113511,57094,776,3,1371.98,0.0,4115.94
113512,57094,627,1,348.17,69.63,278.54
113513,57095,632,1,2338.49,233.85,2104.64
113514,57096,775,1,3454.82,0.0,3454.82
113515,57097,550,1,3272.22,0.0,3272.22
113516,57098,513,1,1399.58,0.0,1399.58
113517,57099,666,1,4195.88,209.79,3986.09
113518,57099,636,-3,1717.09,0.0,3434.18
113519,57100,761,1,1440.57,0.0,1440.57
113520,57101,535,1,2114.96,0.0,2114.96
113521,57101,545,1,1464.92,0.0,1464.92
113522,57102,750,1,182.17,18.22,163.95
113523,57103,745,1,5138.19,0.0,5138.19
113524,57104,598,1,579.36,0.0,579.36
113525,57104,726,1,983.03,0.0,983.03
113526,57105,769,1,1383.36,0.0,1383.36
113527,57105,703,2,2609.04,0.0,5218.08
113528,57106,627,3,348.17,0.0,1044.51
113529,57106,650,1,6201.76,620.18,5581.58
113530,57107,713,1,5412.77,0.0,5412.77
113531,57108,723,2,3644.62,0.0,7289.24
113532,57108,516,4,14192.65,0.0,56770.6
113533,57109,789,1,2799.8,0.0,2799.8
113534,57110,533,1,10801.02,1080.1,9720.92
113535,57111,694,2,1970.24,0.0,3940.48
113536,57112,727,1,11354.29,0.0,11354.29
113537,57113,760,1,11301.08,1695.16,9605.92
113538,57114,623,1,2674.16,267.42,2406.74
113539,57114,551,3,3446.79,0.0,10340.37
113540,57115,781,1,508.19,0.0,508.19
113541,57115,716,3,1117.48,0.0,3352.44
113542,57116,580,1,1023.86,102.39,921.47
113543,57117,676,2,865.11,0.0,1730.22
113544,57118,787,1,27577.51,0.0,27577.51
113545,57118,551,2,3446.79,0.0,6893.58
113546,57118,758,1,2596.01,389.4,2206.61
113547,57118,506,1,1305.17,0.0,1305.17
113548,57118,580,4,1023.86,0.0,4095.44
113549,57119,519,3,849.44,0.0,2548.32
113550,57120,627,1,348.17,0.0,348.17
113551,57120,754,2,9295.64,2788.69,15802.59
113552,57120,746,3,1732.13,0.0,5196.39
113553,57121,593,1,1214.64,0.0,1214.64
113554,57122,628,2,6761.04,676.1,12845.98
113555,57122,753,1,1068.74,0.0,1068.74
113556,57122,585,3,29624.84,4443.73,84430.79
113557,57123,622,1,2792.75,0.0,2792.75
113558,57124,703,2,2609.04,0.0,5218.08
113559,57124,616,1,594.6,0.0,594.6
113560,57125,669,1,5183.71,0.0,5183.71
113561,57125,651,2,4691.47,0.0,9382.94
113562,57126,779,1,9166.85,0.0,9166.85
113563,57126,656,1,9107.06,1366.06,7741.0
113564,57126,554,1,5371.45,0.0,5371.45
113565,57127,632,1,2338.49,0.0,2338.49
113566,57127,598,1,579.36,28.97,550.39
113567,57128,541,1,2124.38,0.0,2124.38
113568,57128,669,1,5183.71,0.0,5183.71
113569,57129,585,1,29624.84,0.0,29624.84
113570,57129,697,2,17716.2,0.0,35432.4
113571,57130,749,1,1601.66,80.08,1521.58
113572,57131,722,1,53128.36,0.0,53128.36
113573,57132,695,1,24310.04,0.0,24310.04
113574,57133,656,1,9107.06,0.0,9107.06
113575,57134,683,1,873.55,0.0,873.55
113576,57134,737,3,454.39,136.32,1226.85
113577,57135,640,1,1058.22,105.82,952.4
113578,57136,696,1,4358.64,0.0,4358.64
113579,57137,709,1,5677.52,0.0,5677.52
113580,57138,626,2,236.68,0.0,473.36
113581,57139,751,1,25845.26,0.0,25845.26
113582,57140,544,1,6582.2,0.0,6582.2
113583,57141,658,3,711.18,0.0,0.01
113584,57141,768,1,10470.08,1570.51,8899.57
113585,57141,508,1,5538.85,830.83,4708.02
113586,57141,667,3,558.92,0.0,1676.76
113587,57142,607,1,10316.31,1031.63,9284.68
113588,57142,728,1,2491.24,0.0,2491.24
113589,57143,654,1,2895.35,0.0,2895.35
113590,57144,723,1,3644.62,0.0,3644.62
113591,57145,502,5,15084.04,0.0,75420.2
113592,57146,613,1,11372.12,0.0,11372.12
113593,57147,639,2,5888.93,0.0,11777.86
113594,57147,571,1,11994.11,2398.82,9595.29
113595,57148,621,1,1304.44,65.22,1239.22
113596,57148,657,1,8779.23,0.0,8779.23
113597,57149,686,1,4182.59,0.0,4182.59
113598,57149,706,3,14673.28,0.0,44019.84
113599,57149,679,1,53522.92,0.0,53522.92
113600,57149,745,1,5138.19,256.91,4881.28
113601,57149,720,1,3038.53,151.93,2886.6
113602,57150,600,1,6469.3,0.0,6469.3
113603,57151,550,2,3272.22,981.67,5562.77
113604,57152,522,1,39986.91,0.0,39986.91
113605,57153,606,1,290.06,14.5,275.56
113606,57154,753,2,1068.74,427.5,1709.98
113607,57154,715,2,61205.17,24482.07,97928.27
113608,57155,738,4,4031.99,0.0,16127.96
113609,57155,618,1,161.7,0.0,161.7
113610,57155,522,1,39986.91,0.0,39986.91
113611,57156,544,2,6582.2,0.0,13164.4
113612,57156,686,1,4182.59,418.26,3764.33
113613,57156,593,2,1214.64,0.0,2429.28
113614,57156,594,1,55089.87,0.0,55089.87
113615,57157,560,2,407.29,0.0,814.58
113616,57158,608,1,667.69,0.0,667.69
113617,57158,689,1,11449.91,1717.49,9732.42
113618,57159,531,1,10687.35,1068.74,9618.61
113619,57159,655,4,5152.69,0.0,20610.76
113620,57160,578,3,6521.84,2934.83,16630.69
113621,57160,710,1,10731.06,0.0,10731.06
113622,57160,562,1,1170.27,0.0,1170.27
113623,57161,686,1,4182.59,627.39,3555.2
113624,57161,696,2,4358.64,0.0,8717.28
113625,57161,597,1,535.83,53.58,482.25
113626,57162,693,-3,1213.14,121.31,1091.83
113627,57162,530,1,3414.81,341.48,3073.33
113628,57162,738,1,4031.99,806.4,3225.59
113629,57162,563,2,5426.08,0.0,10852.16
113630,57163,618,1,161.7,0.0,161.7
113631,57164,617,1,1324.53,0.0,1324.53
113632,57164,734,10,839.57,0.0,8395.7
113633,57165,726,1,983.03,49.15,933.88
113634,57165,573,1,620.76,0.0,620.76
113635,57165,736,2,6075.78,1215.16,10936.4
113636,57166,529,1,47474.39,0.0,47474.39
113637,57167,505,1,5998.46,0.0,5998.46
113638,57167,504,1,3910.83,0.0,3910.83
113639,57168,771,1,1072.89,0.0,1072.89
113640,57168,719,1,15471.04,0.0,15471.04
113641,57169,688,1,9656.12,0.0,9656.12
113642,57170,776,1,1371.98,0.0,1371.98
113643,57171,697,1,17716.2,885.81,16830.39
113644,57171,752,4,14566.93,0.0,58267.72
113645,57172,659,2,364.24,72.85,655.63
113646,57173,684,1,59645.43,0.0,59645.43
113647,57173,723,3,3644.62,0.0,10933.86
113648,57174,515,1,1144.81,0.0,1144.81
113649,57175,698,1,9291.61,0.0,9291.61
113650,57175,726,1,983.03,0.0,983.03
113651,57176,575,2,253.01,75.9,430.12
113652,57176,512,1,1219.3,60.97,1158.33
113653,57177,639,1,5888.93,0.0,5888.93
113654,57178,517,1,12096.53,604.83,11491.7
113655,57178,607,2,10316.31,2063.26,18569.36
113656,57178,671,1,3564.48,356.45,3208.03
113657,57178,658,3,711.18,0.0,2133.54
113658,57179,800,4,2202.18,0.0,8808.72
113659,57180,711,1,5931.42,889.71,5041.71
113660,57180,685,1,9687.25,484.36,9202.89
113661,57181,602,1,817.44,0.0,817.44
113662,57181,696,2,4358.64,1307.59,7409.69
113663,57181,702,-3,569.75,28.49,541.26
113664,57182,758,1,2596.01,0.0,2596.01
113665,57182,751,1,25845.26,5169.05,20676.21
113666,57182,515,1,1144.81,114.48,1030.33
113667,57182,646,5,6680.81,3340.41,30063.64
113668,57183,734,2,839.57,0.0,1679.14
113669,57183,618,2,161.7,0.0,323.4
113670,57183,612,5,2192.78,2192.78,8771.12
113671,57183,772,1,6175.25,0.0,6175.25
113672,57184,688,2,9656.12,0.0,19312.24
113673,57185,663,4,1339.76,0.0,5359.04
113674,57185,611,1,15431.65,2314.75,13116.9
113675,57186,567,3,7980.38,3591.17,20349.97
113676,57186,621,1,1304.44,195.67,1108.77
113677,57187,678,1,37877.29,0.0,37877.29
113678,57187,674,2,7676.03,0.0,15352.06
113679,57188,559,5,5502.85,2751.43,24762.82
113680,57189,721,1,5715.09,571.51,5143.58
113681,57189,640,1,1058.22,0.0,1058.22
113682,57189,712,1,12089.2,1208.92,10880.28
113683,57190,676,1,865.11,0.0,865.11
113684,57190,725,3,6229.36,0.0,18688.08
113685,57191,566,1,8272.67,0.0,8272.67
113686,57191,542,4,1742.37,348.47,6621.01
113687,57192,725,1,6229.36,0.0,6229.36
113688,57193,763,1,66.59,0.0,66.59
113689,57194,516,4,14192.65,0.0,56770.6
113690,57195,624,1,391.05,0.0,391.05
113691,57195,613,2,11372.12,0.0,22744.24
113692,57195,722,1,53128.36,0.0,53128.36
113693,57196,558,2,9344.26,1868.85,16819.67
113694,57196,572,2,1098.59,0.0,2197.18
113695,57197,782,2,9360.71,936.07,17785.35
113696,57198,753,2,1068.74,213.75,1923.73
113697,57199,627,1,348.17,17.41,330.76
113698,57199,643,4,55447.46,0.0,221789.84
113699,57200,792,1,2835.7,141.78,2693.92
113700,57200,572,1,1098.59,54.93,1043.66
113701,57200,608,1,667.69,0.0,667.69
113702,57201,532,1,820.25,0.0,820.25
113703,57202,722,3,53128.36,7969.25,151415.83
113704,57202,551,2,3446.79,0.0,6893.58
113705,57202,999999,1,2970.75,0.0,2970.75
113706,57202,726,1,983.03,147.45,835.58
113707,57202,549,2,13993.54,1399.35,26587.73
113708,57203,681,1,5353.16,535.32,4817.84
113709,57203,794,1,482.29,0.0,482.29
113710,57204,727,1,11354.29,0.0,11354.29
113711,57205,633,2,1617.01,161.7,3072.32
113712,57205,526,2,5568.93,556.89,10580.97
113713,57206,682,1,707.75,0.0,707.75
113714,57206,796,1,1462.48,0.0,1462.48
113715,57206,725,4,6229.36,1245.87,23671.57
113716,57206,599,1,2796.57,0.0,2796.57
113717,57207,521,2,3815.32,0.0,7630.64
113718,57208,520,1,1736.99,86.85,1650.14
113719,57209,655,2,5152.69,0.0,10305.38
113720,57210,575,5,253.01,126.5,1138.55
113721,57210,718,1,6766.17,0.0,6766.17
113722,57211,729,1,2699.1,0.0,2699.1
113723,57212,568,1,5802.78,0.0,5802.78
113724,57212,644,1,36167.51,7233.5,28934.01
113725,57212,543,2,4352.44,435.24,8269.64
113726,57213,773,2,5708.39,0.0,11416.78
113727,57214,541,1,2124.38,212.44,1911.94
113728,57214,505,1,5998.46,1199.69,4798.77
113729,57214,690,5,1805.43,0.0,9027.15
113730,57215,576,1,2970.75,0.0,2970.75
113731,57216,732,2,3277.37,0.0,6554.74
113732,57217,693,1,1213.14,0.0,1213.14
113733,57218,710,1,10731.06,536.55,10194.51
113734,57218,544,2,6582.2,0.0,13164.4
113735,57218,773,1,5708.39,0.0,5708.39
113736,57218,785,2,1136.17,113.62,2158.72
113737,57219,708,2,10297.58,0.0,20595.16
113738,57220,635,3,3079.07,0.0,9237.21
113739,57221,583,2,9641.6,0.0,19283.2
113740,57222,729,1,2699.1,269.91,2429.19
113741,57223,585,4,29624.84,5924.97,112574.39
113742,57223,599,3,2796.57,0.0,8389.71
113743,57223,638,1,9668.28,0.0,9668.28
113744,57224,740,4,38799.36,0.0,155197.44
113745,57224,721,2,5715.09,0.0,11430.18
113746,57225,513,2,1399.58,279.92,2519.24
113747,57226,705,1,17197.08,2579.56,14617.52
113748,57227,507,2,5384.85,538.49,10231.21
113749,57228,674,1,7676.03,0.0,7676.03
113750,57229,572,1,1098.59,0.0,1098.59
113751,57230,648,1,1203.65,0.0,1203.65
113752,57231,615,3,24337.83,0.0,73013.49
113753,57232,588,1,490.64,24.53,466.11
113754,57233,523,1,6428.51,0.0,6428.51
113755,57234,545,1,1464.92,73.25,1391.67
113756,57235,503,3,1376.24,206.44,3922.28
113757,57236,691,2,12820.07,0.0,25640.14
113758,57236,723,1,3644.62,0.0,3644.62
113759,57237,734,2,839.57,0.0,1679.14
113760,57238,720,2,3038.53,607.71,5469.35
113761,57239,610,1,26733.01,0.0,26733.01
113762,57239,559,1,5502.85,0.0,5502.85
113763,57240,544,2,6582.2,0.0,13164.4
113764,57240,532,1,820.25,123.04,697.21
113765,57241,648,1,1203.65,0.0,1203.65
113766,57241,589,1,17388.16,0.0,17388.16
113767,57242,655,1,5152.69,0.0,5152.69
113768,57242,585,3,29624.84,0.0,88874.52
113769,57243,756,1,372.34,0.0,372.34
113770,57244,658,1,711.18,142.24,568.94
113771,57244,542,1,1742.37,0.0,1742.37
113772,57244,566,2,8272.67,0.0,16545.34
113773,57244,559,1,5502.85,825.43,4677.42
113774,57245,644,1,36167.51,0.0,36167.51
113775,57246,729,1,2699.1,0.0,2699.1
113776,57246,794,2,482.29,0.0,964.58
113777,57247,505,1,5998.46,1199.69,4798.77
113778,57247,703,1,2609.04,0.0,2609.04
113779,57247,592,2,1511.43,0.0,3022.86
113780,57248,692,2,7325.8,0.0,14651.6
113781,57249,727,3,11354.29,0.0,34062.87
113782,57249,680,1,1294.32,194.15,1100.17
113783,57249,656,2,9107.06,3642.82,14571.3
113784,57250,710,1,10731.06,1609.66,9121.4
113785,57251,530,1,3414.81,341.48,3073.33
113786,57251,651,1,4691.47,0.0,4691.47
113787,57251,528,2,951.12,0.0,1902.24
113788,57251,720,1,3038.53,151.93,2886.6
113789,57251,647,1,48665.91,4866.59,43799.32
113790,57252,519,2,849.44,0.0,1698.88
113791,57252,563,1,5426.08,0.0,5426.08
113792,57253,512,2,1219.3,365.79,2072.81
113793,57253,534,4,46679.73,0.0,186718.92
113794,57253,574,2,20894.55,0.0,41789.1
113795,57254,687,1,1705.39,341.08,1364.31
113796,57255,672,1,9227.41,0.0,9227.41
113797,57256,524,1,1357.31,0.0,1357.31
113798,57257,512,1,1219.3,121.93,1097.37
113799,57258,625,1,54397.72,0.0,54397.72
113800,57259,537,1,7317.24,0.0,7317.24
113801,57259,713,3,5412.77,2435.75,13802.56
113802,57259,567,1,7980.38,0.0,7980.38
113803,57259,714,1,44813.18,2240.66,42572.52
113804,57260,684,1,59645.43,0.0,59645.43
113805,57261,600,3,6469.3,0.0,19407.9
113806,57261,732,1,3277.37,163.87,3113.5
113807,57262,746,1,1732.13,0.0,1732.13
113808,57263,700,1,6725.93,0.0,6725.93
113809,57264,620,1,607.15,0.0,607.15
113810,57264,641,2,3333.39,0.0,6666.78
113811,57265,734,3,839.57,0.0,2518.71
113812,57265,622,2,2792.75,0.0,5585.5
113813,57266,626,2,236.68,71.0,402.36
113814,57267,568,1,5802.78,0.0,5802.78
113815,57268,730,1,713.55,35.68,677.87
113816,57268,599,1,2796.57,0.0,2796.57
113817,57269,614,1,30296.77,1514.84,28781.93
113818,57270,672,4,9227.41,0.0,36909.64
113819,57271,601,2,17813.81,0.0,35627.62
113820,57271,723,2,3644.62,0.0,7289.24
113821,57272,540,1,32834.15,0.0,32834.15
113822,57272,616,2,594.6,0.0,1189.2
113823,57272,696,3,4358.64,653.8,12422.12
113824,57272,572,1,1098.59,0.0,1098.59
113825,57272,705,1,17197.08,0.0,17197.08
113826,57273,583,1,9641.6,482.08,9159.52
113827,57274,551,1,3446.79,0.0,3446.79
113828,57274,750,1,182.17,0.0,182.17
113829,57274,701,1,11805.02,0.0,11805.02
113830,57274,672,2,9227.41,1845.48,16609.34
113831,57275,573,1,620.76,0.0,620.76
113832,57275,579,3,17100.24,0.0,51300.72
113833,57275,620,1,607.15,0.0,607.15
113834,57275,764,1,38368.4,0.0,38368.4
113835,57276,800,1,2202.18,0.0,2202.18
113836,57277,560,1,407.29,0.0,407.29
113837,57278,536,2,1067.42,0.0,2134.84
113838,57279,732,1,3277.37,0.0,3277.37
113839,57279,607,1,10316.31,0.0,10316.31
113840,57279,774,1,1776.67,0.0,1776.67
113841,57279,655,1,5152.69,772.9,4379.79
113842,57279,571,1,11994.11,599.71,11394.4
113843,57280,711,1,5931.42,0.0,5931.42
113844,57280,689,2,11449.91,0.0,22899.82
113845,57281,678,1,37877.29,0.0,37877.29
113846,57281,515,5,1144.81,0.0,5724.05
113847,57282,798,1,3816.99,0.0,3816.99
113848,57283,589,1,17388.16,869.41,16518.75
113849,57283,762,1,886.5,88.65,797.85
113850,57283,631,1,1647.26,0.0,1647.26
113851,57284,597,3,535.83,0.0,1607.49
113852,57284,766,3,4834.22,0.0,14502.66
113853,57285,551,4,3446.79,0.0,13787.16
113854,57285,678,10,37877.29,0.0,378772.9
113855,57286,713,2,5412.77,0.0,10825.54
113856,57286,639,2,5888.93,0.0,11777.86
113857,57287,999999,1,4298.41,0.0,4298.41
113858,57288,553,4,31731.27,12692.51,114232.57
113859,57289,635,2,3079.07,0.0,6158.14
113860,57290,725,1,6229.36,0.0,6229.36
113861,57291,700,3,6725.93,0.0,20177.79
113862,57292,787,1,27577.51,0.0,27577.51
113863,57292,521,1,3815.32,0.0,3815.32
113864,57292,745,1,5138.19,513.82,4624.37
113865,57293,592,2,1511.43,0.0,3022.86
113866,57293,600,3,6469.3,0.0,0.01
113867,57293,652,2,13563.11,0.0,27126.22
113868,57294,633,4,1617.01,0.0,6468.04
113869,57295,651,2,4691.47,0.0,9382.94
113870,57296,501,1,45292.52,0.0,45292.52
113871,57297,785,3,1136.17,0.0,3408.51
113872,57298,599,1,2796.57,0.0,2796.57
113873,57299,675,3,16586.98,0.0,49760.94
113874,57299,741,1,1969.25,98.46,1870.79
113875,57300,586,3,4444.5,0.0,13333.5
113876,57301,666,1,4195.88,0.0,4195.88
113877,57302,552,1,10613.41,530.67,10082.74
113878,57303,794,1,482.29,72.34,409.95
113879,57303,696,1,4358.64,0.0,4358.64
113880,57304,791,1,11369.6,568.48,10801.12
113881,57305,999999,2,1038.9,0.0,2077.8
113882,57306,607,1,10316.31,0.0,10316.31
113883,57306,670,4,2118.7,0.0,8474.8
113884,57306,669,1,5183.71,1036.74,4146.97
113885,57307,571,2,11994.11,0.0,23988.22
113886,57307,792,2,2835.7,0.0,5671.4
113887,57307,558,5,9344.26,0.0,46721.3
113888,57307,572,1,1098.59,164.79,933.8
113889,57308,636,5,1717.09,858.54,7726.91
113890,57309,757,1,13097.42,0.0,13097.42
113891,57309,774,2,1776.67,0.0,3553.34
113892,57309,722,1,53128.36,2656.42,50471.94
113893,57310,737,1,454.39,0.0,454.39
113894,57311,509,1,3363.13,336.31,3026.82
113895,57311,578,5,6521.84,0.0,32609.2
113896,57312,652,1,13563.11,0.0,13563.11
113897,57312,674,1,7676.03,0.0,7676.03
113898,57312,780,1,3012.88,0.0,3012.88
113899,57312,723,1,3644.62,364.46,3280.16
113900,57312,560,1,407.29,0.0,407.29
113901,57313,766,-1,4834.22,0.0,4834.22
113902,57313,501,1,45292.52,0.0,45292.52
113903,57313,707,1,626.29,0.0,626.29
113904,57314,511,2,856.8,0.0,1713.6
113905,57315,999999,1,983.03,0.0,983.03
113906,57315,531,1,10687.35,0.0,10687.35
113907,57315,518,3,49561.42,0.0,148684.26
113908,57316,643,1,55447.46,0.0,55447.46
113909,57317,787,5,27577.51,0.0,137887.55
113910,57317,659,1,364.24,0.0,364.24
113911,57317,533,2,10801.02,0.0,21602.04
113912,57318,606,2,290.06,0.0,580.12
113913,57318,771,1,1072.89,0.0,1072.89
113914,57318,742,1,31236.95,0.0,31236.95
113915,57319,610,1,26733.01,2673.3,24059.71
113916,57319,748,1,2116.96,0.0,2116.96
113917,57320,576,3,2970.75,0.0,8912.25
113918,57320,653,2,4298.41,0.0,8596.82
113919,57320,568,1,5802.78,0.0,5802.78
113920,57321,636,1,1717.09,257.56,1459.53
113921,57321,796,1,1462.48,0.0,1462.48
113922,57321,767,1,2764.13,0.0,2764.13
113923,57321,643,1,55447.46,0.0,55447.46
113924,57322,782,1,9360.71,468.04,8892.67
113925,57323,727,1,11354.29,567.71,10786.58
113926,57323,525,1,4003.31,0.0,4003.31
113927,57324,731,1,1578.26,0.0,1578.26
113928,57325,587,4,790.56,632.45,2529.79
113929,57325,599,1,2796.57,139.83,2656.74
113930,57325,647,1,48665.91,7299.89,41366.02
113931,57326,569,2,46883.02,0.0,93766.04
113932,57327,713,2,5412.77,0.0,10825.54
113933,57328,642,1,6612.07,0.0,6612.07
113934,57329,652,2,13563.11,0.0,27126.22
113935,57330,771,1,1072.89,0.0,1072.89
113936,57331,635,2,3079.07,0.0,0.01
113937,57331,738,1,4031.99,0.0,4031.99
113938,57332,792,2,2835.7,0.0,5671.4
113939,57333,532,1,820.25,41.01,779.24
113940,57333,779,2,9166.85,2750.05,15583.65
113941,57333,651,1,4691.47,0.0,4691.47
113942,57333,684,2,59645.43,0.0,119290.86
113943,57334,615,2,24337.83,0.0,48675.66
113944,57335,581,1,2900.19,290.02,2610.17
113945,57336,639,1,5888.93,1177.79,4711.14
113946,57337,618,1,161.7,0.0,161.7
113947,57338,647,1,48665.91,0.0,48665.91
113948,57338,563,3,5426.08,1627.82,14650.42
113949,57339,650,1,6201.76,0.0,6201.76
113950,57339,999999,1,667.69,66.77,600.92
113951,57340,664,1,18695.4,0.0,18695.4
113952,57340,686,2,4182.59,0.0,8365.18
113953,57340,615,2,24337.83,0.0,48675.66
113954,57341,622,1,2792.75,0.0,2792.75
113955,57341,775,1,3454.82,0.0,3454.82
113956,57341,579,1,17100.24,0.0,17100.24
113957,57341,786,1,5485.59,0.0,5485.59
113958,57341,757,3,13097.42,0.0,39292.26
113959,57342,999999,1,36167.51,0.0,36167.51
113960,57343,592,1,1511.43,0.0,1511.43
113961,57343,644,1,36167.51,5425.13,30742.38
113962,57343,634,2,5262.27,0.0,10524.54
113963,57343,617,1,1324.53,198.68,1125.85
113964,57343,566,1,8272.67,0.0,8272.67
113965,57344,602,2,817.44,245.23,1389.65
113966,57344,636,3,1717.09,0.0,5151.27
113967,57344,753,2,1068.74,0.0,2137.48
113968,57345,766,1,4834.22,241.71,4592.51
113969,57346,726,1,983.03,0.0,983.03
113970,57347,625,1,54397.72,0.0,54397.72
113971,57347,665,1,2533.05,0.0,2533.05
113972,57348,611,2,15431.65,0.0,30863.3
113973,57349,779,1,9166.85,0.0,9166.85
113974,57350,727,1,11354.29,0.0,11354.29
113975,57351,755,2,923.61,0.0,1847.22
113976,57352,508,1,5538.85,0.0,5538.85
113977,57353,677,1,3625.43,0.0,3625.43
113978,57354,713,2,5412.77,0.0,10825.54
113979,57354,735,1,1557.67,0.0,1557.67
113980,57355,662,1,9986.23,0.0,9986.23
113981,57355,566,1,8272.67,413.63,7859.04
113982,57355,793,1,2448.49,489.7,1958.79
113983,57356,671,2,3564.48,356.45,6772.51
113984,57357,651,2,4691.47,469.15,8913.79
113985,57358,576,1,2970.75,0.0,2970.75
113986,57358,782,5,9360.71,7020.53,39783.02
113987,57358,723,2,3644.62,364.46,6924.78
113988,57359,641,1,3333.39,166.67,3166.72
113989,57360,619,1,577.92,0.0,577.92
113990,57360,585,1,29624.84,0.0,29624.84
113991,57361,579,1,17100.24,2565.04,14535.2
113992,57362,590,3,2022.4,1213.44,4853.76
113993,57362,575,1,253.01,0.0,253.01
113994,57363,607,2,10316.31,3094.89,17537.73
113995,57363,748,1,2116.96,211.7,1905.26
113996,57364,505,2,5998.46,1199.69,10797.23
113997,57365,552,1,10613.41,530.67,10082.74
113998,57365,628,4,6761.04,1352.21,25691.95
113999,57366,791,3,11369.6,3410.88,30697.92
114000,57367,540,3,32834.15,0.0,98502.45
114001,57367,664,1,18695.4,0.0,18695.4
114002,57367,566,4,8272.67,0.0,33090.68
114003,57367,607,3,10316.31,0.0,30948.93
114004,57368,754,1,9295.64,0.0,9295.64
114005,57368,535,1,2114.96,0.0,2114.96
114006,57369,652,1,13563.11,0.0,13563.11
114007,57369,999999,1,14192.65,0.0,14192.65
114008,57370,710,1,10731.06,1609.66,9121.4
114009,57370,758,1,2596.01,129.8,2466.21
114010,57371,794,1,482.29,0.0,482.29
114011,57372,706,1,14673.28,0.0,14673.28
114012,57372,656,10,9107.06,4553.53,86517.07
114013,57372,749,1,1601.66,0.0,1601.66
114014,57372,763,1,66.59,0.0,66.59
114015,57373,775,1,3454.82,0.0,3454.82
114016,57374,538,3,8640.93,1296.14,24626.65
114017,57374,783,1,39234.63,7846.93,31387.7
114018,57374,724,1,2567.59,0.0,2567.59
114019,57375,999999,3,9106.57,2731.97,24587.74
114020,57376,615,1,24337.83,1216.89,23120.94
114021,57377,664,1,18695.4,1869.54,16825.86
114022,57377,545,2,1464.92,439.48,2490.36
114023,57378,543,2,4352.44,0.0,8704.88
114024,57379,563,2,5426.08,0.0,10852.16
114025,57379,593,1,1214.64,60.73,1153.91
114026,57379,692,3,7325.8,0.0,21977.4
114027,57380,647,2,48665.91,14599.77,0.01
114028,57380,631,1,1647.26,0.0,1647.26
114029,57381,757,2,13097.42,5238.97,20955.87
114030,57381,627,1,348.17,17.41,330.76
114031,57382,753,10,1068.74,0.0,10687.4
114032,57382,661,-3,16283.24,7327.46,41522.26
114033,57382,634,2,5262.27,1578.68,8945.86
114034,57382,597,1,535.83,26.79,509.04
114035,57383,703,1,2609.04,0.0,2609.04
114036,57384,769,1,1383.36,207.5,1175.86
114037,57384,518,1,49561.42,0.0,49561.42
114038,57385,721,1,5715.09,285.75,5429.34
114039,57385,515,4,1144.81,0.0,4579.24
114040,57386,626,1,236.68,0.0,236.68
114041,57386,712,1,12089.2,2417.84,9671.36
114042,57386,677,1,3625.43,0.0,3625.43
114043,57387,553,3,31731.27,0.0,95193.81
114044,57388,659,1,364.24,0.0,364.24
114045,57388,704,2,1165.72,0.0,2331.44
114046,57389,590,2,2022.4,202.24,3842.56
114047,57389,759,1,8304.75,0.0,8304.75
114048,57389,528,1,951.12,0.0,951.12
114049,57389,538,1,8640.93,0.0,8640.93
114050,57390,533,3,10801.02,1620.15,30782.91
114051,57391,676,1,865.11,0.0,865.11
114052,57391,684,1,59645.43,0.0,59645.43
114053,57392,759,1,8304.75,415.24,7889.51
114054,57393,543,0,4352.44,0.0,17409.76
114055,57394,794,1,482.29,72.34,0.01
114056,57394,636,2,1717.09,343.42,3090.76
114057,57394,535,1,2114.96,0.0,2114.96
114058,57394,695,1,24310.04,0.0,24310.04
114059,57394,784,1,1641.14,246.17,1394.97
114060,57395,508,2,5538.85,0.0,11077.7
114061,57395,518,1,49561.42,4956.14,44605.28
114062,57395,702,5,569.75,0.0,2848.75
114063,57396,576,1,2970.75,594.15,2376.6
114064,57397,781,1,508.19,50.82,457.37
114065,57398,711,2,5931.42,0.0,11862.84
114066,57398,748,3,2116.96,0.0,6350.88
114067,57399,766,3,4834.22,1450.27,13052.39
114068,57399,737,3,454.39,204.48,1158.69
114069,57400,601,1,17813.81,3562.76,14251.05
114070,57400,655,1,5152.69,0.0,5152.69
114071,57401,734,2,839.57,0.0,1679.14
114072,57401,544,1,6582.2,658.22,5923.98
114073,57401,608,3,667.69,0.0,2003.07
114074,57401,648,1,1203.65,180.55,1023.1
114075,57402,643,2,55447.46,0.0,110894.92
114076,57403,529,1,47474.39,0.0,47474.39
114077,57403,675,2,16586.98,1658.7,31515.26
114078,57404,522,1,39986.91,0.0,39986.91
114079,57404,785,1,1136.17,0.0,1136.17
114080,57404,745,2,5138.19,0.0,10276.38
114081,57405,765,1,37606.92,7521.38,30085.54
114082,57406,540,1,32834.15,0.0,32834.15
114083,57406,653,2,4298.41,429.84,8166.98
114084,57406,703,3,2609.04,391.36,7435.76
114085,57407,620,2,607.15,0.0,1214.3
114086,57407,515,1,1144.81,0.0,1144.81
114087,57408,795,2,18501.43,0.0,37002.86
114088,57409,655,3,5152.69,2318.71,13139.36
114089,57409,800,1,2202.18,0.0,2202.18
114090,57409,658,1,711.18,106.68,604.5
114091,57410,747,1,805.8,40.29,765.51
114092,57411,732,10,3277.37,0.0,32773.7
114093,57412,725,0,6229.36,1868.81,16819.27
114094,57413,582,1,8407.83,0.0,8407.83
114095,57413,709,1,5677.52,283.88,5393.64
114096,57413,542,1,1742.37,0.0,1742.37
114097,57413,566,3,8272.67,0.0,24818.01
114098,57414,779,1,9166.85,0.0,9166.85
114099,57414,755,1,923.61,0.0,923.61
114100,57414,572,2,1098.59,0.0,2197.18
114101,57415,763,3,66.59,0.0,199.77
114102,57415,682,1,707.75,0.0,707.75
114103,57415,516,1,14192.65,1419.27,12773.38
114104,57416,507,2,5384.85,0.0,10769.7
114105,57416,640,1,1058.22,52.91,1005.31
114106,57416,631,5,1647.26,1235.44,7000.86
114107,57416,656,1,9107.06,1366.06,7741.0
114108,57416,671,2,3564.48,0.0,7128.96
114109,57417,548,1,8285.36,0.0,8285.36
114110,57417,573,1,620.76,0.0,620.76
114111,57417,695,1,24310.04,2431.0,21879.04
114112,57418,522,2,39986.91,0.0,79973.82
114113,57419,732,1,3277.37,327.74,2949.63
114114,57419,643,1,55447.46,11089.49,44357.97
114115,57419,552,4,10613.41,2122.68,40330.96
114116,57420,719,1,15471.04,0.0,15471.04
114117,57420,503,1,1376.24,0.0,1376.24
114118,57420,561,1,2177.62,0.0,2177.62
114119,57421,701,1,11805.02,0.0,11805.02
114120,57422,764,1,38368.4,3836.84,34531.56
114121,57422,791,1,11369.6,1705.44,9664.16
114122,57423,643,4,55447.46,11089.49,210700.35
114123,57424,732,1,3277.37,163.87,3113.5
114124,57425,694,2,1970.24,0.0,3940.48
114125,57426,586,1,4444.5,0.0,4444.5
114126,57426,732,1,3277.37,0.0,3277.37
114127,57426,780,3,3012.88,1355.8,7682.84
114128,57427,786,3,5485.59,0.0,16456.77
114129,57427,554,3,5371.45,0.0,16114.35
114130,57428,581,1,2900.19,0.0,2900.19
114131,57429,536,1,1067.42,0.0,1067.42
114132,57429,618,1,161.7,0.0,161.7
114133,57430,658,1,711.18,0.0,711.18
114134,57431,775,1,3454.82,0.0,3454.82
114135,57432,634,3,5262.27,0.0,15786.81
114136,57432,755,3,923.61,0.0,2770.83
114137,57433,559,1,5502.85,0.0,5502.85
114138,57434,521,1,3815.32,190.77,3624.55
114139,57434,703,2,2609.04,260.9,4957.18
114140,57435,689,2,11449.91,2289.98,20609.84
114141,57436,557,1,783.76,39.19,744.57
114142,57437,579,4,17100.24,6840.1,61560.86
114143,57438,552,2,10613.41,0.0,21226.82
114144,57438,660,1,3268.31,0.0,3268.31
114145,57438,533,4,10801.02,0.0,43204.08
114146,57438,503,1,1376.24,137.62,1238.62
114147,57438,648,1,1203.65,60.18,1143.47
114148,57439,634,5,5262.27,5262.27,21049.08
114149,57440,676,2,865.11,0.0,1730.22
114150,57441,565,1,322.27,0.0,322.27
114151,57442,603,1,18106.09,0.0,18106.09
114152,57443,780,1,3012.88,301.29,2711.59
114153,57444,728,3,2491.24,747.37,6726.35
114154,57444,736,1,6075.78,0.0,6075.78
114155,57444,558,1,9344.26,0.0,9344.26
114156,57445,591,1,9106.57,0.0,9106.57
114157,57446,532,2,820.25,82.03,1558.47
114158,57447,654,2,2895.35,0.0,5790.7
114159,57448,695,2,24310.04,0.0,48620.08
114160,57448,629,1,717.69,71.77,645.92
114161,57449,789,1,2799.8,0.0,2799.8
114162,57450,522,1,39986.91,0.0,39986.91
114163,57451,797,2,1277.35,0.0,2554.7
114164,57452,652,1,13563.11,0.0,13563.11
114165,57453,605,2,1048.97,314.69,1783.25
114166,57454,515,1,1144.81,0.0,1144.81
114167,57455,677,2,3625.43,0.0,7250.86
114168,57455,636,2,1717.09,171.71,3262.47
114169,57456,781,1,508.19,0.0,508.19
114170,57456,545,4,1464.92,0.0,5859.68
114171,57456,723,1,3644.62,0.0,3644.62
114172,57457,680,1,1294.32,258.86,1035.46
114173,57458,775,1,3454.82,345.48,3109.34
114174,57459,747,1,805.8,120.87,684.93
114175,57460,636,1,1717.09,257.56,1459.53
114176,57460,544,5,6582.2,0.0,32911.0
114177,57460,684,1,59645.43,0.0,59645.43
114178,57460,740,2,38799.36,0.0,77598.72
114179,57461,709,1,5677.52,567.75,5109.77
114180,57462,653,1,4298.41,0.0,4298.41
114181,57463,626,1,236.68,0.0,236.68
114182,57464,698,1,9291.61,0.0,9291.61
114183,57464,690,1,1805.43,0.0,1805.43
114184,57464,764,2,38368.4,0.0,76736.8
114185,57465,765,1,37606.92,0.0,37606.92
114186,57466,725,1,6229.36,0.0,6229.36
114187,57467,696,2,4358.64,0.0,8717.28
114188,57468,645,1,3816.62,0.0,3816.62
114189,57469,544,1,6582.2,0.0,6582.2
114190,57469,765,2,37606.92,0.0,75213.84
114191,57469,644,1,36167.51,5425.13,30742.38
114192,57470,789,1,2799.8,0.0,2799.8
114193,57470,715,1,61205.17,0.0,61205.17
114194,57470,582,2,8407.83,0.0,16815.66
114195,57471,645,4,3816.62,0.0,15266.48
114196,57471,581,1,2900.19,0.0,2900.19
114197,57471,715,1,61205.17,0.0,61205.17
114198,57472,583,1,9641.6,0.0,9641.6
114199,57472,799,3,2348.69,0.0,7046.07
114200,57472,503,2,1376.24,0.0,2752.48
114201,57472,554,1,5371.45,268.57,5102.88
114202,57473,526,2,5568.93,0.0,11137.86
114203,57473,704,1,1165.72,0.0,1165.72
114204,57474,517,1,12096.53,2419.31,9677.22
114205,57475,695,1,24310.04,0.0,24310.04
114206,57476,657,1,8779.23,0.0,8779.23
114207,57477,543,2,4352.44,0.0,8704.88
114208,57477,647,1,48665.91,0.0,48665.91
114209,57478,611,2,15431.65,0.0,30863.3
114210,57479,622,1,2792.75,0.0,2792.75
114211,57479,711,1,5931.42,0.0,5931.42
114212,57480,523,2,6428.51,0.0,12857.02
114213,57481,588,3,490.64,0.0,1471.92
114214,57481,707,2,626.29,0.0,1252.58
114215,57481,647,1,48665.91,0.0,48665.91
114216,57482,653,2,4298.41,429.84,8166.98
114217,57483,748,1,2116.96,0.0,2116.96
114218,57484,779,1,9166.85,0.0,9166.85
114219,57485,533,1,10801.02,0.0,10801.02
114220,57485,797,1,1277.35,255.47,1021.88
114221,57485,567,1,7980.38,0.0,7980.38
114222,57486,621,1,1304.44,0.0,1304.44
114223,57487,657,1,8779.23,0.0,8779.23
114224,57488,574,4,20894.55,16715.64,66862.56
114225,57488,653,1,4298.41,0.0,4298.41
114226,57489,797,1,1277.35,0.0,1277.35
114227,57489,741,1,1969.25,393.85,1575.4
114228,57489,505,1,5998.46,0.0,5998.46
114229,57490,690,1,1805.43,0.0,1805.43
114230,57490,642,2,6612.07,0.0,13224.14
114231,57491,558,1,9344.26,1868.85,7475.41
114232,57492,545,1,1464.92,73.25,1391.67
114233,57493,621,3,1304.44,391.33,3521.99
114234,57493,589,1,17388.16,0.0,17388.16
114235,57494,519,1,849.44,42.47,806.97
114236,57495,541,3,2124.38,318.66,6054.48
114237,57496,705,1,17197.08,0.0,17197.08
114238,57497,545,1,1464.92,0.0,1464.92
114239,57497,778,2,2068.11,0.0,4136.22
114240,57497,686,2,4182.59,836.52,7528.66
114241,57498,521,3,3815.32,0.0,11445.96
114242,57498,726,1,983.03,0.0,983.03
114243,57498,758,1,2596.01,129.8,2466.21
114244,57498,589,1,17388.16,0.0,17388.16
114245,57499,617,1,1324.53,66.23,1258.3
114246,57500,551,2,3446.79,0.0,6893.58
114247,57500,653,2,4298.41,859.68,7737.14
114248,57501,682,1,707.75,141.55,566.2
114249,57502,746,2,1732.13,0.0,3464.26
114250,57503,565,2,322.27,128.91,515.63
114251,57503,617,3,1324.53,0.0,0.01
114252,57504,621,1,1304.44,0.0,1304.44
114253,57504,563,1,5426.08,271.3,5154.78
114254,57504,704,1,1165.72,0.0,1165.72
114255,57504,632,2,2338.49,701.55,3975.43
114256,57505,607,3,10316.31,1547.45,29401.48
114257,57506,784,3,1641.14,0.0,4923.42
114258,57507,761,1,1440.57,216.09,1224.48
114259,57507,742,3,31236.95,0.0,93710.85
114260,57508,799,1,2348.69,0.0,2348.69
114261,57509,760,1,11301.08,0.0,11301.08
114262,57510,705,1,17197.08,0.0,17197.08
114263,57510,646,1,6680.81,0.0,6680.81
114264,57511,735,1,1557.67,155.77,1401.9
114265,57511,704,1,1165.72,233.14,932.58
114266,57511,513,1,1399.58,0.0,1399.58
114267,57511,547,1,817.17,40.86,776.31
114268,57512,608,2,667.69,200.31,1135.07
114269,57512,556,1,3671.69,0.0,3671.69
114270,57513,582,1,8407.83,0.0,8407.83
114271,57513,690,2,1805.43,0.0,3610.86
114272,57513,716,2,1117.48,0.0,2234.96
114273,57514,700,5,6725.93,5044.45,28585.2
114274,57514,789,1,2799.8,0.0,2799.8
114275,57515,747,1,805.8,0.0,805.8
114276,57516,541,3,2124.38,0.0,6373.14
114277,57517,696,10,4358.64,2179.32,41407.08
114278,57518,628,1,6761.04,676.1,6084.94
114279,57519,599,1,2796.57,0.0,2796.57
114280,57520,559,1,5502.85,0.0,5502.85
114281,57521,770,1,2789.39,0.0,2789.39
114282,57522,772,2,6175.25,0.0,12350.5
114283,57523,627,5,348.17,87.04,1653.81
114284,57524,716,1,1117.48,0.0,1117.48
114285,57525,764,1,38368.4,0.0,38368.4
114286,57526,776,1,1371.98,0.0,1371.98
114287,57527,608,1,667.69,0.0,667.69
114288,57527,775,1,3454.82,0.0,3454.82
114289,57528,780,3,3012.88,0.0,9038.64
114290,57529,533,10,10801.02,21602.04,86408.16
114291,57530,747,5,805.8,0.0,4029.0
114292,57530,766,1,4834.22,0.0,4834.22
114293,57530,637,1,3516.12,351.61,3164.51
114294,57531,760,1,11301.08,0.0,11301.08
114295,57532,596,1,1919.15,0.0,1919.15
114296,57532,743,4,892.31,356.92,3212.32
114297,57533,528,3,951.12,0.0,2853.36
114298,57534,575,1,253.01,0.0,253.01
114299,57535,768,1,10470.08,0.0,10470.08
114300,57536,621,1,1304.44,65.22,1239.22
114301,57537,999999,2,535.83,0.0,1071.66
114302,57538,797,3,1277.35,191.6,3640.45
114303,57538,646,1,6680.81,0.0,6680.81
114304,57539,572,1,1098.59,0.0,1098.59
114305,57540,590,4,2022.4,1213.44,6876.16
114306,57541,701,3,11805.02,0.0,35415.06
114307,57541,730,1,713.55,71.36,642.19
114308,57542,713,4,5412.77,4330.22,17320.86
114309,57543,581,1,2900.19,145.01,2755.18
114310,57544,744,3,6141.59,1842.48,16582.29
114311,57544,529,1,47474.39,7121.16,40353.23
114312,57544,569,1,46883.02,9376.6,37506.42
114313,57545,541,1,2124.38,212.44,1911.94
114314,57545,705,2,17197.08,0.0,34394.16
114315,57546,715,1,61205.17,3060.26,58144.91
114316,57546,673,3,1038.9,0.0,3116.7
114317,57546,527,1,43071.55,0.0,43071.55
114318,57546,519,1,849.44,0.0,849.44
114319,57547,681,3,5353.16,3211.9,12847.58
114320,57548,550,1,3272.22,0.0,3272.22
114321,57549,680,2,1294.32,0.0,2588.64
114322,57549,747,1,805.8,0.0,805.8
114323,57549,548,2,8285.36,1657.07,14913.65
114324,57550,669,1,5183.71,0.0,5183.71
114325,57551,598,2,579.36,0.0,1158.72
114326,57551,535,1,2114.96,105.75,2009.21
114327,57552,652,2,13563.11,1356.31,25769.91
114328,57553,671,4,3564.48,2138.69,12119.23
114329,57554,721,1,5715.09,1143.02,4572.07
114330,57555,696,4,4358.64,0.0,17434.56
114331,57556,544,1,6582.2,329.11,6253.09
114332,57556,667,1,558.92,111.78,447.14
114333,57556,626,1,236.68,0.0,236.68
114334,57556,524,10,1357.31,0.0,13573.1
114335,57557,718,1,6766.17,0.0,6766.17
114336,57558,721,2,5715.09,2286.04,9144.14
114337,57558,632,1,2338.49,0.0,2338.49
114338,57558,618,1,161.7,8.08,153.62
114339,57559,530,5,3414.81,0.0,17074.05
114340,57559,614,4,30296.77,0.0,121187.08
114341,57560,627,1,348.17,0.0,348.17
114342,57560,608,1,667.69,0.0,667.69
114343,57560,665,1,2533.05,379.96,2153.09
114344,57561,698,1,9291.61,1393.74,7897.87
114345,57561,732,2,3277.37,1310.95,5243.79
114346,57562,595,3,2237.17,1006.73,5704.78
114347,57562,711,1,5931.42,0.0,5931.42
114348,57562,751,1,25845.26,0.0,25845.26
114349,57563,737,1,454.39,0.0,454.39
114350,57563,673,1,1038.9,0.0,1038.9
114351,57563,722,1,53128.36,7969.25,45159.11
114352,57564,520,1,1736.99,86.85,1650.14
114353,57565,574,1,20894.55,0.0,20894.55
114354,57565,649,1,699.68,104.95,594.73
114355,57565,683,2,873.55,0.0,1747.1
114356,57565,524,1,1357.31,67.87,1289.44
114357,57565,503,1,1376.24,206.44,1169.8
114358,57566,707,1,626.29,0.0,626.29
114359,57566,548,1,8285.36,0.0,8285.36
114360,57567,515,2,1144.81,343.44,1946.18
114361,57568,775,3,3454.82,0.0,10364.46
114362,57568,699,1,713.36,107.0,606.36
114363,57568,667,4,558.92,0.0,2235.68
114364,57568,763,1,66.59,6.66,59.93
114365,57569,701,1,11805.02,0.0,11805.02
114366,57570,588,1,490.64,0.0,490.64
114367,57571,512,3,1219.3,0.0,3657.9
114368,57571,666,1,4195.88,0.0,4195.88
114369,57571,609,1,3589.04,0.0,3589.04
114370,57571,794,1,482.29,48.23,434.06
114371,57572,741,2,1969.25,0.0,3938.5
114372,57572,517,1,12096.53,0.0,12096.53
114373,57572,525,2,4003.31,0.0,8006.62
114374,57573,749,1,1601.66,0.0,1601.66
114375,57573,573,2,620.76,0.0,1241.52
114376,57573,509,2,3363.13,0.0,6726.26
114377,57573,708,1,10297.58,1544.64,8752.94
114378,57574,660,1,3268.31,0.0,3268.31
114379,57574,580,2,1023.86,0.0,2047.72
114380,57575,761,2,1440.57,0.0,2881.14
114381,57575,759,1,8304.75,0.0,8304.75
114382,57576,765,5,37606.92,9401.73,178632.87
114383,57577,669,-3,5183.71,0.0,5183.71
114384,57578,767,1,2764.13,138.21,2625.92
114385,57578,676,3,865.11,0.0,2595.33
114386,57578,622,2,2792.75,0.0,5585.5
114387,57579,676,1,865.11,0.0,865.11
114388,57580,763,1,66.59,6.66,59.93
114389,57581,552,1,10613.41,0.0,10613.41
114390,57582,769,1,1383.36,69.17,1314.19
114391,57583,592,1,1511.43,0.0,1511.43
114392,57584,591,1,9106.57,910.66,8195.91
114393,57585,615,1,24337.83,0.0,24337.83
114394,57585,661,1,16283.24,814.16,15469.08
114395,57586,675,1,16586.98,0.0,16586.98
114396,57586,563,1,5426.08,271.3,5154.78
114397,57587,763,1,66.59,9.99,56.6
114398,57588,678,2,37877.29,0.0,75754.58
114399,57588,682,1,707.75,141.55,566.2
114400,57588,719,3,15471.04,0.0,46413.12
114401,57588,655,1,5152.69,1030.54,4122.15
114402,57589,660,1,3268.31,0.0,3268.31
114403,57590,721,1,5715.09,285.75,5429.34
114404,57590,770,2,2789.39,0.0,5578.78
114405,57591,600,2,6469.3,1940.79,10997.81
114406,57591,576,1,2970.75,0.0,2970.75
114407,57591,595,1,2237.17,335.58,1901.59
114408,57592,720,1,3038.53,0.0,3038.53
114409,57593,696,2,4358.64,1307.59,7409.69
114410,57594,653,1,4298.41,644.76,3653.65
114411,57594,632,0,2338.49,467.7,1870.79
114412,57595,593,1,1214.64,0.0,1214.64
114413,57596,600,10,6469.3,6469.3,58223.7
114414,57597,626,1,236.68,0.0,236.68
114415,57597,529,2,47474.39,0.0,94948.78
114416,57598,652,2,13563.11,0.0,27126.22
114417,57599,743,1,892.31,44.62,847.69
114418,57599,572,1,1098.59,0.0,1098.59
114419,57600,791,4,11369.6,0.0,45478.4
114420,57601,773,1,5708.39,0.0,5708.39
114421,57602,582,0,8407.83,0.0,8407.83
114422,57602,669,3,5183.71,0.0,15551.13
114423,57603,540,1,32834.15,0.0,32834.15
114424,57604,716,1,1117.48,0.0,1117.48
114425,57604,561,2,2177.62,0.0,4355.24
114426,57605,511,1,856.8,0.0,856.8
114427,57606,772,1,6175.25,0.0,6175.25
114428,57606,528,2,951.12,190.22,1712.02
114429,57606,700,1,6725.93,1008.89,5717.04
114430,57606,662,2,9986.23,2995.87,16976.59
114431,57607,791,1,11369.6,0.0,11369.6
114432,57607,656,1,9107.06,455.35,8651.71
114433,57607,616,3,594.6,178.38,1605.42
114434,57608,670,1,2118.7,105.94,2012.76
114435,57609,663,1,1339.76,0.0,1339.76
114436,57609,749,1,1601.66,0.0,1601.66
114437,57610,680,3,1294.32,388.3,3494.66
114438,57611,692,1,7325.8,0.0,7325.8
114439,57612,684,2,59645.43,0.0,119290.86
114440,57612,526,1,5568.93,278.45,5290.48
114441,57613,653,5,4298.41,1074.6,20417.45
114442,57613,723,2,3644.62,364.46,6924.78
114443,57613,743,1,892.31,0.0,892.31
114444,57614,744,2,6141.59,1228.32,11054.86
114445,57614,739,5,9905.71,4952.85,44575.7
114446,57614,559,1,5502.85,275.14,5227.71
114447,57615,523,1,6428.51,321.43,6107.08
114448,57615,750,3,182.17,54.65,491.86
114449,57615,588,1,490.64,0.0,490.64
114450,57616,771,1,1072.89,0.0,1072.89
114451,57617,618,3,161.7,0.0,485.1
114452,57617,603,1,18106.09,0.0,18106.09
114453,57618,515,1,1144.81,57.24,1087.57
114454,57618,796,2,1462.48,146.25,2778.71
114455,57618,606,2,290.06,58.01,522.11
114456,57618,786,1,5485.59,822.84,4662.75
114457,57619,615,2,24337.83,2433.78,46241.88
114458,57619,794,1,482.29,0.0,482.29
114459,57620,677,4,3625.43,0.0,14501.72
114460,57620,529,2,47474.39,0.0,94948.78
114461,57620,555,2,9558.13,955.81,18160.45
114462,57620,635,5,3079.07,0.0,15395.35
114463,57621,625,1,54397.72,2719.89,51677.83
114464,57622,702,2,569.75,0.0,1139.5
114465,57623,743,1,892.31,0.0,892.31
114466,57623,678,4,37877.29,0.0,151509.16
114467,57624,512,1,1219.3,0.0,1219.3
114468,57624,567,1,7980.38,0.0,7980.38
114469,57625,572,1,1098.59,54.93,1043.66
114470,57625,764,2,38368.4,15347.36,61389.44
114471,57625,578,1,6521.84,652.18,5869.66
114472,57625,727,2,11354.29,3406.29,19302.29
114473,57626,628,1,6761.04,338.05,6422.99
114474,57626,525,2,4003.31,0.0,8006.62
114475,57626,772,1,6175.25,308.76,5866.49
114476,57627,999999,1,2348.69,352.3,1996.39
114477,57627,523,1,6428.51,964.28,5464.23
114478,57628,675,1,16586.98,0.0,16586.98
114479,57628,790,1,723.68,0.0,723.68
114480,57628,648,1,1203.65,0.0,1203.65
114481,57629,636,2,1717.09,0.0,3434.18
114482,57630,690,1,1805.43,0.0,1805.43
114483,57630,591,1,9106.57,455.33,8651.24
114484,57630,788,1,8889.42,0.0,8889.42
114485,57630,580,2,1023.86,0.0,2047.72
114486,57630,547,1,817.17,163.43,653.74
114487,57631,792,1,2835.7,0.0,2835.7
114488,57632,538,3,8640.93,0.0,25922.79
114489,57633,529,2,47474.39,0.0,94948.78
114490,57634,540,1,32834.15,3283.42,29550.73
114491,57634,572,1,1098.59,0.0,1098.59
114492,57635,683,1,873.55,0.0,873.55
114493,57635,687,2,1705.39,341.08,3069.7
114494,57635,523,1,6428.51,642.85,5785.66
114495,57636,636,1,1717.09,0.0,1717.09
114496,57637,524,1,1357.31,0.0,1357.31
114497,57637,702,1,569.75,28.49,541.26
114498,57638,654,2,2895.35,579.07,5211.63
114499,57639,624,1,391.05,0.0,391.05
114500,57640,743,1,892.31,0.0,892.31
114501,57640,574,2,20894.55,4178.91,37610.19
114502,57640,501,1,45292.52,0.0,45292.52
114503,57641,591,1,9106.57,0.0,9106.57
114504,57642,704,3,1165.72,174.86,3322.3
114505,57642,605,1,1048.97,209.79,839.18
114506,57643,545,4,1464.92,0.0,5859.68
114507,57644,514,2,8817.04,0.0,17634.08
114508,57644,686,10,4182.59,0.0,41825.9
114509,57645,797,1,1277.35,0.0,1277.35
114510,57645,542,1,1742.37,87.12,1655.25
114511,57645,661,1,16283.24,0.0,16283.24
114512,57646,729,1,2699.1,0.0,2699.1
114513,57646,600,1,6469.3,0.0,6469.3
114514,57646,672,1,9227.41,0.0,9227.41
114515,57646,711,1,5931.42,889.71,5041.71
114516,57647,557,1,783.76,39.19,744.57
114517,57647,545,1,1464.92,0.0,1464.92
114518,57648,790,2,723.68,72.37,1374.99
114519,57648,761,2,1440.57,288.11,2593.03
114520,57649,568,2,5802.78,2321.11,9284.45
114521,57650,737,1,454.39,0.0,454.39
114522,57651,611,1,15431.65,1543.16,13888.49
114523,57652,621,2,1304.44,391.33,2217.55
114524,57653,573,1,620.76,0.0,620.76
114525,57653,643,2,55447.46,5544.75,105350.17
114526,57653,516,1,14192.65,0.0,14192.65
114527,57653,534,1,46679.73,2333.99,44345.74
114528,57654,690,2,1805.43,0.0,3610.86
114529,57654,599,2,2796.57,0.0,5593.14
114530,57654,662,3,9986.23,0.0,29958.69
114531,57654,539,1,1082.58,0.0,1082.58
114532,57655,569,1,46883.02,7032.45,39850.57
114533,57655,754,2,9295.64,929.56,17661.72
114534,57656,594,1,55089.87,0.0,55089.87
114535,57656,569,3,46883.02,14064.91,126584.15
114536,57657,797,1,1277.35,0.0,1277.35
114537,57658,579,1,17100.24,855.01,16245.23
114538,57659,576,1,2970.75,0.0,2970.75
114539,57660,726,1,983.03,0.0,983.03
114540,57660,582,5,8407.83,0.0,42039.15
114541,57661,501,1,45292.52,0.0,45292.52
114542,57662,598,3,579.36,0.0,1738.08
114543,57662,747,1,805.8,80.58,725.22
114544,57662,564,-1,1265.51,126.55,2404.47
114545,57663,792,1,2835.7,141.78,2693.92
114546,57664,792,1,2835.7,0.0,2835.7
114547,57664,536,1,1067.42,0.0,1067.42
114548,57665,546,1,12181.16,2436.23,9744.93
114549,57666,555,1,9558.13,955.81,8602.32
114550,57666,665,3,2533.05,759.92,6839.23
114551,57666,694,3,1970.24,295.54,5615.18
114552,57667,559,2,5502.85,0.0,11005.7
114553,57667,583,10,9641.6,4820.8,91595.2
114554,57668,704,1,1165.72,116.57,1049.15
114555,57668,554,1,5371.45,0.0,5371.45
114556,57669,586,2,4444.5,0.0,8889.0
114557,57670,624,1,391.05,39.11,351.94
114558,57671,746,1,1732.13,86.61,1645.52
114559,57671,536,1,1067.42,0.0,1067.42
114560,57672,736,2,6075.78,1215.16,10936.4
114561,57673,642,1,6612.07,661.21,5950.86
114562,57674,590,1,2022.4,303.36,1719.04
114563,57674,598,4,579.36,0.0,2317.44
114564,57674,739,1,9905.71,0.0,9905.71
114565,57675,550,1,3272.22,163.61,3108.61
114566,57675,607,3,10316.31,1547.45,29401.48
114567,57675,723,1,3644.62,728.92,2915.7
114568,57676,630,5,2387.03,0.0,11935.15
114569,57676,511,2,856.8,342.72,1370.88
114570,57677,618,1,161.7,16.17,145.53
114571,57678,772,1,6175.25,926.29,5248.96
114572,57678,574,2,20894.55,4178.91,37610.19
114573,57679,712,1,12089.2,0.0,12089.2
114574,57679,581,1,2900.19,0.0,2900.19
114575,57679,586,3,4444.5,666.68,12666.82
114576,57680,517,-1,12096.53,0.0,36289.59
114577,57681,592,5,1511.43,1511.43,6045.72
114578,57682,643,1,55447.46,2772.37,52675.09
114579,57682,544,5,6582.2,0.0,32911.0
114580,57682,752,5,14566.93,0.0,72834.65
114581,57683,600,1,6469.3,323.47,6145.83
114582,57684,515,1,1144.81,57.24,1087.57
114583,57685,665,2,2533.05,0.0,5066.1
114584,57685,650,1,6201.76,0.0,6201.76
114585,57686,791,2,11369.6,1136.96,21602.24
114586,57686,511,1,856.8,0.0,856.8
114587,57686,650,1,6201.76,0.0,6201.76
114588,57687,701,3,11805.02,0.0,35415.06
114589,57687,551,1,3446.79,344.68,3102.11
114590,57688,674,1,7676.03,1151.4,6524.63
114591,57688,517,1,12096.53,0.0,12096.53
114592,57689,713,4,5412.77,0.0,21651.08
114593,57690,588,1,490.64,73.6,417.04
114594,57691,665,2,2533.05,0.0,5066.1
114595,57691,777,1,2061.3,0.0,2061.3
114596,57692,662,1,9986.23,0.0,9986.23
114597,57693,674,1,7676.03,767.6,6908.43
114598,57694,571,1,11994.11,0.0,11994.11
114599,57694,769,1,1383.36,0.0,1383.36
114600,57694,705,1,17197.08,1719.71,15477.37
114601,57694,785,2,1136.17,0.0,2272.34
114602,57695,709,1,5677.52,0.0,5677.52
114603,57696,735,1,1557.67,77.88,1479.79
114604,57696,564,2,1265.51,506.2,2024.82
114605,57697,999999,2,902.81,0.0,1805.62
114606,57698,780,2,3012.88,1205.15,4820.61
114607,57698,709,2,5677.52,0.0,11355.04
114608,57698,648,1,1203.65,0.0,1203.65
114609,57699,660,1,3268.31,0.0,3268.31
114610,57700,582,1,8407.83,0.0,8407.83
114611,57700,703,1,2609.04,130.45,2478.59
114612,57701,593,1,1214.64,242.93,971.71
114613,57702,732,2,3277.37,0.0,6554.74
114614,57703,599,1,2796.57,0.0,2796.57
114615,57704,625,1,54397.72,0.0,54397.72
114616,57705,746,1,1732.13,86.61,1645.52
114617,57705,540,1,32834.15,1641.71,31192.44
114618,57705,629,2,717.69,0.0,1435.38
114619,57705,747,1,805.8,80.58,725.22
114620,57705,736,2,6075.78,1215.16,10936.4
114621,57706,511,2,856.8,171.36,1542.24
114622,57707,703,1,2609.04,0.0,2609.04
114623,57708,696,1,4358.64,0.0,4358.64
114624,57708,623,1,2674.16,133.71,2540.45
114625,57708,755,2,923.61,0.0,1847.22
114626,57708,553,1,31731.27,0.0,31731.27
114627,57708,587,1,790.56,0.0,790.56
114628,57709,643,1,55447.46,0.0,55447.46
114629,57709,721,1,5715.09,1143.02,4572.07
114630,57709,611,1,15431.65,0.0,15431.65
114631,57710,772,10,6175.25,3087.62,58664.88
114632,57710,588,1,490.64,49.06,441.58
114633,57711,507,1,5384.85,269.24,5115.61
114634,57711,604,3,5835.32,0.0,17505.96
114635,57712,640,1,1058.22,0.0,1058.22
114636,57713,770,2,2789.39,0.0,5578.78
114637,57713,517,1,12096.53,0.0,12096.53
114638,57713,633,4,1617.01,0.0,6468.04
114639,57714,634,1,5262.27,263.11,4999.16
114640,57715,735,1,1557.67,0.0,1557.67
114641,57715,521,1,3815.32,0.0,3815.32
114642,57716,705,2,17197.08,0.0,34394.16
114643,57716,555,3,9558.13,0.0,28674.39
114644,57716,780,1,3012.88,0.0,3012.88
114645,57716,663,2,1339.76,0.0,2679.52
114646,57716,746,2,1732.13,0.0,3464.26
114647,57717,636,1,1717.09,257.56,1459.53
114648,57717,626,1,236.68,0.0,236.68
114649,57718,798,3,3816.99,572.55,10878.42
114650,57719,741,1,1969.25,0.0,1969.25
114651,57719,708,1,10297.58,2059.52,8238.06
114652,57720,598,1,579.36,0.0,579.36
114653,57721,733,1,1597.66,239.65,1358.01
114654,57722,692,2,7325.8,0.0,14651.6
114655,57723,690,1,1805.43,0.0,1805.43
114656,57723,550,1,3272.22,0.0,3272.22
114657,57724,747,1,805.8,0.0,805.8
114658,57724,522,2,39986.91,3998.69,75975.13
114659,57724,741,1,1969.25,0.0,1969.25
114660,57725,742,2,31236.95,0.0,62473.9
114661,57725,708,1,10297.58,0.0,10297.58
114662,57725,674,2,7676.03,0.0,15352.06
114663,57726,715,1,61205.17,0.0,61205.17
114664,57726,716,1,1117.48,167.62,949.86
114665,57726,553,2,31731.27,0.0,63462.54
114666,57726,600,2,6469.3,1293.86,11644.74
114667,57727,618,1,161.7,8.08,153.62
114668,57727,660,1,3268.31,163.42,3104.89
114669,57728,550,1,3272.22,0.0,3272.22
114670,57728,611,1,15431.65,0.0,15431.65
114671,57728,791,1,11369.6,1136.96,10232.64
114672,57728,729,3,2699.1,404.87,7692.43
114673,57728,569,3,46883.02,0.0,140649.06
114674,57729,610,3,26733.01,0.0,80199.03
114675,57730,631,1,1647.26,0.0,1647.26
114676,57730,760,1,11301.08,0.0,11301.08
114677,57731,698,1,9291.61,0.0,9291.61
114678,57731,625,1,54397.72,0.0,54397.72
114679,57731,619,2,577.92,0.0,1155.84
114680,57731,527,1,43071.55,6460.73,36610.82
114681,57732,683,1,873.55,174.71,698.84
114682,57732,701,5,11805.02,0.0,59025.1
114683,57733,791,1,11369.6,0.0,11369.6
114684,57734,606,2,290.06,87.02,493.1
114685,57734,708,1,10297.58,0.0,10297.58
114686,57735,564,1,1265.51,0.0,1265.51
114687,57735,762,4,886.5,177.3,3368.7
114688,57736,592,2,1511.43,0.0,3022.86
114689,57737,750,2,182.17,0.0,364.34
114690,57737,782,1,9360.71,468.04,8892.67
114691,57738,619,1,577.92,0.0,577.92
114692,57738,713,1,5412.77,541.28,4871.49
114693,57738,662,1,9986.23,1997.25,7988.98
114694,57738,645,1,3816.62,0.0,3816.62
114695,57738,504,1,3910.83,0.0,3910.83
114696,57739,641,2,3333.39,666.68,6000.1
114697,57739,546,1,12181.16,1827.17,10353.99
114698,57740,751,1,25845.26,1292.26,24553.0
114699,57740,676,3,865.11,0.0,2595.33
114700,57740,529,1,47474.39,9494.88,37979.51
114701,57740,507,1,5384.85,0.0,5384.85
114702,57740,798,1,3816.99,0.0,3816.99
114703,57741,624,1,391.05,0.0,391.05
114704,57742,635,4,3079.07,0.0,12316.28
114705,57743,562,2,1170.27,0.0,2340.54
114706,57743,600,3,6469.3,1940.79,17467.11
114707,57743,609,5,3589.04,0.0,17945.2
114708,57744,558,1,9344.26,934.43,8409.83
114709,57744,550,1,3272.22,0.0,3272.22
114710,57744,712,2,12089.2,0.0,24178.4
114711,57745,526,2,5568.93,0.0,11137.86
114712,57745,703,1,2609.04,521.81,2087.23
114713,57746,535,3,2114.96,951.73,5393.15
114714,57746,768,2,10470.08,0.0,20940.16
114715,57747,553,1,31731.27,0.0,31731.27
114716,57748,507,2,5384.85,0.0,10769.7
114717,57748,623,1,2674.16,267.42,2406.74
114718,57748,553,1,31731.27,4759.69,26971.58
114719,57749,687,2,1705.39,341.08,3069.7
114720,57749,686,1,4182.59,0.0,4182.59
114721,57750,630,1,2387.03,0.0,2387.03
114722,57751,571,4,11994.11,7196.47,40779.97
114723,57752,614,1,30296.77,0.0,30296.77
114724,57753,691,1,12820.07,1282.01,11538.06
114725,57754,607,1,10316.31,1547.45,8768.86
114726,57755,542,1,1742.37,0.0,1742.37
114727,57756,732,2,3277.37,0.0,6554.74
114728,57757,623,1,2674.16,0.0,2674.16
114729,57758,632,1,2338.49,0.0,2338.49
114730,57758,612,1,2192.78,438.56,1754.22
114731,57759,596,1,1919.15,95.96,1823.19
114732,57759,641,1,3333.39,0.0,3333.39
114733,57760,620,1,607.15,121.43,485.72
114734,57761,551,1,3446.79,517.02,2929.77
114735,57761,799,1,2348.69,234.87,2113.82
114736,57761,726,4,983.03,0.0,3932.12
114737,57761,669,4,5183.71,4146.97,16587.87
114738,57762,597,1,535.83,80.37,455.46
114739,57763,503,4,1376.24,0.0,5504.96
114740,57764,542,2,1742.37,0.0,3484.74
114741,57764,523,2,6428.51,0.0,12857.02
114742,57765,695,1,24310.04,2431.0,21879.04
114743,57766,615,2,24337.83,4867.57,43808.09
114744,57767,610,2,26733.01,8019.9,45446.12
114745,57767,624,2,391.05,0.0,782.1
114746,57768,523,1,6428.51,321.43,6107.08
114747,57768,709,1,5677.52,567.75,5109.77
114748,57769,544,3,6582.2,0.0,19746.6
114749,57770,559,5,5502.85,4127.14,23387.11
114750,57770,647,1,48665.91,2433.3,46232.61
114751,57771,682,1,707.75,0.0,707.75
114752,57771,782,1,9360.71,0.0,9360.71
114753,57771,503,2,1376.24,0.0,2752.48
114754,57772,550,2,3272.22,654.44,5890.0
114755,57772,586,1,4444.5,888.9,3555.6
114756,57772,741,1,1969.25,393.85,1575.4
114757,57773,729,1,2699.1,0.0,2699.1
114758,57773,659,1,364.24,0.0,364.24
114759,57773,776,1,1371.98,0.0,1371.98
114760,57774,768,1,10470.08,0.0,10470.08
114761,57775,506,1,1305.17,0.0,1305.17
114762,57775,551,1,3446.79,0.0,3446.79
114763,57776,631,1,1647.26,164.73,1482.53
114764,57776,756,2,372.34,111.7,632.98
114765,57776,999999,1,1144.81,0.0,1144.81
114766,57777,549,1,13993.54,0.0,13993.54
114767,57777,614,1,30296.77,6059.35,24237.42
114768,57778,547,2,817.17,163.43,1470.91
114769,57779,769,1,1383.36,138.34,1245.02
114770,57779,514,3,8817.04,2645.11,23806.01
114771,57780,586,1,4444.5,888.9,3555.6
114772,57780,582,1,8407.83,1261.17,7146.66
114773,57780,751,1,25845.26,3876.79,21968.47
114774,57780,732,1,3277.37,0.0,3277.37
114775,57780,587,3,790.56,0.0,2371.68
114776,57781,655,2,5152.69,0.0,10305.38
114777,57782,655,1,5152.69,257.63,4895.06
114778,57783,602,3,817.44,0.0,2452.32
114779,57784,551,2,3446.79,0.0,6893.58
114780,57784,506,1,1305.17,0.0,1305.17
114781,57785,713,2,5412.77,1082.55,9742.99
114782,57786,684,1,59645.43,5964.54,53680.89
114783,57786,636,3,1717.09,0.0,5151.27
114784,57786,612,1,2192.78,0.0,2192.78
114785,57786,570,1,4486.57,0.0,4486.57
114786,57786,541,1,2124.38,212.44,1911.94
114787,57787,592,1,1511.43,0.0,1511.43
114788,57788,574,2,20894.55,0.0,41789.1
114789,57788,696,1,4358.64,217.93,4140.71
114790,57789,599,1,2796.57,0.0,2796.57
114791,57789,721,4,5715.09,0.0,22860.36
114792,57790,609,3,3589.04,0.0,10767.12
114793,57791,709,1,5677.52,567.75,5109.77
114794,57791,605,1,1048.97,0.0,1048.97
114795,57792,707,1,626.29,0.0,626.29
114796,57793,544,1,6582.2,987.33,5594.87
114797,57793,700,1,6725.93,1008.89,5717.04
114798,57794,608,1,667.69,0.0,667.69
114799,57795,769,1,1383.36,69.17,1314.19
114800,57795,596,2,1919.15,0.0,3838.3
114801,57795,547,1,817.17,40.86,776.31
114802,57795,757,1,13097.42,0.0,13097.42
114803,57796,552,3,10613.41,0.0,31840.23
114804,57797,585,1,29624.84,4443.73,25181.11
114805,57798,567,1,7980.38,0.0,7980.38
114806,57798,519,1,849.44,0.0,849.44
114807,57799,636,1,1717.09,0.0,1717.09
114808,57799,694,1,1970.24,0.0,1970.24
114809,57799,596,1,1919.15,0.0,1919.15
114810,57800,502,1,15084.04,1508.4,13575.64
114811,57800,582,1,8407.83,840.78,7567.05
114812,57801,722,1,53128.36,0.0,53128.36
114813,57802,615,3,24337.83,3650.67,69362.82
114814,57802,627,3,348.17,104.45,940.06
114815,57803,606,3,290.06,0.0,870.18
114816,57803,790,1,723.68,36.18,687.5
114817,57804,578,1,6521.84,978.28,5543.56
114818,57805,565,1,322.27,0.0,322.27
114819,57806,762,1,886.5,0.0,886.5
114820,57806,725,1,6229.36,0.0,6229.36
114821,57807,661,1,16283.24,0.0,16283.24
114822,57807,720,1,3038.53,455.78,2582.75
114823,57807,741,2,1969.25,0.0,3938.5
114824,57807,577,1,795.1,0.0,795.1
114825,57808,694,2,1970.24,0.0,3940.48
114826,57808,751,4,25845.26,0.0,103381.04
114827,57808,568,1,5802.78,0.0,5802.78
114828,57809,537,2,7317.24,2195.17,12439.31
114829,57809,604,2,5835.32,0.0,11670.64
114830,57809,683,1,873.55,87.36,786.19
114831,57810,701,2,11805.02,1180.5,22429.54
114832,57810,596,1,1919.15,191.92,1727.23
114833,57810,718,2,6766.17,676.62,12855.72
114834,57811,607,1,10316.31,515.82,9800.49
114835,57812,633,1,1617.01,0.0,1617.01
114836,57813,648,3,1203.65,0.0,3610.95
114837,57813,511,2,856.8,171.36,1542.24
114838,57814,778,5,2068.11,2068.11,8272.44
114839,57814,686,1,4182.59,627.39,3555.2
114840,57815,750,1,182.17,9.11,173.06
114841,57816,662,1,9986.23,499.31,9486.92
114842,57816,749,1,1601.66,0.0,1601.66
114843,57816,785,3,1136.17,0.0,0.01
114844,57817,619,1,577.92,28.9,549.02
114845,57818,719,1,15471.04,0.0,15471.04
114846,57819,578,1,6521.84,326.09,6195.75
114847,57820,771,1,1072.89,53.64,1019.25
114848,57820,635,1,3079.07,307.91,2771.16
114849,57821,544,1,6582.2,0.0,6582.2
114850,57821,613,2,11372.12,1137.21,21607.03
114851,57821,657,1,8779.23,877.92,7901.31
114852,57822,576,3,2970.75,0.0,8912.25
114853,57822,719,1,15471.04,0.0,15471.04
114854,57822,596,1,1919.15,0.0,1919.15
114855,57823,547,1,817.17,0.0,817.17
114856,57824,762,1,886.5,0.0,886.5
114857,57824,800,1,2202.18,220.22,1981.96
114858,57825,741,1,1969.25,0.0,1969.25
114859,57825,709,3,5677.52,0.0,17032.56
114860,57826,788,2,8889.42,0.0,17778.84
114861,57827,632,3,2338.49,0.0,7015.47
114862,57827,651,2,4691.47,1407.44,7975.5
114863,57827,723,1,3644.62,0.0,3644.62
114864,57828,563,1,5426.08,0.0,5426.08
114865,57828,522,1,39986.91,0.0,39986.91
114866,57828,723,1,3644.62,0.0,3644.62
114867,57829,541,2,2124.38,0.0,4248.76
114868,57829,525,1,4003.31,0.0,4003.31
114869,57830,645,1,3816.62,381.66,3434.96
114870,57831,687,1,1705.39,85.27,1620.12
114871,57832,620,1,607.15,60.72,0.01
114872,57832,591,1,9106.57,455.33,8651.24
114873,57832,754,4,9295.64,0.0,37182.56
114874,57832,506,1,1305.17,0.0,1305.17
114875,57833,792,1,2835.7,0.0,2835.7
114876,57833,583,1,9641.6,964.16,8677.44
114877,57833,670,1,2118.7,105.94,2012.76
114878,57833,525,1,4003.31,600.5,3402.81
114879,57834,545,2,1464.92,0.0,2929.84
114880,57835,699,1,713.36,0.0,713.36
114881,57835,502,1,15084.04,0.0,15084.04
114882,57836,657,1,8779.23,438.96,8340.27
114883,57837,654,0,2895.35,0.0,2895.35
114884,57838,669,1,5183.71,0.0,5183.71
114885,57839,708,2,10297.58,0.0,20595.16
114886,57840,784,1,1641.14,0.0,1641.14
114887,57840,721,1,5715.09,571.51,5143.58
114888,57841,667,1,558.92,0.0,558.92
114889,57842,787,1,27577.51,0.0,27577.51
114890,57843,694,2,1970.24,394.05,3546.43
114891,57843,648,2,1203.65,0.0,2407.3
114892,57843,999999,1,32834.15,0.0,32834.15
114893,57844,758,2,2596.01,0.0,5192.02
114894,57844,570,1,4486.57,0.0,4486.57
114895,57845,773,1,5708.39,285.42,5422.97
114896,57846,698,1,9291.61,0.0,9291.61
114897,57846,502,1,15084.04,1508.4,13575.64
114898,57846,503,1,1376.24,68.81,1307.43
114899,57846,745,2,5138.19,0.0,10276.38
114900,57847,560,1,407.29,0.0,407.29
114901,57847,588,2,490.64,0.0,981.28
114902,57848,627,2,348.17,34.82,661.52
114903,57849,768,1,10470.08,0.0,10470.08
114904,57849,787,2,27577.51,0.0,55155.02
114905,57850,651,1,4691.47,938.29,3753.18
114906,57851,708,3,10297.58,0.0,30892.74
114907,57852,525,2,4003.31,0.0,8006.62
114908,57852,776,1,1371.98,0.0,1371.98
114909,57852,753,1,1068.74,0.0,1068.74
114910,57853,744,1,6141.59,307.08,5834.51
114911,57853,761,2,1440.57,0.0,2881.14
114912,57853,505,3,5998.46,0.0,17995.38
114913,57853,610,1,26733.01,0.0,26733.01
114914,57853,594,4,55089.87,44071.9,176287.58
114915,57854,722,3,53128.36,0.0,159385.08
114916,57855,569,1,46883.02,0.0,46883.02
114917,57856,574,2,20894.55,2089.45,39699.65
114918,57856,521,3,3815.32,1144.6,10301.36
114919,57856,763,2,66.59,0.0,133.18
114920,57857,546,2,12181.16,0.0,24362.32
114921,57857,531,2,10687.35,1068.74,20305.96
114922,57858,769,1,1383.36,0.0,1383.36
114923,57858,598,2,579.36,57.94,1100.78
114924,57858,545,1,1464.92,146.49,1318.43
114925,57858,508,5,5538.85,0.0,27694.25
114926,57858,606,1,290.06,0.0,290.06
114927,57859,616,1,594.6,0.0,594.6
114928,57860,537,1,7317.24,0.0,7317.24
114929,57861,779,2,9166.85,0.0,18333.7
114930,57861,646,1,6680.81,334.04,6346.77
114931,57862,788,1,8889.42,0.0,8889.42
114932,57862,783,1,39234.63,3923.46,35311.17
114933,57863,774,2,1776.67,533.0,3020.34
114934,57863,628,1,6761.04,0.0,6761.04
114935,57864,674,1,7676.03,0.0,7676.03
114936,57865,550,2,3272.22,0.0,6544.44
114937,57866,508,1,5538.85,830.83,4708.02
114938,57866,661,1,16283.24,814.16,15469.08
114939,57866,771,2,1072.89,0.0,2145.78
114940,57866,757,1,13097.42,0.0,13097.42
114941,57866,710,1,10731.06,0.0,10731.06
114942,57867,638,1,9668.28,483.41,9184.87
114943,57867,564,1,1265.51,126.55,1138.96
114944,57867,711,3,5931.42,0.0,17794.26
114945,57868,520,3,1736.99,521.1,4689.87
114946,57869,605,1,1048.97,0.0,1048.97
114947,57869,748,1,2116.96,0.0,2116.96
114948,57870,665,1,2533.05,0.0,2533.05
114949,57871,725,5,6229.36,1557.34,29589.46
114950,57871,751,1,25845.26,0.0,25845.26
114951,57871,566,2,8272.67,0.0,16545.34
114952,57872,715,1,61205.17,0.0,61205.17
114953,57873,595,1,2237.17,447.43,1789.74
114954,57874,747,3,805.8,120.87,2296.53
114955,57875,619,1,577.92,0.0,577.92
114956,57876,745,3,5138.19,770.73,14643.84
114957,57877,689,1,11449.91,0.0,11449.91
114958,57877,630,1,2387.03,0.0,2387.03
114959,57878,595,1,2237.17,223.72,2013.45
114960,57878,621,1,1304.44,0.0,1304.44
114961,57879,722,1,53128.36,7969.25,45159.11
114962,57880,575,-3,253.01,0.0,253.01
114963,57881,604,1,5835.32,291.77,5543.55
114964,57882,619,2,577.92,0.0,1155.84
114965,57883,560,2,407.29,81.46,733.12
114966,57884,552,1,10613.41,1061.34,9552.07
114967,57885,757,1,13097.42,1309.74,11787.68
114968,57885,570,2,4486.57,0.0,8973.14
114969,57886,713,2,5412.77,0.0,10825.54
114970,57887,638,2,9668.28,966.83,18369.73
114971,57887,695,1,24310.04,3646.51,20663.53
114972,57887,739,1,9905.71,0.0,9905.71
114973,57888,689,1,11449.91,1717.49,9732.42
114974,57889,587,1,790.56,0.0,790.56
114975,57889,681,1,5353.16,0.0,5353.16
114976,57890,622,1,2792.75,0.0,2792.75
114977,57890,599,4,2796.57,0.0,11186.28
114978,57890,702,1,569.75,0.0,569.75
114979,57890,559,1,5502.85,825.43,4677.42
114980,57891,598,3,579.36,0.0,1738.08
114981,57892,505,1,5998.46,1199.69,4798.77
114982,57893,574,1,20894.55,1044.73,19849.82
114983,57894,700,3,6725.93,0.0,20177.79
114984,57894,527,2,43071.55,0.0,86143.1
114985,57894,554,1,5371.45,0.0,5371.45
114986,57895,501,2,45292.52,0.0,90585.04
114987,57895,691,1,12820.07,0.0,12820.07
114988,57896,643,1,55447.46,11089.49,44357.97
114989,57896,632,2,2338.49,467.7,4209.28
114990,57897,999999,1,6469.3,0.0,6469.3
114991,57897,610,1,26733.01,1336.65,25396.36
114992,57897,534,1,46679.73,2333.99,44345.74
114993,57898,632,4,2338.49,0.0,9353.96
114994,57898,703,2,2609.04,260.9,4957.18
114995,57898,668,1,1156.71,115.67,1041.04
114996,57899,508,4,5538.85,1107.77,21047.63
114997,57899,591,1,9106.57,0.0,9106.57
114998,57900,542,2,1742.37,348.47,3136.27
114999,57900,595,1,2237.17,223.72,2013.45
115000,57900,659,1,364.24,72.85,291.39
115001,57901,692,2,7325.8,732.58,13919.02
115002,57901,642,1,6612.07,661.21,5950.86
115003,57901,628,2,6761.04,2704.42,10817.66
115004,57901,776,1,1371.98,0.0,1371.98
115005,57902,529,1,47474.39,4747.44,42726.95
115006,57903,607,1,10316.31,0.0,10316.31
115007,57903,619,2,577.92,0.0,1155.84
115008,57904,558,2,9344.26,1868.85,16819.67
115009,57904,648,1,1203.65,60.18,1143.47
115010,57905,511,3,856.8,385.56,2184.84
115011,57905,698,1,9291.61,0.0,9291.61
115012,57905,653,1,4298.41,0.0,4298.41
115013,57906,586,2,4444.5,444.45,8444.55
115014,57907,569,1,46883.02,2344.15,44538.87
115015,57907,779,1,9166.85,0.0,9166.85
115016,57907,693,2,1213.14,242.63,2183.65
115017,57908,532,1,820.25,82.03,738.22
115018,57909,762,1,886.5,0.0,886.5
115019,57910,533,1,10801.02,0.0,10801.02
115020,57911,741,1,1969.25,0.0,1969.25
115021,57912,556,1,3671.69,0.0,3671.69
115022,57912,626,1,236.68,0.0,236.68
115023,57912,799,1,2348.69,117.43,2231.26
115024,57913,768,10,10470.08,5235.04,99465.76
115025,57913,574,2,20894.55,0.0,41789.1
115026,57913,566,1,8272.67,1654.53,6618.14
115027,57913,726,1,983.03,0.0,983.03
115028,57914,737,2,454.39,0.0,908.78
115029,57914,696,10,4358.64,0.0,43586.4
115030,57915,774,1,1776.67,0.0,1776.67
115031,57916,667,2,558.92,0.0,1117.84
115032,57917,725,2,6229.36,0.0,12458.72
115033,57918,581,1,2900.19,0.0,2900.19
115034,57919,786,1,5485.59,548.56,4937.03
115035,57920,710,1,10731.06,0.0,10731.06
115036,57920,547,1,817.17,0.0,817.17
115037,57921,687,3,1705.39,0.0,5116.17
115038,57922,657,1,8779.23,0.0,8779.23
115039,57922,595,1,2237.17,0.0,2237.17
115040,57923,717,1,902.81,0.0,902.81
115041,57924,537,2,7317.24,1463.45,13171.03
115042,57925,746,3,1732.13,259.82,4936.57
115043,57926,629,1,717.69,0.0,717.69
115044,57926,651,1,4691.47,234.57,4456.9
115045,57927,694,2,1970.24,0.0,3940.48
115046,57928,568,1,5802.78,290.14,5512.64
115047,57928,503,1,1376.24,68.81,1307.43
115048,57928,576,2,2970.75,0.0,5941.5
115049,57929,601,2,17813.81,1781.38,33846.24
115050,57930,504,3,3910.83,1759.87,9972.62
115051,57931,639,1,5888.93,0.0,5888.93
115052,57931,697,2,17716.2,0.0,35432.4
115053,57931,783,2,39234.63,0.0,78469.26
115054,57931,584,4,1377.03,0.0,5508.12
115055,57932,573,1,620.76,0.0,620.76
115056,57932,755,1,923.61,0.0,923.61
115057,57933,505,1,5998.46,299.92,5698.54
115058,57933,581,1,2900.19,0.0,2900.19
115059,57934,632,1,2338.49,233.85,2104.64
115060,57935,693,3,1213.14,545.91,3093.51
115061,57936,729,1,2699.1,0.0,2699.1
115062,57936,654,1,2895.35,289.54,2605.81
115063,57937,506,4,1305.17,0.0,5220.68
115064,57937,599,1,2796.57,0.0,2796.57
115065,57938,713,1,5412.77,0.0,5412.77
115066,57938,701,1,11805.02,590.25,11214.77
115067,57938,584,2,1377.03,137.7,2616.36
115068,57939,754,2,9295.64,2788.69,15802.59
115069,57940,792,1,2835.7,141.78,2693.92
115070,57940,530,3,3414.81,1536.66,8707.77
115071,57940,726,1,983.03,196.61,786.42
115072,57940,534,1,46679.73,2333.99,44345.74
115073,57940,616,1,594.6,0.0,594.6
115074,57941,775,1,3454.82,0.0,3454.82
115075,57941,654,1,2895.35,0.0,2895.35
115076,57941,633,1,1617.01,0.0,1617.01
115077,57942,581,2,2900.19,290.02,5510.36
115078,57943,785,2,1136.17,0.0,2272.34
115079,57943,585,1,29624.84,2962.48,26662.36
115080,57944,610,1,26733.01,5346.6,21386.41
115081,57944,648,1,1203.65,0.0,1203.65
115082,57944,793,1,2448.49,489.7,1958.79
115083,57944,687,1,1705.39,0.0,1705.39
115084,57945,514,3,8817.04,0.0,26451.12
115085,57946,644,1,36167.51,0.0,36167.51
115086,57946,770,1,2789.39,0.0,2789.39
115087,57947,651,5,4691.47,2345.74,21111.61
115088,57947,623,2,2674.16,0.0,5348.32
115089,57948,778,1,2068.11,103.41,1964.7
115090,57948,568,2,5802.78,0.0,11605.56
115091,57948,763,1,66.59,3.33,63.26
115092,57949,547,1,817.17,122.58,694.59
115093,57949,598,2,579.36,0.0,1158.72
115094,57950,747,1,805.8,80.58,725.22
115095,57951,674,4,7676.03,0.0,30704.12
115096,57952,582,1,8407.83,420.39,7987.44
115097,57953,790,2,723.68,72.37,1374.99
115098,57954,709,2,5677.52,567.75,10787.29
115099,57954,724,1,2567.59,0.0,2567.59
115100,57955,608,1,667.69,100.15,567.54
115101,57956,641,1,3333.39,166.67,3166.72
115102,57956,543,1,4352.44,0.0,4352.44
115103,57956,626,3,236.68,0.0,710.04
115104,57957,661,1,16283.24,814.16,15469.08
115105,57957,780,1,3012.88,0.0,3012.88
115106,57958,545,2,1464.92,146.49,2783.35
115107,57959,698,3,9291.61,2787.48,25087.35
115108,57959,515,1,1144.81,0.0,1144.81
115109,57959,752,2,14566.93,0.0,29133.86
115110,57960,742,1,31236.95,1561.85,29675.1
115111,57960,628,2,6761.04,1352.21,12169.87
115112,57961,520,2,1736.99,694.8,2779.18
115113,57961,760,1,11301.08,1130.11,10170.97
115114,57961,570,2,4486.57,0.0,8973.14
115115,57961,612,1,2192.78,0.0,2192.78
115116,57961,729,-3,2699.1,0.0,2699.1
115117,57962,561,4,2177.62,0.0,8710.48
115118,57962,725,1,6229.36,311.47,5917.89
115119,57962,608,5,667.69,0.0,3338.45
115120,57963,547,1,817.17,0.0,817.17
115121,57964,535,1,2114.96,105.75,2009.21
115122,57964,674,1,7676.03,0.0,7676.03
115123,57965,546,5,12181.16,0.0,60905.8
115124,57966,778,5,2068.11,1034.06,9306.49
115125,57966,709,2,5677.52,0.0,11355.04
115126,57967,634,2,5262.27,1052.45,9472.09
115127,57967,682,1,707.75,35.39,672.36
115128,57967,753,1,1068.74,53.44,1015.3
115129,57968,639,1,5888.93,0.0,5888.93
115130,57969,679,1,53522.92,0.0,53522.92
115131,57969,688,1,9656.12,0.0,9656.12
115132,57969,663,1,1339.76,0.0,1339.76
115133,57970,649,1,699.68,69.97,629.71
115134,57971,753,3,1068.74,0.0,3206.22
115135,57972,600,1,6469.3,0.0,6469.3
115136,57972,511,1,856.8,128.52,728.28
115137,57973,525,1,4003.31,0.0,4003.31
115138,57974,567,1,7980.38,1197.06,6783.32
115139,57975,696,1,4358.64,0.0,4358.64
115140,57975,580,2,1023.86,0.0,2047.72
115141,57976,668,2,1156.71,0.0,2313.42
115142,57977,661,3,16283.24,4884.97,43964.75
115143,57977,639,2,5888.93,0.0,11777.86
115144,57978,577,3,795.1,119.27,2266.03
115145,57979,663,1,1339.76,133.98,1205.78
115146,57980,682,2,707.75,0.0,1415.5
115147,57980,502,1,15084.04,0.0,15084.04
115148,57980,633,1,1617.01,0.0,1617.01
115149,57981,622,3,2792.75,0.0,8378.25
115150,57982,653,2,4298.41,0.0,8596.82
115151,57983,654,1,2895.35,0.0,2895.35
115152,57984,773,1,5708.39,856.26,4852.13
115153,57985,595,4,2237.17,0.0,8948.68
115154,57985,800,2,2202.18,880.87,3523.49
115155,57985,789,1,2799.8,279.98,2519.82
115156,57985,658,2,711.18,142.24,1280.12
115157,57985,635,1,3079.07,153.95,2925.12
115158,57986,566,10,8272.67,0.0,82726.7
115159,57987,766,2,4834.22,483.42,9185.02
115160,57987,712,1,12089.2,1813.38,10275.82
115161,57988,767,1,2764.13,414.62,2349.51
115162,57988,768,10,10470.08,0.0,104700.8
115163,57988,589,1,17388.16,869.41,16518.75
115164,57988,640,1,1058.22,0.0,1058.22
115165,57989,754,2,9295.64,2788.69,15802.59
115166,57989,626,3,236.68,0.0,710.04
115167,57989,771,10,1072.89,0.0,10728.9
115168,57990,653,3,4298.41,1289.52,11605.71
115169,57990,695,1,24310.04,0.0,24310.04
115170,57990,550,2,3272.22,0.0,6544.44
115171,57990,579,1,17100.24,855.01,16245.23
115172,57990,650,1,6201.76,620.18,5581.58
115173,57991,681,2,5353.16,0.0,10706.32
115174,57992,776,2,1371.98,0.0,2743.96
115175,57993,538,2,8640.93,0.0,17281.86
115176,57994,591,1,9106.57,0.0,9106.57
115177,57994,792,2,2835.7,0.0,5671.4
115178,57995,727,3,11354.29,0.0,34062.87
115179,57996,511,1,856.8,0.0,856.8
115180,57996,797,2,1277.35,383.2,2171.5
115181,57996,609,2,3589.04,1435.62,5742.46
115182,57996,576,2,2970.75,0.0,5941.5
115183,57997,613,1,11372.12,2274.42,9097.7
115184,57997,573,2,620.76,0.0,1241.52
115185,57998,750,2,182.17,0.0,364.34
115186,57998,653,1,4298.41,429.84,3868.57
115187,57999,673,2,1038.9,103.89,1973.91
115188,57999,787,1,27577.51,0.0,27577.51
115189,58000,588,1,490.64,0.0,490.64
115190,58001,629,10,717.69,0.0,7176.9
115191,58002,616,2,594.6,0.0,1189.2
115192,58003,677,1,3625.43,362.54,3262.89
115193,58003,717,3,902.81,0.0,2708.43
115194,58004,637,2,3516.12,0.0,7032.24
115195,58004,794,1,482.29,72.34,409.95
115196,58005,690,1,1805.43,361.09,1444.34
115197,58006,515,1,1144.81,0.0,1144.81
115198,58007,752,1,14566.93,0.0,14566.93
115199,58007,584,1,1377.03,0.0,1377.03
115200,58008,565,2,322.27,0.0,644.54
115201,58008,702,1,569.75,0.0,569.75
115202,58008,663,1,1339.76,0.0,1339.76
115203,58009,570,2,4486.57,0.0,8973.14
115204,58010,552,2,10613.41,0.0,21226.82
115205,58010,659,1,364.24,72.85,291.39
115206,58010,798,3,3816.99,1145.1,10305.87
115207,58011,557,3,783.76,0.0,2351.28
115208,58011,797,3,1277.35,0.0,3832.05
115209,58012,523,5,6428.51,4821.38,27321.17
115210,58013,574,1,20894.55,0.0,20894.55
115211,58013,746,1,1732.13,259.82,1472.31
115212,58013,559,3,5502.85,0.0,16508.55
115213,58014,539,1,1082.58,216.52,866.06
115214,58015,775,0,3454.82,0.0,3454.82
115215,58016,641,2,3333.39,0.0,6666.78
115216,58016,580,3,1023.86,0.0,3071.58
115217,58017,588,2,490.64,147.19,834.09
115218,58017,612,1,2192.78,438.56,1754.22
115219,58018,535,2,2114.96,422.99,3806.93
115220,58018,509,3,3363.13,0.0,10089.39
115221,58018,703,1,2609.04,0.0,2609.04
115222,58019,651,2,4691.47,1407.44,7975.5
115223,58019,745,1,5138.19,256.91,4881.28
115224,58020,635,1,3079.07,307.91,2771.16
115225,58021,710,2,10731.06,0.0,21462.12
115226,58022,720,1,3038.53,0.0,3038.53
115227,58023,551,1,3446.79,0.0,3446.79
115228,58024,681,1,5353.16,0.0,5353.16
115229,58025,552,1,10613.41,0.0,10613.41
115230,58025,505,1,5998.46,299.92,5698.54
115231,58026,581,1,2900.19,290.02,2610.17
115232,58027,754,1,9295.64,0.0,9295.64
115233,58028,720,1,3038.53,303.85,2734.68
115234,58029,747,5,805.8,0.0,4029.0
115235,58030,620,2,607.15,0.0,1214.3
115236,58031,604,1,5835.32,0.0,5835.32
115237,58032,625,3,54397.72,0.0,163193.16
115238,58032,795,5,18501.43,13876.07,78631.08
115239,58032,679,1,53522.92,10704.58,42818.34
115240,58032,629,1,717.69,0.0,717.69
115241,58033,605,1,1048.97,0.0,1048.97
115242,58034,501,1,45292.52,2264.63,43027.89
115243,58034,656,5,9107.06,2276.76,43258.54
115244,58035,511,2,856.8,85.68,1627.92
115245,58036,545,1,1464.92,0.0,1464.92
115246,58036,719,2,15471.04,0.0,30942.08
115247,58037,706,1,14673.28,0.0,14673.28
115248,58037,586,-3,4444.5,0.0,8889.0
115249,58037,575,3,253.01,0.0,759.03
115250,58037,770,1,2789.39,139.47,2649.92
115251,58038,796,1,1462.48,0.0,1462.48
115252,58039,738,5,4031.99,0.0,20159.95
115253,58039,542,10,1742.37,871.18,16552.52
115254,58039,629,2,717.69,0.0,1435.38
115255,58040,708,1,10297.58,0.0,10297.58
115256,58041,679,1,53522.92,8028.44,45494.48
115257,58042,744,2,6141.59,0.0,12283.18
115258,58042,796,1,1462.48,0.0,1462.48
115259,58042,676,3,865.11,129.77,2465.56
115260,58042,580,1,1023.86,204.77,819.09
115261,58043,560,1,407.29,0.0,407.29
115262,58043,524,1,1357.31,0.0,1357.31
115263,58044,573,1,620.76,0.0,620.76
115264,58045,701,2,11805.02,0.0,23610.04
115265,58046,551,1,3446.79,0.0,3446.79
115266,58046,609,1,3589.04,0.0,3589.04
115267,58046,569,2,46883.02,0.0,93766.04
115268,58046,650,1,6201.76,0.0,6201.76
115269,58046,719,1,15471.04,0.0,15471.04
115270,58047,670,1,2118.7,211.87,1906.83
115271,58048,786,1,5485.59,0.0,5485.59
115272,58049,537,1,7317.24,0.0,7317.24
115273,58050,607,1,10316.31,1547.45,8768.86
115274,58050,667,1,558.92,0.0,558.92
115275,58050,517,1,12096.53,1209.65,10886.88
115276,58050,759,1,8304.75,415.24,7889.51
115277,58051,620,2,607.15,0.0,1214.3
115278,58051,601,1,17813.81,0.0,17813.81
115279,58052,591,1,9106.57,0.0,9106.57
115280,58052,657,2,8779.23,1755.85,15802.61
115281,58053,553,1,31731.27,0.0,31731.27
115282,58054,708,1,10297.58,0.0,10297.58
115283,58054,750,1,182.17,36.43,145.74
115284,58055,626,1,236.68,0.0,236.68
115285,58055,722,2,53128.36,21251.34,85005.38
115286,58056,635,3,3079.07,461.86,8775.35
115287,58057,625,1,54397.72,2719.89,51677.83
115288,58058,595,5,2237.17,0.0,11185.85
115289,58059,768,1,10470.08,0.0,10470.08
115290,58059,690,1,1805.43,0.0,1805.43
115291,58060,671,2,3564.48,1069.34,6059.62
115292,58061,684,2,59645.43,0.0,119290.86
115293,58061,751,1,25845.26,0.0,25845.26
115294,58061,610,5,26733.01,6683.25,126981.8
115295,58062,587,5,790.56,0.0,3952.8
115296,58062,624,4,391.05,0.0,1564.2
115297,58063,685,1,9687.25,0.0,9687.25
115298,58063,740,2,38799.36,0.0,77598.72
115299,58064,670,1,2118.7,105.94,2012.76
115300,58064,538,4,8640.93,0.0,34563.72
115301,58064,692,1,7325.8,0.0,7325.8
115302,58065,644,1,36167.51,5425.13,30742.38
115303,58066,590,1,2022.4,404.48,1617.92
115304,58067,605,3,1048.97,0.0,3146.91
115305,58067,777,2,2061.3,0.0,4122.6
115306,58067,742,1,31236.95,6247.39,24989.56
115307,58068,568,2,5802.78,0.0,11605.56
115308,58068,775,2,3454.82,0.0,6909.64
115309,58069,503,1,1376.24,0.0,1376.24
115310,58069,647,2,48665.91,0.0,97331.82
115311,58070,581,1,2900.19,0.0,2900.19
115312,58070,719,2,15471.04,0.0,30942.08
115313,58070,763,2,66.59,0.0,133.18
115314,58071,568,1,5802.78,0.0,5802.78
115315,58071,548,1,8285.36,0.0,8285.36
115316,58071,719,1,15471.04,0.0,15471.04
115317,58072,788,1,8889.42,0.0,8889.42
115318,58073,653,1,4298.41,0.0,4298.41
115319,58074,567,3,7980.38,0.0,23941.14
115320,58075,670,1,2118.7,105.94,2012.76
115321,58075,765,4,37606.92,15042.77,135384.91
115322,58076,750,1,182.17,18.22,163.95
115323,58077,783,4,39234.63,0.0,156938.52
115324,58077,712,1,12089.2,0.0,12089.2
115325,58077,594,1,55089.87,11017.97,44071.9
115326,58078,754,4,9295.64,0.0,37182.56
115327,58079,605,1,1048.97,104.9,944.07
115328,58080,508,1,5538.85,0.0,5538.85
115329,58081,714,2,44813.18,0.0,89626.36
115330,58081,735,5,1557.67,0.0,7788.35
115331,58081,742,1,31236.95,0.0,31236.95
115332,58081,533,1,10801.02,0.0,10801.02
115333,58081,538,1,8640.93,432.05,8208.88
115334,58082,688,1,9656.12,0.0,9656.12
115335,58083,749,1,1601.66,80.08,1521.58
115336,58083,573,1,620.76,31.04,589.72
115337,58083,763,1,66.59,0.0,66.59
115338,58084,530,1,3414.81,0.0,3414.81
115339,58084,583,1,9641.6,482.08,9159.52
115340,58085,518,2,49561.42,0.0,99122.84
115341,58086,607,2,10316.31,0.0,20632.62
115342,58087,565,1,322.27,32.23,290.04
115343,58088,502,1,15084.04,0.0,15084.04
115344,58089,552,2,10613.41,0.0,21226.82
115345,58089,784,1,1641.14,0.0,1641.14
115346,58090,765,1,37606.92,0.0,37606.92
115347,58090,686,1,4182.59,0.0,4182.59
115348,58090,671,3,3564.48,0.0,10693.44
115349,58090,608,1,667.69,0.0,667.69
115350,58091,710,1,10731.06,0.0,10731.06
115351,58091,516,2,14192.65,5677.06,22708.24
115352,58091,794,2,482.29,48.23,916.35
115353,58092,680,1,1294.32,0.0,1294.32
115354,58092,678,1,37877.29,0.0,37877.29
115355,58092,682,1,707.75,0.0,707.75
115356,58093,507,2,5384.85,0.0,10769.7
115357,58094,730,1,713.55,35.68,677.87
115358,58094,778,2,2068.11,0.0,4136.22
115359,58094,729,1,2699.1,134.96,2564.14
115360,58095,715,1,61205.17,3060.26,58144.91
115361,58095,560,1,407.29,0.0,407.29
115362,58096,736,1,6075.78,0.0,6075.78
115363,58096,562,3,1170.27,0.0,3510.81
115364,58096,788,1,8889.42,0.0,8889.42
115365,58096,573,1,620.76,0.0,620.76
115366,58097,626,1,236.68,0.0,236.68
115367,58098,597,4,535.83,0.0,2143.32
115368,58099,552,1,10613.41,0.0,10613.41
115369,58100,792,1,2835.7,0.0,2835.7
115370,58101,625,1,54397.72,0.0,54397.72
115371,58102,615,1,24337.83,0.0,24337.83
115372,58103,501,4,45292.52,0.0,181170.08
115373,58103,560,2,407.29,162.92,651.66
115374,58104,503,1,1376.24,0.0,1376.24
115375,58105,784,2,1641.14,0.0,3282.28
115376,58105,544,2,6582.2,0.0,13164.4
115377,58106,707,1,626.29,0.0,626.29
115378,58106,750,1,182.17,9.11,173.06
115379,58106,654,1,2895.35,289.54,2605.81
115380,58107,729,1,2699.1,134.96,2564.14
115381,58108,563,2,5426.08,542.61,10309.55
115382,58109,505,1,5998.46,0.0,5998.46
115383,58109,776,2,1371.98,137.2,2606.76
115384,58109,592,1,1511.43,302.29,1209.14
115385,58110,789,1,2799.8,419.97,2379.83
115386,58110,712,2,12089.2,0.0,24178.4
115387,58110,502,1,15084.04,1508.4,13575.64
115388,58111,599,1,2796.57,139.83,2656.74
115389,58112,614,2,30296.77,0.0,60593.54
115390,58112,673,1,1038.9,207.78,831.12
115391,58112,752,3,14566.93,8740.16,34960.63
115392,58113,532,3,820.25,246.08,2214.67
115393,58113,675,1,16586.98,0.0,16586.98
115394,58113,715,2,61205.17,12241.03,110169.31
115395,58114,530,2,3414.81,341.48,6488.14
115396,58115,629,1,717.69,107.65,610.04
115397,58116,679,3,53522.92,16056.88,144511.88
115398,58117,774,4,1776.67,710.67,6396.01
115399,58117,638,2,9668.28,0.0,19336.56
115400,58117,527,1,43071.55,4307.16,38764.39
115401,58118,770,1,2789.39,418.41,2370.98
115402,58118,632,1,2338.49,0.0,2338.49
115403,58119,784,1,1641.14,164.11,1477.03
115404,58120,679,1,53522.92,0.0,53522.92
115405,58120,703,1,2609.04,0.0,2609.04
115406,58120,777,2,2061.3,0.0,4122.6
115407,58120,695,5,24310.04,24310.04,97240.16
115408,58121,795,10,18501.43,0.0,0.01
115409,58122,687,4,1705.39,0.0,6821.56
115410,58123,534,3,46679.73,7001.96,133037.23
115411,58123,699,1,713.36,0.0,713.36
115412,58124,516,2,14192.65,1419.27,26966.03
115413,58124,999999,1,6175.25,0.0,6175.25
115414,58124,800,1,2202.18,0.0,2202.18
115415,58125,513,1,1399.58,0.0,1399.58
115416,58126,552,1,10613.41,0.0,10613.41
115417,58127,582,1,8407.83,0.0,8407.83
115418,58128,670,2,2118.7,423.74,3813.66
115419,58128,614,5,30296.77,0.0,151483.85
115420,58128,586,1,4444.5,444.45,4000.05
115421,58128,506,1,1305.17,0.0,1305.17
115422,58129,737,1,454.39,45.44,408.95
115423,58129,645,1,3816.62,572.49,3244.13
115424,58129,712,1,12089.2,604.46,11484.74
115425,58130,672,1,9227.41,0.0,9227.41
115426,58131,663,1,1339.76,66.99,1272.77
115427,58132,588,3,490.64,0.0,1471.92
115428,58133,686,1,4182.59,0.0,4182.59
115429,58133,650,1,6201.76,0.0,6201.76
115430,58133,583,4,9641.6,0.0,38566.4
115431,58134,561,1,2177.62,0.0,2177.62
115432,58134,606,1,290.06,58.01,232.05
115433,58135,780,1,3012.88,0.0,3012.88
115434,58136,552,3,10613.41,0.0,31840.23
115435,58136,510,1,640.28,0.0,640.28
115436,58137,629,4,717.69,287.08,2583.68
115437,58138,657,1,8779.23,0.0,8779.23
115438,58139,790,3,723.68,0.0,2171.04
115439,58139,603,1,18106.09,0.0,18106.09
115440,58140,730,1,713.55,0.0,713.55
115441,58141,554,2,5371.45,0.0,10742.9
115442,58141,784,1,1641.14,0.0,1641.14
115443,58141,745,1,5138.19,770.73,4367.46
115444,58141,749,1,1601.66,160.17,1441.49
115445,58142,657,1,8779.23,0.0,8779.23
115446,58142,503,1,1376.24,0.0,1376.24
115447,58142,790,1,723.68,36.18,687.5
115448,58142,695,1,24310.04,0.0,24310.04
115449,58142,693,2,1213.14,0.0,2426.28
115450,58143,782,4,9360.71,5616.43,31826.41
115451,58144,542,1,1742.37,0.0,1742.37
115452,58144,719,3,15471.04,0.0,46413.12
115453,58145,999999,1,723.68,144.74,578.94
115454,58146,528,1,951.12,0.0,951.12
115455,58146,635,2,3079.07,923.72,5234.42
115456,58147,612,1,2192.78,109.64,2083.14
115457,58147,718,5,6766.17,0.0,33830.85
115458,58148,502,1,15084.04,0.0,15084.04
115459,58149,756,3,372.34,0.0,1117.02
115460,58150,627,5,348.17,0.0,1740.85
115461,58151,643,1,55447.46,11089.49,44357.97
115462,58151,561,4,2177.62,0.0,8710.48
115463,58151,799,1,2348.69,0.0,2348.69
115464,58152,705,2,17197.08,0.0,34394.16
115465,58152,670,3,2118.7,0.0,6356.1
115466,58153,717,1,902.81,0.0,902.81
115467,58154,711,1,5931.42,0.0,5931.42
115468,58155,598,1,579.36,0.0,579.36
115469,58156,548,1,8285.36,414.27,7871.09
115470,58156,773,3,5708.39,2568.78,14556.39
115471,58157,599,2,2796.57,0.0,5593.14
115472,58158,693,3,1213.14,0.0,3639.42
115473,58158,636,4,1717.09,0.0,6868.36
115474,58158,695,1,24310.04,3646.51,20663.53
115475,58158,519,1,849.44,42.47,806.97
115476,58159,634,1,5262.27,1052.45,4209.82
115477,58159,551,4,3446.79,2757.43,0.01
115478,58159,784,1,1641.14,0.0,1641.14
115479,58160,697,1,17716.2,0.0,17716.2
115480,58160,524,1,1357.31,0.0,1357.31
115481,58160,695,5,24310.04,0.0,121550.2
115482,58160,655,1,5152.69,0.0,5152.69
115483,58161,532,2,820.25,82.03,1558.47
115484,58162,770,2,2789.39,0.0,5578.78
115485,58163,690,2,1805.43,361.09,3249.77
115486,58163,679,1,53522.92,0.0,53522.92
115487,58164,788,2,8889.42,888.94,16889.9
115488,58164,691,3,12820.07,0.0,38460.21
115489,58165,710,1,10731.06,536.55,10194.51
115490,58165,797,1,1277.35,0.0,1277.35
115491,58166,660,1,3268.31,490.25,2778.06
115492,58166,516,1,14192.65,2128.9,12063.75
115493,58167,509,1,3363.13,336.31,3026.82
115494,58167,608,1,667.69,0.0,667.69
115495,58167,739,3,9905.71,0.0,29717.13
115496,58168,735,2,1557.67,0.0,3115.34
115497,58169,622,10,2792.75,0.0,27927.5
115498,58169,721,1,5715.09,0.0,5715.09
115499,58169,684,1,59645.43,0.0,59645.43
115500,58169,759,2,8304.75,0.0,16609.5
115501,58169,647,1,48665.91,0.0,48665.91
115502,58170,785,4,1136.17,0.0,4544.68
115503,58170,726,1,983.03,0.0,983.03
115504,58170,623,2,2674.16,1069.66,4278.66
115505,58170,513,1,1399.58,0.0,1399.58
115506,58171,732,1,3277.37,327.74,2949.63
115507,58171,613,1,11372.12,0.0,11372.12
115508,58171,664,3,18695.4,8412.93,47673.27
115509,58171,706,1,14673.28,0.0,14673.28
115510,58171,667,3,558.92,0.0,1676.76
115511,58172,618,1,161.7,0.0,161.7
115512,58173,753,3,1068.74,0.0,3206.22
115513,58173,584,2,1377.03,0.0,2754.06
115514,58173,602,1,817.44,0.0,817.44
115515,58173,756,1,372.34,0.0,372.34
115516,58174,590,3,2022.4,606.72,5460.48
115517,58175,587,2,790.56,0.0,1581.12
115518,58175,576,2,2970.75,0.0,5941.5
115519,58176,544,1,6582.2,0.0,6582.2
115520,58176,564,1,1265.51,0.0,1265.51
115521,58176,742,1,31236.95,1561.85,29675.1
115522,58176,705,1,17197.08,0.0,17197.08
115523,58176,790,4,723.68,289.47,2605.25
115524,58177,732,1,3277.37,0.0,3277.37
115525,58177,767,1,2764.13,0.0,2764.13
115526,58177,567,1,7980.38,0.0,7980.38
115527,58178,512,4,1219.3,0.0,4877.2
115528,58179,732,4,3277.37,0.0,13109.48
115529,58180,671,4,3564.48,0.0,14257.92
115530,58181,727,4,11354.29,0.0,45417.16
115531,58182,652,3,13563.11,0.0,40689.33
115532,58182,798,1,3816.99,0.0,3816.99
115533,58183,575,1,253.01,0.0,253.01
115534,58183,666,1,4195.88,209.79,3986.09
115535,58184,530,2,3414.81,682.96,6146.66
115536,58185,617,1,1324.53,66.23,1258.3
115537,58185,630,1,2387.03,0.0,2387.03
115538,58185,745,4,5138.19,0.0,20552.76
115539,58185,694,1,1970.24,98.51,1871.73
115540,58186,618,1,161.7,0.0,161.7
115541,58187,778,1,2068.11,103.41,1964.7
115542,58187,704,1,1165.72,0.0,1165.72
115543,58188,999999,1,6175.25,926.29,5248.96
115544,58188,595,1,2237.17,0.0,2237.17
115545,58188,661,2,16283.24,0.0,32566.48
115546,58189,794,1,482.29,96.46,385.83
115547,58189,627,1,348.17,0.0,348.17
115548,58190,746,1,1732.13,86.61,1645.52
115549,58190,641,1,3333.39,166.67,3166.72
115550,58191,675,5,16586.98,4146.74,0.01
115551,58191,789,1,2799.8,0.0,2799.8
115552,58192,668,1,1156.71,57.84,1098.87
115553,58192,776,3,1371.98,0.0,4115.94
115554,58193,583,2,9641.6,0.0,19283.2
115555,58194,611,4,15431.65,0.0,61726.6
115556,58195,798,2,3816.99,0.0,7633.98
115557,58196,754,-3,9295.64,0.0,9295.64
115558,58196,681,1,5353.16,267.66,5085.5
115559,58197,612,5,2192.78,0.0,10963.9
115560,58197,797,1,1277.35,0.0,1277.35
115561,58197,731,2,1578.26,0.0,3156.52
115562,58197,676,1,865.11,0.0,865.11
115563,58198,747,1,805.8,0.0,805.8
115564,58198,737,2,454.39,90.88,817.9
115565,58199,537,5,7317.24,0.0,36586.2
115566,58200,800,1,2202.18,0.0,2202.18
115567,58200,586,3,4444.5,0.0,13333.5
115568,58201,738,3,4031.99,2419.19,9676.78
115569,58202,644,1,36167.51,0.0,36167.51
115570,58203,731,1,1578.26,157.83,1420.43
115571,58204,757,1,13097.42,1309.74,11787.68
115572,58205,775,1,3454.82,0.0,3454.82
115573,58206,742,1,31236.95,3123.7,28113.25
115574,58207,727,2,11354.29,0.0,22708.58
115575,58208,745,4,5138.19,0.0,20552.76
115576,58208,505,1,5998.46,0.0,5998.46
115577,58208,746,1,1732.13,0.0,1732.13
115578,58208,527,1,43071.55,0.0,43071.55
115579,58208,719,1,15471.04,2320.66,13150.38
115580,58209,574,1,20894.55,3134.18,17760.37
115581,58210,774,2,1776.67,710.67,2842.67
115582,58210,696,1,4358.64,0.0,4358.64
115583,58210,793,4,2448.49,979.4,8814.56
115584,58211,561,1,2177.62,108.88,2068.74
115585,58211,786,1,5485.59,0.0,5485.59
115586,58211,527,2,43071.55,17228.62,68914.48
115587,58212,624,2,391.05,39.11,742.99
115588,58213,731,3,1578.26,0.0,4734.78
115589,58214,771,1,1072.89,214.58,858.31
115590,58215,633,1,1617.01,80.85,1536.16
115591,58215,628,1,6761.04,0.0,6761.04
115592,58215,649,1,699.68,34.98,664.7
115593,58216,621,2,1304.44,0.0,2608.88
115594,58217,717,1,902.81,0.0,902.81
115595,58217,646,2,6680.81,668.08,12693.54
115596,58218,749,5,1601.66,400.42,7607.88
115597,58219,546,1,12181.16,609.06,11572.1
115598,58219,565,1,322.27,64.45,257.82
115599,58219,704,1,1165.72,0.0,1165.72
115600,58220,582,1,8407.83,1261.17,7146.66
115601,58221,598,1,579.36,0.0,579.36
115602,58222,565,1,322.27,0.0,322.27
115603,58223,612,1,2192.78,109.64,2083.14
115604,58223,651,4,4691.47,0.0,18765.88
115605,58224,582,2,8407.83,840.78,15974.88
115606,58224,626,2,236.68,94.67,378.69
115607,58225,649,1,699.68,0.0,699.68
115608,58226,662,1,9986.23,499.31,9486.92
115609,58227,535,1,2114.96,0.0,2114.96
115610,58228,679,1,53522.92,0.0,53522.92
115611,58229,762,1,886.5,132.97,753.53
115612,58230,537,1,7317.24,365.86,6951.38
115613,58231,774,1,1776.67,0.0,1776.67
115614,58231,764,2,38368.4,0.0,76736.8
115615,58231,582,1,8407.83,0.0,8407.83
115616,58232,616,1,594.6,29.73,564.87
115617,58232,693,2,1213.14,363.94,2062.34
115618,58232,637,3,3516.12,1054.84,9493.52
115619,58233,723,1,3644.62,182.23,3462.39
115620,58234,582,1,8407.83,1681.57,6726.26
115621,58235,553,2,31731.27,9519.38,53943.16
115622,58236,502,1,15084.04,2262.61,12821.43
115623,58237,695,2,24310.04,0.0,48620.08
115624,58238,593,5,1214.64,0.0,6073.2
115625,58239,718,1,6766.17,1353.23,5412.94
115626,58240,700,1,6725.93,0.0,6725.93
115627,58240,770,1,2789.39,0.0,2789.39
115628,58240,759,2,8304.75,0.0,16609.5
115629,58241,796,1,1462.48,73.12,1389.36
115630,58241,744,2,6141.59,0.0,12283.18
115631,58242,625,1,54397.72,2719.89,51677.83
115632,58242,634,1,5262.27,0.0,5262.27
115633,58243,520,1,1736.99,0.0,1736.99
115634,58243,530,2,3414.81,341.48,6488.14
115635,58243,673,4,1038.9,415.56,3740.04
115636,58243,732,1,3277.37,0.0,3277.37
115637,58244,580,1,1023.86,102.39,921.47
115638,58244,530,1,3414.81,170.74,3244.07
115639,58245,708,1,10297.58,1544.64,8752.94
115640,58246,760,1,11301.08,565.05,10736.03
115641,58247,728,1,2491.24,0.0,2491.24
115642,58247,633,1,1617.01,0.0,1617.01
115643,58247,669,5,5183.71,0.0,25918.55
115644,58247,687,1,1705.39,0.0,1705.39
115645,58248,573,1,620.76,0.0,620.76
115646,58249,634,1,5262.27,0.0,5262.27
115647,58249,576,2,2970.75,0.0,5941.5
115648,58249,642,1,6612.07,0.0,6612.07
115649,58250,609,2,3589.04,1435.62,5742.46
115650,58251,655,1,5152.69,0.0,5152.69
115651,58252,553,1,31731.27,1586.56,30144.71
115652,58253,546,1,12181.16,1827.17,10353.99
115653,58253,759,1,8304.75,1660.95,6643.8
115654,58254,738,1,4031.99,403.2,3628.79
115655,58255,703,2,2609.04,521.81,4696.27
115656,58255,628,1,6761.04,0.0,6761.04
115657,58256,797,2,1277.35,383.2,2171.5
115658,58257,794,1,482.29,24.11,458.18
115659,58257,777,1,2061.3,103.07,1958.23
115660,58258,794,1,482.29,0.0,482.29
115661,58259,505,1,5998.46,299.92,5698.54
115662,58259,790,1,723.68,144.74,578.94
115663,58259,513,1,1399.58,69.98,1329.6
115664,58260,794,3,482.29,0.0,1446.87
115665,58261,685,3,9687.25,1453.09,27608.66
115666,58262,618,1,161.7,16.17,145.53
115667,58262,586,4,4444.5,0.0,17778.0
115668,58262,549,1,13993.54,1399.35,12594.19
115669,58262,682,2,707.75,0.0,1415.5
115670,58263,570,1,4486.57,0.0,4486.57
115671,58263,591,4,9106.57,0.0,36426.28
115672,58263,607,1,10316.31,515.82,9800.49
115673,58263,610,1,26733.01,4009.95,22723.06
115674,58264,682,2,707.75,0.0,1415.5
115675,58264,670,2,2118.7,0.0,4237.4
115676,58264,665,1,2533.05,126.65,2406.4
115677,58265,766,3,4834.22,1450.27,13052.39
115678,58266,645,4,3816.62,763.32,14503.16
115679,58266,560,3,407.29,183.28,1038.59
115680,58266,799,4,2348.69,469.74,8925.02
115681,58267,726,4,983.03,196.61,3735.51
115682,58267,732,1,3277.37,0.0,3277.37
115683,58267,558,2,9344.26,0.0,18688.52
115684,58267,597,1,535.83,0.0,535.83
115685,58267,700,1,6725.93,0.0,6725.93
115686,58268,603,10,18106.09,9053.05,172007.85
115687,58268,601,2,17813.81,3562.76,32064.86
115688,58269,611,2,15431.65,0.0,30863.3
115689,58269,755,1,923.61,0.0,923.61
115690,58270,735,4,1557.67,0.0,6230.68
115691,58270,718,3,6766.17,0.0,20298.51
115692,58270,554,1,5371.45,537.14,4834.31
115693,58271,716,1,1117.48,0.0,1117.48
115694,58271,530,1,3414.81,341.48,3073.33
115695,58271,598,3,579.36,0.0,1738.08
115696,58272,736,2,6075.78,0.0,12151.56
115697,58273,676,1,865.11,0.0,865.11
115698,58274,611,1,15431.65,0.0,15431.65
115699,58274,561,1,2177.62,0.0,2177.62
115700,58274,591,1,9106.57,455.33,8651.24
115701,58275,719,1,15471.04,0.0,15471.04
115702,58275,800,2,2202.18,0.0,4404.36
115703,58276,549,4,13993.54,0.0,55974.16
115704,58277,999999,2,2124.38,212.44,4036.32
115705,58278,601,1,17813.81,0.0,17813.81
115706,58278,679,2,53522.92,10704.58,96341.26
115707,58278,529,1,47474.39,4747.44,42726.95
115708,58278,706,3,14673.28,2200.99,41818.85
115709,58278,741,1,1969.25,0.0,1969.25
115710,58279,566,1,8272.67,0.0,8272.67
115711,58279,739,1,9905.71,0.0,9905.71
115712,58279,750,1,182.17,0.0,182.17
115713,58279,614,1,30296.77,0.0,30296.77
115714,58280,543,1,4352.44,870.49,3481.95
115715,58281,677,1,3625.43,0.0,3625.43
115716,58281,670,1,2118.7,211.87,1906.83
115717,58282,561,1,2177.62,217.76,1959.86
115718,58282,716,1,1117.48,111.75,1005.73
115719,58283,591,1,9106.57,455.33,8651.24
115720,58284,758,1,2596.01,129.8,2466.21
115721,58285,517,10,12096.53,6048.27,114917.03
115722,58285,755,1,923.61,0.0,923.61
115723,58286,517,1,12096.53,604.83,11491.7
115724,58286,619,2,577.92,115.58,1040.26
115725,58286,540,2,32834.15,6566.83,59101.47
115726,58287,661,10,16283.24,8141.62,154690.78
115727,58287,771,2,1072.89,107.29,2038.49
115728,58288,710,1,10731.06,0.0,10731.06
115729,58288,543,2,4352.44,435.24,8269.64
115730,58288,695,1,24310.04,2431.0,21879.04
115731,58288,693,2,1213.14,121.31,2304.97
115732,58289,684,1,59645.43,0.0,59645.43
115733,58290,640,1,1058.22,52.91,1005.31
115734,58291,735,1,1557.67,0.0,1557.67
115735,58292,586,1,4444.5,0.0,4444.5
115736,58293,680,4,1294.32,0.0,5177.28
115737,58293,505,2,5998.46,599.85,11397.07
115738,58294,695,1,24310.04,0.0,24310.04
115739,58295,707,1,626.29,0.0,626.29
115740,58296,540,1,32834.15,0.0,32834.15
115741,58297,601,1,17813.81,0.0,17813.81
115742,58297,999999,3,322.27,96.68,870.13
115743,58298,741,10,1969.25,0.0,19692.5
115744,58298,798,1,3816.99,0.0,3816.99
115745,58299,692,1,7325.8,1465.16,5860.64
115746,58300,774,2,1776.67,0.0,3553.34
115747,58301,570,2,4486.57,0.0,8973.14
115748,58301,525,1,4003.31,0.0,4003.31
115749,58301,778,1,2068.11,0.0,2068.11
115750,58302,621,3,1304.44,0.0,3913.32
115751,58302,688,3,9656.12,4345.25,24623.11
115752,58303,568,1,5802.78,870.42,4932.36
115753,58304,617,1,1324.53,0.0,1324.53
115754,58304,681,1,5353.16,0.0,5353.16
115755,58304,737,1,454.39,0.0,454.39
115756,58304,593,2,1214.64,242.93,2186.35
115757,58305,631,2,1647.26,329.45,2965.07
115758,58306,715,2,61205.17,24482.07,97928.27
115759,58306,507,4,5384.85,0.0,21539.4
115760,58306,557,3,783.76,0.0,2351.28
115761,58306,539,2,1082.58,0.0,2165.16
115762,58307,695,2,24310.04,4862.01,43758.07
115763,58307,537,2,7317.24,1463.45,13171.03
115764,58307,642,4,6612.07,5289.66,21158.62
115765,58308,719,1,15471.04,0.0,15471.04
115766,58309,766,1,4834.22,0.0,4834.22
115767,58309,620,1,607.15,60.72,546.43
115768,58310,524,2,1357.31,135.73,2578.89
115769,58310,615,1,24337.83,1216.89,23120.94
115770,58311,542,1,1742.37,0.0,1742.37
115771,58312,796,1,1462.48,0.0,1462.48
115772,58312,501,4,45292.52,0.0,181170.08
115773,58312,580,0,1023.86,102.39,921.47
115774,58313,748,2,2116.96,211.7,4022.22
115775,58314,581,3,2900.19,0.0,8700.57
115776,58314,698,2,9291.61,0.0,18583.22
115777,58315,597,2,535.83,0.0,1071.66
115778,58315,777,5,2061.3,1030.65,9275.85
115779,58316,579,1,17100.24,0.0,17100.24
115780,58317,610,3,26733.01,4009.95,76189.08
115781,58318,608,1,667.69,0.0,667.69
115782,58319,560,1,407.29,20.36,386.93
115783,58319,793,1,2448.49,367.27,2081.22
115784,58320,723,2,3644.62,0.0,7289.24
115785,58321,770,2,2789.39,0.0,5578.78
115786,58321,626,1,236.68,47.34,189.34
115787,58322,773,1,5708.39,285.42,5422.97
115788,58323,574,1,20894.55,3134.18,17760.37
115789,58324,659,1,364.24,54.64,309.6
115790,58324,768,1,10470.08,523.5,9946.58
115791,58324,652,10,13563.11,20344.67,115286.43
115792,58325,502,1,15084.04,0.0,15084.04
115793,58326,669,1,5183.71,0.0,5183.71
115794,58327,716,1,1117.48,55.87,1061.61
115795,58327,786,1,5485.59,0.0,0.01
115796,58327,586,1,4444.5,0.0,4444.5
115797,58327,679,1,53522.92,8028.44,45494.48
115798,58328,643,1,55447.46,5544.75,49902.71
115799,58329,789,1,2799.8,0.0,2799.8
115800,58330,631,1,1647.26,0.0,1647.26
115801,58331,534,3,46679.73,0.0,140039.19
115802,58332,705,1,17197.08,0.0,17197.08
115803,58333,799,3,2348.69,704.61,6341.46
115804,58333,569,1,46883.02,2344.15,44538.87
115805,58334,734,1,839.57,0.0,839.57
115806,58334,775,1,3454.82,0.0,3454.82
115807,58334,787,1,27577.51,0.0,27577.51
115808,58335,753,2,1068.74,0.0,2137.48
115809,58336,727,1,11354.29,0.0,11354.29
115810,58336,736,1,6075.78,0.0,6075.78
115811,58337,628,5,6761.04,0.0,33805.2
115812,58338,521,1,3815.32,0.0,3815.32
115813,58339,666,3,4195.88,629.38,11958.26
115814,58339,660,2,3268.31,0.0,6536.62
115815,58340,599,3,2796.57,0.0,8389.71
115816,58340,726,1,983.03,147.45,835.58
115817,58341,556,1,3671.69,550.75,3120.94
115818,58342,799,1,2348.69,0.0,2348.69
115819,58342,578,1,6521.84,0.0,6521.84
115820,58342,607,2,10316.31,0.0,20632.62
115821,58343,524,1,1357.31,0.0,1357.31
115822,58343,729,2,2699.1,269.91,5128.29
115823,58343,542,3,1742.37,0.0,5227.11
115824,58344,591,1,9106.57,0.0,9106.57
115825,58345,586,4,4444.5,0.0,17778.0
115826,58345,545,1,1464.92,0.0,1464.92
115827,58346,791,1,11369.6,0.0,11369.6
115828,58346,559,2,5502.85,0.0,11005.7
115829,58346,761,1,1440.57,0.0,1440.57
115830,58346,785,1,1136.17,56.81,1079.36
115831,58346,742,1,31236.95,1561.85,29675.1
115832,58347,685,2,9687.25,0.0,19374.5
115833,58347,745,1,5138.19,0.0,5138.19
115834,58347,539,1,1082.58,0.0,1082.58
115835,58348,783,1,39234.63,0.0,39234.63
115836,58348,743,3,892.31,401.54,2275.39
115837,58349,650,1,6201.76,0.0,6201.76
115838,58349,514,1,8817.04,440.85,8376.19
115839,58350,656,1,9107.06,1366.06,7741.0
115840,58351,569,2,46883.02,4688.3,89077.74
115841,58351,530,1,3414.81,0.0,3414.81
115842,58352,730,1,713.55,35.68,677.87
115843,58353,700,4,6725.93,0.0,26903.72
115844,58354,625,1,54397.72,0.0,54397.72
115845,58354,719,1,15471.04,0.0,15471.04
115846,58354,577,1,795.1,0.0,795.1
115847,58355,567,1,7980.38,0.0,7980.38
115848,58355,523,1,6428.51,0.0,6428.51
115849,58355,674,1,7676.03,383.8,7292.23
115850,58356,779,1,9166.85,0.0,9166.85
115851,58356,543,1,4352.44,435.24,3917.2
115852,58357,621,1,1304.44,195.67,1108.77
115853,58357,710,1,10731.06,0.0,10731.06
115854,58358,674,1,7676.03,0.0,7676.03
115855,58359,753,3,1068.74,160.31,3045.91
115856,58359,637,1,3516.12,0.0,3516.12
115857,58360,591,1,9106.57,0.0,9106.57
115858,58361,747,3,805.8,0.0,2417.4
115859,58361,584,1,1377.03,137.7,1239.33
115860,58361,738,2,4031.99,806.4,7257.58
115861,58362,579,3,17100.24,0.0,51300.72
115862,58363,745,2,5138.19,513.82,9762.56
115863,58363,755,1,923.61,138.54,785.07
115864,58363,646,1,6680.81,0.0,6680.81
115865,58364,688,1,9656.12,0.0,9656.12
115866,58364,781,4,508.19,0.0,2032.76
115867,58364,585,4,29624.84,0.0,118499.36
115868,58364,638,1,9668.28,0.0,9668.28
115869,58364,615,1,24337.83,0.0,24337.83
115870,58365,999999,1,46883.02,0.0,46883.02
115871,58366,591,1,9106.57,0.0,9106.57
115872,58366,546,2,12181.16,0.0,24362.32
115873,58366,618,2,161.7,0.0,323.4
115874,58367,611,2,15431.65,1543.16,29320.14
115875,58368,691,1,12820.07,1282.01,11538.06
115876,58369,753,1,1068.74,0.0,1068.74
115877,58369,588,1,490.64,0.0,490.64
115878,58370,687,1,1705.39,85.27,1620.12
115879,58370,723,2,3644.62,0.0,7289.24
115880,58371,516,1,14192.65,0.0,14192.65
115881,58372,648,1,1203.65,0.0,1203.65
115882,58372,551,1,3446.79,0.0,3446.79
115883,58373,704,1,1165.72,0.0,1165.72
115884,58374,576,1,2970.75,0.0,2970.75
115885,58374,741,2,1969.25,0.0,3938.5
115886,58374,552,1,10613.41,1592.01,9021.4
115887,58375,714,2,44813.18,13443.95,76182.41
115888,58375,510,2,640.28,0.0,1280.56
115889,58375,720,3,3038.53,1823.12,7292.47
115890,58376,660,1,3268.31,163.42,3104.89
115891,58377,787,1,27577.51,0.0,27577.51
115892,58377,590,2,2022.4,202.24,3842.56
115893,58378,598,1,579.36,0.0,579.36
115894,58378,691,3,12820.07,3846.02,34614.19
115895,58379,592,1,1511.43,75.57,1435.86
115896,58380,775,2,3454.82,1036.45,5873.19
115897,58380,741,4,1969.25,0.0,7877.0
115898,58380,780,1,3012.88,301.29,2711.59
115899,58381,759,3,8304.75,0.0,24914.25
115900,58382,711,2,5931.42,593.14,11269.7
115901,58383,609,3,3589.04,0.0,10767.12
115902,58383,572,2,1098.59,439.44,1757.74
115903,58383,506,1,1305.17,130.52,1174.65
115904,58384,661,1,16283.24,0.0,16283.24
115905,58384,734,1,839.57,0.0,839.57
115906,58384,773,2,5708.39,0.0,11416.78
115907,58384,750,1,182.17,9.11,173.06
115908,58385,797,1,1277.35,0.0,1277.35
115909,58386,532,2,820.25,0.0,1640.5
115910,58386,748,2,2116.96,0.0,4233.92
115911,58387,642,2,6612.07,2644.83,10579.31
115912,58387,723,1,3644.62,0.0,3644.62
115913,58387,516,1,14192.65,1419.27,12773.38
115914,58388,604,1,5835.32,291.77,5543.55
115915,58388,603,1,18106.09,2715.91,15390.18
115916,58388,674,2,7676.03,0.0,15352.06
115917,58388,794,3,482.29,144.69,1302.18
115918,58389,651,1,4691.47,0.0,4691.47
115919,58390,533,2,10801.02,0.0,21602.04
115920,58390,521,1,3815.32,0.0,3815.32
115921,58391,542,1,1742.37,0.0,1742.37
115922,58392,501,2,45292.52,4529.25,86055.79
115923,58392,754,1,9295.64,0.0,9295.64
115924,58392,788,1,8889.42,888.94,8000.48
115925,58393,763,1,66.59,3.33,63.26
115926,58394,625,1,54397.72,0.0,54397.72
115927,58395,517,2,12096.53,0.0,24193.06
115928,58396,658,1,711.18,106.68,604.5
115929,58397,765,2,37606.92,0.0,75213.84
115930,58397,580,1,1023.86,153.58,870.28
115931,58398,522,1,39986.91,1999.35,37987.56
115932,58399,547,1,817.17,81.72,735.45
115933,58399,683,1,873.55,0.0,873.55
115934,58399,770,3,2789.39,0.0,8368.17
115935,58400,553,2,31731.27,0.0,63462.54
115936,58400,645,1,3816.62,0.0,3816.62
115937,58400,610,1,26733.01,2673.3,24059.71
115938,58401,555,1,9558.13,0.0,9558.13
115939,58401,709,2,5677.52,0.0,11355.04
115940,58402,667,3,558.92,251.51,1425.25
115941,58402,612,4,2192.78,0.0,8771.12
115942,58402,568,1,5802.78,580.28,5222.5
115943,58403,712,3,12089.2,0.0,36267.6
115944,58403,747,2,805.8,0.0,1611.6
115945,58403,721,1,5715.09,0.0,5715.09
115946,58403,800,1,2202.18,0.0,2202.18
115947,58403,687,1,1705.39,341.08,1364.31
115948,58404,764,1,38368.4,1918.42,36449.98
115949,58405,684,2,59645.43,0.0,119290.86
115950,58406,671,1,3564.48,0.0,3564.48
115951,58406,799,1,2348.69,0.0,2348.69
115952,58407,657,1,8779.23,438.96,8340.27
115953,58408,706,3,14673.28,0.0,44019.84
115954,58409,597,2,535.83,107.17,964.49
115955,58409,556,4,3671.69,0.0,14686.76
115956,58410,768,1,10470.08,0.0,10470.08
115957,58410,763,2,66.59,0.0,133.18
115958,58410,503,2,1376.24,0.0,2752.48
115959,58411,555,1,9558.13,477.91,9080.22
115960,58411,517,1,12096.53,2419.31,9677.22
115961,58412,695,4,24310.04,4862.01,92378.15
115962,58413,644,4,36167.51,0.0,144670.04
115963,58414,711,4,5931.42,3558.85,20166.83
115964,58414,669,1,5183.71,0.0,5183.71
115965,58414,727,2,11354.29,0.0,22708.58
115966,58414,562,1,1170.27,0.0,1170.27
115967,58415,665,1,2533.05,0.0,2533.05
115968,58415,534,1,46679.73,0.0,46679.73
115969,58415,589,2,17388.16,0.0,34776.32
115970,58416,638,3,9668.28,0.0,29004.84
115971,58417,755,1,923.61,46.18,877.43
115972,58417,712,2,12089.2,1208.92,22969.48
115973,58417,629,1,717.69,35.88,681.81
115974,58418,999999,1,11994.11,1199.41,10794.7
115975,58419,693,1,1213.14,0.0,1213.14
115976,58420,540,2,32834.15,0.0,65668.3
115977,58421,621,1,1304.44,0.0,1304.44
115978,58421,668,1,1156.71,0.0,1156.71
115979,58421,779,1,9166.85,0.0,9166.85
115980,58422,770,1,2789.39,0.0,2789.39
115981,58422,791,1,11369.6,0.0,11369.6
115982,58423,549,2,13993.54,2798.71,25188.37
115983,58423,511,2,856.8,0.0,1713.6
115984,58424,585,2,29624.84,0.0,59249.68
115985,58424,759,2,8304.75,0.0,16609.5
115986,58424,720,3,3038.53,455.78,8659.81
115987,58425,546,1,12181.16,0.0,12181.16
115988,58425,652,1,13563.11,2034.47,11528.64
115989,58426,727,1,11354.29,0.0,11354.29
115990,58426,659,1,364.24,0.0,364.24
115991,58427,571,10,11994.11,5997.06,113944.04
115992,58427,777,1,2061.3,0.0,2061.3
115993,58427,675,1,16586.98,0.0,16586.98
115994,58428,783,1,39234.63,0.0,39234.63
115995,58429,593,1,1214.64,0.0,1214.64
115996,58429,528,3,951.12,0.0,2853.36
115997,58429,738,3,4031.99,0.0,12095.97
115998,58430,599,2,2796.57,559.31,5033.83
115999,58431,769,1,1383.36,0.0,1383.36
116000,58431,533,2,10801.02,1080.1,20521.94
116001,58432,683,1,873.55,0.0,873.55
116002,58432,663,1,1339.76,66.99,1272.77
116003,58432,790,1,723.68,36.18,687.5
116004,58433,645,1,3816.62,190.83,3625.79
116005,58433,502,1,15084.04,0.0,15084.04
116006,58434,732,1,3277.37,0.0,3277.37
116007,58435,766,2,4834.22,0.0,9668.44
116008,58435,708,4,10297.58,0.0,41190.32
116009,58436,709,1,5677.52,0.0,5677.52
116010,58437,618,2,161.7,0.0,323.4
116011,58437,670,5,2118.7,0.0,10593.5
116012,58438,758,1,2596.01,0.0,2596.01
116013,58439,622,3,2792.75,0.0,8378.25
116014,58439,764,1,38368.4,1918.42,36449.98
116015,58439,728,3,2491.24,373.69,7100.03
116016,58439,617,1,1324.53,0.0,1324.53
116017,58440,586,2,4444.5,0.0,8889.0
116018,58441,695,1,24310.04,0.0,24310.04
116019,58442,763,1,66.59,0.0,66.59
116020,58443,593,2,1214.64,0.0,2429.28
116021,58443,608,3,667.69,0.0,2003.07
116022,58443,693,1,1213.14,121.31,1091.83
116023,58443,598,3,579.36,0.0,1738.08
116024,58444,699,1,713.36,0.0,713.36
116025,58444,572,1,1098.59,0.0,1098.59
116026,58444,623,1,2674.16,0.0,2674.16
116027,58445,792,1,2835.7,0.0,2835.7
116028,58445,536,1,1067.42,213.48,853.94
116029,58446,730,1,713.55,0.0,713.55
116030,58447,614,1,30296.77,1514.84,28781.93
116031,58448,574,2,20894.55,0.0,41789.1
116032,58448,636,2,1717.09,343.42,3090.76
116033,58448,797,1,1277.35,0.0,1277.35
116034,58448,540,1,32834.15,0.0,32834.15
116035,58448,695,1,24310.04,0.0,24310.04
116036,58449,594,1,55089.87,8263.48,46826.39
116037,58449,589,1,17388.16,1738.82,15649.34
116038,58450,653,1,4298.41,0.0,4298.41
116039,58450,518,1,49561.42,7434.21,42127.21
116040,58451,549,1,13993.54,2798.71,11194.83
116041,58451,538,3,8640.93,0.0,25922.79
116042,58451,722,2,53128.36,10625.67,95631.05
116043,58451,622,1,2792.75,139.64,2653.11
116044,58452,718,1,6766.17,338.31,6427.86
116045,58453,712,2,12089.2,0.0,24178.4
116046,58454,728,1,2491.24,0.0,2491.24
116047,58454,704,4,1165.72,932.58,3730.3
116048,58455,704,1,1165.72,0.0,1165.72
116049,58455,718,1,6766.17,0.0,6766.17
116050,58456,636,2,1717.09,171.71,3262.47
116051,58457,552,1,10613.41,0.0,10613.41
116052,58457,501,1,45292.52,6793.88,38498.64
116053,58458,668,1,1156.71,0.0,1156.71
116054,58458,742,1,31236.95,0.0,31236.95
116055,58458,748,1,2116.96,0.0,2116.96
116056,58458,785,1,1136.17,113.62,1022.55
116057,58458,609,1,3589.04,0.0,3589.04
116058,58459,591,1,9106.57,1365.99,7740.58
116059,58459,546,1,12181.16,0.0,12181.16
116060,58459,542,1,1742.37,0.0,1742.37
116061,58460,764,3,38368.4,0.0,115105.2
116062,58460,656,1,9107.06,0.0,9107.06
116063,58461,600,2,6469.3,0.0,12938.6
116064,58462,525,2,4003.31,0.0,8006.62
116065,58462,691,1,12820.07,0.0,12820.07
116066,58463,721,1,5715.09,0.0,5715.09
116067,58463,606,1,290.06,0.0,290.06
116068,58464,616,1,594.6,0.0,594.6
116069,58465,505,0,5998.46,599.85,11397.07
116070,58466,707,5,626.29,0.0,3131.45
116071,58466,503,1,1376.24,0.0,1376.24
116072,58467,715,3,61205.17,0.0,183615.51
116073,58468,767,1,2764.13,276.41,2487.72
116074,58469,761,1,1440.57,72.03,1368.54
116075,58470,575,1,253.01,12.65,240.36
116076,58471,618,1,161.7,0.0,161.7
116077,58472,592,1,1511.43,0.0,1511.43
116078,58472,648,10,1203.65,0.0,12036.5
116079,58472,647,2,48665.91,0.0,97331.82
116080,58473,691,4,12820.07,5128.03,46152.25
116081,58474,577,3,795.1,0.0,2385.3
116082,58475,741,2,1969.25,0.0,3938.5
116083,58476,509,2,3363.13,0.0,6726.26
116084,58477,508,1,5538.85,830.83,4708.02
116085,58478,798,1,3816.99,0.0,3816.99
116086,58479,603,1,18106.09,2715.91,15390.18
116087,58479,689,2,11449.91,2289.98,20609.84
116088,58479,782,3,9360.71,2808.21,25273.92
116089,58480,735,1,1557.67,0.0,1557.67
116090,58481,576,1,2970.75,148.54,2822.21
116091,58481,707,1,626.29,0.0,626.29
116092,58481,559,1,5502.85,275.14,5227.71
116093,58481,557,1,783.76,0.0,783.76
116094,58482,656,2,9107.06,0.0,18214.12
116095,58483,515,1,1144.81,114.48,1030.33
116096,58484,598,1,579.36,0.0,579.36
116097,58485,640,1,1058.22,0.0,1058.22
116098,58485,621,5,1304.44,0.0,0.01
116099,58486,595,1,2237.17,223.72,2013.45
116100,58486,536,1,1067.42,160.11,907.31
116101,58486,512,3,1219.3,0.0,3657.9
116102,58486,732,1,3277.37,0.0,3277.37
116103,58487,536,3,1067.42,0.0,3202.26
116104,58488,754,1,9295.64,0.0,9295.64
116105,58488,621,1,1304.44,0.0,1304.44
116106,58488,657,1,8779.23,0.0,8779.23
116107,58488,531,2,10687.35,0.0,21374.7
116108,58489,572,1,1098.59,54.93,1043.66
116109,58489,543,1,4352.44,0.0,4352.44
116110,58490,732,1,3277.37,0.0,3277.37
116111,58491,506,1,1305.17,261.03,1044.14
116112,58491,630,3,2387.03,0.0,7161.09
116113,58491,747,1,805.8,0.0,805.8
116114,58491,746,1,1732.13,346.43,1385.7
116115,58492,518,1,49561.42,9912.28,39649.14
116116,58493,677,1,3625.43,543.81,3081.62
116117,58494,762,1,886.5,44.33,842.17
116118,58494,661,1,16283.24,0.0,16283.24
116119,58494,607,2,10316.31,0.0,20632.62
116120,58495,555,2,9558.13,0.0,19116.26
116121,58496,723,1,3644.62,0.0,3644.62
116122,58496,757,2,13097.42,0.0,26194.84
116123,58496,731,1,1578.26,0.0,1578.26
116124,58496,584,1,1377.03,0.0,1377.03
116125,58497,653,1,4298.41,214.92,4083.49
116126,58498,538,1,8640.93,1296.14,7344.79
116127,58498,708,5,10297.58,0.0,51487.9
116128,58499,523,2,6428.51,0.0,12857.02
116129,58499,786,2,5485.59,0.0,10971.18
116130,58499,672,1,9227.41,461.37,8766.04
116131,58499,552,1,10613.41,530.67,10082.74
116132,58499,543,1,4352.44,435.24,3917.2
116133,58500,760,1,11301.08,0.0,11301.08
116134,58500,547,1,817.17,0.0,817.17
116135,58500,673,5,1038.9,259.73,4934.77
116136,58501,581,1,2900.19,145.01,2755.18
116137,58502,553,1,31731.27,0.0,31731.27
116138,58503,524,1,1357.31,271.46,1085.85
116139,58504,704,1,1165.72,0.0,1165.72
116140,58505,658,1,711.18,71.12,640.06
116141,58505,670,1,2118.7,0.0,2118.7
116142,58506,542,1,1742.37,87.12,1655.25
116143,58507,759,2,8304.75,830.48,15779.02
116144,58508,548,2,8285.36,828.54,15742.18
116145,58508,781,1,508.19,25.41,482.78
116146,58508,520,1,1736.99,260.55,1476.44
116147,58509,681,2,5353.16,0.0,10706.32
116148,58510,509,3,3363.13,0.0,10089.39
116149,58510,516,1,14192.65,0.0,14192.65
116150,58510,760,1,11301.08,0.0,11301.08
116151,58510,569,3,46883.02,14064.91,126584.15
116152,58510,765,1,37606.92,0.0,37606.92
116153,58511,661,2,16283.24,0.0,32566.48
116154,58512,637,2,3516.12,0.0,7032.24
116155,58512,685,3,9687.25,0.0,29061.75
116156,58513,679,1,53522.92,0.0,53522.92
116157,58514,641,3,3333.39,1500.03,8500.14
116158,58515,793,1,2448.49,0.0,2448.49
116159,58515,570,1,4486.57,224.33,4262.24
116160,58515,602,1,817.44,81.74,735.7
116161,58516,650,2,6201.76,0.0,12403.52
116162,58516,533,1,10801.02,0.0,10801.02
116163,58516,722,2,53128.36,0.0,106256.72
116164,58517,641,1,3333.39,0.0,3333.39
116165,58517,675,1,16586.98,0.0,16586.98
116166,58517,617,1,1324.53,0.0,1324.53
116167,58518,785,1,1136.17,0.0,1136.17
116168,58519,673,2,1038.9,207.78,1870.02
116169,58519,547,1,817.17,40.86,776.31
116170,58519,752,1,14566.93,0.0,14566.93
116171,58519,585,1,29624.84,0.0,29624.84
116172,58520,772,1,6175.25,617.53,5557.72
116173,58521,608,1,667.69,0.0,667.69
116174,58522,700,1,6725.93,672.59,6053.34
116175,58523,778,1,2068.11,0.0,2068.11
116176,58523,567,1,7980.38,0.0,7980.38
116177,58524,799,1,2348.69,0.0,2348.69
116178,58525,605,1,1048.97,0.0,1048.97
116179,58525,664,1,18695.4,0.0,18695.4
116180,58526,617,1,1324.53,66.23,1258.3
116181,58527,588,1,490.64,0.0,490.64
116182,58527,749,4,1601.66,320.33,6086.31
116183,58528,510,1,640.28,0.0,640.28
116184,58529,765,3,37606.92,11282.08,101538.68
116185,58530,728,4,2491.24,1494.74,8470.22
116186,58531,713,1,5412.77,541.28,4871.49
116187,58532,745,3,5138.19,770.73,14643.84
116188,58532,736,1,6075.78,607.58,5468.2
116189,58533,798,1,3816.99,0.0,3816.99
116190,58533,690,1,1805.43,0.0,1805.43
116191,58534,690,2,1805.43,0.0,3610.86
116192,58534,634,1,5262.27,0.0,5262.27
116193,58534,708,1,10297.58,0.0,10297.58
116194,58534,704,1,1165.72,0.0,1165.72
116195,58534,506,1,1305.17,0.0,1305.17
116196,58535,753,5,1068.74,534.37,4809.33
116197,58536,600,2,6469.3,0.0,12938.6
116198,58536,682,2,707.75,0.0,1415.5
116199,58537,755,-1,923.61,0.0,1847.22
116200,58538,733,2,1597.66,639.06,2556.26
116201,58539,617,1,1324.53,0.0,1324.53
116202,58539,621,1,1304.44,65.22,1239.22
116203,58539,742,1,31236.95,6247.39,24989.56
116204,58540,622,1,2792.75,0.0,2792.75
116205,58541,625,1,54397.72,0.0,54397.72
116206,58542,605,1,1048.97,0.0,1048.97
116207,58543,524,2,1357.31,407.19,2307.43
116208,58543,751,1,25845.26,0.0,25845.26
116209,58544,999999,2,55089.87,0.0,110179.74
116210,58544,779,1,9166.85,458.34,8708.51
116211,58545,783,1,39234.63,1961.73,37272.9
116212,58545,526,1,5568.93,0.0,5568.93
116213,58545,558,2,9344.26,0.0,18688.52
116214,58546,773,1,5708.39,285.42,5422.97
116215,58547,568,2,5802.78,0.0,11605.56
116216,58548,711,1,5931.42,296.57,5634.85
116217,58549,688,1,9656.12,965.61,8690.51
116218,58549,792,1,2835.7,0.0,2835.7
116219,58550,701,3,11805.02,0.0,35415.06
116220,58551,558,1,9344.26,0.0,9344.26
116221,58551,550,1,3272.22,0.0,3272.22
116222,58551,662,1,9986.23,0.0,9986.23
116223,58552,682,2,707.75,0.0,1415.5
116224,58553,793,1,2448.49,0.0,2448.49
116225,58554,752,2,14566.93,2913.39,26220.47
116226,58555,590,1,2022.4,0.0,2022.4
116227,58556,537,1,7317.24,0.0,7317.24
116228,58556,592,2,1511.43,0.0,3022.86
116229,58557,506,1,1305.17,195.78,1109.39
116230,58557,595,1,2237.17,0.0,2237.17
116231,58558,648,1,1203.65,180.55,1023.1
116232,58558,684,1,59645.43,0.0,59645.43
116233,58558,603,2,18106.09,0.0,36212.18
116234,58558,776,1,1371.98,205.8,1166.18
116235,58558,725,1,6229.36,0.0,6229.36
116236,58559,636,1,1717.09,343.42,1373.67
116237,58559,557,1,783.76,0.0,783.76
116238,58560,630,2,2387.03,0.0,4774.06
116239,58560,501,1,45292.52,0.0,45292.52
116240,58561,761,1,1440.57,72.03,1368.54
116241,58561,740,2,38799.36,0.0,77598.72
116242,58562,543,1,4352.44,435.24,3917.2
116243,58563,554,1,5371.45,1074.29,4297.16
116244,58563,715,4,61205.17,0.0,244820.68
116245,58564,742,1,31236.95,0.0,31236.95
116246,58565,769,1,1383.36,207.5,1175.86
116247,58565,686,1,4182.59,0.0,4182.59
116248,58565,579,3,17100.24,0.0,51300.72
116249,58565,568,1,5802.78,1160.56,4642.22
116250,58566,671,3,3564.48,0.0,10693.44
116251,58566,756,4,372.34,148.94,1340.42
116252,58567,750,1,182.17,0.0,182.17
116253,58567,501,1,45292.52,6793.88,38498.64
116254,58568,578,3,6521.84,978.28,18587.24
116255,58569,797,2,1277.35,0.0,2554.7
116256,58570,729,1,2699.1,269.91,2429.19
116257,58571,703,2,2609.04,0.0,5218.08
116258,58572,715,10,61205.17,0.0,612051.7
116259,58573,629,1,717.69,35.88,681.81
116260,58574,763,1,66.59,6.66,59.93
116261,58574,581,1,2900.19,0.0,2900.19
116262,58575,645,2,3816.62,1526.65,6106.59
116263,58575,773,1,5708.39,570.84,5137.55
116264,58575,790,2,723.68,0.0,1447.36
116265,58576,735,1,1557.67,155.77,1401.9
116266,58576,663,5,1339.76,0.0,6698.8
116267,58577,676,2,865.11,346.04,1384.18
116268,58577,737,3,454.39,0.0,1363.17
116269,58578,613,1,11372.12,2274.42,9097.7
116270,58578,558,1,9344.26,0.0,9344.26
116271,58578,647,1,48665.91,2433.3,46232.61
116272,58579,759,5,8304.75,0.0,41523.75
116273,58579,511,2,856.8,0.0,1713.6
116274,58580,669,3,5183.71,0.0,15551.13
116275,58580,733,1,1597.66,239.65,1358.01
116276,58581,783,1,39234.63,0.0,39234.63
116277,58581,636,3,1717.09,0.0,5151.27
116278,58582,586,3,4444.5,0.0,13333.5
116279,58583,631,1,1647.26,82.36,1564.9
116280,58583,638,1,9668.28,0.0,9668.28
116281,58583,594,4,55089.87,0.0,220359.48
116282,58584,519,1,849.44,84.94,764.5
116283,58584,566,2,8272.67,827.27,15718.07
116284,58585,580,1,1023.86,0.0,1023.86
116285,58586,626,1,236.68,0.0,0.01
116286,58587,690,1,1805.43,90.27,1715.16
116287,58587,781,2,508.19,0.0,1016.38
116288,58588,553,2,31731.27,6346.25,57116.29
116289,58589,656,1,9107.06,0.0,9107.06
116290,58590,520,1,1736.99,0.0,1736.99
116291,58590,766,1,4834.22,483.42,4350.8
116292,58590,545,2,1464.92,0.0,2929.84
116293,58591,699,1,713.36,0.0,713.36
116294,58592,509,1,3363.13,504.47,2858.66
116295,58592,510,1,640.28,96.04,544.24
116296,58592,602,1,817.44,40.87,776.57
116297,58593,765,3,37606.92,0.0,112820.76
116298,58593,761,1,1440.57,0.0,1440.57
116299,58594,746,1,1732.13,346.43,1385.7
116300,58595,545,1,1464.92,73.25,1391.67
116301,58596,718,3,6766.17,0.0,20298.51
116302,58597,734,1,839.57,0.0,839.57
116303,58598,580,2,1023.86,204.77,1842.95
116304,58599,752,2,14566.93,0.0,29133.86
116305,58599,570,1,4486.57,0.0,0.01
116306,58599,576,1,2970.75,0.0,2970.75
116307,58600,763,5,66.59,49.94,283.01
116308,58600,679,1,53522.92,2676.15,50846.77
116309,58600,756,3,372.34,111.7,1005.32
116310,58600,523,2,6428.51,0.0,12857.02
116311,58601,648,1,1203.65,180.55,1023.1
116312,58601,733,1,1597.66,159.77,1437.89
116313,58601,792,1,2835.7,141.78,2693.92
116314,58602,739,1,9905.71,0.0,9905.71
116315,58602,756,1,372.34,0.0,372.34
116316,58603,608,1,667.69,33.38,634.31
116317,58603,798,1,3816.99,0.0,3816.99
116318,58603,753,1,1068.74,213.75,854.99
116319,58604,623,1,2674.16,0.0,2674.16
116320,58605,509,2,3363.13,1008.94,5717.32
116321,58605,689,3,11449.91,0.0,34349.73
116322,58606,590,1,2022.4,101.12,1921.28
116323,58607,755,1,923.61,0.0,923.61
116324,58608,734,1,839.57,83.96,755.61
116325,58609,733,3,1597.66,239.65,4553.33
116326,58610,688,1,9656.12,0.0,9656.12
116327,58610,771,2,1072.89,429.16,1716.62
116328,58610,541,2,2124.38,637.31,3611.45
116329,58611,619,1,577.92,28.9,549.02
116330,58612,618,1,161.7,0.0,161.7
116331,58612,749,2,1601.66,0.0,3203.32
116332,58613,773,1,5708.39,570.84,5137.55
116333,58613,737,2,454.39,0.0,908.78
116334,58613,739,1,9905.71,0.0,9905.71
116335,58614,626,1,236.68,0.0,236.68
116336,58614,535,1,2114.96,211.5,1903.46
116337,58614,761,2,1440.57,144.06,2737.08
116338,58614,596,2,1919.15,383.83,3454.47
116339,58614,573,1,620.76,0.0,620.76
116340,58615,729,1,2699.1,269.91,2429.19
116341,58616,518,1,49561.42,9912.28,39649.14
116342,58617,556,1,3671.69,0.0,3671.69
116343,58617,575,1,253.01,50.6,202.41
116344,58617,766,2,4834.22,1450.27,8218.17
116345,58618,661,1,16283.24,0.0,16283.24
116346,58618,592,1,1511.43,0.0,1511.43
116347,58619,756,3,372.34,0.0,1117.02
116348,58620,570,1,4486.57,0.0,4486.57
116349,58621,510,1,640.28,64.03,576.25
116350,58622,729,2,2699.1,809.73,4588.47
116351,58622,693,1,1213.14,60.66,1152.48
116352,58623,727,10,11354.29,11354.29,102188.61
116353,58623,623,1,2674.16,267.42,2406.74
116354,58624,788,1,8889.42,888.94,8000.48
116355,58625,692,3,7325.8,1098.87,20878.53
116356,58625,664,0,18695.4,2804.31,15891.09
116357,58626,550,2,3272.22,327.22,6217.22
116358,58626,612,2,2192.78,438.56,3947.0
116359,58626,663,1,1339.76,0.0,1339.76
116360,58627,670,1,2118.7,317.8,1800.9
116361,58628,582,1,8407.83,0.0,8407.83
116362,58629,517,1,12096.53,0.0,12096.53
116363,58630,548,1,8285.36,414.27,7871.09
116364,58630,594,1,55089.87,0.0,55089.87
116365,58630,797,1,1277.35,0.0,1277.35
116366,58631,746,2,1732.13,173.21,3291.05
116367,58632,670,1,2118.7,0.0,2118.7
116368,58633,709,1,5677.52,567.75,5109.77
116369,58634,616,1,594.6,118.92,475.68
116370,58635,692,1,7325.8,0.0,7325.8
116371,58636,627,1,348.17,0.0,348.17
116372,58637,750,3,182.17,0.0,546.51
116373,58637,702,3,569.75,0.0,1709.25
116374,58637,581,2,2900.19,0.0,5800.38
116375,58638,513,5,1399.58,0.0,6997.9
116376,58639,568,1,5802.78,580.28,5222.5
116377,58640,733,1,1597.66,0.0,1597.66
116378,58641,555,1,9558.13,0.0,9558.13
116379,58642,594,2,55089.87,11017.97,99161.77
116380,58642,505,1,5998.46,0.0,5998.46
116381,58642,521,1,3815.32,381.53,3433.79
116382,58642,549,2,13993.54,1399.35,26587.73
116383,58643,584,1,1377.03,0.0,1377.03
116384,58643,754,2,9295.64,929.56,17661.72
116385,58644,640,3,1058.22,158.73,3015.93
116386,58644,645,2,3816.62,381.66,7251.58
116387,58645,526,3,5568.93,0.0,16706.79
116388,58645,678,1,37877.29,0.0,37877.29
116389,58646,691,2,12820.07,0.0,25640.14
116390,58646,687,2,1705.39,341.08,3069.7
116391,58646,642,1,6612.07,991.81,5620.26
116392,58647,594,1,55089.87,2754.49,52335.38
116393,58648,780,1,3012.88,0.0,3012.88
116394,58649,767,2,2764.13,829.24,4699.02
116395,58650,616,1,594.6,118.92,475.68
116396,58651,999999,2,3079.07,0.0,6158.14
116397,58652,686,1,4182.59,0.0,4182.59
116398,58652,697,1,17716.2,0.0,17716.2
116399,58652,660,2,3268.31,980.49,5556.13
116400,58652,622,2,2792.75,0.0,5585.5
116401,58652,587,1,790.56,0.0,790.56
116402,58653,744,1,6141.59,614.16,5527.43
116403,58653,680,1,1294.32,0.0,1294.32
116404,58654,531,1,10687.35,1603.1,9084.25
116405,58654,710,3,10731.06,3219.32,28973.86
116406,58655,541,2,2124.38,0.0,4248.76
116407,58656,681,1,5353.16,0.0,5353.16
116408,58656,763,2,66.59,0.0,133.18
116409,58656,693,1,1213.14,121.31,1091.83
116410,58657,515,2,1144.81,0.0,2289.62
116411,58658,735,1,1557.67,0.0,1557.67
116412,58658,794,1,482.29,0.0,482.29
116413,58659,774,1,1776.67,177.67,1599.0
116414,58659,735,1,1557.67,0.0,1557.67
116415,58660,563,1,5426.08,271.3,5154.78
116416,58661,674,3,7676.03,0.0,23028.09
116417,58662,792,1,2835.7,0.0,2835.7
116418,58663,558,3,9344.26,0.0,28032.78
116419,58664,508,1,5538.85,830.83,4708.02
116420,58665,730,1,713.55,35.68,677.87
116421,58666,793,5,2448.49,612.12,11630.33
116422,58666,532,1,820.25,0.0,820.25
116423,58667,774,1,1776.67,355.33,1421.34
116424,58668,797,1,1277.35,0.0,1277.35
116425,58668,516,1,14192.65,0.0,14192.65
116426,58669,535,2,2114.96,0.0,4229.92
116427,58669,571,1,11994.11,0.0,11994.11
116428,58670,690,0,1805.43,0.0,3610.86
116429,58671,790,1,723.68,144.74,578.94
116430,58671,649,1,699.68,0.0,699.68
116431,58671,744,3,6141.59,0.0,18424.77
116432,58671,734,3,839.57,0.0,2518.71
116433,58672,647,2,48665.91,0.0,97331.82
116434,58673,621,1,1304.44,65.22,1239.22
116435,58674,761,2,1440.57,0.0,2881.14
116436,58674,668,2,1156.71,0.0,2313.42
116437,58674,665,1,2533.05,0.0,2533.05
116438,58675,793,4,2448.49,0.0,9793.96
116439,58675,601,1,17813.81,890.69,16923.12
116440,58675,604,1,5835.32,875.3,4960.02
116441,58676,583,1,9641.6,0.0,9641.6
116442,58677,736,4,6075.78,3645.47,20657.65
116443,58677,668,1,1156.71,115.67,1041.04
116444,58678,524,3,1357.31,0.0,4071.93
116445,58679,795,1,18501.43,0.0,18501.43
116446,58680,522,1,39986.91,0.0,39986.91
116447,58680,607,10,10316.31,0.0,103163.1
116448,58681,632,4,2338.49,0.0,9353.96
116449,58682,588,1,490.64,49.06,441.58
116450,58683,519,1,849.44,0.0,849.44
116451,58683,750,1,182.17,0.0,182.17
116452,58683,733,1,1597.66,0.0,1597.66
116453,58683,779,2,9166.85,1833.37,16500.33
116454,58683,635,5,3079.07,1539.54,13855.81
116455,58684,647,2,48665.91,4866.59,92465.23
116456,58685,671,1,3564.48,0.0,3564.48
116457,58685,602,2,817.44,245.23,1389.65
116458,58686,686,2,4182.59,418.26,7946.92
116459,58686,775,1,3454.82,172.74,3282.08
116460,58687,564,1,1265.51,63.28,1202.23
116461,58688,731,1,1578.26,315.65,1262.61
116462,58688,600,1,6469.3,0.0,6469.3
116463,58688,649,1,699.68,34.98,664.7
116464,58688,657,3,8779.23,1316.88,25020.81
116465,58689,730,2,713.55,0.0,1427.1
116466,58689,764,2,38368.4,0.0,76736.8
116467,58690,658,1,711.18,0.0,711.18
116468,58691,680,1,1294.32,0.0,1294.32
116469,58692,755,2,923.61,0.0,1847.22
116470,58692,625,1,54397.72,0.0,54397.72
116471,58693,797,1,1277.35,0.0,1277.35
116472,58694,749,1,1601.66,0.0,1601.66
116473,58694,723,1,3644.62,0.0,3644.62
116474,58694,727,1,11354.29,567.71,10786.58
116475,58694,592,1,1511.43,151.14,1360.29
116476,58694,754,1,9295.64,0.0,9295.64
116477,58695,642,2,6612.07,0.0,13224.14
116478,58695,588,2,490.64,0.0,981.28
116479,58695,567,1,7980.38,0.0,7980.38
116480,58696,640,3,1058.22,158.73,3015.93
116481,58696,748,3,2116.96,0.0,6350.88
116482,58697,677,4,3625.43,0.0,14501.72
116483,58698,591,2,9106.57,0.0,18213.14
116484,58699,712,1,12089.2,0.0,12089.2
116485,58700,741,1,1969.25,196.93,1772.32
116486,58700,515,3,1144.81,343.44,3090.99
116487,58700,530,2,3414.81,0.0,6829.62
116488,58701,503,3,1376.24,0.0,4128.72
116489,58701,627,1,348.17,52.23,295.94
116490,58702,720,1,3038.53,0.0,3038.53
116491,58702,608,2,667.69,0.0,1335.38
116492,58702,654,1,2895.35,0.0,2895.35
116493,58703,777,1,2061.3,206.13,1855.17
116494,58704,553,2,31731.27,6346.25,57116.29
116495,58704,592,1,1511.43,0.0,1511.43
116496,58705,738,1,4031.99,806.4,3225.59
116497,58706,692,1,7325.8,0.0,7325.8
116498,58707,798,2,3816.99,0.0,7633.98
116499,58708,579,1,17100.24,855.01,16245.23
116500,58708,671,2,3564.48,356.45,6772.51
116501,58708,526,2,5568.93,2227.57,8910.29
116502,58708,767,1,2764.13,0.0,2764.13
116503,58708,748,1,2116.96,0.0,2116.96
116504,58709,740,10,38799.36,0.0,387993.6
116505,58710,537,1,7317.24,0.0,7317.24
116506,58711,635,2,3079.07,615.81,5542.33
116507,58712,519,4,849.44,339.78,3057.98
116508,58712,794,1,482.29,24.11,458.18
116509,58712,546,2,12181.16,0.0,24362.32
116510,58712,758,1,2596.01,0.0,2596.01
116511,58712,587,1,790.56,0.0,790.56
116512,58713,719,3,15471.04,0.0,46413.12
116513,58713,685,3,9687.25,0.0,29061.75
116514,58713,725,2,6229.36,0.0,12458.72
116515,58713,593,1,1214.64,0.0,1214.64
116516,58713,655,1,5152.69,0.0,5152.69
116517,58714,661,2,16283.24,0.0,32566.48
116518,58714,570,1,4486.57,0.0,4486.57
116519,58715,642,1,6612.07,0.0,6612.07
116520,58716,672,1,9227.41,461.37,8766.04
116521,58717,781,1,508.19,50.82,457.37
116522,58718,735,4,1557.67,623.07,5607.61
116523,58719,557,1,783.76,0.0,783.76
116524,58720,786,1,5485.59,0.0,5485.59
116525,58721,763,1,66.59,0.0,66.59
116526,58721,776,2,1371.98,0.0,2743.96
116527,58721,643,2,55447.46,0.0,110894.92
116528,58721,749,1,1601.66,0.0,1601.66
116529,58722,579,1,17100.24,0.0,17100.24
116530,58722,576,1,2970.75,148.54,2822.21
116531,58722,628,2,6761.04,0.0,13522.08
116532,58723,502,1,15084.04,1508.4,13575.64
116533,58724,677,1,3625.43,0.0,3625.43
116534,58724,780,2,3012.88,0.0,6025.76
116535,58724,519,1,849.44,0.0,849.44
116536,58724,619,1,577.92,0.0,577.92
116537,58724,771,2,1072.89,107.29,2038.49
116538,58725,681,1,5353.16,802.97,4550.19
116539,58725,727,2,11354.29,1135.43,21573.15
116540,58725,686,2,4182.59,0.0,8365.18
116541,58726,507,1,5384.85,807.73,4577.12
116542,58727,664,1,18695.4,0.0,18695.4
116543,58727,753,2,1068.74,0.0,2137.48
116544,58727,721,3,5715.09,857.26,16288.01
116545,58728,541,1,2124.38,0.0,2124.38
116546,58729,643,1,55447.46,8317.12,47130.34
116547,58730,512,1,1219.3,0.0,1219.3
116548,58730,771,1,1072.89,53.64,1019.25
116549,58730,750,1,182.17,0.0,182.17
116550,58731,515,1,1144.81,0.0,1144.81
116551,58732,607,1,10316.31,0.0,10316.31
116552,58733,741,3,1969.25,590.77,5316.98
116553,58733,505,1,5998.46,899.77,5098.69
116554,58733,530,4,3414.81,682.96,12976.28
116555,58733,522,1,39986.91,3998.69,35988.22
116556,58733,751,2,25845.26,0.0,51690.52
116557,58734,779,1,9166.85,458.34,8708.51
116558,58735,658,1,711.18,0.0,711.18
116559,58736,515,1,1144.81,0.0,1144.81
116560,58736,765,1,37606.92,0.0,37606.92
116561,58736,746,1,1732.13,0.0,1732.13
116562,58736,536,1,1067.42,160.11,907.31
116563,58736,530,2,3414.81,1024.44,5805.18
116564,58737,533,1,10801.02,1620.15,9180.87
116565,58738,590,3,2022.4,606.72,5460.48
116566,58738,585,2,29624.84,2962.48,56287.2
116567,58738,644,1,36167.51,3616.75,32550.76
116568,58738,714,1,44813.18,0.0,44813.18
116569,58739,667,1,558.92,0.0,558.92
116570,58740,585,1,29624.84,0.0,29624.84
116571,58740,774,1,1776.67,0.0,1776.67
116572,58741,656,1,9107.06,0.0,9107.06
116573,58742,614,1,30296.77,3029.68,27267.09
116574,58742,578,4,6521.84,0.0,26087.36
116575,58742,533,2,10801.02,0.0,21602.04
116576,58743,603,2,18106.09,0.0,36212.18
116577,58744,772,1,6175.25,617.53,5557.72
116578,58744,611,5,15431.65,0.0,77158.25
116579,58744,652,2,13563.11,0.0,27126.22
116580,58744,759,1,8304.75,1245.71,7059.04
116581,58745,578,1,6521.84,0.0,6521.84
116582,58746,696,1,4358.64,653.8,3704.84
116583,58747,625,1,54397.72,0.0,54397.72
116584,58747,638,1,9668.28,0.0,9668.28
116585,58747,652,2,13563.11,0.0,27126.22
116586,58748,701,1,11805.02,0.0,11805.02
116587,58749,774,3,1776.67,1066.0,4264.01
116588,58749,595,1,2237.17,0.0,2237.17
116589,58749,715,1,61205.17,0.0,61205.17
116590,58750,753,2,1068.74,106.87,2030.61
116591,58751,740,2,38799.36,0.0,77598.72
116592,58752,694,3,1970.24,0.0,5910.72
116593,58752,651,2,4691.47,0.0,9382.94
116594,58753,582,1,8407.83,420.39,7987.44
116595,58753,580,1,1023.86,0.0,1023.86
116596,58754,634,1,5262.27,789.34,4472.93
116597,58755,650,1,6201.76,620.18,5581.58
116598,58755,621,2,1304.44,391.33,2217.55
116599,58755,534,1,46679.73,0.0,46679.73
116600,58756,706,3,14673.28,6602.98,37416.86
116601,58756,648,3,1203.65,0.0,3610.95
116602,58757,559,1,5502.85,0.0,5502.85
116603,58757,551,1,3446.79,0.0,3446.79
116604,58758,707,1,626.29,62.63,563.66
116605,58759,772,1,6175.25,926.29,5248.96
116606,58759,754,2,9295.64,3718.26,14873.02
116607,58760,624,1,391.05,0.0,391.05
116608,58761,646,3,6680.81,0.0,20042.43
116609,58761,621,1,1304.44,0.0,1304.44
116610,58761,503,2,1376.24,0.0,2752.48
116611,58762,650,1,6201.76,0.0,6201.76
116612,58763,544,1,6582.2,0.0,6582.2
116613,58763,575,4,253.01,151.81,860.23
116614,58764,535,2,2114.96,0.0,4229.92
116615,58765,625,1,54397.72,8159.66,46238.06
116616,58765,644,2,36167.51,0.0,72335.02
116617,58766,618,1,161.7,0.0,161.7
116618,58767,691,1,12820.07,0.0,12820.07
116619,58767,650,1,6201.76,0.0,6201.76
116620,58767,513,2,1399.58,279.92,2519.24
116621,58768,726,1,983.03,0.0,983.03
116622,58769,792,1,2835.7,0.0,2835.7
116623,58770,548,1,8285.36,1657.07,6628.29
116624,58770,690,2,1805.43,0.0,3610.86
116625,58770,528,1,951.12,0.0,951.12
116626,58771,559,2,5502.85,0.0,11005.7
116627,58772,555,1,9558.13,955.81,8602.32
116628,58773,642,3,6612.07,0.0,19836.21
116629,58774,504,2,3910.83,0.0,7821.66
116630,58774,768,1,10470.08,0.0,10470.08
116631,58775,624,1,391.05,0.0,391.05
116632,58776,539,2,1082.58,0.0,2165.16
116633,58777,591,2,9106.57,910.66,17302.48
116634,58777,644,1,36167.51,0.0,36167.51
116635,58777,618,1,161.7,32.34,129.36
116636,58778,570,2,4486.57,0.0,8973.14
116637,58779,726,2,983.03,0.0,1966.06
116638,58780,608,1,667.69,33.38,634.31
116639,58781,777,1,2061.3,103.07,1958.23
116640,58782,616,1,594.6,29.73,564.87
116641,58783,741,1,1969.25,0.0,1969.25
116642,58784,692,1,7325.8,0.0,7325.8
116643,58784,764,1,38368.4,0.0,38368.4
116644,58784,644,1,36167.51,7233.5,28934.01
116645,58785,792,1,2835.7,141.78,2693.92
116646,58785,531,1,10687.35,1603.1,9084.25
116647,58785,777,1,2061.3,0.0,2061.3
116648,58785,727,1,11354.29,0.0,11354.29
116649,58786,740,1,38799.36,0.0,38799.36
116650,58787,757,2,13097.42,0.0,26194.84
116651,58788,563,2,5426.08,0.0,10852.16
116652,58788,640,1,1058.22,211.64,846.58
116653,58788,774,2,1776.67,710.67,2842.67
116654,58789,706,4,14673.28,8803.97,49889.15
116655,58789,751,2,25845.26,2584.53,49105.99
116656,58790,743,1,892.31,89.23,803.08
116657,58791,576,4,2970.75,0.0,11883.0
116658,58792,691,1,12820.07,0.0,12820.07
116659,58793,552,1,10613.41,0.0,10613.41
116660,58794,553,1,31731.27,0.0,31731.27
116661,58795,549,2,13993.54,1399.35,26587.73
116662,58796,636,1,1717.09,0.0,1717.09
116663,58797,544,1,6582.2,0.0,6582.2
116664,58797,749,3,1601.66,0.0,4804.98
116665,58798,576,2,2970.75,0.0,5941.5
116666,58799,673,2,1038.9,0.0,2077.8
116667,58799,536,1,1067.42,53.37,1014.05
116668,58799,567,1,7980.38,798.04,7182.34
116669,58800,681,1,5353.16,802.97,4550.19
116670,58801,505,1,5998.46,0.0,5998.46
116671,58802,513,1,1399.58,69.98,1329.6
116672,58802,587,1,790.56,118.58,671.98
116673,58802,506,1,1305.17,0.0,1305.17
116674,58802,748,1,2116.96,0.0,2116.96
116675,58803,704,1,1165.72,0.0,1165.72
116676,58803,665,1,2533.05,253.31,2279.74
116677,58803,578,2,6521.84,1304.37,11739.31
116678,58803,530,1,3414.81,512.22,2902.59
116679,58804,745,3,5138.19,0.0,15414.57
116680,58805,552,3,10613.41,4776.03,27064.2
116681,58806,714,1,44813.18,0.0,44813.18
116682,58807,681,10,5353.16,2676.58,50855.02
116683,58808,739,4,9905.71,1981.14,37641.7
116684,58809,570,2,4486.57,0.0,8973.14
116685,58810,708,2,10297.58,0.0,20595.16
116686,58811,721,2,5715.09,0.0,11430.18
116687,58811,683,1,873.55,0.0,873.55
116688,58812,751,1,25845.26,2584.53,23260.73
116689,58812,691,1,12820.07,641.0,12179.07
116690,58812,506,1,1305.17,0.0,1305.17
116691,58812,570,3,4486.57,0.0,13459.71
116692,58813,780,1,3012.88,0.0,3012.88
116693,58813,603,1,18106.09,0.0,18106.09
116694,58814,641,2,3333.39,0.0,6666.78
116695,58814,755,4,923.61,0.0,3694.44
116696,58814,657,2,8779.23,2633.77,14924.69
116697,58814,571,1,11994.11,0.0,11994.11
116698,58815,744,1,6141.59,0.0,6141.59
116699,58816,734,1,839.57,41.98,797.59
116700,58817,527,2,43071.55,4307.16,81835.94
116701,58818,630,3,2387.03,0.0,7161.09
116702,58819,732,2,3277.37,327.74,6227.0
116703,58819,573,2,620.76,0.0,1241.52
116704,58819,670,1,2118.7,317.8,1800.9
116705,58820,502,5,15084.04,0.0,75420.2
116706,58821,756,1,372.34,18.62,353.72
116707,58822,999999,1,1742.37,174.24,1568.13
116708,58822,569,1,46883.02,0.0,46883.02
116709,58823,708,1,10297.58,1029.76,9267.82
116710,58824,628,2,6761.04,676.1,12845.98
116711,58825,652,3,13563.11,0.0,40689.33
116712,58825,756,1,372.34,0.0,0.01
116713,58825,636,1,1717.09,0.0,1717.09
116714,58826,608,1,667.69,66.77,600.92
116715,58827,715,5,61205.17,0.0,0.01
116716,58828,599,1,2796.57,0.0,2796.57
116717,58829,625,2,54397.72,10879.54,97915.9
116718,58830,762,2,886.5,0.0,1773.0
116719,58830,611,1,15431.65,0.0,15431.65
116720,58831,516,2,14192.65,0.0,28385.3
116721,58831,794,1,482.29,24.11,458.18
116722,58832,797,2,1277.35,0.0,2554.7
116723,58833,557,2,783.76,0.0,1567.52
116724,58834,514,1,8817.04,0.0,8817.04
116725,58834,702,1,569.75,0.0,569.75
116726,58834,538,1,8640.93,0.0,8640.93
116727,58834,524,2,1357.31,0.0,2714.62
116728,58835,577,2,795.1,0.0,1590.2
116729,58836,722,2,53128.36,0.0,106256.72
116730,58837,529,1,47474.39,0.0,47474.39
116731,58838,588,1,490.64,0.0,490.64
116732,58838,664,1,18695.4,0.0,18695.4
116733,58838,606,1,290.06,14.5,275.56
116734,58839,736,2,6075.78,0.0,12151.56
116735,58840,505,1,5998.46,0.0,5998.46
116736,58841,539,1,1082.58,54.13,1028.45
116737,58842,534,1,46679.73,0.0,46679.73
116738,58842,745,2,5138.19,1541.46,8734.92
116739,58842,735,1,1557.67,0.0,1557.67
116740,58843,763,3,66.59,0.0,199.77
116741,58844,595,2,2237.17,671.15,3803.19
116742,58844,666,1,4195.88,839.18,3356.7
116743,58844,569,2,46883.02,4688.3,89077.74
116744,58844,532,2,820.25,0.0,1640.5
116745,58845,560,1,407.29,81.46,325.83
116746,58845,735,2,1557.67,623.07,2492.27
116747,58845,695,2,24310.04,4862.01,43758.07
116748,58846,540,2,32834.15,9850.25,55818.05
116749,58846,650,2,6201.76,0.0,12403.52
116750,58847,595,1,2237.17,0.0,2237.17
116751,58847,725,3,6229.36,0.0,18688.08
116752,58848,527,1,43071.55,0.0,43071.55
116753,58849,511,1,856.8,128.52,728.28
116754,58849,598,4,579.36,0.0,2317.44
116755,58849,508,1,5538.85,0.0,5538.85
116756,58850,546,1,12181.16,0.0,12181.16
116757,58850,786,2,5485.59,0.0,10971.18
116758,58851,651,3,4691.47,1407.44,12666.97
116759,58851,525,1,4003.31,0.0,4003.31
116760,58852,642,1,6612.07,0.0,6612.07
116761,58853,502,1,15084.04,754.2,14329.84
116762,58854,704,2,1165.72,0.0,2331.44
116763,58854,616,3,594.6,0.0,1783.8
116764,58855,524,2,1357.31,0.0,2714.62
116765,58856,639,1,5888.93,294.45,5594.48
116766,58857,564,1,1265.51,0.0,1265.51
116767,58858,627,3,348.17,0.0,1044.51
116768,58858,705,2,17197.08,0.0,34394.16
116769,58858,683,5,873.55,0.0,4367.75
116770,58859,569,2,46883.02,0.0,93766.04
116771,58859,752,1,14566.93,0.0,14566.93
116772,58859,531,1,10687.35,1603.1,9084.25
116773,58860,623,1,2674.16,0.0,2674.16
116774,58861,566,2,8272.67,827.27,15718.07
116775,58861,637,1,3516.12,0.0,3516.12
116776,58862,603,2,18106.09,0.0,36212.18
116777,58862,555,3,9558.13,0.0,28674.39
116778,58863,798,1,3816.99,190.85,3626.14
116779,58863,542,1,1742.37,0.0,1742.37
116780,58863,705,1,17197.08,3439.42,13757.66
116781,58863,649,1,699.68,0.0,699.68
116782,58863,637,3,3516.12,1582.25,8966.11
116783,58864,662,1,9986.23,0.0,9986.23
116784,58865,656,2,9107.06,2732.12,15482.0
116785,58866,800,1,2202.18,0.0,2202.18
116786,58866,748,3,2116.96,0.0,6350.88
116787,58867,766,1,4834.22,0.0,4834.22
116788,58867,709,2,5677.52,0.0,11355.04
116789,58867,503,2,1376.24,275.25,2477.23
116790,58868,560,2,407.29,0.0,814.58
116791,58868,544,4,6582.2,1316.44,25012.36
116792,58868,523,1,6428.51,642.85,5785.66
116793,58868,591,2,9106.57,1821.31,16391.83
116794,58869,782,3,9360.71,0.0,28082.13
116795,58869,715,1,61205.17,3060.26,58144.91
116796,58870,790,1,723.68,0.0,723.68
116797,58871,650,1,6201.76,0.0,6201.76
116798,58872,745,2,5138.19,0.0,10276.38
116799,58872,714,1,44813.18,8962.64,35850.54
116800,58873,697,1,17716.2,0.0,17716.2
116801,58874,661,4,16283.24,0.0,65132.96
116802,58874,589,5,17388.16,17388.16,69552.64
116803,58874,656,1,9107.06,455.35,8651.71
116804,58874,555,2,9558.13,2867.44,16248.82
116805,58875,666,2,4195.88,0.0,8391.76
116806,58875,697,1,17716.2,3543.24,14172.96
116807,58875,592,1,1511.43,0.0,1511.43
116808,58876,713,3,5412.77,0.0,16238.31
116809,58876,682,1,707.75,0.0,707.75
116810,58877,653,1,4298.41,214.92,4083.49
116811,58878,630,1,2387.03,0.0,2387.03
116812,58878,739,1,9905.71,0.0,9905.71
116813,58879,617,1,1324.53,0.0,1324.53
116814,58879,567,1,7980.38,1197.06,6783.32
116815,58879,787,1,27577.51,0.0,27577.51
116816,58879,614,1,30296.77,3029.68,27267.09
116817,58880,687,1,1705.39,0.0,1705.39
116818,58880,715,1,61205.17,3060.26,58144.91
116819,58880,676,3,865.11,0.0,2595.33
116820,58880,632,2,2338.49,233.85,4443.13
116821,58880,683,3,873.55,131.03,2489.62
116822,58881,640,1,1058.22,0.0,1058.22
116823,58882,609,1,3589.04,538.36,3050.68
116824,58882,705,1,17197.08,0.0,17197.08
116825,58882,794,3,482.29,0.0,1446.87
116826,58882,620,1,607.15,0.0,607.15
116827,58883,793,4,2448.49,1958.79,7835.17
116828,58884,716,1,1117.48,167.62,949.86
116829,58884,782,3,9360.71,1404.11,26678.02
116830,58884,543,1,4352.44,0.0,4352.44
116831,58885,513,1,1399.58,69.98,1329.6
116832,58885,703,1,2609.04,0.0,2609.04
116833,58886,566,2,8272.67,0.0,16545.34
116834,58887,634,4,5262.27,4209.82,16839.26
116835,58887,696,1,4358.64,0.0,4358.64
116836,58888,625,1,54397.72,0.0,54397.72
116837,58889,652,1,13563.11,0.0,13563.11
116838,58889,612,4,2192.78,438.56,8332.56
116839,58889,655,5,5152.69,1288.17,24475.28
116840,58889,641,1,3333.39,166.67,3166.72
116841,58890,725,1,6229.36,622.94,5606.42
116842,58891,780,1,3012.88,0.0,3012.88
116843,58892,603,1,18106.09,0.0,18106.09
116844,58893,541,2,2124.38,849.75,3399.01
116845,58893,628,1,6761.04,676.1,6084.94
116846,58894,677,-3,3625.43,0.0,3625.43
116847,58894,527,2,43071.55,4307.16,81835.94
116848,58895,792,1,2835.7,0.0,2835.7
116849,58895,655,2,5152.69,0.0,10305.38
116850,58896,547,1,817.17,81.72,735.45
116851,58897,589,-3,17388.16,3477.63,31298.69
116852,58897,545,2,1464.92,0.0,2929.84
116853,58897,713,1,5412.77,0.0,5412.77
116854,58897,535,1,2114.96,0.0,2114.96
116855,58897,611,1,15431.65,771.58,14660.07
116856,58898,697,1,17716.2,0.0,17716.2
116857,58899,526,1,5568.93,0.0,5568.93
116858,58900,746,3,1732.13,0.0,5196.39
116859,58900,670,2,2118.7,0.0,4237.4
116860,58900,656,1,9107.06,0.0,9107.06
116861,58900,530,1,3414.81,341.48,3073.33
116862,58901,621,1,1304.44,195.67,1108.77
116863,58902,599,1,2796.57,0.0,2796.57
116864,58902,512,3,1219.3,365.79,3292.11
116865,58902,799,1,2348.69,0.0,2348.69
116866,58903,524,1,1357.31,135.73,1221.58
116867,58903,747,1,805.8,0.0,805.8
116868,58903,606,1,290.06,0.0,290.06
116869,58903,522,3,39986.91,5998.04,113962.69
116870,58903,599,3,2796.57,0.0,8389.71
116871,58904,752,1,14566.93,0.0,14566.93
116872,58904,778,2,2068.11,827.24,3308.98
116873,58904,598,1,579.36,0.0,579.36
116874,58904,523,2,6428.51,0.0,12857.02
116875,58905,586,1,4444.5,0.0,4444.5
116876,58905,633,1,1617.01,80.85,1536.16
116877,58906,507,1,5384.85,0.0,5384.85
116878,58906,797,2,1277.35,0.0,2554.7
116879,58906,706,2,14673.28,0.0,29346.56
116880,58907,525,1,4003.31,600.5,3402.81
116881,58907,515,2,1144.81,0.0,2289.62
116882,58907,736,-3,6075.78,607.58,5468.2
116883,58907,604,2,5835.32,0.0,11670.64
116884,58908,580,1,1023.86,204.77,819.09
116885,58908,733,1,1597.66,0.0,1597.66
116886,58908,675,1,16586.98,3317.4,13269.58
116887,58908,770,1,2789.39,0.0,2789.39
116888,58909,653,1,4298.41,429.84,3868.57
116889,58909,609,1,3589.04,0.0,3589.04
116890,58910,769,3,1383.36,622.51,3527.57
116891,58910,715,1,61205.17,0.0,61205.17
116892,58911,632,2,2338.49,0.0,4676.98
116893,58912,577,1,795.1,39.76,755.34
116894,58913,728,1,2491.24,0.0,2491.24
116895,58913,662,2,9986.23,998.62,18973.84
116896,58913,769,2,1383.36,0.0,2766.72
116897,58913,765,1,37606.92,3760.69,33846.23
116898,58914,769,1,1383.36,69.17,1314.19
116899,58914,730,1,713.55,0.0,713.55
116900,58915,537,1,7317.24,1097.59,6219.65
116901,58915,792,1,2835.7,0.0,2835.7
116902,58916,765,3,37606.92,5641.04,107179.72
116903,58916,762,2,886.5,88.65,1684.35
116904,58917,770,1,2789.39,0.0,2789.39
116905,58918,614,3,30296.77,4544.52,86345.79
116906,58919,710,2,10731.06,0.0,21462.12
116907,58920,590,3,2022.4,1213.44,4853.76
116908,58920,673,1,1038.9,0.0,1038.9
116909,58920,572,1,1098.59,0.0,1098.59
116910,58921,695,3,24310.04,0.0,72930.12
116911,58922,607,2,10316.31,1031.63,19600.99
116912,58923,605,1,1048.97,0.0,1048.97
116913,58924,781,1,508.19,0.0,508.19
116914,58924,750,1,182.17,0.0,182.17
116915,58925,762,2,886.5,177.3,1595.7
116916,58926,597,1,535.83,26.79,509.04
116917,58926,679,3,53522.92,0.0,160568.76
116918,58926,756,1,372.34,0.0,372.34
116919,58926,780,1,3012.88,0.0,3012.88
116920,58927,671,1,3564.48,0.0,3564.48
116921,58927,789,3,2799.8,0.0,8399.4
116922,58928,597,1,535.83,26.79,509.04
116923,58928,789,3,2799.8,419.97,7979.43
116924,58929,754,1,9295.64,0.0,9295.64
116925,58929,597,1,535.83,0.0,535.83
116926,58929,525,1,4003.31,400.33,3602.98
116927,58930,564,0,1265.51,0.0,5062.04
116928,58930,599,2,2796.57,1118.63,4474.51
116929,58931,533,1,10801.02,0.0,10801.02
116930,58932,677,5,3625.43,0.0,18127.15
116931,58933,746,2,1732.13,0.0,3464.26
116932,58934,753,5,1068.74,0.0,5343.7
116933,58935,560,2,407.29,0.0,814.58
116934,58936,773,1,5708.39,0.0,5708.39
116935,58936,584,1,1377.03,137.7,1239.33
116936,58936,633,1,1617.01,0.0,1617.01
116937,58937,626,1,236.68,11.83,224.85
116938,58937,788,4,8889.42,0.0,35557.68
116939,58937,630,1,2387.03,0.0,2387.03
116940,58938,625,1,54397.72,0.0,54397.72
116941,58939,527,1,43071.55,0.0,43071.55
116942,58939,506,1,1305.17,65.26,1239.91
116943,58939,727,1,11354.29,1703.14,9651.15
116944,58940,527,1,43071.55,0.0,43071.55
116945,58941,686,1,4182.59,0.0,4182.59
116946,58942,599,1,2796.57,0.0,2796.57
116947,58943,581,2,2900.19,290.02,5510.36
116948,58944,660,1,3268.31,0.0,3268.31
116949,58945,547,1,817.17,0.0,817.17
116950,58945,752,1,14566.93,728.35,13838.58
116951,58946,595,1,2237.17,0.0,2237.17
116952,58946,745,1,5138.19,513.82,4624.37
116953,58947,556,1,3671.69,183.58,3488.11
116954,58947,537,1,7317.24,731.72,6585.52
116955,58947,541,1,2124.38,106.22,2018.16
116956,58948,585,2,29624.84,0.0,59249.68
116957,58949,679,1,53522.92,2676.15,50846.77
116958,58949,526,1,5568.93,278.45,5290.48
116959,58949,762,3,886.5,0.0,2659.5
116960,58949,747,3,805.8,362.61,2054.79
116961,58949,530,3,3414.81,0.0,10244.43
116962,58950,659,2,364.24,0.0,728.48
116963,58950,697,1,17716.2,2657.43,15058.77
116964,58951,517,4,12096.53,0.0,48386.12
116965,58951,734,1,839.57,83.96,755.61
116966,58952,672,2,9227.41,0.0,18454.82
116967,58953,683,1,873.55,0.0,873.55
116968,58954,742,1,31236.95,3123.7,28113.25
116969,58954,625,2,54397.72,0.0,108795.44
116970,58955,548,2,8285.36,0.0,16570.72
116971,58956,603,1,18106.09,0.0,18106.09
116972,58956,754,1,9295.64,0.0,9295.64
116973,58956,599,1,2796.57,559.31,2237.26
116974,58957,593,2,1214.64,0.0,2429.28
116975,58957,710,3,10731.06,6438.64,25754.54
116976,58958,525,1,4003.31,0.0,4003.31
116977,58958,529,2,47474.39,0.0,94948.78
116978,58958,510,2,640.28,64.03,1216.53
116979,58958,735,2,1557.67,155.77,2959.57
116980,58959,661,1,16283.24,0.0,16283.24
116981,58959,582,1,8407.83,0.0,8407.83
116982,58959,558,1,9344.26,0.0,9344.26
116983,58959,566,3,8272.67,0.0,24818.01
116984,58960,783,4,39234.63,23540.78,133397.74
116985,58961,761,2,1440.57,576.23,2304.91
116986,58961,670,1,2118.7,0.0,2118.7
116987,58962,507,1,5384.85,538.49,4846.36
116988,58963,709,1,5677.52,0.0,5677.52
116989,58963,756,1,372.34,0.0,372.34
116990,58964,660,1,3268.31,0.0,3268.31
116991,58964,730,2,713.55,0.0,1427.1
116992,58965,749,10,1601.66,0.0,16016.6
116993,58965,697,2,17716.2,0.0,35432.4
116994,58966,590,1,2022.4,202.24,1820.16
116995,58967,759,1,8304.75,0.0,8304.75
116996,58967,677,1,3625.43,0.0,3625.43
116997,58967,509,2,3363.13,1345.25,5381.01
116998,58967,693,1,1213.14,0.0,1213.14
116999,58967,727,1,11354.29,2270.86,9083.43
117000,58968,551,1,3446.79,0.0,3446.79
117001,58969,718,1,6766.17,0.0,6766.17
117002,58969,703,1,2609.04,0.0,2609.04
117003,58969,598,2,579.36,0.0,1158.72
117004,58970,568,1,5802.78,580.28,5222.5
117005,58970,675,1,16586.98,1658.7,14928.28
117006,58971,591,1,9106.57,910.66,8195.91
117007,58971,643,1,55447.46,0.0,55447.46
117008,58972,654,2,2895.35,0.0,5790.7
117009,58973,572,3,1098.59,329.58,2966.19
117010,58974,716,2,1117.48,446.99,1787.97
117011,58974,739,10,9905.71,0.0,99057.1
117012,58974,791,4,11369.6,4547.84,40930.56
117013,58975,581,2,2900.19,580.04,5220.34
117014,58976,776,1,1371.98,205.8,1166.18
117015,58977,767,1,2764.13,0.0,2764.13
117016,58977,534,2,46679.73,4667.97,88691.49
117017,58978,617,1,1324.53,66.23,1258.3
117018,58978,661,1,16283.24,0.0,16283.24
117019,58978,653,2,4298.41,0.0,8596.82
117020,58978,544,1,6582.2,658.22,5923.98
117021,58979,700,2,6725.93,0.0,13451.86
117022,58979,761,2,1440.57,0.0,2881.14
117023,58979,615,1,24337.83,0.0,24337.83
117024,58980,741,2,1969.25,0.0,3938.5
117025,58980,681,1,5353.16,267.66,5085.5
117026,58981,766,1,4834.22,0.0,4834.22
117027,58982,535,2,2114.96,211.5,4018.42
117028,58982,664,1,18695.4,0.0,18695.4
117029,58983,505,1,5998.46,0.0,5998.46
117030,58984,563,1,5426.08,0.0,5426.08
117031,58984,768,2,10470.08,0.0,20940.16
117032,58985,719,1,15471.04,1547.1,13923.94
117033,58985,717,2,902.81,0.0,1805.62
117034,58985,539,1,1082.58,216.52,866.06
117035,58986,663,1,1339.76,66.99,1272.77
117036,58987,613,1,11372.12,0.0,11372.12
117037,58987,697,1,17716.2,1771.62,15944.58
117038,58988,511,3,856.8,257.04,2313.36
117039,58989,709,5,5677.52,2838.76,25548.84
117040,58989,636,2,1717.09,0.0,3434.18
117041,58989,747,1,805.8,0.0,805.8
117042,58990,588,1,490.64,98.13,392.51
117043,58991,767,1,2764.13,276.41,2487.72
117044,58991,756,1,372.34,37.23,335.11
117045,58991,763,1,66.59,0.0,66.59
117046,58992,547,1,817.17,0.0,817.17
117047,58992,665,1,2533.05,0.0,2533.05
117048,58993,594,1,55089.87,5508.99,49580.88
117049,58993,650,1,6201.76,620.18,5581.58
117050,58994,513,1,1399.58,0.0,1399.58
117051,58994,718,2,6766.17,2029.85,11502.49
117052,58995,592,1,1511.43,302.29,1209.14
117053,58996,685,1,9687.25,484.36,9202.89
117054,58997,534,1,46679.73,0.0,46679.73
117055,58997,568,3,5802.78,0.0,17408.34
117056,58998,738,2,4031.99,0.0,8063.98
117057,58999,512,2,1219.3,0.0,2438.6
117058,58999,735,2,1557.67,0.0,3115.34
117059,58999,523,1,6428.51,321.43,6107.08
117060,58999,691,3,12820.07,1923.01,36537.2
117061,59000,610,1,26733.01,0.0,26733.01
117062,59000,583,1,9641.6,0.0,9641.6
117063,59001,745,2,5138.19,513.82,9762.56
117064,59001,610,2,26733.01,10693.2,42772.82
117065,59001,638,1,9668.28,483.41,9184.87
117066,59001,773,1,5708.39,0.0,5708.39
117067,59002,639,1,5888.93,0.0,5888.93
117068,59002,651,1,4691.47,234.57,4456.9
117069,59002,558,2,9344.26,0.0,18688.52
117070,59002,504,3,3910.83,1173.25,10559.24
117071,59003,699,1,713.36,71.34,642.02
117072,59003,570,1,4486.57,0.0,4486.57
117073,59003,514,2,8817.04,0.0,17634.08
117074,59003,530,1,3414.81,0.0,3414.81
117075,59004,718,1,6766.17,0.0,6766.17
117076,59004,575,3,253.01,0.0,759.03
117077,59005,693,1,1213.14,121.31,1091.83
117078,59006,542,1,1742.37,174.24,1568.13
117079,59006,590,2,2022.4,202.24,3842.56
117080,59007,620,1,607.15,0.0,607.15
117081,59008,718,3,6766.17,0.0,20298.51
117082,59008,790,1,723.68,72.37,651.31
117083,59009,658,5,711.18,533.38,3022.52
117084,59010,508,1,5538.85,276.94,5261.91
117085,59010,578,4,6521.84,5217.47,20869.89
117086,59011,660,1,3268.31,0.0,3268.31
117087,59011,595,1,2237.17,0.0,2237.17
117088,59012,687,1,1705.39,85.27,1620.12
117089,59012,601,1,17813.81,890.69,16923.12
117090,59013,687,1,1705.39,0.0,1705.39
117091,59014,663,1,1339.76,66.99,1272.77
117092,59015,570,1,4486.57,0.0,4486.57
117093,59015,668,0,1156.71,0.0,4626.84
117094,59016,690,1,1805.43,0.0,1805.43
117095,59017,774,2,1776.67,0.0,3553.34
117096,59018,738,1,4031.99,201.6,3830.39
117097,59018,666,1,4195.88,0.0,4195.88
117098,59019,628,3,6761.04,0.0,20283.12
117099,59019,771,1,1072.89,0.0,1072.89
117100,59020,738,2,4031.99,0.0,8063.98
117101,59021,777,1,2061.3,309.19,1752.11
117102,59021,611,1,15431.65,0.0,15431.65
117103,59021,999999,1,1970.24,0.0,1970.24
117104,59022,685,3,9687.25,0.0,29061.75
117105,59022,780,2,3012.88,903.86,5121.9
117106,59023,742,1,31236.95,3123.7,28113.25
117107,59023,783,1,39234.63,3923.46,35311.17
117108,59024,708,2,10297.58,4119.03,16476.13
117109,59025,578,1,6521.84,0.0,6521.84
117110,59026,595,1,2237.17,111.86,2125.31
117111,59027,552,2,10613.41,3184.02,18042.8
117112,59028,723,1,3644.62,0.0,3644.62
117113,59029,567,1,7980.38,0.0,7980.38
117114,59029,579,1,17100.24,0.0,17100.24
117115,59029,797,1,1277.35,0.0,1277.35
117116,59030,758,2,2596.01,259.6,4932.42
117117,59031,794,1,482.29,48.23,434.06
117118,59031,706,2,14673.28,0.0,29346.56
117119,59032,674,1,7676.03,0.0,7676.03
117120,59032,650,1,6201.76,0.0,6201.76
117121,59033,761,1,1440.57,216.09,1224.48
117122,59033,781,1,508.19,25.41,482.78
117123,59034,593,1,1214.64,60.73,1153.91
117124,59034,676,1,865.11,43.26,821.85
117125,59035,530,1,3414.81,341.48,3073.33
117126,59036,503,1,1376.24,206.44,1169.8
117127,59037,659,1,364.24,0.0,364.24
117128,59037,547,1,817.17,40.86,776.31
117129,59037,788,1,8889.42,444.47,8444.95
117130,59037,543,1,4352.44,0.0,4352.44
117131,59038,644,1,36167.51,0.0,36167.51
117132,59039,534,1,46679.73,0.0,46679.73
117133,59039,570,1,4486.57,0.0,4486.57
117134,59040,561,1,2177.62,217.76,1959.86
117135,59041,620,1,607.15,0.0,607.15
117136,59042,790,1,723.68,0.0,723.68
117137,59043,556,1,3671.69,0.0,3671.69
117138,59044,644,2,36167.51,0.0,72335.02
117139,59045,688,3,9656.12,0.0,28968.36
117140,59045,714,2,44813.18,0.0,89626.36
117141,59045,607,1,10316.31,1031.63,9284.68
117142,59045,547,1,817.17,0.0,817.17
117143,59046,634,2,5262.27,0.0,10524.54
117144,59046,792,3,2835.7,0.0,8507.1
117145,59047,588,3,490.64,0.0,1471.92
117146,59047,674,2,7676.03,0.0,15352.06
117147,59047,544,1,6582.2,658.22,5923.98
117148,59048,556,1,3671.69,734.34,2937.35
117149,59048,779,1,9166.85,0.0,9166.85
117150,59048,700,2,6725.93,2017.78,11434.08
117151,59049,501,2,45292.52,0.0,90585.04
117152,59050,644,1,36167.51,0.0,36167.51
117153,59050,632,1,2338.49,233.85,2104.64
117154,59051,671,1,3564.48,0.0,3564.48
117155,59052,788,1,8889.42,1777.88,7111.54
117156,59052,771,3,1072.89,0.0,3218.67
117157,59052,699,2,713.36,0.0,1426.72
117158,59053,581,5,2900.19,725.05,13775.9
117159,59053,629,1,717.69,0.0,717.69
117160,59053,670,3,2118.7,0.0,6356.1
117161,59054,568,1,5802.78,0.0,5802.78
117162,59054,625,1,54397.72,0.0,54397.72
117163,59054,792,2,2835.7,0.0,5671.4
117164,59054,794,3,482.29,72.34,1374.53
117165,59055,544,1,6582.2,329.11,6253.09
117166,59055,789,5,2799.8,699.95,13299.05
117167,59055,639,1,5888.93,0.0,5888.93
117168,59055,650,1,6201.76,0.0,6201.76
117169,59056,695,3,24310.04,0.0,72930.12
117170,59057,756,1,372.34,0.0,372.34
117171,59058,584,1,1377.03,0.0,1377.03
117172,59059,655,1,5152.69,0.0,5152.69
117173,59059,796,3,1462.48,0.0,4387.44
117174,59060,696,10,4358.64,4358.64,39227.76
117175,59060,774,1,1776.67,0.0,1776.67
117176,59061,780,2,3012.88,602.58,5423.18
117177,59061,512,1,1219.3,0.0,1219.3
117178,59061,557,1,783.76,39.19,744.57
117179,59062,725,1,6229.36,622.94,5606.42
117180,59063,562,3,1170.27,0.0,3510.81
117181,59063,705,1,17197.08,2579.56,14617.52
117182,59064,652,2,13563.11,1356.31,25769.91
117183,59065,662,1,9986.23,499.31,9486.92
117184,59065,584,2,1377.03,275.41,2478.65
117185,59065,518,1,49561.42,0.0,49561.42
117186,59065,760,2,11301.08,0.0,22602.16
117187,59065,606,1,290.06,58.01,232.05
117188,59066,767,1,2764.13,276.41,2487.72
117189,59067,662,1,9986.23,1497.93,8488.3
117190,59068,762,1,886.5,0.0,886.5
117191,59069,644,1,36167.51,0.0,36167.51
117192,59069,559,2,5502.85,0.0,11005.7
117193,59070,567,2,7980.38,2394.11,13566.65
117194,59071,680,2,1294.32,258.86,2329.78
117195,59072,566,1,8272.67,0.0,8272.67
117196,59073,738,2,4031.99,0.0,8063.98
117197,59073,756,2,372.34,0.0,744.68
117198,59073,767,1,2764.13,276.41,2487.72
117199,59074,649,3,699.68,209.9,1889.14
117200,59075,618,1,161.7,0.0,161.7
117201,59075,682,1,707.75,35.39,672.36
117202,59075,747,2,805.8,0.0,1611.6
117203,59076,615,2,24337.83,0.0,48675.66
117204,59076,637,1,3516.12,0.0,3516.12
117205,59077,695,1,24310.04,4862.01,19448.03
117206,59078,784,1,1641.14,0.0,1641.14
117207,59079,656,1,9107.06,455.35,8651.71
117208,59080,726,1,983.03,196.61,786.42
117209,59081,755,1,923.61,0.0,923.61
117210,59082,780,1,3012.88,301.29,2711.59
117211,59083,999999,3,2900.19,435.03,8265.54
117212,59084,667,3,558.92,83.84,1592.92
117213,59084,724,1,2567.59,0.0,2567.59
117214,59085,697,2,17716.2,0.0,35432.4
117215,59086,720,1,3038.53,151.93,2886.6
117216,59087,688,1,9656.12,482.81,9173.31
117217,59087,656,1,9107.06,0.0,9107.06
117218,59088,746,1,1732.13,0.0,1732.13
117219,59088,572,1,1098.59,0.0,1098.59
117220,59089,666,1,4195.88,0.0,4195.88
117221,59089,694,1,1970.24,394.05,1576.19
117222,59089,580,10,1023.86,1023.86,9214.74
117223,59089,637,1,3516.12,0.0,3516.12
117224,59090,724,1,2567.59,0.0,2567.59
117225,59091,672,1,9227.41,0.0,9227.41
117226,59092,613,1,11372.12,2274.42,9097.7
117227,59092,602,2,817.44,0.0,1634.88
117228,59092,619,1,577.92,115.58,462.34
117229,59093,565,2,322.27,0.0,644.54
117230,59094,678,1,37877.29,0.0,37877.29
117231,59094,709,2,5677.52,0.0,11355.04
117232,59095,711,2,5931.42,0.0,11862.84
117233,59096,570,2,4486.57,0.0,8973.14
117234,59096,590,1,2022.4,0.0,2022.4
117235,59096,735,4,1557.67,934.6,5296.08
117236,59096,550,2,3272.22,0.0,6544.44
117237,59097,756,2,372.34,0.0,744.68
117238,59097,786,1,5485.59,1097.12,4388.47
117239,59097,764,1,38368.4,0.0,38368.4
117240,59097,559,3,5502.85,2476.28,14032.27
117241,59098,549,1,13993.54,699.68,13293.86
117242,59098,729,1,2699.1,0.0,2699.1
117243,59099,520,1,1736.99,173.7,1563.29
117244,59100,661,1,16283.24,3256.65,13026.59
117245,59100,712,1,12089.2,604.46,11484.74
117246,59101,559,1,5502.85,0.0,5502.85
117247,59102,736,1,6075.78,0.0,6075.78
117248,59102,594,3,55089.87,0.0,165269.61
117249,59102,749,2,1601.66,480.5,2722.82
117250,59102,646,1,6680.81,0.0,6680.81
117251,59102,611,1,15431.65,0.0,15431.65
117252,59103,625,1,54397.72,0.0,54397.72
117253,59103,739,1,9905.71,0.0,9905.71
117254,59104,607,1,10316.31,0.0,10316.31
117255,59105,722,2,53128.36,10625.67,95631.05
117256,59106,694,1,1970.24,0.0,1970.24
117257,59107,637,1,3516.12,0.0,3516.12
117258,59108,793,1,2448.49,0.0,2448.49
117259,59109,582,2,8407.83,0.0,16815.66
117260,59109,672,3,9227.41,0.0,27682.23
117261,59109,569,1,46883.02,0.0,46883.02
117262,59110,743,3,892.31,0.0,2676.93
117263,59110,604,3,5835.32,2625.89,14880.07
117264,59110,641,1,3333.39,0.0,3333.39
117265,59111,689,1,11449.91,0.0,11449.91
117266,59111,686,1,4182.59,627.39,3555.2
117267,59111,548,5,8285.36,2071.34,39355.46
117268,59112,671,1,3564.48,0.0,3564.48
117269,59113,733,1,1597.66,0.0,1597.66
117270,59113,792,1,2835.7,0.0,2835.7
117271,59114,789,1,2799.8,139.99,2659.81
117272,59115,516,1,14192.65,0.0,14192.65
117273,59115,564,4,1265.51,0.0,5062.04
117274,59116,674,3,7676.03,3454.21,19573.88
117275,59117,683,1,873.55,0.0,873.55
117276,59118,635,1,3079.07,0.0,3079.07
117277,59118,530,1,3414.81,0.0,3414.81
117278,59119,770,1,2789.39,0.0,2789.39
117279,59120,649,1,699.68,0.0,699.68
117280,59121,656,1,9107.06,0.0,9107.06
117281,59122,669,1,5183.71,0.0,5183.71
117282,59122,740,1,38799.36,0.0,38799.36
117283,59123,724,1,2567.59,0.0,2567.59
117284,59124,583,2,9641.6,0.0,19283.2
117285,59124,512,3,1219.3,548.68,3109.22
117286,59124,660,1,3268.31,0.0,3268.31
117287,59125,616,1,594.6,0.0,594.6
117288,59125,678,3,37877.29,0.0,113631.87
117289,59126,586,4,4444.5,0.0,17778.0
117290,59127,566,2,8272.67,0.0,16545.34
117291,59127,533,3,10801.02,3240.31,29162.75
117292,59128,597,1,535.83,0.0,535.83
117293,59129,715,4,61205.17,0.0,244820.68
117294,59129,752,1,14566.93,0.0,14566.93
117295,59130,705,-1,17197.08,859.85,16337.23
117296,59131,663,1,1339.76,200.96,1138.8
117297,59132,634,5,5262.27,0.0,26311.35
117298,59132,560,2,407.29,0.0,814.58
117299,59132,706,2,14673.28,1467.33,27879.23
117300,59132,688,1,9656.12,0.0,9656.12
117301,59133,784,1,1641.14,164.11,1477.03
117302,59133,754,3,9295.64,0.0,27886.92
117303,59133,714,1,44813.18,0.0,44813.18
117304,59134,592,1,1511.43,0.0,1511.43
117305,59135,734,1,839.57,0.0,839.57
117306,59135,502,1,15084.04,754.2,14329.84
117307,59136,671,1,3564.48,0.0,3564.48
117308,59136,549,1,13993.54,0.0,13993.54
117309,59136,693,1,1213.14,181.97,1031.17
117310,59136,793,1,2448.49,367.27,2081.22
117311,59136,735,-3,1557.67,0.0,1557.67
117312,59137,604,2,5835.32,0.0,11670.64
117313,59138,662,4,9986.23,3994.49,35950.43
117314,59139,594,1,55089.87,0.0,55089.87
117315,59139,565,2,322.27,32.23,612.31
117316,59139,694,3,1970.24,0.0,5910.72
117317,59140,554,1,5371.45,537.14,4834.31
117318,59140,686,1,4182.59,418.26,3764.33
117319,59140,577,1,795.1,0.0,795.1
117320,59141,603,1,18106.09,0.0,18106.09
117321,59142,695,4,24310.04,0.0,97240.16
117322,59142,999999,1,12089.2,1813.38,10275.82
117323,59143,724,2,2567.59,0.0,5135.18
117324,59143,619,1,577.92,28.9,549.02
117325,59144,766,3,4834.22,0.0,14502.66
117326,59144,531,4,10687.35,0.0,42749.4
117327,59145,726,1,983.03,0.0,983.03
117328,59146,637,1,3516.12,703.22,2812.9
117329,59146,676,3,865.11,0.0,2595.33
117330,59147,681,3,5353.16,0.0,16059.48
117331,59148,592,1,1511.43,0.0,1511.43
117332,59148,789,1,2799.8,419.97,2379.83
117333,59149,683,2,873.55,0.0,1747.1
117334,59149,739,3,9905.71,0.0,29717.13
117335,59150,585,1,29624.84,2962.48,26662.36
117336,59151,716,1,1117.48,167.62,949.86
117337,59151,584,10,1377.03,688.51,13081.79
117338,59151,667,1,558.92,55.89,503.03
117339,59152,688,3,9656.12,2896.84,26071.52
117340,59152,800,1,2202.18,0.0,2202.18
117341,59153,756,3,372.34,0.0,1117.02
117342,59154,591,1,9106.57,1821.31,7285.26
117343,59154,598,3,579.36,0.0,1738.08
117344,59155,514,3,8817.04,0.0,26451.12
117345,59155,535,2,2114.96,422.99,3806.93
117346,59155,638,5,9668.28,2417.07,45924.33
117347,59156,551,4,3446.79,0.0,13787.16
117348,59156,775,2,3454.82,0.0,6909.64
117349,59157,537,4,7317.24,2926.9,26342.06
117350,59157,779,1,9166.85,0.0,9166.85
117351,59157,672,1,9227.41,0.0,9227.41
117352,59157,748,1,2116.96,105.85,2011.11
117353,59158,685,1,9687.25,968.73,8718.52
117354,59159,776,1,1371.98,68.6,1303.38
117355,59159,546,1,12181.16,0.0,12181.16
117356,59160,508,1,5538.85,553.89,4984.96
117357,59161,507,-1,5384.85,269.24,5115.61
117358,59161,599,1,2796.57,0.0,2796.57
117359,59161,646,1,6680.81,334.04,6346.77
117360,59161,533,1,10801.02,540.05,10260.97
117361,59162,681,2,5353.16,0.0,10706.32
117362,59163,637,1,3516.12,703.22,2812.9
117363,59163,614,1,30296.77,0.0,30296.77
117364,59163,619,1,577.92,0.0,577.92
117365,59164,730,1,713.55,142.71,570.84
117366,59165,722,2,53128.36,0.0,106256.72
117367,59165,783,1,39234.63,0.0,39234.63
117368,59166,728,1,2491.24,249.12,2242.12
117369,59166,626,5,236.68,236.68,946.72
117370,59166,782,1,9360.71,0.0,9360.71
117371,59167,695,1,24310.04,0.0,24310.04
117372,59167,635,1,3079.07,615.81,2463.26
117373,59168,780,2,3012.88,301.29,5724.47
117374,59168,781,2,508.19,0.0,1016.38
117375,59168,575,1,253.01,12.65,240.36
117376,59169,683,4,873.55,0.0,3494.2
117377,59169,565,1,322.27,16.11,306.16
117378,59170,626,5,236.68,0.0,1183.4
117379,59170,746,3,1732.13,259.82,4936.57
117380,59171,590,2,2022.4,202.24,3842.56
117381,59172,732,2,3277.37,0.0,6554.74
117382,59172,561,1,2177.62,0.0,2177.62
117383,59173,637,1,3516.12,0.0,3516.12
117384,59173,554,1,5371.45,0.0,5371.45
117385,59173,555,1,9558.13,0.0,9558.13
117386,59173,792,10,2835.7,0.0,28357.0
117387,59173,668,1,1156.71,0.0,1156.71
117388,59174,567,1,7980.38,798.04,7182.34
117389,59174,518,1,49561.42,4956.14,44605.28
117390,59175,544,1,6582.2,0.0,6582.2
117391,59176,999999,1,5677.52,567.75,5109.77
117392,59177,714,2,44813.18,4481.32,85145.04
117393,59178,692,2,7325.8,0.0,14651.6
117394,59179,744,3,6141.59,0.0,18424.77
117395,59180,755,1,923.61,92.36,831.25
117396,59180,513,2,1399.58,0.0,2799.16
117397,59180,536,1,1067.42,0.0,1067.42
117398,59181,671,1,3564.48,0.0,3564.48
117399,59182,654,4,2895.35,1158.14,10423.26
117400,59182,722,1,53128.36,2656.42,50471.94
117401,59182,691,1,12820.07,0.0,12820.07
117402,59182,785,2,1136.17,227.23,2045.11
117403,59182,696,1,4358.64,0.0,4358.64
117404,59183,743,4,892.31,0.0,3569.24
117405,59184,757,2,13097.42,0.0,26194.84
117406,59184,702,1,569.75,56.98,512.77
117407,59184,518,1,49561.42,0.0,49561.42
117408,59184,538,1,8640.93,432.05,8208.88
117409,59184,628,2,6761.04,0.0,13522.08
117410,59185,642,1,6612.07,0.0,6612.07
117411,59186,582,3,8407.83,0.0,25223.49
117412,59186,768,1,10470.08,0.0,10470.08
117413,59187,760,2,11301.08,0.0,22602.16
117414,59187,559,2,5502.85,550.29,10455.41
117415,59188,549,1,13993.54,0.0,13993.54
117416,59189,606,2,290.06,0.0,580.12
117417,59190,746,2,1732.13,346.43,3117.83
117418,59190,630,2,2387.03,0.0,4774.06
117419,59190,559,5,5502.85,4127.14,23387.11
117420,59190,550,2,3272.22,0.0,6544.44
117421,59190,600,3,6469.3,0.0,19407.9
117422,59191,570,1,4486.57,0.0,4486.57
117423,59192,655,2,5152.69,0.0,10305.38
117424,59193,583,1,9641.6,482.08,9159.52
117425,59194,643,1,55447.46,0.0,55447.46
117426,59194,693,1,1213.14,0.0,1213.14
117427,59194,575,1,253.01,0.0,253.01
117428,59194,534,2,46679.73,4667.97,88691.49
117429,59194,654,1,2895.35,0.0,2895.35
117430,59195,792,1,2835.7,0.0,2835.7
117431,59196,587,1,790.56,0.0,790.56
117432,59197,781,1,508.19,25.41,482.78
117433,59198,532,1,820.25,0.0,820.25
117434,59198,657,2,8779.23,0.0,17558.46
117435,59198,685,1,9687.25,0.0,9687.25
117436,59199,790,3,723.68,325.66,1845.38
117437,59200,709,2,5677.52,1703.26,9651.78
117438,59200,524,1,1357.31,135.73,1221.58
117439,59200,768,-3,10470.08,0.0,10470.08
117440,59201,682,10,707.75,0.0,7077.5
117441,59202,611,1,15431.65,0.0,15431.65
117442,59203,795,5,18501.43,4625.36,87881.79
117443,59203,720,1,3038.53,0.0,3038.53
117444,59204,694,2,1970.24,0.0,3940.48
117445,59205,648,2,1203.65,0.0,2407.3
117446,59206,645,2,3816.62,0.0,7633.24
117447,59206,541,1,2124.38,0.0,2124.38
117448,59206,662,1,9986.23,0.0,9986.23
117449,59206,539,4,1082.58,0.0,4330.32
117450,59207,634,1,5262.27,0.0,5262.27
117451,59207,567,2,7980.38,0.0,15960.76
117452,59207,787,1,27577.51,1378.88,26198.63
117453,59208,504,2,3910.83,0.0,7821.66
117454,59208,775,2,3454.82,0.0,6909.64
117455,59209,626,1,236.68,0.0,236.68
117456,59210,524,3,1357.31,610.79,3461.14
117457,59211,675,1,16586.98,0.0,16586.98
117458,59211,660,3,3268.31,0.0,9804.93
117459,59212,600,1,6469.3,0.0,6469.3
117460,59213,749,3,1601.66,0.0,4804.98
117461,59213,664,1,18695.4,934.77,17760.63
117462,59214,580,2,1023.86,102.39,1945.33
117463,59214,645,1,3816.62,0.0,3816.62
117464,59214,614,2,30296.77,0.0,60593.54
117465,59214,515,1,1144.81,0.0,1144.81
117466,59215,660,1,3268.31,163.42,3104.89
117467,59215,582,3,8407.83,0.0,25223.49
117468,59215,671,1,3564.48,534.67,3029.81
117469,59215,776,1,1371.98,68.6,1303.38
117470,59216,624,3,391.05,0.0,1173.15
117471,59216,562,1,1170.27,0.0,1170.27
117472,59216,732,1,3277.37,163.87,3113.5
117473,59217,603,1,18106.09,1810.61,16295.48
117474,59218,633,1,1617.01,161.7,1455.31
117475,59218,798,1,3816.99,190.85,3626.14
117476,59219,636,1,1717.09,0.0,1717.09
117477,59220,502,1,15084.04,0.0,15084.04
117478,59220,527,2,43071.55,0.0,86143.1
117479,59221,697,1,17716.2,1771.62,15944.58
117480,59222,654,1,2895.35,144.77,2750.58
117481,59223,786,1,5485.59,0.0,5485.59
117482,59224,729,4,2699.1,539.82,10256.58
117483,59225,642,1,6612.07,330.6,6281.47
117484,59226,505,1,5998.46,0.0,5998.46
117485,59226,565,1,322.27,0.0,322.27
117486,59227,657,1,8779.23,438.96,8340.27
117487,59228,711,2,5931.42,0.0,11862.84
117488,59229,684,1,59645.43,0.0,59645.43
117489,59230,722,1,53128.36,0.0,53128.36
117490,59231,730,2,713.55,214.06,1213.04
117491,59231,546,1,12181.16,0.0,12181.16
117492,59231,743,1,892.31,133.85,758.46
117493,59232,676,3,865.11,0.0,2595.33
117494,59232,701,1,11805.02,1180.5,10624.52
117495,59233,727,1,11354.29,0.0,11354.29
117496,59234,747,1,805.8,120.87,684.93
117497,59234,712,1,12089.2,0.0,12089.2
117498,59234,733,2,1597.66,159.77,3035.55
117499,59235,759,1,8304.75,0.0,8304.75
117500,59236,618,1,161.7,0.0,161.7
117501,59237,780,2,3012.88,0.0,6025.76
117502,59238,501,1,45292.52,0.0,0.01
117503,59239,612,2,2192.78,0.0,4385.56
117504,59239,518,4,49561.42,19824.57,178421.11
117505,59239,774,1,1776.67,88.83,1687.84
117506,59239,671,1,3564.48,0.0,3564.48
117507,59239,690,1,1805.43,0.0,1805.43
117508,59240,687,2,1705.39,0.0,3410.78
117509,59241,531,2,10687.35,4274.94,17099.76
117510,59242,719,-3,15471.04,1547.1,13923.94
117511,59242,582,1,8407.83,0.0,8407.83
117512,59243,696,1,4358.64,871.73,3486.91
117513,59244,617,1,1324.53,66.23,1258.3
117514,59244,683,1,873.55,43.68,829.87
117515,59245,650,2,6201.76,0.0,12403.52
117516,59246,595,3,2237.17,0.0,6711.51
117517,59246,766,-1,4834.22,483.42,4350.8
117518,59247,733,1,1597.66,0.0,1597.66
117519,59247,755,2,923.61,0.0,1847.22
117520,59248,725,5,6229.36,0.0,31146.8
117521,59248,520,1,1736.99,86.85,1650.14
117522,59248,514,1,8817.04,440.85,8376.19
117523,59248,565,4,322.27,128.91,1160.17
117524,59249,776,3,1371.98,0.0,4115.94
117525,59249,666,2,4195.88,0.0,8391.76
117526,59250,744,1,6141.59,0.0,6141.59
117527,59251,523,1,6428.51,0.0,6428.51
117528,59252,646,1,6680.81,0.0,6680.81
117529,59252,611,1,15431.65,771.58,14660.07
117530,59253,554,1,5371.45,268.57,5102.88
117531,59253,782,1,9360.71,468.04,8892.67
117532,59253,641,1,3333.39,0.0,3333.39
117533,59253,681,2,5353.16,0.0,10706.32
117534,59254,562,1,1170.27,58.51,1111.76
117535,59254,631,4,1647.26,658.9,5930.14
117536,59254,689,2,11449.91,0.0,22899.82
117537,59255,785,2,1136.17,0.0,2272.34
117538,59256,703,2,2609.04,0.0,5218.08
117539,59256,615,1,24337.83,2433.78,21904.05
117540,59256,719,1,15471.04,0.0,15471.04
117541,59257,756,1,372.34,0.0,372.34
117542,59258,560,1,407.29,0.0,407.29
117543,59259,710,1,10731.06,0.0,10731.06
117544,59260,687,1,1705.39,0.0,1705.39
117545,59260,518,1,49561.42,0.0,49561.42
117546,59260,669,1,5183.71,259.19,4924.52
117547,59261,624,2,391.05,0.0,782.1
117548,59262,650,3,6201.76,1860.53,16744.75
117549,59263,678,2,37877.29,0.0,75754.58
117550,59264,541,1,2124.38,0.0,2124.38
117551,59265,799,3,2348.69,1056.91,5989.16
117552,59265,624,2,391.05,117.31,664.79
117553,59266,728,2,2491.24,0.0,4982.48
117554,59266,793,2,2448.49,0.0,4896.98
117555,59267,667,2,558.92,0.0,1117.84
117556,59267,668,1,1156.71,115.67,1041.04
117557,59268,773,1,5708.39,0.0,5708.39
117558,59269,564,2,1265.51,0.0,2531.02
117559,59270,773,5,5708.39,0.0,28541.95
117560,59270,650,5,6201.76,1550.44,29458.36
117561,59270,783,2,39234.63,7846.93,70622.33
117562,59271,777,1,2061.3,206.13,1855.17
117563,59272,552,1,10613.41,1061.34,9552.07
117564,59273,751,1,25845.26,0.0,25845.26
117565,59273,705,1,17197.08,859.85,16337.23
117566,59273,593,1,1214.64,0.0,1214.64
117567,59274,647,2,48665.91,19466.36,77865.46
117568,59274,590,1,2022.4,0.0,2022.4
117569,59274,683,1,873.55,174.71,698.84
117570,59274,512,2,1219.3,0.0,2438.6
117571,59274,541,1,2124.38,212.44,1911.94
117572,59275,777,1,2061.3,0.0,2061.3
117573,59275,756,1,372.34,0.0,372.34
117574,59275,728,5,2491.24,0.0,12456.2
117575,59276,790,1,723.68,0.0,723.68
117576,59277,776,2,1371.98,0.0,2743.96
117577,59277,587,5,790.56,0.0,3952.8
117578,59277,624,1,391.05,0.0,391.05
117579,59277,766,1,4834.22,0.0,4834.22
117580,59278,748,1,2116.96,0.0,2116.96
117581,59278,689,1,11449.91,1144.99,10304.92
117582,59279,709,3,5677.52,0.0,17032.56
117583,59279,721,3,5715.09,857.26,16288.01
117584,59279,758,1,2596.01,519.2,2076.81
117585,59280,567,2,7980.38,0.0,15960.76
117586,59280,581,3,2900.19,870.06,7830.51
117587,59281,649,2,699.68,0.0,1399.36
117588,59282,680,1,1294.32,129.43,1164.89
117589,59283,800,2,2202.18,220.22,4184.14
117590,59283,512,2,1219.3,0.0,2438.6
117591,59284,735,1,1557.67,77.88,1479.79
117592,59284,658,1,711.18,0.0,711.18
117593,59285,797,1,1277.35,0.0,1277.35
117594,59286,680,1,1294.32,0.0,1294.32
117595,59287,532,1,820.25,0.0,820.25
117596,59288,777,1,2061.3,206.13,1855.17
117597,59289,636,1,1717.09,171.71,1545.38
117598,59289,772,1,6175.25,308.76,5866.49
117599,59289,749,1,1601.66,160.17,1441.49
117600,59290,637,2,3516.12,351.61,6680.63
117601,59291,589,1,17388.16,0.0,17388.16
117602,59292,568,1,5802.78,0.0,5802.78
117603,59293,614,2,30296.77,0.0,60593.54
117604,59294,618,2,161.7,0.0,323.4
117605,59294,642,1,6612.07,330.6,6281.47
117606,59295,585,1,29624.84,0.0,29624.84
117607,59295,766,1,4834.22,0.0,4834.22
117608,59295,686,1,4182.59,0.0,4182.59
117609,59296,731,1,1578.26,236.74,1341.52
117610,59297,773,3,5708.39,0.0,17125.17
117611,59297,727,2,11354.29,0.0,0.01
117612,59297,602,2,817.44,245.23,1389.65
117613,59298,581,2,2900.19,0.0,5800.38
117614,59299,649,2,699.68,69.97,1329.39
117615,59300,766,1,4834.22,0.0,4834.22
117616,59300,733,1,1597.66,159.77,1437.89
117617,59300,582,2,8407.83,0.0,16815.66
117618,59300,652,3,13563.11,0.0,40689.33
117619,59301,702,1,569.75,0.0,569.75
117620,59302,542,1,1742.37,348.47,1393.9
117621,59302,749,2,1601.66,0.0,3203.32
117622,59302,576,3,2970.75,0.0,8912.25
117623,59303,619,1,577.92,0.0,577.92
117624,59303,527,2,43071.55,0.0,86143.1
117625,59304,543,4,4352.44,1740.98,15668.78
117626,59304,560,1,407.29,0.0,407.29
117627,59304,512,1,1219.3,0.0,1219.3
117628,59305,590,1,2022.4,0.0,2022.4
117629,59305,692,2,7325.8,0.0,14651.6
117630,59306,795,1,18501.43,0.0,18501.43
117631,59307,747,1,805.8,0.0,805.8
117632,59308,512,1,1219.3,0.0,1219.3
117633,59308,529,4,47474.39,0.0,189897.56
117634,59308,559,1,5502.85,0.0,5502.85
117635,59309,666,2,4195.88,419.59,7972.17
117636,59310,565,1,322.27,0.0,322.27
117637,59310,546,2,12181.16,2436.23,21926.09
117638,59310,629,1,717.69,0.0,717.69
117639,59311,526,4,5568.93,0.0,22275.72
117640,59312,718,3,6766.17,0.0,20298.51
117641,59313,795,1,18501.43,0.0,18501.43
117642,59314,591,1,9106.57,0.0,9106.57
117643,59314,736,1,6075.78,303.79,5771.99
117644,59314,652,1,13563.11,0.0,13563.11
117645,59314,764,1,38368.4,1918.42,36449.98
117646,59315,638,5,9668.28,0.0,48341.4
117647,59315,573,2,620.76,62.08,1179.44
117648,59315,741,1,1969.25,98.46,1870.79
117649,59316,641,3,3333.39,0.0,10000.17
117650,59316,709,3,5677.52,851.63,16180.93
117651,59317,578,1,6521.84,0.0,6521.84
117652,59318,784,1,1641.14,0.0,1641.14
117653,59319,546,1,12181.16,0.0,12181.16
117654,59320,795,4,18501.43,3700.29,70305.43
117655,59321,548,3,8285.36,0.0,24856.08
117656,59322,704,3,1165.72,0.0,3497.16
117657,59322,648,2,1203.65,0.0,2407.3
117658,59323,587,1,790.56,0.0,790.56
117659,59324,568,3,5802.78,2611.25,14797.09
117660,59324,761,2,1440.57,432.17,2448.97
117661,59324,524,4,1357.31,542.92,4886.32
117662,59324,740,-1,38799.36,0.0,38799.36
117663,59324,576,1,2970.75,297.07,2673.68
117664,59325,660,2,3268.31,0.0,6536.62
117665,59326,743,5,892.31,446.15,4015.4
117666,59326,508,1,5538.85,0.0,5538.85
117667,59326,686,1,4182.59,209.13,3973.46
117668,59326,715,5,61205.17,0.0,306025.85
117669,59326,631,3,1647.26,741.27,4200.51
117670,59327,508,1,5538.85,0.0,5538.85
117671,59327,791,1,11369.6,2273.92,9095.68
117672,59327,723,1,3644.62,0.0,3644.62
117673,59328,701,1,11805.02,590.25,11214.77
117674,59329,705,1,17197.08,1719.71,15477.37
117675,59330,667,4,558.92,111.78,2123.9
117676,59331,560,2,407.29,81.46,733.12
117677,59332,690,1,1805.43,0.0,1805.43
117678,59333,542,1,1742.37,0.0,1742.37
117679,59334,651,3,4691.47,703.72,13370.69
117680,59335,574,1,20894.55,0.0,20894.55
117681,59336,528,1,951.12,0.0,951.12
117682,59336,668,2,1156.71,0.0,2313.42
117683,59337,774,2,1776.67,0.0,3553.34
117684,59338,652,1,13563.11,678.16,12884.95
117685,59339,530,1,3414.81,170.74,3244.07
117686,59340,520,1,1736.99,0.0,1736.99
117687,59340,536,5,1067.42,0.0,5337.1
117688,59340,683,1,873.55,87.36,786.19
117689,59340,515,3,1144.81,171.72,3262.71
117690,59341,538,-1,8640.93,0.0,17281.86
117691,59341,680,2,1294.32,0.0,2588.64
117692,59342,599,3,2796.57,419.49,7970.22
117693,59343,776,1,1371.98,68.6,1303.38
117694,59343,661,1,16283.24,0.0,16283.24
117695,59344,742,1,31236.95,3123.7,28113.25
117696,59344,766,1,4834.22,0.0,4834.22
117697,59344,656,5,9107.06,0.0,45535.3
117698,59345,726,1,983.03,147.45,835.58
117699,59345,681,1,5353.16,0.0,5353.16
117700,59346,531,1,10687.35,0.0,10687.35
117701,59346,593,1,1214.64,182.2,1032.44
117702,59347,718,1,6766.17,0.0,6766.17
117703,59347,723,1,3644.62,0.0,3644.62
117704,59348,696,2,4358.64,435.86,8281.42
117705,59349,624,3,391.05,0.0,1173.15
117706,59350,504,2,3910.83,0.0,7821.66
117707,59351,626,1,236.68,0.0,236.68
117708,59351,693,2,1213.14,485.26,1941.02
117709,59352,541,5,2124.38,0.0,10621.9
117710,59352,674,1,7676.03,0.0,7676.03
117711,59353,729,1,2699.1,404.86,2294.24
117712,59353,526,1,5568.93,0.0,5568.93
117713,59353,589,1,17388.16,0.0,17388.16
117714,59354,581,1,2900.19,0.0,2900.19
117715,59355,772,1,6175.25,0.0,6175.25
117716,59355,523,1,6428.51,642.85,5785.66
117717,59356,784,4,1641.14,0.0,6564.56
117718,59356,703,2,2609.04,521.81,4696.27
117719,59356,774,1,1776.67,177.67,1599.0
117720,59356,571,2,11994.11,0.0,23988.22
117721,59357,724,1,2567.59,0.0,2567.59
117722,59358,583,1,9641.6,482.08,9159.52
117723,59358,633,1,1617.01,0.0,1617.01
117724,59358,620,1,607.15,91.07,516.08
117725,59359,673,1,1038.9,155.84,883.06
117726,59359,621,3,1304.44,587.0,3326.32
117727,59359,789,4,2799.8,0.0,11199.2
117728,59360,786,1,5485.59,822.84,4662.75
117729,59360,761,1,1440.57,144.06,1296.51
117730,59361,611,1,15431.65,0.0,15431.65
117731,59362,746,1,1732.13,173.21,1558.92
117732,59363,654,3,2895.35,0.0,8686.05
117733,59363,684,1,59645.43,0.0,59645.43
117734,59363,635,1,3079.07,0.0,3079.07
117735,59364,677,1,3625.43,0.0,3625.43
117736,59364,784,3,1641.14,0.0,4923.42
117737,59365,780,5,3012.88,753.22,14311.18
117738,59366,679,1,53522.92,0.0,53522.92
117739,59366,793,2,2448.49,0.0,4896.98
117740,59367,543,2,4352.44,0.0,8704.88
117741,59367,554,1,5371.45,0.0,5371.45
117742,59367,800,1,2202.18,110.11,2092.07
117743,59368,638,1,9668.28,966.83,8701.45
117744,59368,568,1,5802.78,580.28,5222.5
117745,59368,789,1,2799.8,139.99,2659.81
117746,59369,760,2,11301.08,0.0,22602.16
117747,59370,570,1,4486.57,0.0,4486.57
117748,59371,650,10,6201.76,0.0,62017.6
117749,59371,642,3,6612.07,0.0,19836.21
117750,59371,632,3,2338.49,701.55,6313.92
117751,59372,658,1,711.18,0.0,711.18
117752,59373,657,1,8779.23,0.0,8779.23
117753,59373,686,2,4182.59,1254.78,7110.4
117754,59373,506,1,1305.17,0.0,1305.17
117755,59374,782,1,9360.71,0.0,9360.71
117756,59375,693,2,1213.14,242.63,2183.65
117757,59375,730,1,713.55,35.68,677.87
117758,59376,703,1,2609.04,260.9,2348.14
117759,59377,550,1,3272.22,0.0,3272.22
117760,59377,626,1,236.68,47.34,189.34
117761,59378,633,1,1617.01,0.0,1617.01
117762,59379,675,3,16586.98,0.0,49760.94
117763,59379,627,1,348.17,0.0,348.17
117764,59379,597,1,535.83,53.58,482.25
117765,59379,532,1,820.25,0.0,820.25
117766,59380,666,1,4195.88,209.79,3986.09
117767,59381,578,1,6521.84,978.28,5543.56
117768,59381,711,1,5931.42,593.14,5338.28
117769,59382,705,2,17197.08,0.0,34394.16
117770,59382,621,1,1304.44,0.0,1304.44
117771,59383,793,1,2448.49,489.7,1958.79
117772,59383,561,3,2177.62,0.0,6532.86
117773,59384,578,1,6521.84,0.0,6521.84
117774,59384,572,1,1098.59,54.93,1043.66
117775,59384,732,1,3277.37,0.0,3277.37
117776,59385,559,1,5502.85,550.29,4952.56
117777,59385,657,1,8779.23,0.0,8779.23
117778,59386,689,5,11449.91,0.0,57249.55
117779,59387,656,1,9107.06,910.71,8196.35
117780,59388,669,1,5183.71,518.37,4665.34
117781,59389,629,1,717.69,107.65,610.04
117782,59389,758,1,2596.01,0.0,2596.01
117783,59389,751,1,25845.26,3876.79,21968.47
117784,59390,547,4,817.17,0.0,3268.68
117785,59390,534,4,46679.73,0.0,186718.92
117786,59391,720,3,3038.53,0.0,9115.59
117787,59391,547,1,817.17,0.0,817.17
117788,59392,614,1,30296.77,6059.35,24237.42
117789,59393,788,2,8889.42,2666.83,15112.01
117790,59394,651,1,4691.47,0.0,4691.47
117791,59394,655,1,5152.69,0.0,5152.69
117792,59395,710,1,10731.06,0.0,10731.06
117793,59395,749,1,1601.66,160.17,1441.49
117794,59395,627,3,348.17,156.68,887.83
117795,59396,728,1,2491.24,0.0,2491.24
117796,59396,601,1,17813.81,0.0,17813.81
117797,59396,724,1,2567.59,128.38,2439.21
117798,59396,798,1,3816.99,0.0,3816.99
117799,59397,518,2,49561.42,0.0,99122.84
117800,59398,795,1,18501.43,2775.21,15726.22
117801,59399,664,3,18695.4,5608.62,50477.58
117802,59399,597,1,535.83,26.79,509.04
117803,59400,796,2,1462.48,146.25,2778.71
117804,59401,739,1,9905.71,0.0,9905.71
117805,59401,796,1,1462.48,0.0,1462.48
117806,59401,559,2,5502.85,0.0,11005.7
117807,59402,605,1,1048.97,157.35,891.62
117808,59403,602,2,817.44,326.98,1307.9
117809,59403,760,1,11301.08,1130.11,10170.97
117810,59403,661,1,16283.24,1628.32,14654.92
117811,59403,560,2,407.29,0.0,814.58
117812,59404,558,1,9344.26,467.21,8877.05
117813,59405,601,1,17813.81,3562.76,14251.05
117814,59406,586,1,4444.5,666.67,3777.83
117815,59406,534,1,46679.73,9335.95,37343.78
117816,59406,506,1,1305.17,195.78,1109.39
117817,59407,721,2,5715.09,1714.53,9715.65
117818,59407,611,2,15431.65,3086.33,27776.97
117819,59407,747,1,805.8,40.29,765.51
117820,59407,568,2,5802.78,0.0,11605.56
117821,59408,508,2,5538.85,1661.65,9416.05
117822,59408,667,1,558.92,55.89,503.03
117823,59409,690,1,1805.43,90.27,1715.16
117824,59410,581,4,2900.19,1160.08,10440.68
117825,59410,565,5,322.27,0.0,1611.35
117826,59411,553,2,31731.27,12692.51,50770.03
117827,59412,613,1,11372.12,0.0,11372.12
117828,59412,554,1,5371.45,537.14,4834.31
117829,59413,732,2,3277.37,983.21,5571.53
117830,59413,586,1,4444.5,222.23,4222.27
117831,59413,535,1,2114.96,0.0,2114.96
117832,59414,755,1,923.61,0.0,923.61
117833,59414,537,1,7317.24,0.0,7317.24
117834,59415,604,1,5835.32,583.53,5251.79
117835,59416,778,1,2068.11,0.0,2068.11
117836,59417,701,2,11805.02,4722.01,18888.03
117837,59417,560,1,407.29,20.36,386.93
117838,59417,782,2,9360.71,0.0,18721.42
117839,59417,528,1,951.12,95.11,856.01
117840,59417,574,1,20894.55,0.0,20894.55
117841,59418,685,1,9687.25,0.0,9687.25
117842,59418,687,1,1705.39,85.27,1620.12
117843,59418,572,1,1098.59,0.0,1098.59
117844,59418,999999,2,12089.2,0.0,24178.4
117845,59418,588,4,490.64,196.26,1766.3
117846,59419,569,1,46883.02,2344.15,44538.87
117847,59419,798,2,3816.99,0.0,7633.98
117848,59419,576,1,2970.75,445.61,2525.14
117849,59420,786,1,5485.59,0.0,5485.59
117850,59420,679,1,53522.92,5352.29,48170.63
117851,59420,662,1,9986.23,0.0,9986.23
117852,59421,796,10,1462.48,0.0,14624.8
117853,59422,640,1,1058.22,105.82,952.4
117854,59422,795,1,18501.43,0.0,18501.43
117855,59422,603,1,18106.09,0.0,18106.09
117856,59423,796,1,1462.48,73.12,1389.36
117857,59424,607,1,10316.31,1031.63,9284.68
117858,59424,638,1,9668.28,0.0,9668.28
117859,59424,746,5,1732.13,0.0,8660.65
117860,59424,616,4,594.6,118.92,2259.48
117861,59425,596,1,1919.15,0.0,1919.15
117862,59425,643,1,55447.46,0.0,55447.46
117863,59425,712,1,12089.2,0.0,12089.2
117864,59426,677,1,3625.43,543.81,3081.62
117865,59426,630,1,2387.03,0.0,2387.03
117866,59427,733,1,1597.66,0.0,1597.66
117867,59428,544,3,6582.2,0.0,19746.6
117868,59429,537,1,7317.24,0.0,7317.24
117869,59430,626,1,236.68,0.0,236.68
117870,59431,687,1,1705.39,85.27,1620.12
117871,59431,535,-1,2114.96,105.75,2009.21
117872,59432,540,10,32834.15,0.0,328341.5
117873,59432,691,2,12820.07,0.0,25640.14
117874,59432,686,4,4182.59,2509.55,14220.81
117875,59433,750,1,182.17,0.0,182.17
117876,59433,613,4,11372.12,0.0,45488.48
117877,59433,572,1,1098.59,0.0,1098.59
117878,59434,764,1,38368.4,1918.42,36449.98
117879,59434,633,1,1617.01,0.0,1617.01
117880,59434,615,1,24337.83,0.0,24337.83
117881,59435,741,1,1969.25,0.0,1969.25
117882,59436,562,1,1170.27,0.0,1170.27
117883,59436,604,2,5835.32,2334.13,9336.51
117884,59437,655,2,5152.69,1545.81,8759.57
117885,59437,719,1,15471.04,1547.1,13923.94
117886,59438,701,1,11805.02,0.0,11805.02
117887,59438,640,2,1058.22,0.0,2116.44
117888,59439,542,2,1742.37,0.0,3484.74
117889,59440,688,2,9656.12,0.0,19312.24
117890,59441,651,5,4691.47,0.0,23457.35
117891,59442,529,1,47474.39,4747.44,42726.95
117892,59443,541,1,2124.38,0.0,2124.38
117893,59444,684,3,59645.43,0.0,178936.29
117894,59445,770,2,2789.39,0.0,5578.78
117895,59446,568,1,5802.78,0.0,5802.78
117896,59447,550,2,3272.22,1308.89,5235.55
117897,59448,538,1,8640.93,432.05,8208.88
117898,59448,791,5,11369.6,0.0,56848.0
117899,59448,702,1,569.75,0.0,569.75
117900,59449,772,3,6175.25,1852.58,16673.17
117901,59450,528,1,951.12,142.67,808.45
117902,59451,699,1,713.36,0.0,713.36
117903,59451,667,1,558.92,27.95,530.97
117904,59452,552,5,10613.41,0.0,53067.05
117905,59452,718,3,6766.17,3044.78,17253.73
117906,59452,590,2,2022.4,0.0,4044.8
117907,59452,764,2,38368.4,3836.84,72899.96
117908,59453,670,1,2118.7,0.0,2118.7
117909,59453,762,3,886.5,0.0,2659.5
117910,59453,751,1,25845.26,3876.79,21968.47
117911,59453,780,1,3012.88,150.64,2862.24
117912,59454,742,3,31236.95,0.0,93710.85
117913,59454,608,1,667.69,0.0,667.69
117914,59455,768,1,10470.08,1047.01,9423.07
117915,59456,509,2,3363.13,0.0,6726.26
117916,59457,673,1,1038.9,0.0,1038.9
117917,59458,628,1,6761.04,0.0,6761.04
117918,59459,788,2,8889.42,3555.77,14223.07
117919,59459,627,1,348.17,0.0,348.17
117920,59460,675,1,16586.98,829.35,15757.63
117921,59461,657,2,8779.23,2633.77,14924.69
117922,59462,759,2,8304.75,0.0,16609.5
117923,59462,540,1,32834.15,1641.71,31192.44
117924,59462,526,2,5568.93,1113.79,10024.07
117925,59462,742,1,31236.95,3123.7,28113.25
117926,59463,751,2,25845.26,5169.05,46521.47
117927,59463,792,1,2835.7,0.0,2835.7
117928,59464,717,2,902.81,0.0,1805.62
117929,59464,595,1,2237.17,223.72,2013.45
117930,59465,627,1,348.17,69.63,278.54
117931,59465,679,2,53522.92,0.0,107045.84
117932,59466,722,10,53128.36,53128.36,478155.24
117933,59466,767,4,2764.13,0.0,11056.52
117934,59467,600,3,6469.3,0.0,19407.9
117935,59468,712,2,12089.2,0.0,24178.4
117936,59469,583,3,9641.6,2892.48,26032.32
117937,59469,518,3,49561.42,0.0,148684.26
117938,59470,789,1,2799.8,0.0,2799.8
117939,59470,717,1,902.81,45.14,857.67
117940,59470,501,5,45292.52,33969.39,192493.21
117941,59471,594,1,55089.87,0.0,55089.87
117942,59471,651,3,4691.47,0.0,14074.41
117943,59471,763,2,66.59,26.64,106.54
117944,59471,504,4,3910.83,0.0,15643.32
117945,59471,528,2,951.12,0.0,1902.24
117946,59472,528,2,951.12,0.0,1902.24
117947,59472,553,1,31731.27,4759.69,26971.58
117948,59472,601,3,17813.81,0.0,53441.43
117949,59473,749,1,1601.66,80.08,1521.58
117950,59473,714,1,44813.18,4481.32,40331.86
117951,59473,506,1,1305.17,130.52,1174.65
117952,59473,577,1,795.1,0.0,795.1
117953,59474,681,2,5353.16,0.0,0.01
117954,59474,708,2,10297.58,1029.76,19565.4
117955,59474,696,1,4358.64,653.8,3704.84
117956,59474,692,1,7325.8,366.29,6959.51
117957,59475,630,4,2387.03,1432.22,8115.9
117958,59476,572,1,1098.59,0.0,1098.59
117959,59477,519,4,849.44,0.0,3397.76
117960,59478,572,1,1098.59,109.86,988.73
117961,59478,784,4,1641.14,0.0,6564.56
117962,59478,668,1,1156.71,173.51,983.2
117963,59478,747,10,805.8,0.0,8058.0
117964,59479,508,2,5538.85,0.0,11077.7
117965,59479,526,1,5568.93,0.0,5568.93
117966,59479,532,1,820.25,0.0,820.25
117967,59480,660,1,3268.31,163.42,3104.89
117968,59481,547,1,817.17,0.0,817.17
117969,59482,519,1,849.44,42.47,806.97
117970,59482,685,2,9687.25,0.0,19374.5
117971,59482,657,1,8779.23,0.0,8779.23
117972,59482,699,1,713.36,0.0,713.36
117973,59483,583,1,9641.6,0.0,9641.6
117974,59484,503,1,1376.24,68.81,1307.43
117975,59484,650,1,6201.76,0.0,6201.76
117976,59484,579,2,17100.24,5130.07,29070.41
117977,59484,643,1,55447.46,2772.37,52675.09
117978,59485,554,1,5371.45,0.0,5371.45
117979,59486,774,1,1776.67,355.33,1421.34
117980,59486,588,2,490.64,0.0,981.28
117981,59487,682,1,707.75,0.0,707.75
117982,59488,560,5,407.29,203.65,1832.8
117983,59488,555,1,9558.13,0.0,9558.13
117984,59488,695,1,24310.04,1215.5,23094.54
117985,59488,694,1,1970.24,197.02,1773.22
117986,59489,557,1,783.76,39.19,744.57
117987,59490,537,2,7317.24,0.0,14634.48
117988,59490,648,3,1203.65,0.0,3610.95
117989,59491,574,1,20894.55,0.0,20894.55
117990,59492,546,1,12181.16,1218.12,10963.04
117991,59492,639,1,5888.93,0.0,5888.93
117992,59493,624,1,391.05,19.55,371.5
117993,59493,790,2,723.68,289.47,1157.89
117994,59493,557,1,783.76,117.56,666.2
117995,59493,505,2,5998.46,0.0,11996.92
117996,59494,653,5,4298.41,0.0,21492.05
117997,59495,589,1,17388.16,0.0,17388.16
117998,59496,779,1,9166.85,0.0,9166.85
117999,59496,637,2,3516.12,703.22,6329.02
118000,59496,784,1,1641.14,0.0,1641.14
118001,59496,581,1,2900.19,145.01,2755.18
118002,59497,741,2,1969.25,0.0,3938.5
118003,59497,536,3,1067.42,0.0,3202.26
118004,59498,797,1,1277.35,0.0,1277.35
118005,59498,562,3,1170.27,526.62,2984.19
118006,59498,575,1,253.01,0.0,253.01
118007,59498,531,1,10687.35,0.0,10687.35
118008,59498,533,1,10801.02,0.0,10801.02
118009,59499,701,2,11805.02,0.0,23610.04
118010,59499,568,1,5802.78,290.14,5512.64
118011,59500,729,1,2699.1,269.91,2429.19
118012,59501,648,1,1203.65,0.0,1203.65
118013,59502,714,1,44813.18,4481.32,40331.86
118014,59503,585,2,29624.84,0.0,59249.68
118015,59504,706,2,14673.28,0.0,29346.56
118016,59505,713,1,5412.77,0.0,5412.77
118017,59505,734,1,839.57,41.98,797.59
118018,59505,582,1,8407.83,0.0,8407.83
118019,59505,716,1,1117.48,0.0,1117.48
118020,59506,656,1,9107.06,1366.06,7741.0
118021,59507,581,2,2900.19,0.0,5800.38
118022,59508,644,1,36167.51,0.0,36167.51
118023,59508,534,4,46679.73,0.0,186718.92
118024,59509,728,1,2491.24,0.0,2491.24
118025,59510,706,1,14673.28,0.0,14673.28
118026,59510,800,1,2202.18,110.11,2092.07
118027,59511,722,1,53128.36,2656.42,50471.94
118028,59512,576,1,2970.75,445.61,2525.14
118029,59513,589,2,17388.16,5216.45,29559.87
118030,59514,631,1,1647.26,82.36,1564.9
118031,59515,555,1,9558.13,1433.72,8124.41
118032,59515,791,4,11369.6,4547.84,40930.56
118033,59516,760,1,11301.08,0.0,11301.08
118034,59516,740,2,38799.36,7759.87,69838.85
118035,59517,756,1,372.34,37.23,335.11
118036,59518,630,2,2387.03,0.0,4774.06
118037,59519,625,1,54397.72,8159.66,46238.06
118038,59520,636,1,1717.09,171.71,1545.38
118039,59521,536,3,1067.42,480.34,2721.92
118040,59521,716,1,1117.48,0.0,1117.48
118041,59522,542,2,1742.37,0.0,3484.74
118042,59522,614,1,30296.77,0.0,30296.77
118043,59523,520,1,1736.99,260.55,1476.44
118044,59523,676,1,865.11,43.26,821.85
118045,59524,721,4,5715.09,0.0,22860.36
118046,59524,587,4,790.56,158.11,3004.13
118047,59524,709,4,5677.52,0.0,22710.08
118048,59525,586,1,4444.5,0.0,4444.5
118049,59525,560,1,407.29,61.09,346.2
118050,59525,781,2,508.19,0.0,1016.38
118051,59526,573,1,620.76,93.11,527.65
118052,59526,511,1,856.8,128.52,728.28
118053,59527,546,2,12181.16,0.0,24362.32
118054,59528,538,2,8640.93,0.0,17281.86
118055,59529,751,1,25845.26,0.0,25845.26
118056,59529,800,2,2202.18,0.0,4404.36
118057,59530,765,1,37606.92,3760.69,33846.23
118058,59531,682,1,707.75,0.0,707.75
118059,59532,559,1,5502.85,0.0,5502.85
118060,59532,688,1,9656.12,0.0,9656.12
118061,59532,520,1,1736.99,0.0,1736.99
118062,59533,778,1,2068.11,206.81,1861.3
118063,59533,593,1,1214.64,182.2,1032.44
118064,59533,780,1,3012.88,0.0,3012.88
118065,59534,739,1,9905.71,0.0,9905.71
118066,59534,509,1,3363.13,0.0,3363.13
118067,59535,760,1,11301.08,0.0,11301.08
118068,59536,543,1,4352.44,435.24,3917.2
118069,59536,721,2,5715.09,571.51,10858.67
118070,59537,683,1,873.55,0.0,873.55
118071,59537,715,1,61205.17,6120.52,55084.65
118072,59537,742,1,31236.95,0.0,31236.95
118073,59538,639,1,5888.93,0.0,5888.93
118074,59539,629,2,717.69,0.0,1435.38
118075,59540,758,2,2596.01,0.0,5192.02
118076,59541,762,1,886.5,0.0,886.5
118077,59542,792,1,2835.7,283.57,2552.13
118078,59543,679,0,53522.92,8028.44,152540.32
118079,59544,744,10,6141.59,0.0,61415.9
118080,59545,718,2,6766.17,0.0,13532.34
118081,59545,572,1,1098.59,164.79,933.8
118082,59545,547,2,817.17,81.72,1552.62
118083,59545,697,-3,17716.2,0.0,17716.2
118084,59546,723,2,3644.62,0.0,7289.24
118085,59546,631,3,1647.26,0.0,4941.78
118086,59546,572,1,1098.59,0.0,1098.59
118087,59546,516,1,14192.65,0.0,14192.65
118088,59547,543,3,4352.44,0.0,13057.32
118089,59548,547,2,817.17,81.72,1552.62
118090,59548,726,1,983.03,0.0,983.03
118091,59549,632,2,2338.49,0.0,4676.98
118092,59550,602,1,817.44,40.87,776.57
118093,59551,501,3,45292.52,13587.76,122289.8
118094,59551,514,2,8817.04,1763.41,15870.67
118095,59551,554,2,5371.45,0.0,10742.9
118096,59551,759,2,8304.75,0.0,16609.5
118097,59551,780,1,3012.88,0.0,3012.88
118098,59552,676,2,865.11,0.0,1730.22
118099,59553,501,3,45292.52,0.0,135877.56
118100,59553,619,1,577.92,28.9,549.02
118101,59554,768,2,10470.08,0.0,20940.16
118102,59554,596,1,1919.15,383.83,1535.32
118103,59555,694,1,1970.24,0.0,1970.24
118104,59555,633,1,1617.01,0.0,1617.01
118105,59555,647,1,48665.91,2433.3,46232.61
118106,59555,714,1,44813.18,0.0,44813.18
118107,59556,750,1,182.17,27.33,154.84
118108,59557,692,1,7325.8,0.0,7325.8
118109,59558,544,1,6582.2,987.33,5594.87
118110,59559,629,1,717.69,0.0,717.69
118111,59559,726,2,983.03,0.0,1966.06
118112,59559,685,1,9687.25,1453.09,8234.16
118113,59559,708,2,10297.58,1029.76,19565.4
118114,59560,620,1,607.15,0.0,607.15
118115,59560,999999,4,490.64,294.38,1668.18
118116,59561,607,4,10316.31,0.0,41265.24
118117,59562,689,1,11449.91,0.0,11449.91
118118,59562,798,1,3816.99,763.4,3053.59
118119,59563,567,1,7980.38,0.0,7980.38
118120,59564,536,1,1067.42,0.0,1067.42
118121,59564,608,1,667.69,0.0,667.69
118122,59564,505,2,5998.46,0.0,11996.92
118123,59565,651,5,4691.47,0.0,23457.35
118124,59565,558,10,9344.26,4672.13,88770.47
118125,59566,549,1,13993.54,2798.71,11194.83
118126,59566,616,1,594.6,89.19,505.41
118127,59566,725,2,6229.36,0.0,12458.72
118128,59566,707,1,626.29,31.31,594.98
118129,59567,689,2,11449.91,0.0,22899.82
118130,59568,533,2,10801.02,1080.1,20521.94
118131,59569,609,2,3589.04,0.0,7178.08
118132,59569,687,1,1705.39,0.0,1705.39
118133,59569,572,1,1098.59,109.86,988.73
118134,59569,530,1,3414.81,0.0,3414.81
118135,59569,650,1,6201.76,930.26,5271.5
118136,59570,764,1,38368.4,0.0,38368.4
118137,59570,769,1,1383.36,0.0,1383.36
118138,59571,771,1,1072.89,53.64,1019.25
118139,59572,517,1,12096.53,1814.48,10282.05
118140,59573,787,2,27577.51,0.0,55155.02
118141,59573,614,1,30296.77,1514.84,28781.93
118142,59574,650,1,6201.76,620.18,5581.58
118143,59574,517,1,12096.53,0.0,12096.53
118144,59574,637,3,3516.12,1054.84,9493.52
118145,59575,595,1,2237.17,223.72,2013.45
118146,59576,761,1,1440.57,0.0,1440.57
118147,59576,744,2,6141.59,0.0,12283.18
118148,59577,541,1,2124.38,0.0,2124.38
118149,59578,785,1,1136.17,0.0,1136.17
118150,59579,792,1,2835.7,567.14,2268.56
118151,59580,582,2,8407.83,0.0,16815.66
118152,59580,772,1,6175.25,617.53,5557.72
118153,59580,674,2,7676.03,0.0,15352.06
118154,59580,505,1,5998.46,0.0,5998.46
118155,59580,666,1,4195.88,0.0,4195.88
118156,59581,566,3,8272.67,3722.7,21095.31
118157,59582,723,1,3644.62,728.92,2915.7
118158,59582,782,2,9360.71,1872.14,16849.28
118159,59582,647,2,48665.91,9733.18,87598.64
118160,59583,713,2,5412.77,541.28,10284.26
118161,59584,507,1,5384.85,0.0,5384.85
118162,59585,591,2,9106.57,0.0,18213.14
118163,59585,533,5,10801.02,0.0,54005.1
118164,59586,505,1,5998.46,899.77,5098.69
118165,59587,694,1,1970.24,394.05,1576.19
118166,59587,620,1,607.15,0.0,607.15
118167,59587,747,1,805.8,0.0,805.8
118168,59588,629,5,717.69,0.0,3588.45
118169,59589,625,2,54397.72,0.0,108795.44
118170,59590,651,5,4691.47,1172.87,22284.48
118171,59591,610,2,26733.01,0.0,53466.02
118172,59592,671,1,3564.48,178.22,3386.26
118173,59592,676,3,865.11,0.0,2595.33
118174,59592,640,1,1058.22,105.82,952.4
118175,59593,638,2,9668.28,0.0,19336.56
118176,59593,785,1,1136.17,0.0,1136.17
118177,59594,791,2,11369.6,1136.96,21602.24
118178,59594,650,2,6201.76,620.18,11783.34
118179,59595,577,1,795.1,0.0,795.1
118180,59596,596,1,1919.15,0.0,1919.15
118181,59597,574,1,20894.55,0.0,20894.55
118182,59597,640,1,1058.22,0.0,1058.22
118183,59598,768,2,10470.08,1047.01,19893.15
118184,59598,661,1,16283.24,814.16,15469.08
118185,59598,622,1,2792.75,0.0,2792.75
118186,59598,639,1,5888.93,588.89,5300.04
118187,59599,719,3,15471.04,4641.31,41771.81
118188,59599,537,1,7317.24,0.0,7317.24
118189,59600,563,2,5426.08,0.0,10852.16
118190,59601,779,4,9166.85,7333.48,29333.92
118191,59602,777,3,2061.3,0.0,6183.9
118192,59603,573,1,620.76,0.0,620.76
118193,59604,693,4,1213.14,0.0,4852.56
118194,59604,505,4,5998.46,3599.08,20394.76
118195,59604,780,2,3012.88,301.29,5724.47
118196,59604,673,1,1038.9,51.95,986.95
118197,59605,608,1,667.69,0.0,667.69
118198,59605,792,3,2835.7,0.0,8507.1
118199,59606,798,1,3816.99,381.7,3435.29
118200,59606,733,1,1597.66,79.88,1517.78
118201,59606,771,2,1072.89,0.0,2145.78
118202,59607,575,1,253.01,0.0,253.01
118203,59608,505,1,5998.46,0.0,5998.46
118204,59609,743,1,892.31,0.0,892.31
118205,59610,742,1,31236.95,0.0,31236.95
118206,59610,780,2,3012.88,602.58,5423.18
118207,59611,786,1,5485.59,0.0,5485.59
118208,59611,502,1,15084.04,2262.61,12821.43
118209,59611,656,1,9107.06,0.0,9107.06
118210,59612,798,4,3816.99,0.0,15267.96
118211,59613,640,1,1058.22,0.0,1058.22
118212,59614,517,1,12096.53,1209.65,10886.88
118213,59614,735,1,1557.67,233.65,1324.02
118214,59615,716,1,1117.48,0.0,1117.48
118215,59616,581,1,2900.19,580.04,2320.15
118216,59617,698,1,9291.61,464.58,8827.03
118217,59618,726,3,983.03,0.0,2949.09
118218,59618,641,2,3333.39,1000.02,5666.76
118219,59619,665,0,2533.05,0.0,2533.05
118220,59620,655,1,5152.69,772.9,4379.79
118221,59620,774,1,1776.67,0.0,1776.67
118222,59620,557,3,783.76,235.13,2116.15
118223,59620,589,1,17388.16,869.41,16518.75
118224,59621,575,1,253.01,0.0,253.01
118225,59621,791,1,11369.6,2273.92,9095.68
118226,59621,705,1,17197.08,3439.42,13757.66
118227,59621,686,2,4182.59,0.0,8365.18
118228,59622,778,1,2068.11,0.0,2068.11
118229,59622,744,1,6141.59,0.0,6141.59
118230,59623,775,1,3454.82,0.0,3454.82
118231,59623,574,2,20894.55,0.0,41789.1
118232,59623,789,1,2799.8,0.0,2799.8
118233,59624,654,1,2895.35,0.0,2895.35
118234,59625,733,2,1597.66,479.3,2716.02
118235,59626,794,2,482.29,0.0,964.58
118236,59627,634,4,5262.27,0.0,21049.08
118237,59628,559,2,5502.85,0.0,11005.7
118238,59628,585,1,29624.84,1481.24,28143.6
118239,59628,546,2,12181.16,0.0,24362.32
118240,59629,523,2,6428.51,1285.7,11571.32
118241,59630,669,1,5183.71,0.0,5183.71
118242,59630,546,1,12181.16,609.06,11572.1
118243,59631,761,1,1440.57,288.11,1152.46
118244,59632,701,1,11805.02,0.0,11805.02
118245,59632,760,2,11301.08,0.0,22602.16
118246,59632,502,1,15084.04,0.0,15084.04
118247,59632,614,4,30296.77,24237.42,96949.66
118248,59632,582,2,8407.83,840.78,15974.88
118249,59633,618,1,161.7,0.0,161.7
118250,59633,687,1,1705.39,170.54,1534.85
118251,59633,694,3,1970.24,295.54,5615.18
118252,59633,692,1,7325.8,0.0,7325.8
118253,59634,795,1,18501.43,0.0,18501.43
118254,59634,530,2,3414.81,1024.44,5805.18
118255,59635,648,1,1203.65,0.0,1203.65
118256,59636,654,1,2895.35,0.0,2895.35
118257,59637,569,2,46883.02,9376.6,84389.44
118258,59637,698,3,9291.61,0.0,27874.83
118259,59637,541,1,2124.38,0.0,2124.38
118260,59637,702,2,569.75,0.0,1139.5
118261,59638,666,1,4195.88,0.0,4195.88
118262,59639,779,1,9166.85,0.0,9166.85
118263,59639,512,2,1219.3,0.0,2438.6
118264,59639,768,1,10470.08,0.0,10470.08
118265,59639,687,3,1705.39,767.43,4348.74
118266,59639,777,2,2061.3,0.0,4122.6
118267,59640,636,2,1717.09,171.71,3262.47
118268,59641,654,3,2895.35,1302.91,7383.14
118269,59642,774,1,1776.67,0.0,1776.67
118270,59642,622,4,2792.75,0.0,11171.0
118271,59643,719,1,15471.04,0.0,15471.04
118272,59644,529,1,47474.39,4747.44,42726.95
118273,59645,787,2,27577.51,0.0,55155.02
118274,59646,606,1,290.06,14.5,275.56
118275,59646,599,1,2796.57,559.31,2237.26
118276,59647,666,1,4195.88,209.79,3986.09
118277,59647,728,1,2491.24,0.0,2491.24
118278,59648,613,1,11372.12,0.0,11372.12
118279,59649,687,2,1705.39,341.08,3069.7
118280,59650,555,1,9558.13,477.91,9080.22
118281,59651,763,4,66.59,0.0,266.36
118282,59652,721,2,5715.09,0.0,11430.18
118283,59652,765,1,37606.92,0.0,37606.92
118284,59652,725,2,6229.36,0.0,12458.72
118285,59653,749,4,1601.66,0.0,6406.64
118286,59654,602,2,817.44,326.98,1307.9
118287,59655,750,1,182.17,0.0,182.17
118288,59655,736,1,6075.78,607.58,5468.2
118289,59656,689,2,11449.91,0.0,22899.82
118290,59657,521,2,3815.32,0.0,7630.64
118291,59657,642,2,6612.07,0.0,13224.14
118292,59657,704,1,1165.72,0.0,1165.72
118293,59658,709,3,5677.52,1703.26,15329.3
118294,59659,681,3,5353.16,0.0,16059.48
118295,59659,677,2,3625.43,362.54,6888.32
118296,59660,654,1,2895.35,289.54,2605.81
118297,59661,549,1,13993.54,0.0,13993.54
118298,59662,604,4,5835.32,0.0,23341.28
118299,59662,674,1,7676.03,0.0,7676.03
118300,59662,775,1,3454.82,345.48,3109.34
118301,59663,718,1,6766.17,0.0,6766.17
118302,59664,551,1,3446.79,0.0,3446.79
118303,59664,681,1,5353.16,802.97,4550.19
118304,59665,768,2,10470.08,0.0,20940.16
118305,59666,566,1,8272.67,827.27,7445.4
118306,59667,644,1,36167.51,0.0,36167.51
118307,59668,686,3,4182.59,2509.55,10038.22
118308,59669,658,2,711.18,284.47,1137.89
118309,59670,565,1,322.27,0.0,322.27
118310,59670,670,3,2118.7,635.61,5720.49
118311,59670,692,2,7325.8,732.58,13919.02
118312,59670,591,2,9106.57,0.0,18213.14
118313,59670,583,2,9641.6,964.16,18319.04
118314,59671,568,1,5802.78,0.0,5802.78
118315,59672,623,1,2674.16,267.42,2406.74
118316,59672,612,1,2192.78,0.0,2192.78
118317,59673,721,1,5715.09,0.0,5715.09
118318,59674,598,1,579.36,28.97,550.39
118319,59674,506,1,1305.17,0.0,1305.17
118320,59674,741,2,1969.25,590.77,3347.73
118321,59675,776,3,1371.98,823.19,3292.75
118322,59676,794,1,482.29,0.0,482.29
118323,59676,513,2,1399.58,0.0,2799.16
118324,59676,529,1,47474.39,0.0,47474.39
118325,59676,516,1,14192.65,0.0,14192.65
118326,59677,659,-1,364.24,0.0,364.24
118327,59678,607,3,10316.31,3094.89,27854.04
118328,59678,725,1,6229.36,934.4,5294.96
118329,59679,564,1,1265.51,63.28,1202.23
118330,59680,606,1,290.06,0.0,290.06
118331,59681,641,1,3333.39,333.34,3000.05
118332,59681,715,3,61205.17,0.0,183615.51
118333,59681,612,1,2192.78,328.92,1863.86
118334,59681,706,3,14673.28,0.0,44019.84
118335,59682,530,3,3414.81,1536.66,8707.77
118336,59683,715,1,61205.17,0.0,61205.17
118337,59683,765,2,37606.92,0.0,75213.84
118338,59684,711,1,5931.42,593.14,5338.28
118339,59685,696,3,4358.64,2615.18,10460.74
118340,59685,770,1,2789.39,0.0,2789.39
118341,59686,683,1,873.55,174.71,698.84
118342,59687,556,1,3671.69,0.0,3671.69
118343,59688,683,1,873.55,0.0,873.55
118344,59689,698,10,9291.61,18583.22,74332.88
118345,59689,546,4,12181.16,7308.7,41415.94
118346,59689,629,2,717.69,0.0,1435.38
118347,59689,517,1,12096.53,0.0,12096.53
118348,59690,649,1,699.68,34.98,664.7
118349,59691,662,1,9986.23,499.31,9486.92
118350,59691,727,1,11354.29,0.0,11354.29
118351,59691,717,1,902.81,0.0,902.81
118352,59692,523,1,6428.51,0.0,6428.51
118353,59692,634,2,5262.27,0.0,10524.54
118354,59693,548,1,8285.36,0.0,8285.36
118355,59694,576,1,2970.75,0.0,2970.75
118356,59695,601,2,17813.81,0.0,35627.62
118357,59695,660,1,3268.31,653.66,2614.65
118358,59696,705,1,17197.08,0.0,17197.08
118359,59696,605,1,1048.97,0.0,1048.97
118360,59697,647,4,48665.91,9733.18,184930.46
118361,59697,712,1,12089.2,0.0,12089.2
118362,59697,705,1,17197.08,0.0,17197.08
118363,59698,767,1,2764.13,552.83,2211.3
118364,59699,637,1,3516.12,351.61,3164.51
118365,59700,597,1,535.83,26.79,509.04
118366,59700,795,1,18501.43,1850.14,16651.29
118367,59701,547,-3,817.17,408.59,3677.26
118368,59702,528,1,951.12,0.0,951.12
118369,59703,678,1,37877.29,1893.86,35983.43
118370,59704,747,1,805.8,0.0,805.8
118371,59705,632,1,2338.49,350.77,1987.72
118372,59705,672,10,9227.41,0.0,92274.1
118373,59706,690,2,1805.43,180.54,3430.32
118374,59707,609,2,3589.04,0.0,7178.08
118375,59708,536,1,1067.42,106.74,960.68
118376,59709,662,1,9986.23,0.0,9986.23
118377,59710,612,2,2192.78,0.0,4385.56
118378,59710,752,1,14566.93,0.0,14566.93
118379,59711,711,2,5931.42,0.0,11862.84
118380,59712,724,1,2567.59,128.38,2439.21
118381,59713,614,4,30296.77,0.0,121187.08
118382,59713,752,1,14566.93,0.0,14566.93
118383,59713,552,2,10613.41,0.0,21226.82
118384,59714,607,1,10316.31,0.0,10316.31
118385,59715,776,2,1371.98,0.0,2743.96
118386,59715,691,1,12820.07,1923.01,10897.06
118387,59716,785,1,1136.17,227.23,908.94
118388,59716,542,1,1742.37,0.0,1742.37
118389,59716,703,2,2609.04,260.9,4957.18
118390,59716,763,1,66.59,0.0,66.59
118391,59717,612,1,2192.78,0.0,2192.78
118392,59718,752,2,14566.93,0.0,29133.86
118393,59718,779,1,9166.85,0.0,9166.85
118394,59718,507,2,5384.85,1076.97,9692.73
118395,59719,624,2,391.05,0.0,782.1
118396,59719,684,3,59645.43,17893.63,161042.66
118397,59719,553,3,31731.27,0.0,95193.81
118398,59720,511,1,856.8,0.0,856.8
118399,59721,545,2,1464.92,439.48,2490.36
118400,59722,767,2,2764.13,829.24,4699.02
118401,59722,650,3,6201.76,1860.53,16744.75
118402,59723,513,1,1399.58,69.98,1329.6
118403,59723,663,1,1339.76,0.0,1339.76
118404,59724,661,1,16283.24,0.0,16283.24
118405,59724,668,1,1156.71,57.84,1098.87
118406,59725,650,3,6201.76,0.0,18605.28
118407,59726,542,4,1742.37,0.0,6969.48
118408,59727,567,1,7980.38,399.02,7581.36
118409,59727,740,2,38799.36,15519.74,62078.98
118410,59727,731,3,1578.26,0.0,4734.78
118411,59727,568,1,5802.78,0.0,5802.78
118412,59727,575,10,253.01,506.02,2024.08
118413,59728,685,2,9687.25,0.0,19374.5
118414,59729,645,2,3816.62,1526.65,6106.59
118415,59729,707,5,626.29,0.0,3131.45
118416,59730,624,1,391.05,0.0,391.05
118417,59730,684,1,59645.43,0.0,59645.43
118418,59730,554,1,5371.45,0.0,5371.45
118419,59731,752,3,14566.93,0.0,43700.79
118420,59731,714,5,44813.18,0.0,224065.9
118421,59731,532,2,820.25,0.0,1640.5
118422,59732,713,1,5412.77,0.0,5412.77
118423,59733,683,2,873.55,0.0,1747.1
118424,59733,699,1,713.36,0.0,713.36
118425,59733,723,3,3644.62,1093.39,9840.47
118426,59734,688,1,9656.12,0.0,9656.12
118427,59734,550,3,3272.22,0.0,9816.66
118428,59734,546,1,12181.16,1827.17,10353.99
118429,59734,686,4,4182.59,0.0,16730.36
118430,59734,769,1,1383.36,69.17,1314.19
118431,59735,746,1,1732.13,0.0,1732.13
118432,59735,705,3,17197.08,0.0,51591.24
118433,59736,620,1,607.15,0.0,607.15
118434,59737,558,2,9344.26,0.0,18688.52
118435,59737,554,2,5371.45,0.0,10742.9
118436,59737,634,1,5262.27,0.0,5262.27
118437,59738,527,10,43071.55,64607.32,366108.18
118438,59739,699,1,713.36,0.0,713.36
118439,59740,765,1,37606.92,0.0,37606.92
118440,59741,692,1,7325.8,0.0,7325.8
118441,59742,670,2,2118.7,0.0,4237.4
118442,59742,740,2,38799.36,0.0,77598.72
118443,59742,553,1,31731.27,6346.25,25385.02
118444,59743,749,2,1601.66,0.0,3203.32
118445,59744,718,1,6766.17,0.0,6766.17
118446,59744,708,1,10297.58,0.0,10297.58
118447,59745,637,1,3516.12,351.61,3164.51
118448,59746,605,2,1048.97,104.9,1993.04
118449,59747,524,1,1357.31,203.6,1153.71
118450,59748,591,1,9106.57,0.0,9106.57
118451,59748,664,4,18695.4,0.0,74781.6
118452,59748,648,2,1203.65,0.0,2407.3
118453,59749,648,1,1203.65,120.37,1083.28
118454,59749,660,2,3268.31,0.0,6536.62
118455,59749,765,1,37606.92,0.0,37606.92
118456,59750,581,-3,2900.19,0.0,2900.19
118457,59751,778,1,2068.11,0.0,2068.11
118458,59752,504,1,3910.83,0.0,3910.83
118459,59753,638,1,9668.28,0.0,9668.28
118460,59753,543,1,4352.44,217.62,4134.82
118461,59754,627,1,348.17,0.0,348.17
118462,59755,796,1,1462.48,146.25,1316.23
118463,59755,771,1,1072.89,0.0,1072.89
118464,59756,628,4,6761.04,0.0,27044.16
118465,59756,579,1,17100.24,1710.02,15390.22
118466,59756,564,4,1265.51,0.0,5062.04
118467,59756,758,2,2596.01,259.6,4932.42
118468,59757,501,1,45292.52,2264.63,43027.89
118469,59757,668,1,1156.71,0.0,1156.71
118470,59757,644,1,36167.51,3616.75,32550.76
118471,59757,625,1,54397.72,2719.89,51677.83
118472,59758,542,1,1742.37,0.0,1742.37
118473,59759,638,4,9668.28,0.0,38673.12
118474,59759,594,1,55089.87,0.0,55089.87
118475,59760,539,1,1082.58,0.0,1082.58
118476,59761,708,1,10297.58,0.0,10297.58
118477,59762,759,3,8304.75,0.0,24914.25
118478,59763,661,2,16283.24,0.0,32566.48
118479,59763,769,1,1383.36,0.0,1383.36
118480,59764,743,1,892.31,0.0,892.31
118481,59764,799,2,2348.69,0.0,4697.38
118482,59765,798,1,3816.99,381.7,3435.29
118483,59766,597,1,535.83,0.0,535.83
118484,59767,671,1,3564.48,0.0,3564.48
118485,59768,602,2,817.44,245.23,1389.65
118486,59769,676,1,865.11,43.26,821.85
118487,59770,757,1,13097.42,0.0,13097.42
118488,59770,737,2,454.39,0.0,908.78
118489,59771,749,2,1601.66,0.0,3203.32
118490,59772,653,3,4298.41,644.76,12250.47
118491,59772,597,2,535.83,0.0,1071.66
118492,59773,755,2,923.61,0.0,1847.22
118493,59774,703,4,2609.04,521.81,9914.35
118494,59774,580,2,1023.86,0.0,2047.72
118495,59775,517,1,12096.53,0.0,12096.53
118496,59775,512,1,1219.3,0.0,1219.3
118497,59775,677,5,3625.43,3625.43,14501.72
118498,59776,589,3,17388.16,0.0,52164.48
118499,59777,781,2,508.19,0.0,1016.38
118500,59778,674,1,7676.03,0.0,7676.03
118501,59778,698,2,9291.61,0.0,18583.22
118502,59779,586,1,4444.5,0.0,4444.5
118503,59779,631,1,1647.26,0.0,1647.26
118504,59779,688,3,9656.12,1448.42,27519.94
118505,59779,733,1,1597.66,0.0,1597.66
118506,59780,519,5,849.44,0.0,4247.2
118507,59780,619,2,577.92,0.0,1155.84
118508,59780,724,1,2567.59,0.0,2567.59
118509,59781,640,2,1058.22,0.0,2116.44
118510,59782,793,1,2448.49,0.0,2448.49
118511,59782,597,1,535.83,0.0,535.83
118512,59783,735,1,1557.67,233.65,1324.02
118513,59784,554,1,5371.45,0.0,5371.45
118514,59785,555,2,9558.13,0.0,19116.26
118515,59786,999999,2,10613.41,3184.02,18042.8
118516,59787,753,1,1068.74,0.0,1068.74
118517,59788,573,3,620.76,279.34,1582.94
118518,59788,677,1,3625.43,0.0,3625.43
118519,59788,622,1,2792.75,0.0,2792.75
118520,59789,504,1,3910.83,391.08,3519.75
118521,59790,501,1,45292.52,4529.25,40763.27
118522,59790,535,1,2114.96,0.0,2114.96
118523,59790,518,1,49561.42,0.0,49561.42
118524,59791,657,4,8779.23,0.0,35116.92
118525,59791,551,1,3446.79,0.0,3446.79
118526,59791,708,1,10297.58,0.0,10297.58
118527,59792,646,1,6680.81,0.0,6680.81
118528,59792,756,1,372.34,0.0,372.34
118529,59792,708,1,10297.58,0.0,10297.58
118530,59792,637,10,3516.12,0.0,35161.2
118531,59793,767,2,2764.13,0.0,5528.26
118532,59793,744,1,6141.59,0.0,6141.59
118533,59794,521,1,3815.32,0.0,3815.32
118534,59794,520,3,1736.99,0.0,5210.97
118535,59794,663,2,1339.76,267.95,2411.57
118536,59795,764,4,38368.4,0.0,153473.6
118537,59795,738,1,4031.99,806.4,3225.59
118538,59796,611,3,15431.65,6944.24,39350.71
118539,59797,516,1,14192.65,2128.9,12063.75
118540,59798,728,2,2491.24,249.12,4733.36
118541,59798,734,1,839.57,41.98,797.59
118542,59799,546,1,12181.16,0.0,12181.16
118543,59799,700,1,6725.93,0.0,6725.93
118544,59799,664,1,18695.4,0.0,18695.4
118545,59800,509,3,3363.13,504.47,9584.92
118546,59800,739,1,9905.71,1485.86,8419.85
118547,59801,596,2,1919.15,383.83,3454.47
118548,59802,715,1,61205.17,3060.26,58144.91
118549,59802,638,2,9668.28,2900.48,16436.08
118550,59802,701,2,11805.02,0.0,23610.04
118551,59803,745,5,5138.19,1284.55,24406.4
118552,59804,636,3,1717.09,0.0,5151.27
118553,59804,638,1,9668.28,483.41,9184.87
118554,59804,605,1,1048.97,0.0,1048.97
118555,59805,767,5,2764.13,0.0,13820.65
118556,59806,533,1,10801.02,0.0,10801.02
118557,59807,516,2,14192.65,0.0,28385.3
118558,59808,731,1,1578.26,0.0,1578.26
118559,59808,565,1,322.27,48.34,273.93
118560,59809,546,2,12181.16,0.0,24362.32
118561,59809,633,1,1617.01,80.85,1536.16
118562,59809,738,1,4031.99,201.6,3830.39
118563,59809,720,1,3038.53,303.85,2734.68
118564,59809,612,1,2192.78,0.0,2192.78
118565,59810,565,1,322.27,32.23,290.04
118566,59811,527,1,43071.55,0.0,43071.55
118567,59811,633,1,1617.01,0.0,1617.01
118568,59811,622,2,2792.75,279.28,5306.22
118569,59811,610,2,26733.01,0.0,53466.02
118570,59811,999999,1,9641.6,0.0,9641.6
118571,59812,662,2,9986.23,0.0,19972.46
118572,59812,712,2,12089.2,1208.92,22969.48
118573,59813,580,1,1023.86,0.0,1023.86
118574,59814,688,1,9656.12,1931.22,7724.9
118575,59814,706,2,14673.28,0.0,29346.56
118576,59814,569,1,46883.02,0.0,46883.02
118577,59815,627,1,348.17,0.0,348.17
118578,59815,505,2,5998.46,599.85,11397.07
118579,59816,739,3,9905.71,2971.71,26745.42
118580,59816,674,2,7676.03,0.0,15352.06
118581,59816,774,1,1776.67,177.67,1599.0
118582,59817,560,1,407.29,20.36,386.93
118583,59817,645,3,3816.62,0.0,11449.86
118584,59818,667,1,558.92,27.95,530.97
118585,59818,548,2,8285.36,0.0,16570.72
118586,59819,758,2,2596.01,778.8,4413.22
118587,59820,554,1,5371.45,537.14,4834.31
118588,59820,649,1,699.68,0.0,699.68
118589,59820,792,2,2835.7,0.0,5671.4
118590,59821,553,5,31731.27,31731.27,126925.08
118591,59822,681,1,5353.16,802.97,4550.19
118592,59823,792,2,2835.7,0.0,5671.4
118593,59823,544,1,6582.2,987.33,5594.87
118594,59823,729,3,2699.1,0.0,8097.3
118595,59824,593,1,1214.64,60.73,1153.91
118596,59824,546,1,12181.16,0.0,12181.16
118597,59824,642,1,6612.07,330.6,6281.47
118598,59825,685,3,9687.25,0.0,29061.75
118599,59826,550,1,3272.22,0.0,3272.22
118600,59826,632,1,2338.49,0.0,2338.49
118601,59826,598,3,579.36,0.0,1738.08
118602,59827,746,2,1732.13,346.43,3117.83
118603,59828,692,1,7325.8,732.58,6593.22
118604,59829,788,1,8889.42,888.94,8000.48
118605,59830,512,1,1219.3,0.0,1219.3
118606,59830,678,2,37877.29,15150.92,60603.66
118607,59830,717,2,902.81,90.28,1715.34
118608,59831,552,2,10613.41,0.0,21226.82
118609,59831,692,1,7325.8,1465.16,5860.64
118610,59831,755,1,923.61,92.36,831.25
118611,59831,634,1,5262.27,0.0,5262.27
118612,59831,792,1,2835.7,0.0,2835.7
118613,59832,507,1,5384.85,0.0,5384.85
118614,59833,679,2,53522.92,0.0,107045.84
118615,59833,592,1,1511.43,75.57,1435.86
118616,59833,645,1,3816.62,0.0,3816.62
118617,59834,732,1,3277.37,327.74,2949.63
118618,59835,640,1,1058.22,0.0,1058.22
118619,59835,707,1,626.29,0.0,626.29
118620,59835,512,1,1219.3,60.97,1158.33
118621,59835,671,3,3564.48,0.0,10693.44
118622,59836,584,1,1377.03,0.0,1377.03
118623,59837,526,1,5568.93,0.0,5568.93
118624,59837,530,2,3414.81,341.48,6488.14
118625,59838,685,2,9687.25,968.73,18405.77
118626,59838,662,5,9986.23,2496.56,47434.59
118627,59839,517,1,12096.53,0.0,12096.53
118628,59839,600,1,6469.3,0.0,6469.3
118629,59840,717,1,902.81,45.14,857.67
118630,59841,534,2,46679.73,0.0,93359.46
118631,59841,544,1,6582.2,0.0,6582.2
118632,59841,652,1,13563.11,678.16,12884.95
118633,59841,766,5,4834.22,0.0,24171.1
118634,59842,758,1,2596.01,0.0,2596.01
118635,59843,767,1,2764.13,0.0,2764.13
118636,59844,714,1,44813.18,2240.66,42572.52
118637,59844,629,2,717.69,143.54,1291.84
118638,59845,724,1,2567.59,0.0,2567.59
118639,59845,714,2,44813.18,17925.27,71701.09
118640,59845,585,1,29624.84,0.0,29624.84
118641,59846,668,3,1156.71,0.0,3470.13
118642,59846,672,1,9227.41,461.37,8766.04
118643,59846,727,1,11354.29,567.71,10786.58
118644,59846,677,2,3625.43,0.0,7250.86
118645,59847,683,2,873.55,0.0,1747.1
118646,59848,523,1,6428.51,0.0,6428.51
118647,59849,530,1,3414.81,0.0,3414.81
118648,59849,564,1,1265.51,0.0,1265.51
118649,59849,759,1,8304.75,0.0,8304.75
118650,59850,773,3,5708.39,0.0,17125.17
118651,59851,690,3,1805.43,541.63,4874.66
118652,59852,699,1,713.36,35.67,677.69
118653,59852,571,1,11994.11,1199.41,10794.7
118654,59852,589,1,17388.16,869.41,16518.75
118655,59852,613,1,11372.12,0.0,11372.12
118656,59853,515,1,1144.81,0.0,1144.81
118657,59853,681,1,5353.16,0.0,5353.16
118658,59853,753,2,1068.74,213.75,1923.73
118659,59854,764,2,38368.4,0.0,76736.8
118660,59855,753,2,1068.74,106.87,2030.61
118661,59856,768,2,10470.08,0.0,20940.16
118662,59856,561,5,2177.62,0.0,10888.1
118663,59856,526,4,5568.93,0.0,22275.72
118664,59857,537,4,7317.24,0.0,29268.96
118665,59858,741,3,1969.25,590.77,5316.98
118666,59858,644,1,36167.51,0.0,36167.51
118667,59858,604,3,5835.32,0.0,17505.96
118668,59859,787,1,27577.51,0.0,27577.51
118669,59860,591,1,9106.57,1365.99,7740.58
118670,59860,797,1,1277.35,63.87,1213.48
118671,59861,770,1,2789.39,0.0,2789.39
118672,59861,559,-1,5502.85,825.43,4677.42
118673,59862,654,2,2895.35,0.0,5790.7
118674,59862,659,4,364.24,0.0,1456.96
118675,59862,713,3,5412.77,2435.75,13802.56
118676,59863,668,3,1156.71,173.51,3296.62
118677,59863,792,1,2835.7,0.0,2835.7
118678,59863,559,5,5502.85,0.0,27514.25
118679,59864,710,1,10731.06,536.55,10194.51
118680,59865,797,1,1277.35,127.73,1149.62
118681,59866,714,1,44813.18,0.0,44813.18
118682,59867,516,1,14192.65,0.0,14192.65
118683,59868,794,1,482.29,24.11,458.18
118684,59868,581,4,2900.19,580.04,11020.72
118685,59869,530,2,3414.81,1024.44,5805.18
118686,59870,771,1,1072.89,53.64,1019.25
118687,59871,577,1,795.1,0.0,795.1
118688,59872,759,2,8304.75,830.48,15779.02
118689,59873,554,1,5371.45,0.0,5371.45
118690,59873,701,1,11805.02,2361.0,9444.02
118691,59874,512,3,1219.3,0.0,3657.9
118692,59874,744,2,6141.59,1842.48,10440.7
118693,59874,525,2,4003.31,0.0,8006.62
118694,59875,742,3,31236.95,9371.09,84339.76
118695,59875,675,1,16586.98,829.35,15757.63
118696,59875,614,1,30296.77,6059.35,24237.42
118697,59876,744,1,6141.59,0.0,6141.59
118698,59877,749,2,1601.66,0.0,3203.32
118699,59878,620,2,607.15,0.0,1214.3
118700,59879,574,1,20894.55,0.0,20894.55
118701,59880,722,1,53128.36,7969.25,45159.11
118702,59881,611,2,15431.65,0.0,30863.3
118703,59882,629,1,717.69,0.0,717.69
118704,59883,722,1,53128.36,0.0,53128.36
118705,59884,555,4,9558.13,1911.63,36320.89
118706,59884,543,1,4352.44,217.62,4134.82
118707,59884,600,2,6469.3,0.0,12938.6
118708,59884,749,1,1601.66,160.17,1441.49
118709,59885,686,1,4182.59,0.0,4182.59
118710,59885,630,2,2387.03,0.0,4774.06
118711,59886,566,5,8272.67,2068.17,39295.18
118712,59887,708,1,10297.58,0.0,10297.58
118713,59887,567,1,7980.38,0.0,7980.38
118714,59888,715,1,61205.17,0.0,61205.17
118715,59888,539,1,1082.58,108.26,974.32
118716,59888,752,3,14566.93,0.0,43700.79
118717,59888,553,2,31731.27,0.0,63462.54
118718,59889,652,1,13563.11,2034.47,11528.64
118719,59889,553,1,31731.27,3173.13,28558.14
118720,59889,786,1,5485.59,0.0,5485.59
118721,59889,727,1,11354.29,0.0,11354.29
118722,59890,551,2,3446.79,0.0,6893.58
118723,59891,508,1,5538.85,0.0,5538.85
118724,59891,549,4,13993.54,0.0,55974.16
118725,59892,627,1,348.17,0.0,348.17
118726,59893,641,1,3333.39,0.0,3333.39
118727,59894,746,1,1732.13,173.21,1558.92
118728,59894,685,2,9687.25,2906.17,16468.33
118729,59895,660,4,3268.31,0.0,13073.24
118730,59895,786,5,5485.59,1371.4,26056.55
118731,59896,537,2,7317.24,0.0,14634.48
118732,59897,764,1,38368.4,0.0,38368.4
118733,59897,735,2,1557.67,0.0,3115.34
118734,59898,699,1,713.36,35.67,677.69
118735,59898,670,5,2118.7,1059.35,9534.15
118736,59898,648,2,1203.65,0.0,2407.3
118737,59899,743,4,892.31,0.0,3569.24
118738,59899,651,1,4691.47,938.29,3753.18
118739,59900,756,1,372.34,18.62,353.72
118740,59901,647,1,48665.91,2433.3,46232.61
118741,59902,669,2,5183.71,1036.74,9330.68
118742,59903,541,1,2124.38,0.0,2124.38
118743,59903,683,1,873.55,0.0,873.55
118744,59904,645,1,3816.62,0.0,3816.62
118745,59904,782,1,9360.71,0.0,9360.71
118746,59905,657,1,8779.23,877.92,7901.31
118747,59906,708,5,10297.58,7723.18,43764.72
118748,59906,597,1,535.83,0.0,535.83
118749,59907,520,1,1736.99,173.7,1563.29
118750,59908,734,1,839.57,0.0,839.57
118751,59908,614,4,30296.77,6059.35,115127.73
118752,59908,783,1,39234.63,0.0,39234.63
118753,59909,782,1,9360.71,0.0,9360.71
118754,59910,608,4,667.69,0.0,2670.76
118755,59910,520,2,1736.99,0.0,3473.98
118756,59910,612,2,2192.78,0.0,4385.56
118757,59911,760,1,11301.08,0.0,11301.08
118758,59912,724,1,2567.59,0.0,2567.59
118759,59912,526,1,5568.93,0.0,5568.93
118760,59912,778,2,2068.11,0.0,4136.22
118761,59913,604,1,5835.32,0.0,5835.32
118762,59914,788,1,8889.42,444.47,8444.95
118763,59914,543,1,4352.44,217.62,4134.82
118764,59914,607,1,10316.31,0.0,10316.31
118765,59915,749,1,1601.66,0.0,1601.66
118766,59916,526,1,5568.93,278.45,5290.48
118767,59916,780,3,3012.88,903.86,8134.78
118768,59916,663,4,1339.76,0.0,5359.04
118769,59917,733,1,1597.66,0.0,1597.66
118770,59918,596,2,1919.15,0.0,3838.3
118771,59918,784,2,1641.14,0.0,3282.28
118772,59919,734,1,839.57,0.0,839.57
118773,59920,620,2,607.15,0.0,1214.3
118774,59920,596,5,1919.15,0.0,9595.75
118775,59920,597,2,535.83,0.0,1071.66
118776,59921,762,2,886.5,0.0,1773.0
118777,59921,698,4,9291.61,0.0,0.01
118778,59921,537,4,7317.24,5853.79,23415.17
118779,59921,630,2,2387.03,0.0,4774.06
118780,59922,668,0,1156.71,0.0,1156.71
118781,59923,664,-1,18695.4,0.0,93477.0
118782,59924,787,3,27577.51,4136.63,78595.9
118783,59924,771,2,1072.89,107.29,2038.49
118784,59925,646,1,6680.81,1002.12,5678.69
118785,59925,568,1,5802.78,290.14,5512.64
118786,59926,691,3,12820.07,1923.01,36537.2
118787,59927,514,3,8817.04,0.0,26451.12
118788,59928,515,1,1144.81,0.0,1144.81
118789,59929,765,1,37606.92,0.0,37606.92
118790,59929,689,2,11449.91,0.0,22899.82
118791,59929,526,3,5568.93,1670.68,15036.11
118792,59930,524,3,1357.31,0.0,4071.93
118793,59931,572,3,1098.59,0.0,3295.77
118794,59931,663,2,1339.76,133.98,2545.54
118795,59931,565,2,322.27,64.45,580.09
118796,59932,527,2,43071.55,0.0,86143.1
118797,59933,755,5,923.61,0.0,4618.05
118798,59933,561,1,2177.62,217.76,1959.86
118799,59933,632,10,2338.49,2338.49,21046.41
118800,59934,537,1,7317.24,0.0,7317.24
118801,59934,618,1,161.7,0.0,161.7
118802,59935,620,3,607.15,0.0,1821.45
118803,59935,621,5,1304.44,0.0,6522.2
118804,59935,733,3,1597.66,0.0,4792.98
118805,59935,734,5,839.57,0.0,4197.85
118806,59935,721,1,5715.09,857.26,4857.83
118807,59936,585,1,29624.84,1481.24,28143.6
118808,59936,664,2,18695.4,3739.08,33651.72
118809,59937,659,2,364.24,0.0,728.48
118810,59937,721,4,5715.09,0.0,22860.36
118811,59937,679,1,53522.92,5352.29,48170.63
118812,59938,576,-1,2970.75,0.0,2970.75
118813,59939,597,5,535.83,267.92,2411.23
118814,59940,729,1,2699.1,0.0,2699.1
118815,59941,789,1,2799.8,0.0,2799.8
118816,59942,715,1,61205.17,12241.03,48964.14
118817,59943,719,1,15471.04,0.0,15471.04
118818,59944,607,1,10316.31,1547.45,8768.86
118819,59945,786,1,5485.59,822.84,4662.75
118820,59946,578,1,6521.84,978.28,5543.56
118821,59946,533,4,10801.02,8640.82,34563.26
118822,59947,502,1,15084.04,0.0,15084.04
118823,59948,501,1,45292.52,0.0,45292.52
118824,59948,665,1,2533.05,0.0,2533.05
118825,59949,710,3,10731.06,0.0,32193.18
118826,59950,785,3,1136.17,0.0,3408.51
118827,59951,702,4,569.75,113.95,2165.05
118828,59952,715,1,61205.17,0.0,61205.17
118829,59952,527,1,43071.55,0.0,43071.55
118830,59952,592,2,1511.43,151.14,2871.72
118831,59952,596,-1,1919.15,0.0,1919.15
118832,59952,796,1,1462.48,0.0,1462.48
118833,59953,774,3,1776.67,266.5,5063.51
118834,59953,612,1,2192.78,0.0,2192.78
118835,59954,793,1,2448.49,0.0,2448.49
118836,59955,664,3,18695.4,5608.62,50477.58
118837,59956,509,1,3363.13,0.0,3363.13
118838,59957,521,1,3815.32,190.77,3624.55
118839,59958,641,2,3333.39,333.34,6333.44
118840,59959,666,1,4195.88,209.79,3986.09
118841,59960,706,3,14673.28,0.0,44019.84
118842,59961,637,1,3516.12,527.42,2988.7
118843,59962,756,1,372.34,74.47,297.87
118844,59962,658,1,711.18,0.0,711.18
118845,59962,761,1,1440.57,288.11,1152.46
118846,59963,515,1,1144.81,228.96,915.85
118847,59964,504,1,3910.83,0.0,3910.83
118848,59964,658,3,711.18,106.68,2026.86
118849,59965,605,3,1048.97,157.35,2989.56
118850,59965,708,5,10297.58,5148.79,46339.11
118851,59966,613,1,11372.12,0.0,11372.12
118852,59966,781,4,508.19,203.28,1829.48
118853,59967,754,1,9295.64,464.78,8830.86
118854,59967,696,3,4358.64,1961.39,11114.53
118855,59968,573,1,620.76,0.0,620.76
118856,59968,773,1,5708.39,0.0,5708.39
118857,59968,677,1,3625.43,0.0,3625.43
118858,59969,537,1,7317.24,365.86,6951.38
118859,59969,728,4,2491.24,996.5,8968.46
118860,59969,742,5,31236.95,0.0,156184.75
118861,59970,754,1,9295.64,929.56,8366.08
118862,59970,734,3,839.57,0.0,2518.71
118863,59971,780,1,3012.88,0.0,3012.88
118864,59972,607,1,10316.31,0.0,10316.31
118865,59973,612,1,2192.78,0.0,2192.78
118866,59973,594,1,55089.87,5508.99,49580.88
118867,59974,541,1,2124.38,0.0,2124.38
118868,59975,784,1,1641.14,0.0,1641.14
118869,59975,630,1,2387.03,0.0,2387.03
118870,59975,797,1,1277.35,127.73,1149.62
118871,59975,577,1,795.1,79.51,715.59
118872,59976,999999,5,8272.67,8272.67,33090.68
118873,59976,791,1,11369.6,0.0,11369.6
118874,59976,692,1,7325.8,0.0,7325.8
118875,59976,720,1,3038.53,0.0,3038.53
118876,59977,523,3,6428.51,0.0,19285.53
118877,59978,736,1,6075.78,911.37,5164.41
118878,59979,776,2,1371.98,0.0,2743.96
118879,59980,617,2,1324.53,397.36,2251.7
118880,59981,521,1,3815.32,190.77,3624.55
118881,59982,761,2,1440.57,0.0,2881.14
118882,59982,716,2,1117.48,223.5,2011.46
118883,59983,751,1,25845.26,2584.53,23260.73
118884,59984,777,1,2061.3,0.0,2061.3
118885,59985,793,1,2448.49,489.7,1958.79
118886,59986,583,1,9641.6,0.0,0.01
118887,59987,741,1,1969.25,0.0,1969.25
118888,59988,573,2,620.76,0.0,1241.52
118889,59989,783,1,39234.63,0.0,39234.63
118890,59989,504,1,3910.83,391.08,3519.75
118891,59989,661,1,16283.24,814.16,15469.08
118892,59990,597,2,535.83,0.0,1071.66
118893,59991,611,2,15431.65,0.0,30863.3
118894,59992,667,1,558.92,0.0,558.92
118895,59992,604,1,5835.32,0.0,5835.32
118896,59993,760,1,11301.08,0.0,11301.08
118897,59994,629,1,717.69,35.88,681.81
118898,59995,664,4,18695.4,0.0,74781.6
118899,59995,753,2,1068.74,0.0,2137.48
118900,59996,775,1,3454.82,172.74,3282.08
118901,59996,561,1,2177.62,217.76,1959.86
118902,59997,572,2,1098.59,0.0,2197.18
118903,59998,720,1,3038.53,151.93,2886.6
118904,59999,587,1,790.56,0.0,790.56
118905,60000,582,1,8407.83,0.0,8407.83
118906,60000,645,3,3816.62,0.0,11449.86
