order_id,customer_id,store_id,order_date,order_status,shipping_amount,discount_total,payment_status
50001,1341.0,18,2025-05-07,Returned,0.0,163.49,Refunded
50002,2349.0,1,2022-12-19,Completed,0.0,0.0,Success
50003,1316.0,11,2026-05-08,Completed,0.0,0.0,Success
50004,1436.0,18,2025-09-30,Completed,0.0,0.0,Success
50005,2563.0,19,2024-03-29,Shipped,0.0,88.83,Success
50006,1742.0,1,2022-01-04,Completed,0.0,0.0,Success
50007,1638.0,3,2024-09-11,Completed,0.0,573.22,Success
50008,1654.0,1,2024-11-04,Completed,0.0,160.17,Success
50009,1112.0,1,2023-06-14,Shipped,0.0,157.83,Success
50010,2729.0,7,2024-01-18,Completed,0.0,0.0,Success
50011,1308.0,1,2025-12-20,Completed,0.0,0.0,Success
50012,2778.0,6,2024-01-22,Completed,0.0,90.27,Success
50013,1601.0,2,2022-02-05,Completed,0.0,0.0,Success
50014,2513.0,3,2022-12-25,Completed,0.0,0.0,Success
50015,2991.0,5,2025-06-18,Completed,0.0,453.31,Success
50016,2050.0,20,2022-06-11,Completed,0.0,90.28,Success
50017,1163.0,16,2024-06-06,Returned,0.0,526.23,Refunded
50018,2916.0,4,2026-03-10,Completed,0.0,1309.74,Success
50019,1584.0,1,2024-04-13,Completed,0.0,973.85,Success
50020,2253.0,1,2025-12-29,Completed,0.0,0.0,Success
50021,2905.0,8,2023-12-04,Completed,0.0,249.12,Success
50022,2091.0,12,2025-10-10,Completed,0.0,612.12,Success
50023,1171.0,1,2024-12-20,Completed,0.0,0.0,Success
50024,2198.0,1,2023-12-22,Completed,0.0,0.0,Success
50025,1481.0,2,2025-01-05,Completed,0.0,0.0,Success
50026,2593.0,20,2024-04-01,Completed,0.0,0.0,Success
50027,1744.0,10,2025-09-22,Processing,0.0,133.98,Success
50028,2091.0,16,2026-04-12,Completed,0.0,172.34,Success
50029,1387.0,10,2025-06-21,Completed,0.0,129.8,Success
50030,2166.0,10,2025-11-02,Completed,0.0,672.59,Success
50031,1756.0,12,2023-05-06,Completed,0.0,0.0,Success
50032,2314.0,1,2025-05-22,Processing,0.0,23.67,Success
50033,1790.0,1,2024-05-04,Returned,0.0,355.33,Refunded
50034,1082.0,2,2026-01-07,Cancelled,0.0,911.56,Cancelled
50035,2479.0,1,2024-04-25,Completed,0.0,0.0,Success
50036,2315.0,12,2024-07-27,Processing,0.0,0.0,Success
50037,1678.0,14,2025-12-03,Completed,0.0,0.0,Success
50038,1453.0,17,2025-02-28,Completed,0.0,0.0,Success
50039,2379.0,1,2026-03-04,Shipped,0.0,0.0,Success
50040,2743.0,1,2023-09-13,Completed,0.0,170.54,Success
50041,1977.0,9,2022-12-15,Returned,0.0,3256.65,Refunded
50042,1360.0,5,2024-02-17,Completed,0.0,162.43,Success
50043,2529.0,16,2026-05-23,Shipped,0.0,0.0,Success
50044,2788.0,1,2026-06-23,Completed,99.0,41.08,Success
50045,2413.0,12,2022-12-30,Completed,0.0,0.0,Success
50046,1621.0,1,2023-04-12,Completed,0.0,715.42,Success
50047,1405.0,1,2025-04-22,Completed,0.0,0.0,Success
50048,2816.0,4,2025-08-09,Completed,0.0,83.96,Success
50049,1542.0,17,2023-05-25,Completed,0.0,0.0,Success
50050,2830.0,20,2024-08-21,Completed,0.0,0.0,Success
50051,2307.0,11,2023-01-10,Completed,0.0,0.0,Success
50052,2087.0,5,2025-11-03,Completed,0.0,0.0,Success
50053,2357.0,1,2024-11-23,Returned,0.0,3867.31,Refunded
50054,1628.0,1,2023-12-26,Processing,99.0,0.0,Success
50055,2562.0,19,2022-04-24,Returned,0.0,549.29,Refunded
50056,2443.0,1,2025-09-17,Shipped,0.0,0.0,Success
50057,2143.0,8,2023-02-13,Shipped,0.0,0.0,Success
50058,1963.0,19,2022-04-05,Shipped,0.0,36.43,Success
50059,1122.0,1,2025-08-02,Completed,0.0,0.0,Success
50060,2689.0,1,2022-11-05,Completed,0.0,609.06,Success
50061,2674.0,1,2022-02-14,Completed,0.0,0.0,Success
50062,1523.0,9,2022-02-17,Completed,0.0,3094.21,Success
50063,1034.0,8,2022-03-07,Returned,0.0,0.0,Refunded
50064,1325.0,15,2022-06-29,Completed,0.0,115.87,Success
50065,1568.0,5,2026-02-22,Completed,0.0,0.0,Success
50066,2419.0,13,2024-06-04,Processing,0.0,469.15,Success
50067,1462.0,1,2022-11-05,Completed,99.0,57.84,Success
50068,2683.0,8,2023-12-28,Processing,0.0,0.0,Success
50069,2935.0,16,2026-05-16,Completed,0.0,0.0,Success
50070,1428.0,1,2022-12-01,Completed,0.0,0.0,Success
50071,2709.0,19,2022-02-22,Completed,0.0,2431.0,Success
50072,1256.0,1,2022-12-25,Completed,0.0,1085.22,Success
50073,1649.0,3,2023-03-07,Returned,0.0,1782.54,Refunded
50074,1739.0,19,2022-05-14,Completed,0.0,2224.62,Success
50075,1289.0,16,2022-12-30,Completed,0.0,0.0,Success
50076,2222.0,15,2026-02-24,Completed,0.0,0.0,Success
50077,2063.0,19,2026-02-28,Shipped,0.0,0.0,Success
50078,2724.0,1,2023-10-20,Completed,0.0,0.0,Success
50079,1835.0,1,2024-02-12,Shipped,0.0,0.0,Success
50080,2984.0,5,2024-04-30,Processing,0.0,0.0,Success
50081,1749.0,19,2025-09-30,Shipped,0.0,0.0,Success
50082,2930.0,1,2025-09-12,Completed,99.0,31.31,Success
50083,1514.0,1,2025-09-12,Completed,0.0,505.5,Success
50084,1768.0,11,2025-04-01,Shipped,0.0,800.66,Success
50085,1985.0,5,2023-12-06,Completed,0.0,327.74,Success
50086,1691.0,1,2023-01-17,Completed,0.0,18.22,Success
50087,2976.0,7,2022-07-13,Completed,0.0,39.19,Success
50088,1712.0,1,2024-06-12,Completed,0.0,830.48,Success
50089,1097.0,15,2024-01-13,Completed,0.0,222.23,Success
50090,2727.0,18,2026-01-06,Completed,0.0,46520.59,Success
50091,1154.0,1,2025-02-12,Completed,0.0,0.0,Success
50092,2685.0,1,2023-05-12,Completed,0.0,0.0,Success
50093,1464.0,19,2023-07-20,Completed,0.0,0.0,Success
50094,2377.0,1,2023-11-02,Completed,0.0,326.83,Success
50095,1476.0,11,2023-09-04,Processing,0.0,319.53,Success
50096,1782.0,16,2023-06-08,Completed,0.0,110.11,Success
50097,1597.0,1,2022-07-31,Completed,0.0,862.02,Success
50098,2307.0,1,2026-04-26,Completed,0.0,0.0,Success
50099,1027.0,1,2024-09-21,Completed,0.0,0.0,Success
50100,2149.0,9,2025-03-04,Completed,0.0,15994.76,Success
50101,1241.0,20,2023-05-04,Completed,0.0,0.0,Success
50102,2769.0,7,2024-03-27,Shipped,0.0,0.0,Success
50103,1845.0,15,2026-02-02,Completed,0.0,1070.63,Success
50104,2626.0,1,2025-02-17,Shipped,0.0,506.61,Success
50105,1721.0,9,2026-02-24,Shipped,0.0,0.0,Success
50106,1741.0,13,2022-12-12,Completed,0.0,0.0,Success
50107,1607.0,13,2025-01-07,Completed,0.0,176.75,Success
50108,2467.0,1,2023-12-26,Completed,0.0,567.14,Success
50109,1503.0,17,2024-06-20,Completed,0.0,1076.97,Success
50110,2717.0,4,2025-02-13,Completed,0.0,575.75,Success
50111,1536.0,12,2024-01-16,Shipped,0.0,270.81,Success
50112,2107.0,2,2025-11-20,Completed,0.0,69.63,Success
50113,2475.0,1,2025-12-08,Completed,0.0,2433.78,Success
50114,1133.0,19,2022-12-17,Completed,0.0,0.0,Success
50115,1131.0,11,2022-05-14,Returned,0.0,477.41,Refunded
50116,2006.0,4,2026-04-15,Cancelled,0.0,1930.17,Cancelled
50117,1246.0,14,2022-05-26,Completed,0.0,482.08,Success
50118,2330.0,18,2026-02-01,Completed,0.0,93.94,Success
50119,1835.0,2,2024-08-29,Completed,0.0,0.0,Success
50120,1517.0,6,2023-01-13,Completed,0.0,323.58,Success
50121,2540.0,1,2023-06-12,Completed,0.0,2137.47,Success
50122,1670.0,3,2022-02-26,Shipped,0.0,0.0,Success
50123,1199.0,17,2022-11-13,Completed,0.0,553.63,Success
50124,2963.0,14,2022-09-04,Shipped,0.0,310.09,Success
50125,1343.0,18,2024-10-16,Completed,0.0,623.34,Success
50126,1797.0,14,2022-08-27,Completed,0.0,0.0,Success
50127,2627.0,3,2024-01-04,Completed,0.0,276.41,Success
50128,1828.0,4,2022-06-18,Completed,0.0,126.65,Success
50129,2611.0,14,2026-04-28,Completed,0.0,0.0,Success
50130,2844.0,8,2022-12-22,Completed,0.0,228.96,Success
50131,2691.0,11,2024-06-07,Shipped,0.0,75.57,Success
50132,1454.0,12,2022-05-30,Shipped,0.0,0.0,Success
50133,2844.0,11,2023-08-18,Completed,0.0,2118.7,Success
50134,2880.0,16,2022-04-02,Completed,0.0,161.7,Success
50135,2872.0,1,2025-11-14,Completed,0.0,5573.72,Success
50136,2358.0,11,2022-05-25,Completed,0.0,0.0,Success
50137,1526.0,19,2026-01-04,Cancelled,0.0,345.48,Cancelled
50138,2814.0,17,2022-06-27,Completed,0.0,0.0,Success
50139,1229.0,1,2024-03-05,Completed,0.0,385.14,Success
50140,1431.0,12,2022-03-31,Completed,0.0,2552.77,Success
50141,2477.0,4,2024-06-21,Completed,0.0,0.0,Success
50142,1117.0,1,2022-05-14,Completed,0.0,0.0,Success
50143,2153.0,1,2024-03-04,Shipped,0.0,0.0,Success
50144,1041.0,10,2024-09-02,Cancelled,0.0,262.17,Cancelled
50145,1932.0,5,2022-11-10,Completed,0.0,20894.55,Success
50146,,1,2022-03-29,Completed,0.0,0.0,Success
50147,2810.0,3,2026-02-11,Completed,0.0,111.78,Success
50148,2844.0,5,2026-04-14,Shipped,0.0,0.0,Success
50149,2336.0,4,2026-05-06,Processing,0.0,0.0,Success
50150,1788.0,19,2024-06-03,Completed,0.0,14.5,Success
50151,2394.0,8,2022-11-16,Completed,0.0,0.0,Success
50152,2251.0,19,2025-06-08,Completed,0.0,327.22,Success
50153,2747.0,1,2024-01-01,Completed,0.0,0.0,Success
50154,1647.0,8,2024-07-03,Completed,0.0,0.0,Success
50155,2091.0,18,2024-04-19,Completed,0.0,9632.65,Success
50156,1912.0,1,2022-03-22,Completed,0.0,2431.0,Success
50157,2676.0,2,2024-06-22,Completed,0.0,642.6,Success
50158,2814.0,1,2022-06-24,Processing,0.0,448.66,Success
50159,2915.0,14,2025-10-01,Completed,0.0,1457.97,Success
50160,1347.0,2,2023-06-02,Completed,0.0,0.0,Success
50161,1342.0,1,2023-05-05,Shipped,0.0,0.0,Success
50162,2351.0,1,2025-02-03,Completed,0.0,0.0,Success
50163,1752.0,15,2026-05-25,Completed,0.0,0.0,Success
50164,2376.0,1,2025-09-26,Cancelled,0.0,827.27,Cancelled
50165,2481.0,1,2023-11-30,Processing,0.0,659.46,Success
50166,2255.0,1,2025-12-13,Completed,0.0,1732.34,Success
50167,2240.0,12,2024-08-18,Completed,0.0,0.0,Success
50168,2111.0,8,2023-01-23,Completed,0.0,0.0,Success
50169,2214.0,1,2024-04-24,Completed,0.0,0.0,Success
50170,1015.0,10,2025-10-31,Completed,0.0,7624.04,Success
50171,1025.0,20,2025-10-13,Completed,0.0,209.13,Success
50172,2024.0,1,2024-09-28,Completed,0.0,487.01,Success
50173,2945.0,1,2022-10-13,Shipped,99.0,0.0,Success
50174,1354.0,1,2023-01-12,Completed,0.0,0.0,Success
50175,1804.0,1,2025-01-30,Completed,99.0,55.85,Success
50176,2985.0,11,2023-12-25,Returned,0.0,419.59,Refunded
50177,2063.0,19,2023-03-20,Completed,0.0,0.0,Success
50178,2267.0,4,2022-09-07,Completed,0.0,4782.56,Success
50179,1916.0,2,2023-05-20,Completed,0.0,273.22,Success
50180,2847.0,20,2026-05-31,Completed,0.0,635.61,Success
50181,2296.0,8,2023-04-14,Shipped,0.0,4890.95,Success
50182,1304.0,9,2022-06-16,Completed,0.0,0.0,Success
50183,2577.0,1,2022-10-21,Completed,0.0,0.0,Success
50184,1644.0,9,2025-01-03,Completed,0.0,1526.92,Success
50185,2677.0,16,2023-09-03,Completed,0.0,69.98,Success
50186,1755.0,5,2022-10-30,Completed,0.0,290.02,Success
50187,1561.0,5,2023-02-10,Shipped,0.0,0.0,Success
50188,1108.0,17,2025-02-05,Completed,0.0,60.66,Success
50189,1811.0,1,2025-06-09,Processing,0.0,381.66,Success
50190,2048.0,1,2026-01-08,Shipped,0.0,0.0,Success
50191,1482.0,1,2024-01-08,Returned,0.0,0.0,Refunded
50192,1128.0,7,2025-08-07,Shipped,0.0,1827.17,Success
50193,1491.0,1,2025-10-31,Completed,99.0,0.0,Success
50194,2955.0,17,2024-10-22,Completed,0.0,260.9,Success
50195,2372.0,12,2024-04-29,Completed,0.0,0.0,Success
50196,2438.0,1,2024-01-24,Completed,0.0,174.86,Success
50197,1413.0,13,2023-06-09,Completed,0.0,263.11,Success
50198,1913.0,9,2025-08-27,Completed,0.0,776.05,Success
50199,2706.0,11,2023-03-15,Processing,0.0,1209.6,Success
50200,2699.0,1,2023-11-15,Completed,0.0,311.53,Success
50201,2812.0,1,2022-03-05,Completed,0.0,622.02,Success
50202,2795.0,2,2023-07-28,Completed,0.0,0.0,Success
50203,2905.0,19,2035-12-31,Cancelled,0.0,6386.69,Cancelled
50204,1933.0,17,2025-04-02,Completed,0.0,0.0,Success
50205,1314.0,1,2024-03-25,Completed,99.0,0.0,Success
50206,2182.0,18,2025-09-06,Completed,0.0,1613.26,Success
50207,1091.0,17,2024-06-10,Completed,0.0,400.33,Success
50208,1765.0,11,2024-01-31,Shipped,0.0,7575.46,Success
50209,2668.0,11,2024-10-09,Completed,0.0,0.0,Success
50210,2894.0,2,2024-08-13,Completed,0.0,4443.73,Success
50211,2296.0,16,2022-11-23,Processing,0.0,0.0,Success
50212,1213.0,8,2023-06-06,Cancelled,0.0,5924.97,Cancelled
50213,2072.0,10,2024-03-15,Completed,0.0,2271.01,Success
50214,2319.0,5,2025-11-22,Processing,0.0,27175.51,Success
50215,1296.0,18,2025-11-24,Returned,0.0,0.0,Refunded
50216,2949.0,15,2022-02-18,Completed,0.0,1031.63,Success
50217,1520.0,4,2022-09-01,Completed,0.0,0.0,Success
50218,1768.0,1,2024-05-27,Completed,0.0,2932.01,Success
50219,1719.0,19,2025-11-03,Completed,0.0,868.5,Success
50220,1517.0,7,2022-06-19,Completed,0.0,2431.0,Success
50221,2257.0,3,2035-12-31,Completed,0.0,565.05,Success
50222,2895.0,7,2026-01-23,Completed,0.0,0.0,Success
50223,1874.0,1,2022-11-14,Returned,99.0,0.0,Refunded
50224,2340.0,18,2026-05-02,Completed,0.0,1216.89,Success
50225,2462.0,4,2025-12-06,Cancelled,0.0,1481.24,Cancelled
50226,2017.0,2,2025-12-02,Completed,0.0,0.0,Success
50227,1134.0,1,2025-09-23,Completed,0.0,24478.97,Success
50228,1332.0,1,2023-01-18,Completed,0.0,0.0,Success
50229,2345.0,1,2024-04-26,Completed,0.0,0.0,Success
50230,1023.0,2,2024-11-10,Shipped,0.0,0.0,Success
50231,2886.0,1,2024-09-10,Shipped,0.0,0.0,Success
50232,2133.0,10,2025-01-13,Processing,0.0,0.0,Success
50233,2052.0,20,2022-05-29,Completed,0.0,0.0,Success
50234,1538.0,3,2026-03-21,Completed,0.0,1259.44,Success
50235,2260.0,19,2024-11-09,Processing,0.0,0.0,Success
50236,1136.0,8,2025-12-13,Processing,0.0,0.0,Success
50237,2653.0,20,2023-12-01,Completed,0.0,71.12,Success
50238,2424.0,8,2025-10-29,Completed,0.0,0.0,Success
50239,2294.0,1,2025-07-12,Completed,99.0,0.0,Success
50240,1491.0,8,2023-12-15,Returned,0.0,0.0,Refunded
50241,1869.0,11,2023-01-21,Shipped,0.0,0.0,Success
50242,2484.0,12,2023-08-20,Completed,0.0,51.95,Success
50243,1504.0,3,2026-01-08,Completed,0.0,3386.0,Success
50244,1007.0,1,2023-06-06,Cancelled,0.0,0.0,Cancelled
50245,1876.0,10,2024-09-29,Completed,0.0,0.0,Success
50246,2557.0,15,2022-04-22,Completed,0.0,0.0,Success
50247,2522.0,11,2023-02-24,Completed,0.0,2137.47,Success
50248,1452.0,9,2025-03-14,Shipped,0.0,767.0,Success
50249,2517.0,9,2023-07-07,Shipped,0.0,0.0,Success
50250,1340.0,17,2023-03-28,Completed,0.0,71.12,Success
50251,1438.0,1,2022-06-17,Completed,0.0,0.0,Success
50252,1779.0,1,2026-04-16,Completed,0.0,0.0,Success
50253,1159.0,9,2025-12-02,Completed,0.0,0.0,Success
50254,1510.0,12,2023-04-18,Completed,0.0,0.0,Success
50255,1894.0,12,2024-05-18,Completed,0.0,24.25,Success
50256,1324.0,1,2025-04-14,Completed,0.0,0.0,Success
50257,2261.0,12,2022-04-13,Completed,0.0,491.61,Success
50258,1839.0,1,2024-12-02,Completed,0.0,1821.31,Success
50259,1158.0,1,2022-07-27,Completed,0.0,45.44,Success
50260,1352.0,14,2024-11-17,Shipped,0.0,0.0,Success
50261,1753.0,8,2023-07-26,Completed,0.0,0.0,Success
50262,1087.0,1,2024-02-12,Completed,0.0,107.29,Success
50263,2109.0,12,2024-12-11,Completed,0.0,0.0,Success
50264,2919.0,3,2024-10-27,Processing,0.0,0.0,Success
50265,1612.0,1,2024-04-24,Completed,99.0,0.0,Success
50266,1892.0,14,2026-03-17,Completed,0.0,0.0,Success
50267,2808.0,1,2022-09-25,Completed,99.0,113.85,Success
50268,1109.0,2,2024-03-02,Processing,0.0,938.29,Success
50269,1636.0,18,2022-12-06,Completed,0.0,0.0,Success
50270,2068.0,2,2024-07-07,Completed,0.0,0.0,Success
50271,2365.0,14,2026-02-01,Shipped,0.0,1052.03,Success
50272,2561.0,18,2022-07-10,Completed,0.0,0.0,Success
50273,1857.0,8,2024-05-05,Shipped,0.0,2320.66,Success
50274,1136.0,1,2022-12-06,Cancelled,0.0,424.88,Cancelled
50275,2743.0,5,2023-06-13,Completed,0.0,105.94,Success
50276,2652.0,9,2023-05-18,Completed,0.0,317.54,Success
50277,2993.0,12,2024-04-08,Completed,0.0,0.0,Success
50278,2854.0,1,2022-07-21,Completed,0.0,0.0,Success
50279,2358.0,1,2023-10-05,Cancelled,0.0,0.0,Cancelled
50280,2921.0,2,2023-09-23,Completed,0.0,1587.14,Success
50281,1772.0,16,2022-07-26,Completed,0.0,1217.81,Success
50282,1966.0,1,2022-10-01,Completed,0.0,424.01,Success
50283,2683.0,18,2026-06-05,Completed,0.0,0.0,Success
50284,2078.0,1,2025-06-08,Completed,0.0,526.23,Success
50285,2017.0,9,2025-11-12,Completed,0.0,767.6,Success
50286,2950.0,6,2023-08-25,Completed,0.0,65.22,Success
50287,1221.0,20,2022-09-16,Completed,0.0,0.0,Success
50288,1892.0,3,2025-08-12,Completed,0.0,772.9,Success
50289,1101.0,1,2023-06-01,Completed,0.0,2198.12,Success
50290,2434.0,1,2026-05-24,Completed,0.0,1657.07,Success
50291,2811.0,1,2024-11-16,Completed,0.0,1000.16,Success
50292,1433.0,1,2025-10-25,Completed,0.0,2912.41,Success
50293,1891.0,14,2026-02-06,Shipped,0.0,101.64,Success
50294,1583.0,1,2024-04-14,Completed,0.0,1821.75,Success
50295,1470.0,11,2025-04-01,Completed,0.0,0.0,Success
50296,1814.0,1,2022-04-08,Returned,0.0,1120.8,Refunded
50297,1105.0,6,2025-04-03,Completed,0.0,562.0,Success
50298,2344.0,1,2025-11-04,Completed,99.0,0.0,Success
50299,2535.0,13,2022-12-13,Completed,0.0,0.0,Success
50300,2111.0,11,2025-08-01,Completed,0.0,534.83,Success
50301,2616.0,1,2022-12-28,Completed,99.0,215.31,Success
50302,2986.0,14,2022-06-26,Returned,0.0,86.51,Refunded
50303,1981.0,20,2026-03-31,Completed,0.0,0.0,Success
50304,2663.0,3,2022-12-10,Completed,0.0,951.73,Success
50305,1660.0,10,2023-02-12,Processing,0.0,0.0,Success
50306,1763.0,10,2024-05-01,Shipped,0.0,0.0,Success
50307,2067.0,8,2022-08-27,Completed,0.0,820.57,Success
50308,2280.0,15,2026-05-30,Processing,0.0,0.0,Success
50309,1219.0,1,2023-09-07,Completed,0.0,1825.22,Success
50310,1282.0,18,2025-05-19,Completed,0.0,0.0,Success
50311,2820.0,1,2025-03-26,Completed,0.0,2059.07,Success
50312,2415.0,7,2025-02-05,Completed,0.0,0.0,Success
50313,2348.0,1,2026-02-26,Completed,99.0,0.0,Success
50314,1740.0,3,2022-08-07,Completed,0.0,0.0,Success
50315,2664.0,1,2023-03-24,Shipped,99.0,0.0,Success
50316,2793.0,1,2026-06-16,Shipped,0.0,0.0,Success
50317,1843.0,18,2023-08-13,Completed,0.0,63.28,Success
50318,2530.0,1,2022-09-20,Completed,0.0,1261.24,Success
50319,1567.0,19,2025-03-22,Completed,0.0,0.0,Success
50320,1423.0,4,2022-10-29,Shipped,0.0,27.95,Success
50321,1386.0,17,2025-09-18,Completed,0.0,0.0,Success
50322,1325.0,1,2022-05-03,Shipped,0.0,0.0,Success
50323,2610.0,14,2022-05-14,Completed,0.0,1216.89,Success
50324,1977.0,19,2023-07-07,Completed,0.0,0.0,Success
50325,1449.0,20,2025-02-03,Completed,0.0,2094.02,Success
50326,2841.0,1,2023-05-16,Shipped,0.0,0.0,Success
50327,1306.0,19,2023-11-02,Shipped,0.0,0.0,Success
50328,1409.0,10,2025-10-03,Processing,0.0,0.0,Success
50329,1689.0,2,2026-04-04,Completed,0.0,0.0,Success
50330,1212.0,8,2022-10-08,Completed,0.0,8416.78,Success
50331,1440.0,1,2022-07-18,Completed,0.0,0.0,Success
50332,1922.0,17,2022-07-11,Completed,0.0,0.0,Success
50333,2529.0,10,2026-04-08,Completed,0.0,330.6,Success
50334,1014.0,18,2024-09-29,Shipped,0.0,0.0,Success
50335,1470.0,18,2023-07-23,Completed,0.0,1310.95,Success
50336,2367.0,1,2022-12-19,Processing,0.0,0.0,Success
50337,1272.0,1,2022-05-06,Completed,0.0,2344.15,Success
50338,1751.0,10,2026-04-08,Completed,0.0,0.0,Success
50339,1359.0,11,2024-05-10,Completed,0.0,1710.02,Success
50340,2946.0,18,2025-04-26,Processing,0.0,285.42,Success
50341,2581.0,16,2023-02-06,Completed,0.0,0.0,Success
50342,2632.0,12,2022-04-21,Completed,0.0,2780.52,Success
50343,2061.0,1,2023-04-20,Shipped,0.0,278.45,Success
50344,2104.0,7,2023-11-26,Completed,0.0,0.0,Success
50345,1876.0,6,2023-02-25,Completed,0.0,0.0,Success
50346,1566.0,20,2023-11-23,Completed,0.0,849.59,Success
50347,1202.0,4,2025-01-08,Completed,0.0,3526.82,Success
50348,2377.0,1,2024-10-29,Completed,0.0,0.0,Success
50349,1360.0,15,2023-08-15,Completed,0.0,0.0,Success
50350,1708.0,10,2022-07-01,Completed,0.0,0.0,Success
50351,1467.0,20,2024-01-27,Completed,0.0,0.0,Success
50352,2463.0,1,2024-08-20,Completed,0.0,593.14,Success
50353,1728.0,14,2022-02-04,Shipped,0.0,32.23,Success
50354,2139.0,18,2026-02-21,Completed,0.0,0.0,Success
50355,2471.0,14,2024-12-18,Completed,0.0,0.0,Success
50356,2268.0,11,2026-01-26,Completed,0.0,1703.26,Success
50357,2480.0,12,2024-12-18,Completed,0.0,107.65,Success
50358,2937.0,20,2024-03-09,Completed,0.0,1151.49,Success
50359,1174.0,5,2023-09-23,Completed,0.0,139.94,Success
50360,2877.0,18,2026-05-01,Completed,0.0,0.0,Success
50361,1565.0,1,2022-10-02,Completed,0.0,41.01,Success
50362,2697.0,7,2025-04-17,Completed,0.0,2036.65,Success
50363,1956.0,12,2026-06-01,Completed,0.0,0.0,Success
50364,2009.0,1,2024-04-09,Completed,0.0,1140.05,Success
50365,1018.0,1,2023-01-14,Completed,0.0,0.0,Success
50366,2126.0,1,2025-05-08,Completed,0.0,98.51,Success
50367,2494.0,1,2025-05-05,Completed,0.0,1566.12,Success
50368,2815.0,1,2023-09-30,Completed,0.0,0.0,Success
50369,1835.0,1,2026-01-20,Completed,0.0,0.0,Success
50370,1692.0,3,2022-07-08,Completed,0.0,0.0,Success
50371,2699.0,2,2022-02-13,Shipped,0.0,0.0,Success
50372,2064.0,12,2022-08-27,Shipped,0.0,384.17,Success
50373,2813.0,1,2024-03-10,Completed,0.0,464.58,Success
50374,2573.0,1,2023-11-29,Completed,0.0,5508.99,Success
50375,1432.0,20,2023-06-25,Completed,0.0,0.0,Success
50376,1835.0,1,2023-04-24,Completed,0.0,0.0,Success
50377,1755.0,20,2025-04-04,Shipped,0.0,9733.18,Success
50378,2174.0,10,2025-07-05,Completed,0.0,1538.28,Success
50379,2559.0,20,2024-07-23,Completed,0.0,0.0,Success
50380,2158.0,1,2022-02-13,Shipped,0.0,2143.03,Success
50381,2155.0,8,2022-04-23,Completed,0.0,274.28,Success
50382,1906.0,1,2023-03-19,Completed,0.0,300.13,Success
50383,1007.0,17,2024-04-14,Processing,0.0,0.0,Success
50384,1062.0,7,2026-05-25,Completed,0.0,916.69,Success
50385,1775.0,1,2025-07-14,Completed,0.0,4161.4,Success
50386,1690.0,20,2026-03-17,Completed,0.0,3749.64,Success
50387,2965.0,1,2026-03-21,Completed,0.0,0.0,Success
50388,1113.0,1,2026-04-13,Completed,0.0,348.47,Success
50389,2986.0,15,2022-02-22,Completed,0.0,53.64,Success
50390,2290.0,9,2026-02-19,Completed,0.0,0.0,Success
50391,2315.0,3,2022-10-22,Completed,0.0,5425.13,Success
50392,2227.0,1,2022-11-29,Completed,0.0,4480.88,Success
50393,2158.0,12,2025-05-17,Completed,0.0,0.0,Success
50394,1644.0,2,2022-12-17,Completed,0.0,6554.24,Success
50395,1449.0,13,2023-05-03,Processing,0.0,2542.55,Success
50396,1098.0,1,2024-03-21,Completed,0.0,0.0,Success
50397,1926.0,1,2023-05-28,Processing,0.0,0.0,Success
50398,2620.0,6,2024-11-17,Completed,0.0,830.83,Success
50399,2681.0,8,2023-01-09,Completed,0.0,0.0,Success
50400,1697.0,13,2024-10-03,Shipped,0.0,1306.59,Success
50401,1236.0,16,2022-12-29,Completed,0.0,4798.78,Success
50402,1825.0,16,2024-10-13,Completed,0.0,0.0,Success
50403,2108.0,1,2025-09-11,Processing,0.0,0.0,Success
50404,2789.0,11,2022-01-31,Shipped,0.0,0.0,Success
50405,2920.0,1,2025-03-14,Completed,0.0,0.0,Success
50406,2110.0,1,2025-01-24,Processing,0.0,344.09,Success
50407,1267.0,1,2025-05-25,Completed,0.0,6.66,Success
50408,1938.0,19,2026-03-19,Cancelled,0.0,0.0,Cancelled
50409,2345.0,1,2025-06-14,Completed,0.0,0.0,Success
50410,2994.0,5,2025-06-04,Completed,0.0,0.0,Success
50411,2019.0,12,2022-11-12,Processing,0.0,0.0,Success
50412,2620.0,10,2023-10-14,Completed,0.0,383.83,Success
50413,2425.0,1,2022-03-03,Completed,0.0,0.0,Success
50414,2746.0,2,2023-05-30,Completed,0.0,0.0,Success
50415,2299.0,19,2025-10-31,Completed,0.0,0.0,Success
50416,1212.0,1,2022-12-03,Completed,0.0,0.0,Success
50417,1344.0,20,2022-12-18,Completed,0.0,3029.68,Success
50418,2147.0,12,2024-01-27,Completed,0.0,153.95,Success
50419,2287.0,9,2025-10-15,Processing,0.0,934.43,Success
50420,2718.0,2,2024-03-18,Completed,0.0,159.77,Success
50421,1444.0,13,2024-01-20,Completed,0.0,6120.52,Success
50422,1488.0,15,2024-07-05,Processing,0.0,0.0,Success
50423,1224.0,1,2026-04-26,Shipped,99.0,0.0,Success
50424,2426.0,9,2024-08-26,Completed,0.0,0.0,Success
50425,2571.0,1,2022-11-30,Processing,0.0,2535.72,Success
50426,2447.0,1,2023-11-22,Returned,0.0,1742.02,Refunded
50427,2029.0,1,2025-06-12,Cancelled,0.0,1113.84,Cancelled
50428,2317.0,17,2022-08-26,Shipped,0.0,584.63,Success
50429,1582.0,1,2024-11-30,Completed,0.0,2913.39,Success
50430,,4,2025-07-29,Shipped,0.0,0.0,Success
50431,1344.0,18,2023-08-13,Completed,0.0,2463.72,Success
50432,2279.0,1,2024-02-12,Shipped,0.0,0.0,Success
50433,2063.0,12,2025-09-24,Completed,0.0,151.33,Success
50434,1667.0,1,2022-07-04,Completed,0.0,1092.32,Success
50435,1360.0,1,2025-11-08,Completed,0.0,438.56,Success
50436,2897.0,1,2023-01-08,Completed,0.0,8757.48,Success
50437,2749.0,8,2025-08-04,Completed,0.0,558.55,Success
50438,2832.0,7,2023-10-18,Completed,0.0,2240.66,Success
50439,2524.0,17,2023-03-25,Completed,0.0,0.0,Success
50440,1520.0,8,2026-05-07,Completed,0.0,61.09,Success
50441,2170.0,1,2022-05-24,Completed,0.0,11639.81,Success
50442,1439.0,6,2023-11-01,Completed,0.0,640.73,Success
50443,1078.0,17,2023-06-28,Shipped,0.0,0.0,Success
50444,1716.0,11,2025-11-20,Shipped,0.0,5755.26,Success
50445,1036.0,1,2023-09-11,Completed,0.0,348.47,Success
50446,1225.0,5,2023-12-12,Processing,0.0,0.0,Success
50447,2596.0,1,2025-03-28,Completed,0.0,828.54,Success
50448,1431.0,11,2024-10-20,Completed,0.0,3971.4,Success
50449,1236.0,9,2026-03-08,Completed,0.0,0.0,Success
50450,1248.0,9,2022-03-07,Completed,0.0,622.94,Success
50451,2172.0,1,2024-02-18,Completed,0.0,151.14,Success
50452,2608.0,1,2022-07-25,Completed,0.0,548.56,Success
50453,1691.0,16,2025-03-26,Completed,0.0,639.6,Success
50454,2366.0,8,2023-12-09,Completed,0.0,0.0,Success
50455,2916.0,2,2023-10-31,Completed,0.0,0.0,Success
50456,2521.0,14,2022-02-22,Completed,0.0,0.0,Success
50457,1473.0,8,2023-07-24,Completed,0.0,1463.53,Success
50458,1468.0,1,2023-07-31,Completed,0.0,1064.54,Success
50459,1035.0,9,2024-04-10,Returned,0.0,327.74,Refunded
50460,2595.0,20,2024-02-01,Completed,0.0,0.0,Success
50461,1243.0,15,2024-11-19,Completed,0.0,0.0,Success
50462,2564.0,19,2024-09-28,Completed,0.0,916.69,Success
50463,1063.0,17,2022-08-10,Returned,0.0,0.0,Refunded
50464,1470.0,1,2022-04-08,Shipped,0.0,0.0,Success
50465,1821.0,1,2025-12-12,Completed,0.0,0.0,Success
50466,1728.0,4,2025-12-11,Completed,0.0,0.0,Success
50467,,15,2026-05-11,Completed,0.0,393.21,Success
50468,2686.0,1,2023-12-25,Completed,0.0,0.0,Success
50469,2977.0,1,2025-04-21,Completed,99.0,0.0,Success
50470,1255.0,18,2022-03-18,Completed,0.0,395.55,Success
50471,2449.0,10,2023-07-07,Completed,0.0,0.0,Success
50472,2247.0,6,2025-04-22,Completed,0.0,284.54,Success
50473,,8,2023-08-23,Completed,0.0,0.0,Success
50474,2981.0,6,2025-04-25,Completed,0.0,0.0,Success
50475,2958.0,11,2022-02-23,Completed,0.0,0.0,Success
50476,1183.0,3,2022-11-21,Completed,0.0,3526.36,Success
50477,1757.0,11,2026-03-18,Completed,0.0,440.44,Success
50478,2713.0,7,2025-07-05,Completed,0.0,144.06,Success
50479,2901.0,3,2023-06-17,Completed,0.0,175.54,Success
50480,2051.0,13,2023-04-23,Completed,0.0,1695.16,Success
50481,1127.0,15,2023-06-16,Completed,0.0,0.0,Success
50482,1387.0,2,2022-06-24,Completed,0.0,0.0,Success
50483,2674.0,9,2026-06-09,Completed,0.0,2624.59,Success
50484,2737.0,5,2025-07-25,Completed,0.0,0.0,Success
50485,2190.0,4,2023-12-28,Completed,0.0,0.0,Success
50486,2831.0,15,2025-02-06,Completed,0.0,197.02,Success
50487,2635.0,16,2025-09-10,Completed,0.0,1860.53,Success
50488,2311.0,1,2025-06-02,Completed,0.0,0.0,Success
50489,2149.0,1,2024-03-01,Completed,0.0,166.67,Success
50490,1530.0,3,2022-11-06,Returned,0.0,336.06,Refunded
50491,2550.0,20,2023-05-24,Completed,0.0,1450.19,Success
50492,1522.0,1,2024-11-12,Completed,0.0,0.0,Success
50493,1619.0,6,2023-06-21,Completed,0.0,401.93,Success
50494,1561.0,1,2025-03-07,Completed,0.0,4667.97,Success
50495,2959.0,18,2022-01-06,Processing,0.0,0.0,Success
50496,1848.0,6,2022-08-03,Shipped,0.0,0.0,Success
50497,2427.0,9,2024-06-20,Completed,0.0,2273.92,Success
50498,2352.0,1,2022-09-12,Completed,0.0,364.39,Success
50499,2423.0,1,2022-08-21,Completed,99.0,0.0,Success
50500,1809.0,1,2023-10-06,Completed,0.0,3098.6,Success
50501,1097.0,1,2024-02-10,Returned,0.0,0.0,Refunded
50502,1332.0,1,2026-06-07,Cancelled,0.0,0.0,Cancelled
50503,1923.0,14,2023-09-24,Shipped,0.0,1753.21,Success
50504,2435.0,1,2022-08-11,Completed,0.0,0.0,Success
50505,2383.0,4,2023-01-18,Completed,0.0,607.32,Success
50506,1980.0,12,2024-08-28,Completed,0.0,0.0,Success
50507,1363.0,1,2022-07-24,Completed,0.0,8667.43,Success
50508,2013.0,20,2022-09-19,Completed,0.0,219.37,Success
50509,2609.0,17,2023-07-14,Completed,0.0,1535.37,Success
50510,2775.0,13,2022-04-09,Completed,0.0,0.0,Success
50511,1635.0,1,2025-10-07,Completed,0.0,259.6,Success
50512,1753.0,1,2024-08-14,Completed,0.0,0.0,Success
50513,1316.0,19,2024-07-05,Completed,0.0,2185.04,Success
50514,2322.0,10,2026-03-01,Completed,0.0,0.0,Success
50515,1348.0,15,2024-08-30,Completed,0.0,206.81,Success
50516,1793.0,19,2022-03-27,Completed,0.0,1293.86,Success
50517,2700.0,1,2025-07-02,Processing,99.0,0.0,Success
50518,2300.0,13,2024-11-20,Completed,0.0,147.45,Success
50519,1536.0,1,2022-04-20,Processing,0.0,266.5,Success
50520,2269.0,1,2025-12-13,Shipped,0.0,0.0,Success
50521,1935.0,19,2024-11-15,Completed,0.0,191.6,Success
50522,1645.0,5,2025-12-10,Completed,0.0,500.01,Success
50523,1477.0,1,2022-07-03,Processing,0.0,202.24,Success
50524,2126.0,6,2024-03-13,Cancelled,0.0,0.0,Cancelled
50525,2184.0,8,2023-03-11,Completed,0.0,0.0,Success
50526,1130.0,11,2024-03-01,Completed,0.0,0.0,Success
50527,2376.0,17,2025-10-17,Completed,0.0,130.52,Success
50528,1786.0,15,2023-08-15,Completed,0.0,328.23,Success
50529,1098.0,14,2023-07-20,Completed,0.0,0.0,Success
50530,2502.0,14,2022-02-04,Completed,0.0,934.74,Success
50531,2850.0,11,2024-06-11,Completed,0.0,270.84,Success
50532,2722.0,17,2023-04-06,Returned,0.0,0.0,Refunded
50533,2890.0,18,2023-07-05,Shipped,0.0,0.0,Success
50534,1399.0,4,2025-01-27,Completed,0.0,0.0,Success
50535,1032.0,7,2025-01-10,Completed,0.0,144.74,Success
50536,1746.0,1,2025-04-26,Completed,0.0,4925.12,Success
50537,2218.0,1,2022-02-15,Cancelled,0.0,11929.09,Cancelled
50538,2788.0,1,2022-01-31,Completed,0.0,550.5,Success
50539,2914.0,1,2022-05-30,Shipped,99.0,177.3,Success
50540,1936.0,1,2022-07-04,Completed,0.0,0.0,Success
50541,2110.0,11,2025-08-13,Completed,0.0,0.0,Success
50542,1289.0,9,2024-09-04,Completed,0.0,473.48,Success
50543,1546.0,18,2022-08-04,Processing,0.0,469.15,Success
50544,1892.0,14,2022-09-16,Completed,0.0,1448.42,Success
50545,2295.0,3,2025-12-13,Processing,0.0,0.0,Success
50546,2736.0,17,2022-12-30,Completed,0.0,14535.81,Success
50547,1149.0,3,2025-01-15,Cancelled,0.0,1514.75,Cancelled
50548,2251.0,1,2024-08-07,Processing,99.0,0.0,Success
50549,1090.0,13,2023-04-11,Cancelled,0.0,236.89,Cancelled
50550,2856.0,12,2025-08-31,Completed,0.0,771.3,Success
50551,1960.0,3,2025-02-11,Completed,0.0,0.0,Success
50552,2477.0,6,2022-10-17,Returned,0.0,0.0,Refunded
50553,1145.0,1,2023-11-12,Completed,0.0,0.0,Success
50554,1141.0,5,2023-08-31,Completed,0.0,2387.49,Success
50555,1560.0,20,2024-06-10,Completed,0.0,0.0,Success
50556,2825.0,1,2025-01-14,Completed,0.0,1004.82,Success
50557,2874.0,1,2022-04-08,Completed,0.0,498.25,Success
50558,1920.0,9,2023-12-23,Completed,0.0,2798.0,Success
50559,1057.0,11,2025-05-13,Completed,0.0,0.0,Success
50560,1195.0,9,2025-11-07,Completed,0.0,0.0,Success
50561,2407.0,12,2022-12-11,Completed,0.0,0.0,Success
50562,2927.0,1,2022-12-29,Returned,0.0,1345.97,Refunded
50563,2664.0,12,2022-04-14,Completed,0.0,12029.85,Success
50564,2341.0,11,2025-04-19,Completed,0.0,0.0,Success
50565,1392.0,16,2024-08-07,Completed,0.0,0.0,Success
50566,1058.0,18,2025-09-26,Shipped,0.0,0.0,Success
50567,1443.0,20,2026-05-02,Shipped,0.0,0.0,Success
50568,2799.0,1,2022-04-04,Completed,0.0,0.0,Success
50569,1690.0,17,2025-06-16,Processing,0.0,1098.87,Success
50570,1040.0,3,2024-05-27,Cancelled,0.0,6403.94,Cancelled
50571,2357.0,1,2023-08-15,Completed,0.0,59.46,Success
50572,1672.0,1,2022-11-26,Completed,0.0,0.0,Success
50573,2193.0,1,2023-01-18,Completed,0.0,0.0,Success
50574,1066.0,8,2025-08-10,Processing,0.0,0.0,Success
50575,2871.0,3,2023-06-03,Completed,0.0,0.0,Success
50576,1279.0,9,2022-01-14,Completed,0.0,2181.31,Success
50577,2756.0,8,2023-01-17,Completed,0.0,0.0,Success
50578,2807.0,1,2022-01-18,Processing,0.0,0.0,Success
50579,1949.0,17,2025-11-24,Completed,0.0,249.12,Success
50580,2462.0,13,2022-01-13,Completed,0.0,79.06,Success
50581,1351.0,1,2024-12-10,Shipped,0.0,137.62,Success
50582,1434.0,7,2023-11-12,Completed,0.0,0.0,Success
50583,2442.0,11,2024-02-21,Completed,0.0,1113.79,Success
50584,2096.0,14,2025-12-03,Completed,0.0,127.05,Success
50585,2861.0,8,2022-12-20,Shipped,0.0,490.25,Success
50586,1345.0,12,2024-09-03,Completed,0.0,0.0,Success
50587,2898.0,16,2023-04-14,Completed,0.0,7248.63,Success
50588,2234.0,12,2025-12-06,Completed,0.0,269.24,Success
50589,2920.0,12,2022-11-02,Completed,0.0,622.94,Success
50590,2794.0,1,2024-02-03,Shipped,0.0,0.0,Success
50591,1520.0,3,2022-01-06,Completed,0.0,0.0,Success
50592,1047.0,10,2025-05-10,Completed,0.0,1159.48,Success
50593,2958.0,7,2022-09-02,Cancelled,0.0,52.23,Cancelled
50594,1309.0,8,2026-06-30,Processing,0.0,3836.55,Success
50595,1479.0,12,2022-11-10,Completed,0.0,418.26,Success
50596,2344.0,1,2024-06-02,Completed,0.0,0.0,Success
50597,1854.0,1,2023-09-12,Completed,0.0,159.77,Success
50598,1889.0,17,2022-08-29,Completed,0.0,543.66,Success
50599,2816.0,19,2024-12-29,Shipped,0.0,1601.79,Success
50600,1275.0,12,2023-07-31,Cancelled,0.0,6335.1,Cancelled
50601,1547.0,2,2024-08-14,Shipped,0.0,0.0,Success
50602,2202.0,12,2026-01-15,Shipped,0.0,0.0,Success
50603,1760.0,8,2023-07-09,Completed,0.0,0.0,Success
50604,2925.0,1,2022-06-29,Shipped,0.0,0.0,Success
50605,1781.0,3,2024-07-03,Completed,0.0,538.49,Success
50606,1251.0,19,2023-08-09,Completed,0.0,4125.08,Success
50607,2591.0,1,2023-09-25,Completed,0.0,2601.66,Success
50608,2406.0,13,2024-10-12,Cancelled,0.0,315.34,Cancelled
50609,2836.0,1,2024-11-01,Shipped,99.0,0.0,Success
50610,2782.0,10,2025-10-17,Completed,0.0,0.0,Success
50611,1664.0,3,2023-02-04,Completed,0.0,0.0,Success
50612,1732.0,15,2024-06-18,Cancelled,0.0,0.0,Cancelled
50613,2754.0,11,2026-02-02,Completed,0.0,1869.54,Success
50614,1872.0,1,2023-09-09,Completed,0.0,0.0,Success
50615,1072.0,1,2023-02-10,Completed,0.0,0.0,Success
50616,2231.0,10,2025-03-24,Shipped,0.0,683.08,Success
50617,1347.0,1,2025-11-20,Shipped,0.0,86.9,Success
50618,1589.0,2,2024-08-28,Completed,0.0,0.0,Success
50619,3000.0,5,2024-11-13,Completed,0.0,234.05,Success
50620,1256.0,1,2022-07-24,Completed,0.0,986.95,Success
50621,2891.0,12,2023-06-21,Completed,0.0,0.0,Success
50622,1298.0,1,2023-03-20,Returned,0.0,2564.54,Refunded
50623,2504.0,19,2024-04-09,Completed,0.0,51.95,Success
50624,2707.0,17,2026-06-07,Shipped,0.0,0.0,Success
50625,1646.0,1,2025-02-18,Cancelled,0.0,444.47,Cancelled
50626,2170.0,15,2024-08-27,Completed,0.0,3256.65,Success
50627,1653.0,1,2022-05-29,Shipped,0.0,1144.99,Success
50628,2181.0,12,2025-04-28,Returned,0.0,208.65,Refunded
50629,1520.0,1,2022-11-21,Completed,99.0,46.18,Success
50630,1630.0,1,2023-02-18,Completed,0.0,285.75,Success
50631,2005.0,17,2023-04-19,Completed,0.0,0.0,Success
50632,2182.0,19,2024-12-31,Completed,0.0,323.53,Success
50633,2876.0,12,2023-09-25,Completed,0.0,259.19,Success
50634,1686.0,1,2022-09-13,Completed,99.0,0.0,Success
50635,2654.0,2,2023-08-03,Completed,0.0,334.04,Success
50636,1862.0,20,2024-08-08,Completed,0.0,0.0,Success
50637,1922.0,18,2022-07-02,Completed,0.0,7575.46,Success
50638,1678.0,1,2024-04-12,Completed,0.0,0.0,Success
50639,2997.0,1,2024-05-23,Completed,0.0,75.37,Success
50640,1717.0,1,2024-12-19,Completed,99.0,0.0,Success
50641,1644.0,9,2024-12-10,Completed,0.0,461.37,Success
50642,2992.0,1,2023-06-21,Processing,0.0,1392.83,Success
50643,1530.0,1,2024-07-12,Completed,0.0,1073.11,Success
50644,1300.0,1,2025-04-30,Completed,0.0,0.0,Success
50645,2675.0,7,2026-04-28,Processing,0.0,1592.01,Success
50646,1265.0,1,2022-12-21,Completed,0.0,0.0,Success
50647,1395.0,1,2025-12-24,Shipped,0.0,0.0,Success
50648,1501.0,1,2023-09-11,Completed,0.0,0.0,Success
50649,1458.0,8,2022-02-26,Completed,0.0,0.0,Success
50650,1730.0,7,2025-05-03,Completed,0.0,207.78,Success
50651,2925.0,4,2022-06-11,Cancelled,0.0,263.11,Cancelled
50652,2914.0,7,2024-01-30,Completed,0.0,0.0,Success
50653,1278.0,1,2023-05-25,Completed,0.0,0.0,Success
50654,1617.0,1,2024-07-12,Shipped,0.0,0.0,Success
50655,2131.0,14,2025-08-26,Completed,0.0,0.0,Success
50656,2325.0,11,2024-09-24,Completed,0.0,1981.14,Success
50657,2724.0,1,2022-11-14,Completed,0.0,0.0,Success
50658,2787.0,13,2026-04-03,Completed,0.0,1382.07,Success
50659,1280.0,1,2023-11-08,Completed,0.0,130.52,Success
50660,2590.0,5,2025-06-03,Completed,0.0,512.22,Success
50661,2577.0,1,2024-09-25,Completed,0.0,2355.57,Success
50662,1261.0,7,2024-07-27,Completed,0.0,969.95,Success
50663,2495.0,14,2022-07-28,Processing,0.0,0.0,Success
50664,2612.0,16,2023-01-10,Cancelled,0.0,0.0,Cancelled
50665,1304.0,1,2022-05-12,Completed,0.0,0.0,Success
50666,1790.0,3,2024-12-29,Completed,0.0,0.0,Success
50667,1511.0,10,2024-07-13,Completed,0.0,2521.7,Success
50668,1103.0,11,2022-06-01,Completed,0.0,0.0,Success
50669,1462.0,9,2023-12-23,Completed,0.0,0.0,Success
50670,1296.0,1,2022-12-27,Completed,0.0,263.11,Success
50671,1400.0,13,2022-01-04,Completed,0.0,875.3,Success
50672,2890.0,1,2023-07-09,Completed,0.0,1060.12,Success
50673,1528.0,10,2023-01-08,Completed,0.0,0.0,Success
50674,2887.0,6,2023-10-16,Shipped,0.0,0.0,Success
50675,1818.0,1,2022-06-21,Completed,0.0,171.72,Success
50676,2893.0,17,2026-04-24,Completed,0.0,66.99,Success
50677,1477.0,4,2024-08-06,Completed,0.0,4292.42,Success
50678,2324.0,11,2023-11-27,Completed,0.0,0.0,Success
50679,1559.0,8,2023-04-05,Shipped,0.0,0.0,Success
50680,1157.0,2,2023-08-30,Completed,0.0,2564.01,Success
50681,2140.0,7,2024-03-08,Completed,0.0,7032.45,Success
50682,1796.0,1,2024-10-26,Cancelled,99.0,138.34,Cancelled
50683,2307.0,3,2024-03-28,Shipped,0.0,3301.03,Success
50684,1396.0,1,2023-09-18,Completed,0.0,0.0,Success
50685,2501.0,5,2024-11-12,Cancelled,0.0,548.93,Cancelled
50686,1569.0,8,2024-12-14,Completed,0.0,0.0,Success
50687,2793.0,4,2024-04-19,Completed,0.0,0.0,Success
50688,2115.0,3,2022-07-17,Completed,0.0,173.51,Success
50689,1728.0,7,2022-11-28,Cancelled,0.0,0.0,Cancelled
50690,2729.0,8,2023-02-28,Processing,0.0,0.0,Success
50691,1234.0,17,2025-01-15,Cancelled,0.0,2054.45,Cancelled
50692,1412.0,18,2026-01-08,Completed,0.0,309.2,Success
50693,2839.0,1,2026-02-18,Completed,0.0,214.58,Success
50694,2333.0,1,2026-03-28,Completed,0.0,190.85,Success
50695,1206.0,16,2023-06-30,Completed,0.0,0.0,Success
50696,1944.0,18,2025-11-23,Completed,0.0,710.67,Success
50697,1755.0,12,2024-03-28,Completed,0.0,2798.71,Success
50698,1458.0,9,2025-10-06,Completed,0.0,0.0,Success
50699,1293.0,14,2024-04-23,Completed,0.0,311.47,Success
50700,1155.0,19,2023-02-01,Shipped,0.0,1401.64,Success
50701,2656.0,7,2024-02-19,Completed,0.0,171.71,Success
50702,1808.0,17,2023-11-01,Returned,0.0,0.0,Refunded
50703,1813.0,3,2025-02-06,Completed,0.0,0.0,Success
50704,2066.0,1,2023-03-30,Completed,0.0,144.69,Success
50705,2510.0,5,2026-03-03,Returned,0.0,811.92,Refunded
50706,1002.0,1,2025-10-23,Completed,99.0,93.94,Success
50707,2322.0,1,2024-01-03,Completed,0.0,0.0,Success
50708,2362.0,16,2023-08-26,Completed,0.0,1168.2,Success
50709,2799.0,10,2022-03-13,Completed,0.0,52.45,Success
50710,2945.0,20,2022-09-27,Completed,0.0,846.78,Success
50711,1663.0,18,2025-06-05,Completed,0.0,0.0,Success
50712,2352.0,1,2026-06-13,Completed,0.0,0.0,Success
50713,2609.0,1,2025-05-08,Completed,99.0,49.06,Success
50714,1462.0,1,2024-09-28,Processing,0.0,60.18,Success
50715,2780.0,1,2026-01-08,Shipped,0.0,0.0,Success
50716,2582.0,1,2025-08-08,Completed,0.0,1893.86,Success
50717,1666.0,1,2025-04-11,Completed,0.0,3787.73,Success
50718,1237.0,20,2023-11-03,Completed,0.0,212.78,Success
50719,2228.0,1,2024-07-06,Completed,99.0,16.17,Success
50720,1290.0,1,2024-12-19,Shipped,0.0,3737.7,Success
50721,1076.0,1,2024-09-27,Completed,0.0,0.0,Success
50722,2613.0,1,2023-02-16,Completed,0.0,2320.66,Success
50723,1723.0,14,2024-09-09,Completed,0.0,0.0,Success
50724,1129.0,1,2022-09-08,Completed,0.0,0.0,Success
50725,1464.0,5,2026-05-26,Completed,0.0,0.0,Success
50726,1386.0,1,2024-02-21,Completed,0.0,295.54,Success
50727,1430.0,15,2022-10-07,Completed,0.0,181.97,Success
50728,1060.0,11,2022-08-18,Completed,0.0,519.64,Success
50729,1698.0,1,2025-12-13,Completed,0.0,0.0,Success
50730,2059.0,1,2026-03-19,Cancelled,0.0,704.61,Cancelled
50731,2065.0,1,2024-11-27,Shipped,0.0,4243.03,Success
50732,1152.0,15,2023-09-05,Completed,0.0,0.0,Success
50733,2190.0,7,2023-06-22,Cancelled,0.0,527.42,Cancelled
50734,2030.0,1,2024-06-08,Processing,0.0,87.12,Success
50735,2104.0,1,2023-11-21,Completed,0.0,444.45,Success
50736,1426.0,1,2026-06-05,Completed,0.0,3321.9,Success
50737,2713.0,11,2023-02-04,Completed,0.0,0.0,Success
50738,1022.0,1,2024-12-26,Completed,0.0,89.23,Success
50739,2176.0,1,2024-12-23,Completed,0.0,389.4,Success
50740,2464.0,5,2024-03-31,Completed,0.0,0.0,Success
50741,2874.0,4,2023-03-21,Completed,0.0,0.0,Success
50742,1684.0,7,2026-03-19,Processing,0.0,0.0,Success
50743,1177.0,10,2024-03-01,Processing,0.0,0.0,Success
50744,1778.0,1,2024-03-15,Returned,0.0,0.0,Refunded
50745,2218.0,4,2026-04-18,Completed,0.0,0.0,Success
50746,1774.0,15,2023-06-10,Completed,0.0,0.0,Success
50747,2827.0,1,2025-01-01,Processing,0.0,0.0,Success
50748,2148.0,7,2022-10-05,Completed,0.0,0.0,Success
50749,2913.0,16,2022-07-29,Completed,0.0,0.0,Success
50750,2213.0,1,2023-03-09,Cancelled,0.0,1285.7,Cancelled
50751,2977.0,11,2022-01-08,Completed,0.0,0.0,Success
50752,1931.0,14,2023-10-18,Shipped,0.0,837.83,Success
50753,2829.0,5,2024-10-02,Completed,0.0,3562.76,Success
50754,1246.0,14,2026-04-01,Completed,0.0,0.0,Success
50755,1908.0,10,2024-01-06,Returned,0.0,0.0,Refunded
50756,1029.0,16,2022-07-13,Completed,0.0,0.0,Success
50757,2050.0,15,2024-05-08,Returned,0.0,0.0,Refunded
50758,2893.0,1,2025-09-03,Processing,0.0,0.0,Success
50759,2414.0,6,2025-04-26,Processing,0.0,0.0,Success
50760,2129.0,10,2022-05-02,Completed,0.0,218.54,Success
50761,2203.0,13,2025-02-16,Completed,0.0,3700.29,Success
50762,1296.0,1,2022-01-29,Completed,0.0,0.0,Success
50763,1782.0,1,2024-08-30,Completed,0.0,107.03,Success
50764,2623.0,1,2024-04-28,Shipped,0.0,1937.45,Success
50765,1021.0,1,2024-09-01,Completed,0.0,0.0,Success
50766,1054.0,15,2023-03-19,Completed,0.0,0.0,Success
50767,1419.0,7,2024-02-19,Completed,0.0,0.0,Success
50768,2783.0,18,2026-05-04,Completed,0.0,0.0,Success
50769,2655.0,20,2022-05-21,Completed,0.0,0.0,Success
50770,1462.0,13,2023-08-24,Processing,0.0,4178.91,Success
50771,1035.0,8,2023-09-17,Shipped,0.0,0.0,Success
50772,2382.0,1,2025-08-06,Completed,0.0,0.0,Success
50773,1954.0,9,2023-09-07,Shipped,0.0,0.0,Success
50774,2197.0,7,2022-08-18,Completed,0.0,0.0,Success
50775,2889.0,16,2022-12-16,Shipped,0.0,2059.52,Success
50776,2621.0,17,2024-11-18,Completed,0.0,0.0,Success
50777,2077.0,1,2024-07-23,Completed,0.0,0.0,Success
50778,2005.0,1,2025-03-07,Completed,0.0,0.0,Success
50779,2084.0,19,2026-04-23,Processing,0.0,0.0,Success
50780,1304.0,12,2022-01-20,Completed,0.0,2982.27,Success
50781,1491.0,9,2025-06-07,Completed,0.0,1136.96,Success
50782,2956.0,16,2022-07-09,Completed,0.0,460.02,Success
50783,1942.0,13,2025-06-19,Completed,0.0,207.78,Success
50784,2775.0,18,2024-05-20,Completed,0.0,0.0,Success
50785,2723.0,20,2024-11-20,Completed,0.0,0.0,Success
50786,1169.0,18,2024-12-07,Processing,0.0,113.62,Success
50787,1290.0,13,2023-09-25,Completed,0.0,526.23,Success
50788,1417.0,1,2023-05-05,Completed,0.0,404.86,Success
50789,1513.0,1,2025-12-12,Completed,0.0,0.0,Success
50790,1283.0,1,2025-08-11,Shipped,0.0,0.0,Success
50791,2969.0,17,2022-10-16,Completed,0.0,53.37,Success
50792,1466.0,14,2024-01-05,Completed,0.0,490.25,Success
50793,1036.0,1,2022-06-28,Completed,0.0,0.0,Success
50794,2125.0,1,2024-05-07,Cancelled,0.0,0.0,Cancelled
50795,1114.0,1,2024-04-16,Completed,0.0,0.0,Success
50796,1184.0,12,2026-03-08,Cancelled,0.0,1654.53,Cancelled
50797,1061.0,10,2023-06-26,Cancelled,0.0,184.72,Cancelled
50798,1530.0,1,2026-01-25,Completed,0.0,0.0,Success
50799,1485.0,1,2024-10-19,Shipped,0.0,2986.24,Success
50800,1335.0,19,2026-03-31,Completed,0.0,5820.52,Success
50801,1794.0,19,2025-12-02,Shipped,0.0,9850.25,Success
50802,1327.0,8,2025-08-01,Completed,0.0,0.0,Success
50803,2026.0,8,2023-09-10,Returned,0.0,4884.97,Refunded
50804,1630.0,12,2026-02-22,Shipped,0.0,78.38,Success
50805,,1,2023-06-10,Completed,0.0,0.0,Success
50806,2677.0,1,2022-09-11,Completed,0.0,0.0,Success
50807,1479.0,1,2023-11-22,Completed,0.0,561.89,Success
50808,2774.0,14,2023-12-13,Processing,0.0,3800.49,Success
50809,2768.0,1,2025-12-21,Completed,99.0,107.29,Success
50810,1292.0,1,2026-02-04,Completed,0.0,0.0,Success
50811,2696.0,9,2025-05-22,Cancelled,0.0,0.0,Cancelled
50812,2666.0,1,2022-08-08,Shipped,0.0,0.0,Success
50813,1850.0,1,2026-03-15,Completed,0.0,316.4,Success
50814,2040.0,1,2025-04-06,Completed,0.0,4457.57,Success
50815,1340.0,12,2022-02-16,Completed,0.0,214.58,Success
50816,1008.0,5,2026-05-16,Completed,0.0,2407.18,Success
50817,2831.0,1,2025-05-05,Processing,0.0,1771.62,Success
50818,1917.0,17,2025-02-20,Processing,0.0,5062.13,Success
50819,1031.0,1,2023-06-11,Completed,0.0,0.0,Success
50820,2988.0,15,2035-12-31,Completed,0.0,0.0,Success
50821,1136.0,4,2025-11-14,Completed,0.0,0.0,Success
50822,1298.0,3,2022-01-10,Completed,0.0,163.49,Success
50823,2571.0,1,2026-05-21,Completed,0.0,0.0,Success
50824,1871.0,9,2022-06-02,Shipped,0.0,0.0,Success
50825,1976.0,12,2026-04-13,Shipped,0.0,141.31,Success
50826,1676.0,1,2025-01-31,Completed,0.0,1513.41,Success
50827,2022.0,4,2026-04-24,Returned,0.0,440.44,Refunded
50828,1968.0,1,2023-11-22,Completed,0.0,235.13,Success
50829,2153.0,6,2022-07-21,Completed,0.0,181.97,Success
50830,2226.0,5,2023-04-11,Shipped,0.0,0.0,Success
50831,1758.0,14,2024-05-15,Shipped,0.0,0.0,Success
50832,1417.0,1,2024-10-21,Completed,0.0,0.0,Success
50833,1471.0,5,2026-01-20,Completed,0.0,0.0,Success
50834,1381.0,17,2023-08-31,Processing,0.0,607.58,Success
50835,1825.0,20,2024-07-12,Completed,0.0,0.0,Success
50836,1424.0,1,2022-05-19,Processing,0.0,3070.41,Success
50837,2237.0,1,2024-12-19,Completed,0.0,307.08,Success
50838,2212.0,11,2022-12-28,Completed,0.0,0.0,Success
50839,1053.0,11,2025-05-21,Shipped,0.0,0.0,Success
50840,2749.0,4,2023-06-12,Shipped,0.0,0.0,Success
50841,2220.0,17,2024-10-20,Shipped,0.0,0.0,Success
50842,1057.0,1,2026-05-20,Completed,99.0,121.46,Success
50843,1267.0,5,2023-02-27,Completed,0.0,0.0,Success
50844,2817.0,6,2025-05-27,Completed,0.0,90.28,Success
50845,2809.0,7,2022-08-22,Completed,0.0,584.99,Success
50846,2652.0,1,2022-03-02,Processing,0.0,567.14,Success
50847,2015.0,15,2022-05-05,Completed,0.0,1097.59,Success
50848,1443.0,15,2022-06-14,Completed,0.0,572.3,Success
50849,2195.0,1,2023-01-14,Completed,0.0,0.0,Success
50850,1232.0,16,2024-06-21,Completed,0.0,0.0,Success
50851,2106.0,1,2025-02-26,Completed,99.0,0.0,Success
50852,2493.0,9,2025-01-31,Completed,0.0,568.61,Success
50853,,1,2025-03-18,Completed,0.0,0.0,Success
50854,1880.0,1,2024-05-31,Shipped,0.0,0.0,Success
50855,2320.0,1,2023-02-25,Completed,0.0,366.29,Success
50856,2119.0,4,2022-01-06,Completed,0.0,341.08,Success
50857,1092.0,7,2025-09-24,Shipped,0.0,0.0,Success
50858,1761.0,14,2023-09-05,Processing,0.0,0.0,Success
50859,1462.0,1,2022-11-18,Completed,99.0,58.01,Success
50860,1138.0,1,2024-02-06,Cancelled,0.0,912.83,Cancelled
50861,2666.0,7,2025-02-21,Completed,0.0,35.5,Success
50862,1711.0,8,2026-02-25,Completed,0.0,1627.82,Success
50863,1910.0,14,2026-03-19,Completed,0.0,0.0,Success
50864,1823.0,1,2024-09-12,Completed,0.0,840.78,Success
50865,1191.0,8,2024-07-06,Completed,0.0,317.16,Success
50866,2880.0,3,2024-02-24,Completed,0.0,351.08,Success
50867,1126.0,1,2025-12-15,Completed,99.0,0.0,Success
50868,1555.0,1,2026-04-30,Completed,0.0,537.14,Success
50869,2307.0,1,2024-08-12,Completed,0.0,0.0,Success
50870,2117.0,1,2023-06-05,Completed,0.0,103.07,Success
50871,2009.0,1,2024-10-06,Completed,0.0,195.67,Success
50872,1697.0,5,2025-01-16,Completed,0.0,1161.34,Success
50873,2456.0,14,2022-10-04,Completed,0.0,0.0,Success
50874,2596.0,1,2023-09-17,Cancelled,0.0,0.0,Cancelled
50875,2494.0,15,2025-07-25,Completed,0.0,809.73,Success
50876,1333.0,1,2023-07-15,Completed,0.0,202.24,Success
50877,1082.0,1,2024-03-27,Completed,0.0,190.85,Success
50878,1450.0,1,2026-04-12,Completed,0.0,0.0,Success
50879,1012.0,12,2024-05-09,Returned,0.0,182.89,Refunded
50880,1577.0,1,2024-12-12,Shipped,0.0,0.0,Success
50881,1556.0,4,2024-06-29,Processing,0.0,2433.78,Success
50882,2919.0,14,2023-06-15,Completed,0.0,546.69,Success
50883,1797.0,1,2023-08-13,Completed,0.0,303.79,Success
50884,2882.0,13,2024-05-14,Processing,0.0,0.0,Success
50885,1569.0,17,2022-05-23,Completed,0.0,2122.68,Success
50886,1375.0,1,2022-12-12,Completed,99.0,0.0,Success
50887,1449.0,1,2024-05-27,Shipped,0.0,144.69,Success
50888,1462.0,2,2026-04-08,Completed,0.0,1808.38,Success
50889,2338.0,1,2022-01-07,Completed,0.0,0.0,Success
50890,1358.0,1,2026-01-27,Completed,0.0,0.0,Success
50891,2093.0,1,2025-10-08,Completed,0.0,0.0,Success
50892,2959.0,18,2023-06-21,Completed,0.0,0.0,Success
50893,2335.0,19,2023-12-21,Processing,0.0,0.0,Success
50894,1479.0,3,2026-05-21,Completed,0.0,0.0,Success
50895,1928.0,5,2025-11-25,Completed,0.0,7586.64,Success
50896,1844.0,13,2024-05-27,Completed,0.0,124.56,Success
50897,1046.0,15,2024-08-22,Shipped,0.0,723.81,Success
50898,1034.0,14,2024-07-14,Completed,0.0,219.28,Success
50899,2539.0,1,2024-04-29,Completed,0.0,158.11,Success
50900,2520.0,16,2026-06-24,Returned,0.0,182.89,Refunded
50901,1285.0,15,2025-11-23,Completed,0.0,444.47,Success
50902,2771.0,3,2026-01-21,Completed,0.0,0.0,Success
50903,2563.0,1,2025-10-16,Processing,0.0,0.0,Success
50904,2715.0,6,2025-06-14,Completed,0.0,4435.16,Success
50905,1538.0,1,2025-04-17,Completed,0.0,345.48,Success
50906,2580.0,1,2023-11-01,Completed,0.0,190.83,Success
50907,1333.0,19,2023-07-11,Completed,0.0,5841.82,Success
50908,2299.0,2,2025-08-05,Completed,0.0,275.14,Success
50909,2548.0,13,2022-04-17,Completed,0.0,1049.96,Success
50910,1004.0,1,2024-07-08,Shipped,0.0,760.9,Success
50911,1612.0,1,2022-04-09,Completed,0.0,309.19,Success
50912,1308.0,7,2025-05-15,Cancelled,0.0,579.07,Cancelled
50913,2187.0,20,2025-03-03,Completed,0.0,0.0,Success
50914,2229.0,17,2024-02-28,Processing,0.0,0.0,Success
50915,2087.0,1,2022-02-04,Completed,0.0,682.96,Success
50916,2378.0,18,2023-06-26,Completed,0.0,0.0,Success
50917,2069.0,11,2024-09-19,Processing,0.0,0.0,Success
50918,2348.0,1,2022-11-29,Completed,0.0,0.0,Success
50919,1940.0,2,2022-01-19,Completed,0.0,0.0,Success
50920,1087.0,2,2023-04-01,Completed,0.0,1309.74,Success
50921,1753.0,14,2023-07-25,Completed,0.0,2791.2,Success
50922,1877.0,1,2024-04-05,Shipped,0.0,0.0,Success
50923,2752.0,17,2022-12-23,Completed,0.0,0.0,Success
50924,2969.0,3,2025-06-23,Completed,0.0,0.0,Success
50925,1836.0,1,2023-12-08,Completed,0.0,119.8,Success
50926,1506.0,1,2022-12-20,Completed,0.0,2833.53,Success
50927,1610.0,1,2025-09-10,Completed,0.0,1469.29,Success
50928,1312.0,18,2025-01-18,Completed,0.0,0.0,Success
50929,1609.0,1,2026-05-29,Completed,0.0,2712.62,Success
50930,1690.0,16,2022-03-05,Completed,0.0,2320.66,Success
50931,2932.0,1,2025-06-24,Completed,0.0,2568.34,Success
50932,2918.0,7,2025-03-17,Completed,0.0,0.0,Success
50933,2924.0,1,2023-06-12,Completed,0.0,148.65,Success
50934,2268.0,1,2024-04-08,Completed,0.0,1292.26,Success
50935,2988.0,1,2023-04-08,Completed,0.0,302.29,Success
50936,1397.0,1,2022-03-24,Completed,0.0,0.0,Success
50937,1884.0,1,2026-03-16,Returned,0.0,0.0,Refunded
50938,2984.0,17,2025-11-17,Processing,0.0,3283.42,Success
50939,1070.0,20,2025-11-10,Completed,0.0,349.42,Success
50940,2990.0,1,2025-05-24,Shipped,0.0,144.06,Success
50941,2834.0,16,2023-06-18,Completed,0.0,482.81,Success
50942,2204.0,1,2026-06-29,Completed,0.0,0.0,Success
50943,1510.0,9,2026-06-03,Shipped,0.0,0.0,Success
50944,1784.0,3,2022-11-25,Shipped,0.0,572.3,Success
50945,2991.0,12,2022-02-13,Completed,0.0,0.0,Success
50946,2418.0,4,2025-05-14,Completed,0.0,0.0,Success
50947,2910.0,1,2024-08-17,Completed,0.0,519.2,Success
50948,1345.0,1,2025-10-23,Shipped,0.0,3310.13,Success
50949,1189.0,1,2022-10-25,Shipped,0.0,0.0,Success
50950,1097.0,1,2026-06-28,Completed,99.0,58.51,Success
50951,1932.0,15,2025-10-08,Returned,0.0,2442.49,Refunded
50952,1975.0,5,2023-07-13,Completed,0.0,692.85,Success
50953,2090.0,11,2025-10-22,Shipped,0.0,1970.79,Success
50954,1271.0,17,2023-01-04,Completed,0.0,0.0,Success
50955,2516.0,7,2022-02-03,Completed,0.0,0.0,Success
50956,1822.0,1,2022-04-17,Completed,0.0,260.9,Success
50957,1265.0,13,2025-08-05,Completed,0.0,0.0,Success
50958,1243.0,20,2022-05-01,Shipped,0.0,0.0,Success
50959,1695.0,1,2023-02-14,Shipped,0.0,90.27,Success
50960,2757.0,1,2025-08-22,Processing,0.0,5900.03,Success
50961,2210.0,19,2022-03-31,Completed,0.0,0.0,Success
50962,1248.0,12,2025-05-04,Completed,0.0,617.53,Success
50963,2776.0,1,2026-06-15,Completed,0.0,0.0,Success
50964,1779.0,1,2024-04-16,Completed,99.0,0.0,Success
50965,1607.0,4,2025-08-04,Completed,0.0,0.0,Success
50966,2033.0,2,2022-05-26,Completed,0.0,0.0,Success
50967,2948.0,1,2024-10-14,Shipped,99.0,0.0,Success
50968,1265.0,1,2023-09-11,Completed,99.0,0.0,Success
50969,1769.0,20,2026-02-07,Shipped,0.0,7478.16,Success
50970,1112.0,1,2024-07-31,Completed,0.0,1834.48,Success
50971,1399.0,17,2026-01-01,Completed,0.0,0.0,Success
50972,2407.0,5,2026-05-01,Completed,0.0,1541.46,Success
50973,1544.0,1,2022-01-13,Shipped,0.0,95.96,Success
50974,1496.0,1,2022-10-22,Completed,0.0,358.9,Success
50975,1082.0,1,2025-02-22,Cancelled,0.0,413.11,Cancelled
50976,1383.0,1,2024-06-18,Completed,0.0,0.0,Success
50977,1289.0,1,2023-05-04,Completed,0.0,2798.71,Success
50978,2264.0,1,2026-04-08,Shipped,0.0,1199.41,Success
50979,2822.0,9,2026-06-26,Completed,0.0,0.0,Success
50980,1701.0,1,2024-03-07,Completed,0.0,1689.89,Success
50981,2585.0,13,2025-07-04,Shipped,0.0,0.0,Success
50982,2924.0,1,2026-01-26,Completed,0.0,373.48,Success
50983,2032.0,15,2022-10-05,Completed,0.0,347.4,Success
50984,1110.0,1,2024-10-12,Completed,0.0,0.0,Success
50985,2166.0,18,2024-05-30,Processing,0.0,0.0,Success
50986,1731.0,10,2026-06-14,Shipped,0.0,615.81,Success
50987,1918.0,1,2025-05-03,Completed,0.0,4297.16,Success
50988,2177.0,16,2025-12-21,Completed,0.0,16510.14,Success
50989,1444.0,1,2026-03-07,Completed,0.0,530.67,Success
50990,2334.0,1,2022-08-02,Completed,0.0,0.0,Success
50991,1374.0,11,2024-06-13,Shipped,0.0,6308.06,Success
50992,1290.0,18,2022-09-21,Completed,0.0,150.64,Success
50993,1102.0,3,2022-06-07,Returned,0.0,0.0,Refunded
50994,2532.0,20,2025-05-12,Completed,0.0,139.96,Success
50995,2810.0,11,2035-12-31,Returned,0.0,0.0,Refunded
50996,1272.0,1,2024-05-07,Completed,0.0,646.66,Success
50997,1964.0,4,2022-01-12,Completed,0.0,269.91,Success
50998,2088.0,16,2023-08-20,Completed,0.0,0.0,Success
50999,1359.0,17,2023-09-12,Completed,0.0,3949.44,Success
51000,2589.0,1,2023-10-14,Processing,0.0,163.87,Success
51001,2317.0,3,2022-12-22,Completed,0.0,103.07,Success
51002,1142.0,1,2025-09-30,Completed,0.0,4667.97,Success
51003,1998.0,1,2023-07-13,Completed,0.0,0.0,Success
51004,2079.0,1,2023-10-13,Cancelled,99.0,0.0,Cancelled
51005,1030.0,8,2024-10-17,Completed,0.0,24.11,Success
51006,,15,2022-04-01,Shipped,0.0,35.39,Success
51007,1942.0,5,2024-12-26,Completed,0.0,0.0,Success
51008,2052.0,18,2026-02-20,Completed,0.0,1467.4,Success
51009,2169.0,4,2023-05-17,Completed,0.0,151.93,Success
51010,1772.0,12,2026-03-30,Completed,0.0,0.0,Success
51011,1909.0,1,2022-01-06,Completed,0.0,2673.3,Success
51012,1761.0,1,2024-12-20,Cancelled,0.0,0.0,Cancelled
51013,1048.0,19,2022-11-09,Completed,0.0,0.0,Success
51014,2030.0,19,2022-02-25,Returned,0.0,12561.01,Refunded
51015,2286.0,10,2022-04-24,Completed,0.0,765.2,Success
51016,1643.0,1,2025-04-30,Completed,0.0,66.77,Success
51017,1830.0,15,2023-03-07,Completed,0.0,0.0,Success
51018,1163.0,1,2025-04-30,Completed,0.0,2201.14,Success
51019,2295.0,16,2026-02-20,Completed,0.0,1440.41,Success
51020,2571.0,1,2022-02-24,Completed,0.0,1467.33,Success
51021,2789.0,1,2024-07-20,Completed,0.0,0.0,Success
51022,2830.0,1,2023-07-17,Cancelled,0.0,455.35,Cancelled
51023,2258.0,3,2024-11-28,Shipped,0.0,0.0,Success
51024,2802.0,1,2023-10-24,Completed,0.0,0.0,Success
51025,2236.0,11,2026-02-22,Completed,0.0,0.0,Success
51026,1429.0,1,2022-06-06,Completed,0.0,423.39,Success
51027,2542.0,1,2023-04-10,Returned,0.0,3016.4,Refunded
51028,2524.0,1,2025-08-01,Completed,0.0,0.0,Success
51029,1598.0,1,2024-08-26,Completed,99.0,0.0,Success
51030,2668.0,1,2024-06-03,Completed,0.0,1869.54,Success
51031,1427.0,17,2023-12-29,Completed,0.0,0.0,Success
51032,1302.0,11,2023-04-24,Completed,0.0,0.0,Success
51033,2157.0,16,2023-11-10,Completed,0.0,66.23,Success
51034,1797.0,1,2024-08-13,Cancelled,0.0,2657.43,Cancelled
51035,2295.0,8,2025-01-20,Completed,0.0,27.33,Success
51036,1870.0,1,2022-01-07,Completed,0.0,9850.25,Success
51037,1983.0,3,2022-04-30,Shipped,0.0,0.0,Success
51038,1053.0,13,2022-09-21,Completed,0.0,6925.75,Success
51039,1311.0,4,2025-07-23,Completed,0.0,0.0,Success
51040,1892.0,19,2022-01-04,Completed,0.0,0.0,Success
51041,2625.0,16,2022-09-20,Completed,0.0,1933.66,Success
51042,2991.0,4,2023-03-29,Processing,0.0,336.31,Success
51043,1671.0,1,2023-09-16,Completed,0.0,166.67,Success
51044,2592.0,16,2022-05-09,Completed,0.0,968.73,Success
51045,1447.0,1,2025-04-12,Shipped,0.0,653.8,Success
51046,2553.0,1,2023-01-10,Completed,0.0,0.0,Success
51047,1444.0,18,2026-06-12,Cancelled,0.0,75.57,Cancelled
51048,2984.0,1,2023-08-14,Cancelled,0.0,0.0,Cancelled
51049,2173.0,1,2024-08-18,Shipped,0.0,3422.07,Success
51050,2601.0,8,2024-12-13,Completed,0.0,200.96,Success
51051,1500.0,4,2025-08-25,Completed,0.0,0.0,Success
51052,1106.0,1,2026-01-20,Completed,0.0,0.0,Success
51053,1189.0,19,2023-05-28,Completed,0.0,0.0,Success
51054,2636.0,7,2025-01-28,Completed,0.0,0.0,Success
51055,1678.0,14,2022-04-19,Completed,0.0,4525.21,Success
51056,1763.0,19,2023-01-03,Shipped,0.0,0.0,Success
51057,2964.0,6,2023-11-18,Returned,0.0,2768.22,Refunded
51058,1593.0,14,2022-02-25,Completed,0.0,0.0,Success
51059,2160.0,1,2022-07-15,Returned,0.0,338.05,Refunded
51060,1278.0,16,2023-07-24,Completed,0.0,2043.51,Success
51061,2180.0,1,2023-04-12,Completed,0.0,7521.38,Success
51062,1499.0,13,2023-06-05,Completed,0.0,356.45,Success
51063,1541.0,8,2024-05-30,Completed,0.0,0.0,Success
51064,1896.0,13,2025-07-27,Completed,0.0,0.0,Success
51065,1476.0,2,2026-05-05,Completed,0.0,0.0,Success
51066,1758.0,14,2025-08-02,Completed,0.0,0.0,Success
51067,2192.0,12,2022-11-23,Completed,0.0,0.0,Success
51068,2366.0,1,2023-03-03,Completed,0.0,2944.16,Success
51069,1316.0,1,2025-12-19,Shipped,0.0,0.0,Success
51070,2313.0,5,2025-08-13,Completed,0.0,0.0,Success
51071,1556.0,1,2025-09-12,Completed,0.0,0.0,Success
51072,1302.0,1,2024-08-21,Completed,0.0,0.0,Success
51073,2763.0,1,2024-10-21,Completed,0.0,3836.84,Success
51074,1502.0,1,2023-03-03,Completed,0.0,6247.39,Success
51075,1561.0,7,2024-05-17,Shipped,0.0,1156.39,Success
51076,1377.0,1,2023-07-24,Processing,0.0,0.0,Success
51077,1223.0,5,2026-03-13,Cancelled,0.0,65.26,Cancelled
51078,1599.0,8,2022-07-01,Completed,0.0,1322.56,Success
51079,1674.0,1,2022-08-16,Completed,0.0,0.0,Success
51080,1558.0,20,2023-03-18,Completed,0.0,0.0,Success
51081,2633.0,11,2022-07-01,Shipped,0.0,0.0,Success
51082,2581.0,1,2023-10-01,Completed,0.0,3705.15,Success
51083,1082.0,1,2022-10-23,Completed,0.0,8147.74,Success
51084,1153.0,4,2025-11-25,Completed,0.0,458.34,Success
51085,1634.0,18,2022-02-03,Returned,0.0,0.0,Refunded
51086,,10,2023-08-16,Completed,0.0,88.83,Success
51087,2861.0,5,2025-11-28,Completed,0.0,0.0,Success
51088,1618.0,9,2022-08-16,Completed,0.0,0.0,Success
51089,1244.0,1,2022-04-09,Completed,0.0,0.0,Success
51090,1888.0,20,2023-01-15,Completed,0.0,0.0,Success
51091,2552.0,10,2026-02-23,Completed,0.0,0.0,Success
51092,1134.0,19,2024-08-13,Completed,0.0,1130.02,Success
51093,2945.0,9,2022-04-30,Completed,0.0,0.0,Success
51094,1824.0,1,2024-01-16,Shipped,99.0,0.0,Success
51095,1177.0,5,2024-03-09,Completed,0.0,0.0,Success
51096,1563.0,1,2023-04-01,Completed,0.0,255.81,Success
51097,1844.0,3,2035-12-31,Completed,0.0,0.0,Success
51098,1835.0,1,2024-10-24,Shipped,0.0,0.0,Success
51099,1359.0,8,2023-08-05,Completed,0.0,0.0,Success
51100,2211.0,9,2022-03-07,Completed,0.0,82.06,Success
51101,1764.0,17,2022-07-28,Shipped,0.0,4434.66,Success
51102,1241.0,10,2025-09-23,Completed,0.0,0.0,Success
51103,1262.0,18,2022-02-05,Processing,0.0,0.0,Success
51104,1497.0,1,2025-06-09,Completed,0.0,0.0,Success
51105,1175.0,10,2025-10-12,Completed,0.0,0.0,Success
51106,2380.0,20,2024-08-09,Completed,0.0,18216.01,Success
51107,2222.0,8,2023-10-16,Shipped,0.0,106.87,Success
51108,1570.0,1,2026-02-17,Completed,0.0,0.0,Success
51109,2831.0,1,2025-05-29,Shipped,0.0,0.0,Success
51110,1942.0,1,2024-07-15,Shipped,0.0,0.0,Success
51111,1191.0,18,2024-05-06,Completed,0.0,0.0,Success
51112,2049.0,1,2024-09-07,Shipped,0.0,0.0,Success
51113,2644.0,17,2022-01-19,Completed,0.0,0.0,Success
51114,1164.0,5,2022-09-16,Completed,0.0,0.0,Success
51115,1578.0,16,2025-04-12,Cancelled,0.0,0.0,Cancelled
51116,1490.0,20,2023-03-13,Completed,0.0,0.0,Success
51117,1456.0,16,2023-10-22,Completed,0.0,373.96,Success
51118,1204.0,5,2022-11-18,Completed,0.0,1545.81,Success
51119,1832.0,2,2023-03-06,Completed,0.0,598.84,Success
51120,1196.0,11,2022-04-10,Completed,0.0,2719.89,Success
51121,1998.0,1,2022-05-07,Completed,0.0,0.0,Success
51122,2466.0,12,2023-07-30,Shipped,0.0,0.0,Success
51123,1921.0,8,2025-06-27,Shipped,0.0,4529.25,Success
51124,1445.0,1,2023-04-25,Completed,0.0,3879.94,Success
51125,1679.0,2,2024-06-22,Shipped,0.0,1016.61,Success
51126,1925.0,20,2024-05-26,Returned,0.0,1512.31,Refunded
51127,1055.0,14,2022-11-24,Completed,0.0,640.47,Success
51128,1801.0,5,2025-01-25,Completed,0.0,0.0,Success
51129,1687.0,1,2022-11-06,Completed,0.0,0.0,Success
51130,2677.0,10,2026-01-15,Completed,0.0,0.0,Success
51131,1045.0,1,2026-03-09,Completed,0.0,437.18,Success
51132,2228.0,11,2024-10-25,Processing,0.0,0.0,Success
51133,1529.0,1,2025-09-11,Completed,0.0,138.54,Success
51134,1563.0,11,2022-03-04,Shipped,0.0,1367.34,Success
51135,1375.0,20,2023-10-10,Cancelled,0.0,676.1,Cancelled
51136,2257.0,5,2024-04-21,Completed,0.0,0.0,Success
51137,2643.0,8,2025-12-21,Completed,0.0,0.0,Success
51138,2185.0,1,2025-03-08,Completed,0.0,0.0,Success
51139,2775.0,4,2022-09-16,Shipped,0.0,135.77,Success
51140,1284.0,1,2025-03-24,Completed,0.0,0.0,Success
51141,2829.0,6,2025-01-31,Returned,0.0,2346.5,Refunded
51142,1239.0,17,2023-08-20,Completed,0.0,69.98,Success
51143,1192.0,1,2025-02-11,Completed,0.0,22961.37,Success
51144,2569.0,13,2022-01-25,Completed,0.0,2274.42,Success
51145,1411.0,1,2022-05-18,Returned,0.0,978.28,Refunded
51146,2976.0,17,2023-02-21,Completed,0.0,773.28,Success
51147,2516.0,10,2025-11-29,Completed,0.0,0.0,Success
51148,1891.0,17,2025-05-12,Completed,0.0,6210.79,Success
51149,2274.0,2,2022-07-11,Cancelled,0.0,3283.42,Cancelled
51150,1444.0,19,2026-02-11,Completed,0.0,0.0,Success
51151,1831.0,3,2024-11-08,Completed,0.0,134.91,Success
51152,1939.0,1,2024-11-01,Completed,0.0,0.0,Success
51153,1578.0,4,2024-09-24,Processing,0.0,615.81,Success
51154,1317.0,17,2026-06-07,Cancelled,0.0,278.94,Cancelled
51155,1219.0,2,2024-03-08,Completed,0.0,329.11,Success
51156,1408.0,1,2022-05-15,Completed,0.0,0.0,Success
51157,1768.0,1,2024-01-01,Completed,0.0,0.0,Success
51158,1757.0,1,2023-05-06,Returned,0.0,0.0,Refunded
51159,1687.0,8,2022-05-17,Completed,0.0,0.0,Success
51160,1311.0,14,2023-11-30,Completed,0.0,0.0,Success
51161,2792.0,6,2023-09-07,Completed,0.0,6065.05,Success
51162,2772.0,12,2022-12-08,Returned,0.0,196.93,Refunded
51163,1799.0,1,2026-05-17,Completed,0.0,0.0,Success
51164,2757.0,1,2023-02-01,Completed,0.0,9258.99,Success
51165,2349.0,5,2025-11-17,Completed,0.0,890.98,Success
51166,2074.0,16,2023-02-03,Completed,0.0,0.0,Success
51167,2688.0,16,2022-10-11,Returned,0.0,0.0,Refunded
51168,1374.0,1,2022-06-30,Completed,0.0,2719.89,Success
51169,2312.0,8,2022-06-19,Cancelled,0.0,0.0,Cancelled
51170,1276.0,3,2025-02-21,Completed,0.0,2368.02,Success
51171,2769.0,8,2023-02-21,Completed,0.0,0.0,Success
51172,1383.0,1,2025-03-14,Completed,0.0,358.05,Success
51173,2748.0,1,2023-05-07,Shipped,0.0,2063.26,Success
51174,1285.0,15,2024-04-14,Completed,0.0,0.0,Success
51175,2758.0,17,2022-12-07,Returned,0.0,0.0,Refunded
51176,2804.0,13,2025-09-09,Completed,0.0,278.45,Success
51177,2146.0,14,2023-07-28,Completed,0.0,275.14,Success
51178,2801.0,10,2026-01-25,Completed,0.0,502.87,Success
51179,2460.0,14,2023-02-16,Shipped,0.0,0.0,Success
51180,2681.0,9,2023-04-26,Completed,0.0,1100.57,Success
51181,2688.0,7,2022-04-02,Completed,0.0,1384.11,Success
51182,1369.0,10,2022-04-14,Completed,0.0,307.91,Success
51183,1182.0,1,2024-05-05,Completed,0.0,16.65,Success
51184,1137.0,1,2026-04-08,Completed,0.0,1363.85,Success
51185,2124.0,19,2025-10-13,Shipped,0.0,0.0,Success
51186,2032.0,1,2022-10-13,Completed,0.0,142.24,Success
51187,1730.0,10,2026-04-01,Shipped,0.0,80.08,Success
51188,2015.0,5,2022-09-14,Completed,0.0,536.55,Success
51189,1180.0,13,2024-03-23,Processing,0.0,733.66,Success
51190,2433.0,11,2024-07-05,Completed,0.0,0.0,Success
51191,2878.0,10,2025-10-16,Processing,0.0,0.0,Success
51192,1663.0,1,2024-09-03,Completed,0.0,2097.94,Success
51193,1052.0,7,2023-01-20,Cancelled,0.0,0.0,Cancelled
51194,1596.0,1,2024-06-21,Completed,0.0,846.78,Success
51195,2092.0,4,2025-08-20,Completed,0.0,190.77,Success
51196,1102.0,10,2025-08-08,Completed,0.0,0.0,Success
51197,2298.0,1,2025-08-11,Completed,0.0,138.38,Success
51198,1466.0,16,2024-04-15,Completed,0.0,2657.43,Success
51199,1354.0,18,2025-08-26,Shipped,0.0,0.0,Success
51200,1591.0,20,2025-11-29,Shipped,0.0,1657.07,Success
51201,2938.0,11,2025-05-08,Completed,0.0,464.78,Success
51202,2010.0,14,2024-01-12,Completed,0.0,0.0,Success
51203,1780.0,10,2025-01-29,Returned,0.0,212.32,Refunded
51204,2611.0,1,2026-02-27,Processing,0.0,1223.09,Success
51205,1803.0,16,2024-11-26,Completed,0.0,0.0,Success
51206,2041.0,18,2023-08-19,Completed,0.0,3283.63,Success
51207,2775.0,7,2023-12-31,Completed,0.0,0.0,Success
51208,1822.0,5,2026-02-09,Processing,0.0,2672.07,Success
51209,1402.0,8,2025-11-28,Completed,0.0,7753.58,Success
51210,1553.0,10,2023-12-09,Completed,0.0,558.95,Success
51211,1048.0,11,2025-02-25,Completed,0.0,0.0,Success
51212,1543.0,14,2025-11-07,Completed,0.0,2433.78,Success
51213,1162.0,15,2026-01-24,Cancelled,0.0,0.0,Cancelled
51214,1822.0,2,2024-08-01,Shipped,0.0,0.0,Success
51215,2368.0,1,2025-11-18,Completed,0.0,0.0,Success
51216,1714.0,1,2022-06-14,Completed,0.0,481.58,Success
51217,2402.0,1,2024-07-18,Completed,0.0,575.75,Success
51218,2701.0,5,2024-05-16,Shipped,0.0,0.0,Success
51219,1804.0,1,2025-04-21,Completed,0.0,122.42,Success
51220,1042.0,14,2023-04-27,Cancelled,0.0,2592.28,Cancelled
51221,2209.0,7,2022-09-14,Cancelled,0.0,6906.94,Cancelled
51222,2088.0,18,2024-12-22,Returned,0.0,0.0,Refunded
51223,1312.0,1,2024-01-27,Completed,0.0,429.84,Success
51224,1360.0,14,2023-05-02,Completed,0.0,0.0,Success
51225,1379.0,9,2022-05-11,Completed,0.0,139.96,Success
51226,1175.0,7,2025-12-19,Completed,0.0,0.0,Success
51227,1079.0,11,2022-11-18,Completed,0.0,0.0,Success
51228,2943.0,11,2024-08-15,Completed,0.0,2302.81,Success
51229,1332.0,6,2024-05-25,Completed,0.0,95.11,Success
51230,1814.0,8,2022-06-04,Shipped,0.0,0.0,Success
51231,1281.0,8,2025-10-29,Completed,0.0,0.0,Success
51232,2493.0,1,2023-02-07,Completed,0.0,8614.31,Success
51233,2590.0,10,2026-03-01,Shipped,0.0,0.0,Success
51234,2926.0,1,2023-12-11,Processing,0.0,0.0,Success
51235,1487.0,10,2022-04-08,Completed,0.0,14.5,Success
51236,2457.0,12,2023-05-07,Shipped,0.0,0.0,Success
51237,1100.0,17,2023-10-05,Completed,0.0,0.0,Success
51238,1006.0,1,2025-01-01,Completed,99.0,130.44,Success
51239,2404.0,13,2026-03-21,Completed,0.0,1514.84,Success
51240,2329.0,19,2024-09-07,Returned,0.0,0.0,Refunded
51241,1095.0,1,2023-12-26,Completed,0.0,4245.36,Success
51242,1234.0,4,2023-07-05,Completed,0.0,759.92,Success
51243,1165.0,9,2026-06-24,Completed,0.0,0.0,Success
51244,1705.0,1,2022-08-24,Completed,99.0,0.0,Success
51245,2661.0,1,2026-03-27,Completed,0.0,338.31,Success
51246,2590.0,4,2023-03-25,Cancelled,0.0,0.0,Cancelled
51247,1979.0,13,2022-04-06,Completed,0.0,481.46,Success
51248,2613.0,3,2024-02-20,Completed,0.0,438.56,Success
51249,2650.0,5,2026-05-15,Completed,0.0,0.0,Success
51250,2231.0,3,2024-12-25,Shipped,0.0,0.0,Success
51251,1642.0,2,2025-03-03,Completed,0.0,0.0,Success
51252,2109.0,1,2025-10-30,Completed,0.0,264.91,Success
51253,2597.0,19,2025-05-01,Completed,0.0,0.0,Success
51254,1773.0,13,2025-11-05,Completed,0.0,0.0,Success
51255,1983.0,1,2023-01-30,Completed,0.0,1279.47,Success
51256,2387.0,4,2025-06-09,Shipped,0.0,238.7,Success
51257,2005.0,1,2023-07-26,Completed,0.0,0.0,Success
51258,2133.0,9,2025-09-19,Completed,0.0,19821.78,Success
51259,2222.0,5,2024-01-21,Processing,0.0,302.29,Success
51260,2223.0,1,2024-04-20,Completed,0.0,4751.94,Success
51261,1097.0,1,2023-03-01,Completed,0.0,0.0,Success
51262,2400.0,12,2022-08-24,Completed,0.0,111.75,Success
51263,2412.0,9,2022-04-26,Completed,0.0,87.36,Success
51264,2982.0,15,2023-04-26,Completed,0.0,368.19,Success
51265,1558.0,1,2025-05-14,Shipped,0.0,0.0,Success
51266,2850.0,19,2023-06-05,Processing,0.0,477.91,Success
51267,1529.0,1,2023-03-02,Shipped,0.0,60.72,Success
51268,2581.0,15,2025-05-09,Completed,0.0,0.0,Success
51269,1952.0,1,2023-07-23,Cancelled,0.0,0.0,Cancelled
51270,1674.0,10,2026-04-07,Cancelled,0.0,216.09,Cancelled
51271,1394.0,19,2024-07-16,Completed,0.0,550.06,Success
51272,1272.0,10,2025-08-16,Completed,0.0,3373.53,Success
51273,1481.0,4,2023-09-24,Cancelled,0.0,916.69,Cancelled
51274,2133.0,17,2023-07-09,Completed,0.0,5289.59,Success
51275,1017.0,9,2025-03-25,Completed,0.0,0.0,Success
51276,2838.0,1,2022-03-21,Completed,0.0,23441.51,Success
51277,2847.0,15,2022-05-25,Completed,0.0,0.0,Success
51278,2216.0,20,2022-03-14,Completed,0.0,0.0,Success
51279,2919.0,20,2025-05-13,Completed,0.0,0.0,Success
51280,1513.0,1,2022-05-14,Completed,0.0,838.97,Success
51281,2293.0,16,2023-08-26,Completed,0.0,0.0,Success
51282,1413.0,15,2025-10-13,Completed,0.0,467.7,Success
51283,2849.0,9,2026-02-07,Completed,0.0,0.0,Success
51284,2152.0,1,2025-06-24,Cancelled,0.0,0.0,Cancelled
51285,2298.0,18,2024-12-07,Shipped,0.0,834.83,Success
51286,2644.0,7,2023-02-17,Completed,0.0,2712.38,Success
51287,2366.0,2,2024-06-07,Completed,0.0,80.85,Success
51288,2787.0,17,2024-06-06,Completed,0.0,1578.68,Success
51289,2973.0,13,2026-06-24,Completed,0.0,1657.92,Success
51290,2035.0,4,2022-02-10,Completed,0.0,930.26,Success
51291,1419.0,1,2023-03-01,Returned,0.0,0.0,Refunded
51292,2556.0,18,2025-08-15,Completed,0.0,0.0,Success
51293,1094.0,1,2025-12-29,Shipped,0.0,0.0,Success
51294,2440.0,7,2022-12-10,Processing,0.0,723.84,Success
51295,1877.0,13,2026-03-28,Completed,0.0,0.0,Success
51296,1107.0,11,2023-02-06,Completed,0.0,0.0,Success
51297,2565.0,1,2025-01-29,Completed,0.0,4126.52,Success
51298,2779.0,18,2024-09-29,Completed,0.0,0.0,Success
51299,1866.0,1,2023-09-15,Completed,0.0,161.7,Success
51300,2513.0,12,2023-04-22,Completed,0.0,0.0,Success
51301,1182.0,5,2026-03-02,Cancelled,0.0,5117.45,Cancelled
51302,2815.0,4,2025-10-14,Completed,0.0,0.0,Success
51303,1085.0,6,2025-02-09,Cancelled,0.0,3975.82,Cancelled
51304,2719.0,6,2023-11-16,Completed,0.0,0.0,Success
51305,2692.0,17,2026-03-23,Shipped,0.0,0.0,Success
51306,2787.0,1,2024-09-10,Completed,99.0,0.0,Success
51307,1156.0,1,2024-08-22,Shipped,0.0,534.37,Success
51308,1569.0,13,2026-06-19,Completed,0.0,565.05,Success
51309,1704.0,1,2026-06-28,Completed,0.0,11.83,Success
51310,1066.0,10,2025-10-06,Shipped,0.0,2151.03,Success
51311,2364.0,2,2024-05-13,Completed,0.0,0.0,Success
51312,2399.0,17,2024-10-25,Completed,0.0,3748.09,Success
51313,2476.0,5,2025-04-10,Completed,0.0,2657.43,Success
51314,1828.0,1,2025-05-14,Completed,0.0,0.0,Success
51315,1475.0,1,2023-01-05,Completed,0.0,270.84,Success
51316,2717.0,5,2023-05-11,Completed,0.0,0.0,Success
51317,2794.0,1,2024-03-06,Completed,99.0,0.0,Success
51318,2717.0,1,2024-07-18,Shipped,0.0,444.45,Success
51319,1538.0,1,2022-02-04,Cancelled,0.0,0.0,Cancelled
51320,2397.0,12,2024-04-12,Completed,0.0,184.72,Success
51321,2935.0,20,2026-05-01,Completed,0.0,0.0,Success
51322,2270.0,1,2025-03-28,Completed,0.0,0.0,Success
51323,2817.0,20,2022-08-15,Completed,0.0,0.0,Success
51324,1452.0,1,2026-04-10,Returned,0.0,15994.76,Refunded
51325,2678.0,1,2024-02-28,Completed,0.0,0.0,Success
51326,2795.0,2,2024-08-06,Shipped,0.0,6460.73,Success
51327,1130.0,6,2022-11-13,Completed,0.0,0.0,Success
51328,1403.0,1,2023-11-12,Processing,0.0,10688.29,Success
51329,1080.0,1,2023-09-22,Completed,0.0,285.42,Success
51330,2819.0,13,2024-01-09,Completed,0.0,0.0,Success
51331,1487.0,13,2023-09-18,Completed,0.0,274.28,Success
51332,1854.0,1,2022-06-18,Cancelled,0.0,7176.84,Cancelled
51333,,1,2023-05-28,Completed,0.0,1029.76,Success
51334,2661.0,6,2025-07-30,Completed,0.0,1743.46,Success
51335,2174.0,15,2025-12-21,Completed,0.0,0.0,Success
51336,2890.0,19,2025-07-21,Completed,0.0,0.0,Success
51337,1324.0,1,2022-04-06,Returned,0.0,2757.75,Refunded
51338,2924.0,1,2025-06-03,Completed,0.0,575.75,Success
51339,2049.0,17,2025-08-08,Completed,0.0,7441.57,Success
51340,1924.0,19,2024-03-28,Completed,0.0,5998.04,Success
51341,2035.0,1,2024-03-14,Returned,99.0,0.0,Refunded
51342,1726.0,4,2022-10-03,Completed,0.0,0.0,Success
51343,2257.0,9,2023-05-02,Completed,0.0,0.0,Success
51344,2212.0,1,2022-06-30,Returned,0.0,1307.59,Refunded
51345,2183.0,9,2023-03-15,Completed,0.0,542.61,Success
51346,2634.0,20,2023-10-23,Shipped,0.0,0.0,Success
51347,1098.0,19,2023-04-23,Completed,0.0,401.12,Success
51348,1972.0,1,2022-04-26,Processing,0.0,1514.84,Success
51349,2655.0,8,2024-11-11,Shipped,0.0,0.0,Success
51350,2411.0,11,2025-04-29,Processing,0.0,533.0,Success
51351,2856.0,1,2025-01-03,Cancelled,0.0,418.41,Cancelled
51352,2857.0,3,2024-10-11,Completed,0.0,0.0,Success
51353,1667.0,16,2024-08-30,Completed,0.0,0.0,Success
51354,2838.0,1,2026-06-01,Shipped,0.0,0.0,Success
51355,2981.0,11,2025-12-16,Completed,0.0,2857.95,Success
51356,1734.0,14,2024-06-11,Completed,0.0,0.0,Success
51357,2480.0,1,2022-04-13,Completed,0.0,0.0,Success
51358,2607.0,1,2022-03-19,Completed,0.0,0.0,Success
51359,2556.0,7,2026-03-06,Completed,0.0,564.36,Success
51360,2298.0,17,2022-03-10,Completed,0.0,1781.38,Success
51361,1820.0,20,2024-09-22,Completed,0.0,789.34,Success
51362,2200.0,1,2024-03-15,Completed,0.0,175.81,Success
51363,2625.0,1,2025-03-20,Completed,0.0,308.76,Success
51364,2645.0,6,2026-02-20,Completed,0.0,546.49,Success
51365,1979.0,10,2023-07-01,Completed,0.0,269.91,Success
51366,1985.0,16,2022-06-18,Completed,0.0,0.0,Success
51367,1629.0,9,2022-12-05,Completed,0.0,1322.41,Success
51368,2320.0,1,2025-03-14,Completed,0.0,364.46,Success
51369,1076.0,5,2024-01-11,Completed,0.0,0.0,Success
51370,2009.0,1,2024-04-20,Shipped,99.0,124.15,Success
51371,2255.0,16,2022-04-21,Completed,0.0,8435.14,Success
51372,2759.0,1,2023-08-13,Completed,0.0,731.72,Success
51373,1991.0,1,2023-12-23,Cancelled,0.0,0.0,Cancelled
51374,2299.0,6,2022-07-15,Completed,0.0,366.29,Success
51375,1487.0,16,2025-01-03,Completed,0.0,3923.46,Success
51376,2610.0,20,2023-12-06,Completed,0.0,0.0,Success
51377,2862.0,1,2025-08-04,Completed,0.0,222.23,Success
51378,2971.0,10,2024-06-28,Completed,0.0,3173.13,Success
51379,2468.0,1,2026-02-03,Returned,0.0,0.0,Refunded
51380,2062.0,12,2024-10-19,Cancelled,0.0,0.0,Cancelled
51381,1207.0,1,2024-07-31,Completed,0.0,0.0,Success
51382,2177.0,1,2025-01-17,Completed,0.0,0.0,Success
51383,1748.0,8,2026-05-18,Completed,0.0,110.11,Success
51384,1492.0,2,2025-10-11,Shipped,0.0,0.0,Success
51385,1175.0,20,2023-04-18,Shipped,0.0,445.21,Success
51386,1886.0,3,2025-10-09,Cancelled,0.0,1136.96,Cancelled
51387,2066.0,19,2023-02-06,Shipped,0.0,2153.58,Success
51388,2689.0,1,2022-12-23,Returned,0.0,270.64,Refunded
51389,2450.0,14,2022-05-20,Completed,0.0,0.0,Success
51390,2632.0,15,2022-06-04,Completed,0.0,0.0,Success
51391,2163.0,15,2022-10-28,Processing,0.0,0.0,Success
51392,2678.0,1,2023-08-10,Cancelled,0.0,327.22,Cancelled
51393,2426.0,1,2023-03-14,Completed,0.0,221.62,Success
51394,1423.0,7,2025-08-20,Completed,0.0,3086.33,Success
51395,1617.0,14,2025-01-04,Shipped,0.0,0.0,Success
51396,1340.0,1,2022-06-02,Completed,0.0,163.49,Success
51397,2110.0,1,2024-03-08,Completed,0.0,0.0,Success
51398,2860.0,5,2026-02-08,Completed,0.0,742.13,Success
51399,1086.0,1,2024-12-08,Processing,0.0,0.0,Success
51400,,1,2023-04-09,Processing,0.0,142.67,Success
51401,2206.0,9,2024-04-01,Completed,0.0,86.69,Success
51402,2454.0,13,2025-08-14,Completed,0.0,415.56,Success
51403,1923.0,11,2022-09-10,Completed,0.0,0.0,Success
51404,2955.0,1,2023-07-22,Completed,0.0,69.63,Success
51405,2450.0,6,2024-01-22,Shipped,0.0,181.94,Success
51406,2398.0,16,2025-08-01,Completed,0.0,71.36,Success
51407,1638.0,1,2023-06-04,Completed,0.0,543.81,Success
51408,1624.0,1,2026-04-17,Completed,0.0,298.43,Success
51409,1205.0,6,2024-10-06,Completed,0.0,0.0,Success
51410,2859.0,1,2025-03-19,Completed,0.0,0.0,Success
51411,2108.0,15,2026-04-08,Completed,0.0,1031.63,Success
51412,2706.0,3,2024-08-09,Processing,0.0,0.0,Success
51413,2929.0,19,2026-01-03,Cancelled,0.0,0.0,Cancelled
51414,2486.0,4,2026-03-27,Returned,0.0,0.0,Refunded
51415,2643.0,1,2022-08-28,Completed,0.0,6772.49,Success
51416,,5,2025-03-25,Completed,0.0,78.91,Success
51417,1700.0,5,2024-11-14,Completed,0.0,0.0,Success
51418,1692.0,1,2025-10-25,Completed,0.0,0.0,Success
51419,2083.0,16,2026-02-27,Completed,0.0,22319.83,Success
51420,1903.0,17,2024-06-18,Completed,0.0,43.51,Success
51421,1771.0,1,2024-08-17,Completed,0.0,0.0,Success
51422,2354.0,14,2024-04-13,Completed,0.0,514.0,Success
51423,2613.0,3,2025-12-21,Processing,0.0,233.2,Success
51424,2803.0,3,2026-05-14,Completed,0.0,0.0,Success
51425,1100.0,1,2024-02-23,Processing,0.0,0.0,Success
51426,1981.0,14,2023-11-29,Completed,0.0,255.47,Success
51427,1021.0,1,2024-01-12,Completed,0.0,0.0,Success
51428,1841.0,13,2023-09-12,Returned,0.0,1419.27,Refunded
51429,2086.0,10,2024-07-03,Completed,0.0,60.73,Success
51430,1251.0,1,2022-06-03,Cancelled,0.0,828.54,Cancelled
51431,2890.0,1,2025-04-27,Shipped,0.0,4891.67,Success
51432,2693.0,15,2022-06-06,Completed,0.0,36.42,Success
51433,2675.0,1,2025-09-27,Completed,0.0,0.0,Success
51434,2141.0,6,2024-08-22,Completed,0.0,0.0,Success
51435,1163.0,1,2022-02-13,Completed,0.0,2262.61,Success
51436,1751.0,19,2022-05-17,Completed,0.0,1799.12,Success
51437,2332.0,13,2026-05-17,Completed,0.0,0.0,Success
51438,2778.0,12,2022-04-24,Completed,0.0,1240.35,Success
51439,1022.0,4,2026-06-18,Completed,0.0,0.0,Success
51440,1995.0,1,2026-02-27,Completed,0.0,0.0,Success
51441,1091.0,12,2025-03-04,Completed,0.0,0.0,Success
51442,2152.0,1,2026-01-22,Shipped,0.0,529.81,Success
51443,1008.0,16,2025-03-24,Completed,0.0,0.0,Success
51444,1212.0,1,2025-07-17,Cancelled,0.0,4406.06,Cancelled
51445,2622.0,19,2023-01-11,Completed,0.0,296.57,Success
51446,2338.0,8,2026-06-10,Cancelled,0.0,364.46,Cancelled
51447,2810.0,1,2023-09-16,Completed,0.0,1859.13,Success
51448,1976.0,1,2024-04-11,Shipped,0.0,5098.37,Success
51449,2313.0,1,2023-08-24,Completed,0.0,278.45,Success
51450,1344.0,3,2025-11-23,Shipped,0.0,0.0,Success
51451,1109.0,9,2022-06-23,Shipped,0.0,1603.1,Success
51452,1496.0,1,2025-12-26,Completed,0.0,8263.48,Success
51453,2967.0,17,2024-05-12,Completed,0.0,195.78,Success
51454,1919.0,15,2022-12-02,Completed,0.0,5439.77,Success
51455,2914.0,1,2023-12-24,Completed,0.0,118.58,Success
51456,1665.0,1,2026-01-13,Completed,0.0,672.63,Success
51457,1139.0,17,2025-08-13,Completed,0.0,259.6,Success
51458,1652.0,1,2022-04-18,Shipped,0.0,338.05,Success
51459,2483.0,12,2022-05-06,Shipped,0.0,0.0,Success
51460,2274.0,1,2023-04-19,Completed,99.0,64.03,Success
51461,2376.0,9,2023-01-11,Shipped,0.0,101.12,Success
51462,2827.0,1,2022-02-10,Cancelled,0.0,2488.05,Cancelled
51463,1867.0,1,2023-01-02,Completed,0.0,0.0,Success
51464,1149.0,3,2022-09-15,Completed,0.0,0.0,Success
51465,2940.0,2,2024-12-30,Processing,0.0,351.61,Success
51466,1312.0,17,2025-11-08,Completed,0.0,1755.85,Success
51467,2059.0,1,2022-07-06,Processing,0.0,5437.97,Success
51468,2461.0,17,2022-08-14,Completed,0.0,2442.49,Success
51469,2634.0,1,2024-11-20,Completed,0.0,0.0,Success
51470,2526.0,3,2022-06-02,Completed,0.0,0.0,Success
51471,1113.0,1,2025-02-25,Completed,0.0,0.0,Success
51472,2975.0,4,2024-10-31,Completed,0.0,1331.45,Success
51473,1995.0,16,2024-12-10,Completed,0.0,1031.63,Success
51474,1235.0,3,2023-05-13,Completed,0.0,0.0,Success
51475,2081.0,15,2023-12-25,Cancelled,0.0,129.43,Cancelled
51476,2688.0,1,2025-07-31,Returned,99.0,34.98,Refunded
51477,1721.0,4,2022-02-06,Completed,0.0,0.0,Success
51478,1909.0,19,2024-12-01,Shipped,0.0,3205.02,Success
51479,1946.0,17,2023-06-17,Completed,0.0,0.0,Success
51480,1856.0,4,2022-05-21,Processing,0.0,0.0,Success
51481,1883.0,1,2025-10-01,Completed,0.0,0.0,Success
51482,1100.0,18,2025-09-05,Completed,0.0,672.63,Success
51483,2554.0,14,2023-05-07,Shipped,0.0,19.55,Success
51484,2213.0,14,2024-05-01,Completed,0.0,0.0,Success
51485,1538.0,11,2022-10-11,Returned,0.0,614.3,Refunded
51486,1428.0,8,2024-10-12,Completed,0.0,0.0,Success
51487,1803.0,1,2023-02-19,Shipped,0.0,0.0,Success
51488,2919.0,1,2022-02-06,Completed,0.0,36.18,Success
51489,1298.0,1,2024-07-15,Shipped,0.0,206.44,Success
51490,1763.0,2,2024-08-16,Completed,0.0,1453.09,Success
51491,2582.0,16,2022-01-25,Completed,0.0,0.0,Success
51492,1369.0,1,2022-09-18,Completed,0.0,160.17,Success
51493,1669.0,1,2024-03-11,Completed,0.0,2276.76,Success
51494,2484.0,1,2024-08-03,Completed,0.0,1448.42,Success
51495,2092.0,1,2022-11-09,Completed,0.0,2170.43,Success
51496,1510.0,11,2024-04-17,Completed,0.0,171.71,Success
51497,2027.0,8,2026-03-05,Completed,0.0,381.7,Success
51498,2735.0,19,2025-09-09,Completed,0.0,0.0,Success
51499,2592.0,1,2022-05-10,Returned,0.0,0.0,Refunded
51500,1213.0,1,2025-02-25,Completed,0.0,173.02,Success
51501,1645.0,10,2024-06-30,Processing,0.0,0.0,Success
51502,1098.0,15,2024-03-02,Completed,0.0,0.0,Success
51503,1215.0,1,2023-12-26,Shipped,0.0,1497.93,Success
51504,1672.0,11,2024-08-25,Completed,0.0,159.77,Success
51505,1008.0,9,2023-04-16,Completed,0.0,32.34,Success
51506,1183.0,1,2025-07-14,Completed,0.0,0.0,Success
51507,2555.0,15,2023-12-20,Completed,0.0,0.0,Success
51508,1180.0,11,2022-03-16,Completed,0.0,534.67,Success
51509,2587.0,10,2025-04-10,Shipped,0.0,0.0,Success
51510,1110.0,18,2024-07-22,Shipped,0.0,1097.59,Success
51511,1985.0,1,2023-09-27,Completed,0.0,127.42,Success
51512,1570.0,9,2022-12-15,Cancelled,0.0,938.29,Cancelled
51513,1573.0,1,2023-04-23,Completed,0.0,542.76,Success
51514,1984.0,14,2022-02-24,Shipped,0.0,4359.26,Success
51515,2200.0,8,2024-02-27,Completed,0.0,5388.58,Success
51516,2529.0,15,2023-12-16,Processing,0.0,0.0,Success
51517,2774.0,5,2024-03-05,Completed,0.0,10524.54,Success
51518,2567.0,5,2025-06-01,Completed,0.0,1173.25,Success
51519,1051.0,3,2025-04-18,Completed,0.0,0.0,Success
51520,2679.0,9,2025-11-22,Completed,0.0,1356.31,Success
51521,1996.0,1,2023-04-18,Completed,0.0,580.28,Success
51522,2108.0,20,2024-03-25,Returned,0.0,326.09,Refunded
51523,2893.0,1,2022-04-20,Completed,0.0,0.0,Success
51524,1395.0,8,2026-06-02,Completed,0.0,15434.48,Success
51525,2749.0,1,2024-02-08,Processing,0.0,0.0,Success
51526,1538.0,7,2024-10-08,Completed,0.0,8521.03,Success
51527,1842.0,1,2022-06-17,Completed,0.0,2977.21,Success
51528,1649.0,18,2025-06-02,Completed,0.0,0.0,Success
51529,1462.0,14,2025-09-26,Completed,0.0,0.0,Success
51530,1824.0,15,2022-07-28,Completed,0.0,84.55,Success
51531,2260.0,3,2023-06-11,Completed,0.0,5882.8,Success
51532,2039.0,1,2022-08-26,Completed,0.0,1514.84,Success
51533,2439.0,1,2025-10-14,Completed,0.0,0.0,Success
51534,,11,2022-02-02,Shipped,0.0,0.0,Success
51535,1366.0,17,2024-03-23,Completed,0.0,0.0,Success
51536,2631.0,1,2025-06-28,Completed,0.0,3876.79,Success
51537,2233.0,16,2024-09-28,Processing,0.0,7575.46,Success
51538,2475.0,4,2025-10-29,Completed,0.0,15431.65,Success
51539,1448.0,12,2024-05-21,Completed,0.0,0.0,Success
51540,2942.0,8,2026-02-04,Processing,0.0,0.0,Success
51541,2959.0,1,2026-03-02,Cancelled,0.0,584.99,Cancelled
51542,2771.0,1,2022-08-15,Completed,0.0,0.0,Success
51543,1471.0,12,2023-12-25,Shipped,0.0,0.0,Success
51544,1132.0,9,2022-02-16,Completed,0.0,98.46,Success
51545,2468.0,1,2025-06-09,Completed,0.0,91.22,Success
51546,2813.0,1,2024-11-17,Completed,0.0,137.2,Success
51547,2797.0,1,2025-11-14,Completed,0.0,0.0,Success
51548,1079.0,1,2025-09-01,Completed,99.0,57.94,Success
51549,1405.0,20,2023-11-09,Shipped,0.0,753.03,Success
51550,1812.0,1,2024-05-14,Processing,0.0,548.56,Success
51551,2931.0,1,2022-07-23,Completed,0.0,201.6,Success
51552,2616.0,13,2025-02-05,Completed,0.0,0.0,Success
51553,2701.0,12,2024-11-22,Completed,0.0,0.0,Success
51554,2249.0,19,2024-04-15,Completed,0.0,984.26,Success
51555,1934.0,10,2025-07-26,Completed,0.0,2355.57,Success
51556,2018.0,20,2022-12-24,Cancelled,0.0,0.0,Cancelled
51557,2038.0,11,2023-01-07,Completed,0.0,0.0,Success
51558,1039.0,20,2022-02-10,Completed,0.0,4430.26,Success
51559,2961.0,12,2025-11-18,Shipped,0.0,85.27,Success
51560,2016.0,9,2022-06-30,Completed,0.0,356.78,Success
51561,2452.0,1,2023-11-10,Completed,0.0,913.37,Success
51562,2902.0,19,2023-01-07,Completed,0.0,0.0,Success
51563,1016.0,18,2023-02-05,Completed,0.0,0.0,Success
51564,2058.0,8,2026-01-17,Completed,0.0,0.0,Success
51565,2547.0,10,2025-03-28,Processing,0.0,4679.82,Success
51566,2067.0,11,2026-03-13,Completed,0.0,267.66,Success
51567,1813.0,6,2022-08-03,Completed,0.0,5550.43,Success
51568,2203.0,1,2025-04-07,Returned,0.0,1967.17,Refunded
51569,1826.0,8,2022-12-15,Shipped,0.0,0.0,Success
51570,1727.0,20,2022-08-12,Completed,0.0,0.0,Success
51571,2887.0,9,2023-11-06,Returned,0.0,948.93,Refunded
51572,2752.0,1,2024-11-05,Shipped,0.0,30771.89,Success
51573,1907.0,10,2022-07-20,Shipped,0.0,2185.54,Success
51574,2095.0,1,2025-04-10,Completed,0.0,0.0,Success
51575,2192.0,8,2023-11-28,Completed,0.0,2082.21,Success
51576,1805.0,1,2022-11-21,Completed,0.0,0.0,Success
51577,1538.0,9,2022-04-20,Completed,0.0,2940.77,Success
51578,2871.0,20,2022-03-17,Completed,0.0,0.0,Success
51579,2920.0,19,2024-01-09,Completed,0.0,0.0,Success
51580,2548.0,14,2024-05-07,Completed,0.0,0.0,Success
51581,2109.0,10,2025-09-05,Shipped,0.0,0.0,Success
51582,1509.0,11,2023-06-10,Completed,0.0,0.0,Success
51583,2446.0,1,2022-01-14,Completed,0.0,137.2,Success
51584,2324.0,1,2024-04-19,Processing,99.0,82.03,Success
51585,2065.0,1,2026-02-28,Processing,0.0,788.1,Success
51586,2823.0,18,2022-02-05,Completed,0.0,0.0,Success
51587,2584.0,9,2024-06-03,Completed,0.0,0.0,Success
51588,1235.0,2,2026-01-31,Completed,0.0,226.33,Success
51589,2884.0,2,2025-08-21,Completed,0.0,0.0,Success
51590,2884.0,3,2022-04-24,Processing,0.0,12.65,Success
51591,1573.0,1,2026-05-16,Completed,0.0,1378.88,Success
51592,1912.0,14,2025-01-26,Cancelled,0.0,323.47,Cancelled
51593,2521.0,1,2022-06-12,Returned,99.0,219.37,Refunded
51594,2442.0,4,2024-10-27,Completed,0.0,0.0,Success
51595,2677.0,12,2022-02-09,Completed,0.0,0.0,Success
51596,2424.0,1,2024-10-10,Completed,0.0,276.94,Success
51597,1939.0,14,2022-04-19,Returned,0.0,0.0,Refunded
51598,1628.0,1,2024-12-05,Completed,0.0,158.53,Success
51599,1245.0,4,2022-01-03,Completed,0.0,0.0,Success
51600,2974.0,10,2024-02-14,Completed,0.0,219.37,Success
51601,2194.0,7,2022-09-10,Processing,0.0,2344.15,Success
51602,2182.0,9,2025-06-17,Completed,0.0,0.0,Success
51603,1966.0,1,2024-11-19,Shipped,0.0,0.0,Success
51604,2694.0,1,2023-08-07,Completed,99.0,25.41,Success
51605,1928.0,12,2025-08-20,Cancelled,0.0,0.0,Cancelled
51606,2895.0,1,2025-10-17,Completed,0.0,0.0,Success
51607,2562.0,18,2023-04-16,Shipped,0.0,1127.54,Success
51608,2279.0,14,2024-08-27,Completed,0.0,712.9,Success
51609,2219.0,17,2024-07-13,Shipped,0.0,0.0,Success
51610,2261.0,14,2023-06-13,Completed,0.0,0.0,Success
51611,2473.0,1,2023-08-21,Completed,0.0,5751.85,Success
51612,2175.0,14,2025-11-07,Completed,0.0,1650.86,Success
51613,2086.0,1,2024-10-13,Shipped,0.0,0.0,Success
51614,1072.0,6,2023-03-10,Returned,0.0,0.0,Refunded
51615,1895.0,1,2023-06-14,Completed,99.0,63.25,Success
51616,2846.0,1,2025-11-17,Returned,0.0,3074.11,Refunded
51617,1732.0,15,2024-04-23,Completed,0.0,239.65,Success
51618,2798.0,13,2022-11-16,Completed,0.0,515.13,Success
51619,1336.0,15,2024-11-24,Processing,0.0,1739.02,Success
51620,2196.0,1,2024-07-22,Returned,0.0,76.23,Refunded
51621,1538.0,4,2024-07-27,Completed,0.0,0.0,Success
51622,2705.0,17,2024-05-17,Completed,0.0,0.0,Success
51623,1483.0,1,2022-08-25,Cancelled,0.0,10675.85,Cancelled
51624,1772.0,17,2024-11-22,Completed,0.0,0.0,Success
51625,2238.0,1,2026-01-12,Shipped,0.0,0.0,Success
51626,2136.0,15,2022-10-06,Shipped,0.0,1337.08,Success
51627,,1,2023-10-10,Returned,0.0,0.0,Refunded
51628,1614.0,1,2022-04-19,Completed,0.0,2731.97,Success
51629,2861.0,6,2025-01-04,Completed,0.0,1431.96,Success
51630,2282.0,1,2025-01-18,Completed,0.0,0.0,Success
51631,1810.0,3,2023-10-16,Completed,0.0,0.0,Success
51632,1887.0,1,2023-08-31,Completed,0.0,3327.72,Success
51633,2951.0,9,2024-03-09,Completed,0.0,18.21,Success
51634,1920.0,17,2023-11-04,Completed,0.0,0.0,Success
51635,2138.0,17,2024-07-31,Completed,0.0,1333.35,Success
51636,1894.0,20,2022-09-17,Shipped,0.0,1794.63,Success
51637,1307.0,1,2024-09-16,Completed,0.0,0.0,Success
51638,1833.0,1,2025-01-04,Completed,0.0,7575.46,Success
51639,1755.0,5,2023-12-02,Processing,0.0,2394.11,Success
51640,2320.0,12,2022-03-16,Completed,0.0,383.8,Success
51641,1125.0,19,2026-05-09,Completed,0.0,179.42,Success
51642,2453.0,1,2023-06-06,Completed,0.0,105.94,Success
51643,1457.0,20,2026-06-18,Completed,0.0,1179.99,Success
51644,2781.0,10,2023-04-22,Completed,0.0,3884.79,Success
51645,1468.0,1,2025-12-28,Completed,0.0,792.38,Success
51646,1332.0,1,2025-06-13,Completed,0.0,0.0,Success
51647,1845.0,1,2025-02-10,Completed,0.0,329.11,Success
51648,2957.0,1,2024-11-13,Completed,0.0,830.48,Success
51649,2115.0,1,2023-12-30,Completed,0.0,0.0,Success
51650,2677.0,1,2024-07-25,Completed,0.0,27.95,Success
51651,1781.0,2,2024-06-02,Completed,0.0,0.0,Success
51652,2164.0,1,2025-03-13,Completed,99.0,43.26,Success
51653,1793.0,1,2025-12-25,Completed,0.0,434.3,Success
51654,1153.0,8,2025-07-02,Completed,0.0,1628.32,Success
51655,2657.0,19,2024-07-17,Processing,0.0,206.55,Success
51656,1605.0,12,2023-10-17,Completed,0.0,807.68,Success
51657,1615.0,19,2023-01-22,Processing,0.0,58.66,Success
51658,1583.0,17,2023-08-09,Completed,0.0,1810.61,Success
51659,1514.0,1,2026-06-21,Shipped,0.0,4443.73,Success
51660,2871.0,1,2022-10-07,Shipped,0.0,0.0,Success
51661,2639.0,1,2026-02-03,Returned,0.0,0.0,Refunded
51662,2231.0,14,2025-06-30,Completed,0.0,0.0,Success
51663,1490.0,1,2022-09-21,Completed,0.0,881.7,Success
51664,1418.0,6,2023-04-04,Completed,0.0,0.0,Success
51665,1104.0,8,2025-08-13,Completed,0.0,0.0,Success
51666,1386.0,1,2025-03-18,Completed,99.0,42.47,Success
51667,2673.0,12,2022-07-12,Completed,0.0,857.26,Success
51668,1616.0,20,2025-12-28,Processing,0.0,244.69,Success
51669,2564.0,17,2023-05-25,Completed,0.0,0.0,Success
51670,1930.0,1,2025-12-11,Completed,0.0,607.58,Success
51671,2711.0,1,2024-10-15,Returned,0.0,8223.9,Refunded
51672,2821.0,11,2024-06-19,Returned,0.0,616.96,Refunded
51673,2466.0,1,2026-04-18,Completed,0.0,648.85,Success
51674,2015.0,17,2022-05-15,Completed,0.0,0.0,Success
51675,2730.0,1,2026-03-22,Completed,0.0,0.0,Success
51676,2229.0,13,2025-03-29,Completed,0.0,167.68,Success
51677,1766.0,7,2023-11-23,Shipped,0.0,934.43,Success
51678,2601.0,1,2023-03-16,Cancelled,0.0,0.0,Cancelled
51679,2301.0,1,2023-05-08,Completed,99.0,0.0,Success
51680,1847.0,4,2026-06-26,Completed,0.0,0.0,Success
51681,2006.0,14,2022-09-24,Completed,0.0,233.65,Success
51682,1985.0,3,2022-09-07,Completed,0.0,75.47,Success
51683,1366.0,7,2025-12-18,Completed,0.0,0.0,Success
51684,1243.0,1,2024-03-02,Cancelled,0.0,0.0,Cancelled
51685,1360.0,13,2024-10-22,Returned,0.0,988.36,Refunded
51686,1926.0,1,2023-07-01,Shipped,0.0,0.0,Success
51687,2161.0,2,2024-04-20,Shipped,0.0,577.92,Success
51688,2957.0,3,2022-10-09,Completed,0.0,121.31,Success
51689,2787.0,15,2024-03-10,Shipped,0.0,3434.97,Success
51690,2716.0,11,2024-07-12,Completed,0.0,727.78,Success
51691,1388.0,3,2025-11-20,Shipped,0.0,64.03,Success
51692,1032.0,11,2022-12-20,Shipped,0.0,0.0,Success
51693,2540.0,12,2025-11-25,Completed,0.0,0.0,Success
51694,2981.0,1,2024-04-29,Returned,0.0,269.91,Refunded
51695,1654.0,8,2023-04-25,Completed,0.0,0.0,Success
51696,1571.0,18,2024-11-19,Completed,0.0,142.67,Success
51697,2459.0,9,2025-07-27,Completed,0.0,0.0,Success
51698,2594.0,19,2025-03-05,Completed,0.0,60.18,Success
51699,2822.0,15,2023-10-04,Shipped,0.0,4696.89,Success
51700,1256.0,11,2022-04-09,Cancelled,0.0,27.95,Cancelled
51701,2061.0,8,2026-02-01,Shipped,0.0,830.02,Success
51702,2823.0,7,2025-05-02,Completed,0.0,495.44,Success
51703,2034.0,1,2026-04-02,Completed,0.0,910.71,Success
51704,2966.0,13,2026-04-26,Completed,0.0,578.11,Success
51705,2818.0,1,2022-10-29,Completed,0.0,1399.35,Success
51706,2137.0,15,2025-02-01,Returned,0.0,0.0,Refunded
51707,2865.0,12,2023-02-21,Completed,0.0,0.0,Success
51708,1630.0,3,2025-10-01,Completed,0.0,7993.57,Success
51709,2462.0,12,2024-06-09,Shipped,0.0,118.92,Success
51710,2424.0,11,2024-10-04,Shipped,0.0,2731.97,Success
51711,1551.0,15,2024-03-19,Completed,0.0,1561.85,Success
51712,2225.0,6,2024-10-25,Completed,0.0,1975.7,Success
51713,1444.0,1,2026-03-03,Completed,0.0,2022.08,Success
51714,2558.0,1,2024-02-20,Completed,0.0,1918.42,Success
51715,1819.0,13,2024-01-24,Completed,0.0,548.56,Success
51716,1051.0,1,2026-06-24,Completed,0.0,0.0,Success
51717,2933.0,2,2024-03-30,Completed,0.0,829.24,Success
51718,1470.0,12,2026-04-20,Shipped,0.0,0.0,Success
51719,2522.0,4,2023-07-02,Completed,0.0,1781.38,Success
51720,2661.0,6,2024-12-28,Completed,0.0,217.62,Success
51721,2889.0,1,2024-08-09,Completed,0.0,138.34,Success
51722,,11,2022-08-21,Completed,0.0,1393.74,Success
51723,1791.0,1,2025-12-16,Completed,0.0,0.0,Success
51724,2622.0,1,2025-06-25,Completed,0.0,709.63,Success
51725,1923.0,1,2025-05-18,Completed,0.0,0.0,Success
51726,1453.0,9,2025-06-10,Cancelled,0.0,725.13,Cancelled
51727,1488.0,1,2025-05-01,Completed,0.0,111.75,Success
51728,2074.0,3,2025-10-06,Shipped,0.0,0.0,Success
51729,1192.0,17,2025-03-09,Completed,0.0,186.23,Success
51730,2081.0,1,2023-09-28,Completed,99.0,0.0,Success
51731,1821.0,1,2025-10-18,Completed,0.0,270.64,Success
51732,2878.0,9,2022-01-15,Completed,0.0,0.0,Success
51733,1120.0,6,2023-03-21,Completed,0.0,0.0,Success
51734,1779.0,11,2023-03-30,Completed,0.0,256.64,Success
51735,1069.0,9,2023-09-12,Completed,0.0,0.0,Success
51736,1847.0,1,2026-03-28,Completed,0.0,122.42,Success
51737,2672.0,9,2022-02-17,Completed,0.0,811.92,Success
51738,2356.0,2,2025-02-19,Completed,0.0,1456.69,Success
51739,2969.0,8,2023-09-07,Completed,0.0,10693.2,Success
51740,2574.0,7,2022-04-27,Shipped,0.0,0.0,Success
51741,2111.0,15,2023-09-13,Shipped,0.0,0.0,Success
51742,1561.0,1,2023-06-25,Completed,0.0,0.0,Success
51743,1307.0,1,2024-11-13,Processing,0.0,336.3,Success
51744,2587.0,17,2024-01-04,Completed,0.0,0.0,Success
51745,1729.0,3,2023-04-27,Completed,0.0,0.0,Success
51746,2274.0,1,2024-05-24,Completed,0.0,0.0,Success
51747,1942.0,4,2025-04-08,Completed,0.0,0.0,Success
51748,2177.0,15,2024-04-09,Completed,0.0,129.8,Success
51749,1822.0,1,2023-04-03,Completed,0.0,0.0,Success
51750,2609.0,16,2023-01-31,Shipped,0.0,1419.27,Success
51751,1954.0,1,2025-01-14,Completed,0.0,7121.16,Success
51752,1605.0,9,2026-04-28,Completed,0.0,1467.33,Success
51753,1730.0,1,2025-03-24,Completed,0.0,73.12,Success
51754,1638.0,9,2022-10-30,Completed,0.0,413.11,Success
51755,2466.0,19,2024-01-19,Completed,0.0,0.0,Success
51756,2930.0,16,2023-06-28,Completed,0.0,1336.65,Success
51757,1744.0,7,2023-12-16,Completed,0.0,309.19,Success
51758,1849.0,14,2026-02-25,Completed,0.0,97.02,Success
51759,1759.0,19,2024-05-29,Completed,0.0,0.0,Success
51760,1249.0,11,2022-09-27,Processing,0.0,4544.52,Success
51761,2015.0,8,2022-10-05,Completed,0.0,609.18,Success
51762,1042.0,17,2025-12-12,Completed,0.0,0.0,Success
51763,1064.0,1,2022-07-02,Completed,0.0,0.0,Success
51764,1523.0,13,2024-04-13,Processing,0.0,108.26,Success
51765,2793.0,2,2024-04-07,Completed,0.0,356.45,Success
51766,1886.0,9,2023-03-28,Completed,0.0,489.7,Success
51767,1294.0,11,2025-09-09,Completed,0.0,1703.14,Success
51768,1590.0,5,2026-03-22,Completed,0.0,0.0,Success
51769,1285.0,7,2025-07-14,Completed,0.0,0.0,Success
51770,2193.0,18,2022-10-03,Returned,0.0,399.02,Refunded
51771,2655.0,19,2025-01-28,Completed,0.0,0.0,Success
51772,2006.0,15,2023-08-28,Completed,0.0,0.0,Success
51773,1178.0,12,2022-10-30,Completed,0.0,0.0,Success
51774,2703.0,1,2024-12-03,Completed,0.0,0.0,Success
51775,2500.0,17,2023-11-08,Completed,0.0,0.0,Success
51776,1675.0,9,2025-07-01,Completed,0.0,2759.65,Success
51777,2799.0,8,2023-06-13,Processing,0.0,0.0,Success
51778,2636.0,1,2022-03-05,Shipped,0.0,80.08,Success
51779,2794.0,16,2025-04-26,Shipped,0.0,0.0,Success
51780,2906.0,7,2023-04-13,Completed,0.0,325.66,Success
51781,2029.0,1,2022-02-01,Returned,0.0,3869.33,Refunded
51782,1445.0,11,2024-01-11,Completed,0.0,1144.99,Success
51783,1437.0,14,2023-09-08,Completed,0.0,1367.75,Success
51784,2551.0,1,2022-02-21,Completed,0.0,0.0,Success
51785,2119.0,20,2023-09-05,Completed,0.0,654.87,Success
51786,2401.0,16,2023-03-17,Shipped,0.0,0.0,Success
51787,1812.0,1,2025-09-06,Completed,0.0,4068.93,Success
51788,2956.0,1,2022-01-08,Completed,99.0,107.0,Success
51789,2211.0,14,2025-05-08,Completed,0.0,68.16,Success
51790,2219.0,15,2024-09-07,Completed,0.0,418.26,Success
51791,2190.0,19,2022-12-04,Completed,0.0,57.24,Success
51792,1747.0,13,2025-01-16,Shipped,0.0,308.76,Success
51793,1751.0,8,2022-11-11,Completed,0.0,125.94,Success
51794,2006.0,18,2025-04-09,Processing,0.0,326.64,Success
51795,1640.0,13,2026-02-20,Processing,0.0,0.0,Success
51796,1037.0,1,2024-02-28,Completed,0.0,10744.34,Success
51797,2901.0,1,2024-10-28,Completed,0.0,80.58,Success
51798,2201.0,20,2024-06-01,Completed,0.0,169.89,Success
51799,1194.0,1,2023-06-01,Completed,0.0,829.35,Success
51800,2152.0,1,2024-12-02,Completed,0.0,263.11,Success
51801,1771.0,1,2024-12-19,Completed,0.0,0.0,Success
51802,1763.0,8,2023-06-13,Completed,0.0,159.93,Success
51803,2412.0,3,2025-03-26,Completed,0.0,0.0,Success
51804,2164.0,1,2026-06-03,Completed,99.0,0.0,Success
51805,2198.0,1,2026-05-06,Shipped,0.0,1833.37,Success
51806,2245.0,9,2025-10-23,Shipped,0.0,228.96,Success
51807,1376.0,13,2024-04-25,Returned,0.0,0.0,Refunded
51808,1027.0,1,2026-01-27,Completed,0.0,5314.86,Success
51809,1943.0,12,2022-02-07,Completed,0.0,976.33,Success
51810,1931.0,9,2025-03-18,Completed,0.0,0.0,Success
51811,1397.0,5,2024-06-04,Completed,0.0,341.08,Success
51812,1744.0,9,2024-08-18,Completed,0.0,124.56,Success
51813,2267.0,1,2024-08-13,Completed,0.0,11017.97,Success
51814,2980.0,8,2024-11-06,Completed,0.0,0.0,Success
51815,1972.0,1,2023-12-12,Completed,0.0,2039.25,Success
51816,2656.0,17,2023-06-25,Shipped,0.0,3859.31,Success
51817,1715.0,2,2025-07-10,Shipped,0.0,3406.29,Success
51818,2469.0,10,2023-06-03,Completed,0.0,567.71,Success
51819,2485.0,1,2026-03-12,Completed,0.0,0.0,Success
51820,1904.0,15,2023-12-17,Completed,0.0,40.29,Success
51821,2478.0,9,2023-05-23,Completed,0.0,207.5,Success
51822,1454.0,5,2022-04-24,Returned,0.0,1070.63,Refunded
51823,2643.0,13,2022-10-17,Completed,0.0,0.0,Success
51824,1576.0,10,2023-06-30,Completed,0.0,515.55,Success
51825,2676.0,15,2022-04-20,Processing,0.0,0.0,Success
51826,2397.0,17,2023-11-03,Completed,0.0,725.13,Success
51827,2299.0,5,2024-11-27,Completed,0.0,0.0,Success
51828,1659.0,4,2025-09-04,Completed,0.0,196.52,Success
51829,2552.0,14,2025-11-06,Completed,0.0,0.0,Success
51830,1685.0,4,2024-08-21,Completed,0.0,0.0,Success
51831,1374.0,1,2026-01-12,Completed,0.0,0.0,Success
51832,1520.0,2,2025-08-13,Completed,0.0,2899.66,Success
51833,2644.0,13,2025-08-06,Completed,0.0,3445.82,Success
51834,1551.0,6,2023-02-06,Shipped,0.0,0.0,Success
51835,2905.0,17,2025-09-13,Completed,0.0,153.95,Success
51836,2776.0,4,2024-11-02,Completed,0.0,1125.81,Success
51837,2279.0,6,2023-07-01,Cancelled,0.0,8346.24,Cancelled
51838,1111.0,1,2024-01-11,Completed,0.0,3192.15,Success
51839,1543.0,20,2023-05-17,Completed,0.0,217.76,Success
51840,2894.0,1,2022-08-29,Completed,0.0,1734.41,Success
51841,2083.0,17,2026-05-21,Completed,0.0,5681.59,Success
51842,2550.0,15,2025-05-13,Completed,0.0,0.0,Success
51843,2307.0,11,2023-04-30,Completed,0.0,0.0,Success
51844,2567.0,6,2022-10-10,Completed,0.0,580.28,Success
51845,1704.0,1,2024-01-13,Completed,0.0,12241.03,Success
51846,1163.0,1,2023-11-25,Completed,99.0,0.0,Success
51847,2702.0,9,2023-09-14,Completed,0.0,9519.38,Success
51848,1577.0,8,2022-08-24,Processing,0.0,0.0,Success
51849,2743.0,3,2024-01-10,Completed,0.0,0.0,Success
51850,2759.0,1,2026-03-30,Shipped,0.0,0.0,Success
51851,2010.0,1,2025-03-22,Processing,0.0,0.0,Success
51852,1591.0,13,2023-05-24,Completed,0.0,0.0,Success
51853,1678.0,17,2025-05-13,Returned,0.0,1276.06,Refunded
51854,1874.0,1,2025-10-20,Completed,0.0,0.0,Success
51855,2279.0,13,2022-02-12,Completed,0.0,614.32,Success
51856,2392.0,5,2024-01-09,Completed,0.0,1144.99,Success
51857,1414.0,1,2024-10-13,Cancelled,0.0,1113.79,Cancelled
51858,2819.0,16,2024-06-10,Shipped,0.0,1901.79,Success
51859,2554.0,1,2026-03-04,Completed,0.0,0.0,Success
51860,1971.0,1,2023-11-07,Completed,0.0,0.0,Success
51861,2817.0,1,2025-06-15,Completed,0.0,0.0,Success
51862,2958.0,19,2024-11-26,Returned,0.0,0.0,Refunded
51863,1222.0,2,2023-02-24,Completed,0.0,334.04,Success
51864,2389.0,13,2025-12-20,Completed,0.0,18.62,Success
51865,2148.0,10,2024-11-28,Completed,0.0,5515.5,Success
51866,1204.0,13,2024-04-24,Shipped,0.0,0.0,Success
51867,1017.0,7,2023-09-05,Completed,0.0,469.15,Success
51868,1985.0,1,2026-01-30,Shipped,0.0,709.63,Success
51869,2402.0,14,2026-04-09,Completed,0.0,417.59,Success
51870,2249.0,8,2023-09-30,Completed,0.0,1827.17,Success
51871,2249.0,1,2026-06-13,Completed,0.0,0.0,Success
51872,2260.0,1,2022-11-09,Completed,0.0,1200.51,Success
51873,2964.0,18,2025-09-16,Returned,0.0,109.86,Refunded
51874,2582.0,10,2025-08-15,Completed,0.0,2185.04,Success
51875,1426.0,1,2025-12-18,Completed,99.0,0.0,Success
51876,2008.0,18,2025-12-18,Processing,0.0,0.0,Success
51877,2406.0,15,2023-10-29,Completed,0.0,1719.71,Success
51878,2641.0,5,2024-02-29,Completed,0.0,535.32,Success
51879,1811.0,10,2024-09-07,Completed,0.0,0.0,Success
51880,1460.0,1,2022-03-16,Completed,0.0,546.69,Success
51881,1087.0,1,2022-11-06,Completed,0.0,285.75,Success
51882,1170.0,10,2022-07-09,Completed,0.0,60.97,Success
51883,1102.0,7,2025-07-05,Completed,0.0,287.87,Success
51884,2903.0,5,2024-05-16,Completed,0.0,2001.65,Success
51885,1260.0,9,2024-12-18,Completed,0.0,1356.31,Success
51886,2226.0,1,2022-09-29,Completed,0.0,0.0,Success
51887,1397.0,1,2022-01-13,Completed,0.0,0.0,Success
51888,2220.0,13,2022-10-14,Completed,0.0,125.94,Success
51889,2980.0,16,2022-03-31,Completed,0.0,0.0,Success
51890,1848.0,4,2023-12-21,Completed,0.0,0.0,Success
51891,1696.0,6,2024-05-07,Shipped,0.0,0.0,Success
51892,2832.0,1,2023-05-11,Completed,0.0,4658.21,Success
51893,1895.0,7,2022-03-27,Completed,0.0,181.76,Success
51894,2430.0,7,2024-02-24,Completed,0.0,0.0,Success
51895,2426.0,18,2022-02-04,Completed,0.0,0.0,Success
51896,2784.0,17,2023-11-09,Completed,0.0,0.0,Success
51897,2082.0,1,2022-10-30,Completed,0.0,0.0,Success
51898,2903.0,11,2026-02-22,Completed,0.0,4956.14,Success
51899,1133.0,1,2023-09-17,Completed,0.0,499.31,Success
51900,1802.0,14,2026-01-21,Completed,0.0,3076.45,Success
51901,1924.0,18,2022-03-09,Completed,0.0,90.88,Success
51902,1126.0,1,2023-01-12,Completed,0.0,237.17,Success
51903,2158.0,13,2022-07-09,Completed,0.0,0.0,Success
51904,2983.0,11,2025-02-26,Completed,0.0,661.71,Success
51905,2333.0,1,2025-04-20,Completed,0.0,117.42,Success
51906,2901.0,20,2023-12-28,Processing,0.0,6964.89,Success
51907,1302.0,10,2026-01-17,Completed,0.0,840.78,Success
51908,1785.0,14,2022-05-13,Completed,0.0,0.0,Success
51909,2924.0,14,2024-06-11,Processing,0.0,2772.37,Success
51910,2787.0,1,2022-10-06,Completed,99.0,0.0,Success
51911,2414.0,7,2024-08-10,Processing,0.0,0.0,Success
51912,1875.0,10,2026-05-02,Shipped,0.0,438.96,Success
51913,1076.0,2,2022-09-04,Returned,0.0,401.12,Refunded
51914,2513.0,11,2026-06-21,Completed,0.0,0.0,Success
51915,2660.0,12,2024-05-02,Completed,0.0,0.0,Success
51916,2489.0,6,2024-11-09,Completed,0.0,0.0,Success
51917,1410.0,1,2024-02-18,Processing,99.0,0.0,Success
51918,2183.0,1,2024-05-10,Returned,0.0,0.0,Refunded
51919,2141.0,1,2023-10-20,Completed,0.0,0.0,Success
51920,1110.0,1,2025-10-15,Completed,0.0,0.0,Success
51921,2361.0,8,2023-08-18,Shipped,0.0,0.0,Success
51922,2186.0,1,2024-06-21,Completed,0.0,299.92,Success
51923,2714.0,13,2025-08-20,Completed,0.0,0.0,Success
51924,2731.0,8,2024-07-28,Completed,0.0,0.0,Success
51925,1423.0,1,2024-10-26,Cancelled,0.0,0.0,Cancelled
51926,2268.0,1,2022-03-12,Shipped,0.0,0.0,Success
51927,2807.0,9,2023-02-08,Completed,0.0,345.48,Success
51928,2652.0,6,2023-10-08,Completed,0.0,158.73,Success
51929,1559.0,1,2022-08-06,Completed,0.0,0.0,Success
51930,1715.0,1,2025-04-12,Completed,0.0,8026.36,Success
51931,1503.0,2,2023-10-20,Completed,0.0,0.0,Success
51932,2468.0,6,2023-01-22,Completed,0.0,285.34,Success
51933,2724.0,19,2025-11-08,Completed,0.0,0.0,Success
51934,2868.0,1,2022-09-10,Processing,99.0,71.77,Success
51935,1296.0,11,2025-03-12,Completed,0.0,0.0,Success
51936,1566.0,3,2022-05-08,Cancelled,0.0,11029.78,Cancelled
51937,1106.0,4,2026-05-04,Completed,0.0,0.0,Success
51938,2516.0,1,2022-12-16,Completed,0.0,383.8,Success
51939,2361.0,16,2024-12-18,Shipped,0.0,1419.72,Success
51940,2854.0,4,2026-04-04,Processing,0.0,622.94,Success
51941,1364.0,13,2023-09-15,Completed,0.0,330.33,Success
51942,1580.0,1,2025-04-08,Cancelled,0.0,0.0,Cancelled
51943,2421.0,12,2025-03-28,Completed,0.0,237.17,Success
51944,1222.0,4,2022-03-29,Completed,0.0,0.0,Success
51945,1826.0,2,2023-09-01,Completed,0.0,498.67,Success
51946,2369.0,1,2025-05-27,Returned,0.0,6609.74,Refunded
51947,1645.0,17,2023-03-22,Completed,0.0,533.0,Success
51948,1375.0,7,2026-01-04,Returned,0.0,445.61,Refunded
51949,1324.0,1,2022-10-13,Completed,0.0,623.29,Success
51950,2913.0,11,2025-04-23,Shipped,0.0,4641.31,Success
51951,2990.0,7,2024-10-19,Completed,0.0,0.0,Success
51952,2410.0,1,2023-05-09,Processing,0.0,90.27,Success
51953,1297.0,1,2024-08-04,Shipped,0.0,0.0,Success
51954,2526.0,15,2024-12-25,Completed,0.0,151.14,Success
51955,2454.0,12,2025-04-04,Completed,0.0,2444.85,Success
51956,2860.0,2,2023-01-28,Returned,0.0,1872.14,Refunded
51957,1370.0,10,2023-04-21,Completed,0.0,0.0,Success
51958,2449.0,5,2022-04-27,Completed,0.0,1683.76,Success
51959,2254.0,14,2024-03-29,Completed,0.0,98.51,Success
51960,2575.0,1,2025-01-24,Cancelled,0.0,3237.74,Cancelled
51961,1207.0,1,2023-01-22,Shipped,0.0,64.72,Success
51962,2532.0,12,2022-07-23,Completed,0.0,18.21,Success
51963,1824.0,13,2026-02-12,Completed,0.0,0.0,Success
51964,2659.0,5,2022-03-22,Returned,0.0,1738.82,Refunded
51965,2057.0,1,2022-05-10,Processing,0.0,1614.03,Success
51966,2850.0,1,2026-03-15,Completed,0.0,46.18,Success
51967,1216.0,18,2024-12-31,Completed,0.0,0.0,Success
51968,2989.0,8,2023-06-16,Completed,0.0,0.0,Success
51969,1039.0,1,2024-05-05,Completed,0.0,0.0,Success
51970,1870.0,10,2024-08-21,Completed,0.0,0.0,Success
51971,2362.0,1,2022-02-12,Completed,0.0,0.0,Success
51972,1136.0,17,2022-02-12,Completed,0.0,0.0,Success
51973,1481.0,1,2023-11-15,Returned,0.0,455.35,Refunded
51974,2395.0,1,2023-04-21,Completed,0.0,0.0,Success
51975,2600.0,1,2024-12-06,Shipped,0.0,2083.49,Success
51976,1976.0,13,2024-01-30,Processing,0.0,0.0,Success
51977,2100.0,1,2025-03-21,Completed,0.0,0.0,Success
51978,1564.0,2,2025-04-17,Completed,0.0,0.0,Success
51979,2509.0,14,2026-01-23,Completed,0.0,0.0,Success
51980,1825.0,14,2026-01-30,Completed,0.0,0.0,Success
51981,1679.0,9,2025-03-10,Completed,0.0,1814.48,Success
51982,1644.0,16,2024-07-23,Completed,0.0,3760.54,Success
51983,2555.0,19,2024-11-23,Shipped,0.0,7759.87,Success
51984,2796.0,1,2026-01-05,Processing,0.0,0.0,Success
51985,2597.0,1,2025-09-26,Completed,99.0,72.85,Success
51986,1356.0,1,2022-08-05,Completed,0.0,0.0,Success
51987,2931.0,17,2025-11-22,Returned,0.0,0.0,Refunded
51988,2577.0,1,2024-10-16,Completed,99.0,0.0,Success
51989,2029.0,5,2026-05-14,Completed,0.0,0.0,Success
51990,1602.0,1,2026-03-26,Completed,0.0,106.68,Success
51991,2257.0,17,2025-09-08,Processing,0.0,0.0,Success
51992,1951.0,4,2025-05-03,Processing,0.0,48.23,Success
51993,2081.0,1,2025-10-24,Completed,0.0,0.0,Success
51994,1172.0,15,2024-01-02,Completed,0.0,88.65,Success
51995,2555.0,5,2023-02-10,Shipped,0.0,0.0,Success
51996,2627.0,20,2025-11-11,Completed,0.0,499.31,Success
51997,1253.0,1,2023-11-21,Completed,0.0,0.0,Success
51998,2331.0,8,2022-04-19,Shipped,0.0,1654.53,Success
51999,1336.0,10,2024-05-18,Shipped,0.0,0.0,Success
52000,1544.0,11,2023-10-10,Shipped,0.0,536.55,Success
52001,2273.0,8,2025-06-05,Completed,0.0,1208.92,Success
52002,2990.0,1,2024-12-21,Completed,0.0,2137.47,Success
52003,2982.0,1,2026-06-25,Completed,99.0,0.0,Success
52004,1115.0,12,2025-10-03,Shipped,0.0,0.0,Success
52005,2019.0,12,2024-11-07,Completed,0.0,1772.9,Success
52006,1575.0,12,2024-08-27,Completed,0.0,0.0,Success
52007,2627.0,8,2022-03-11,Completed,0.0,0.0,Success
52008,2790.0,6,2022-10-05,Completed,0.0,0.0,Success
52009,2815.0,15,2025-02-25,Completed,0.0,3646.51,Success
52010,1959.0,1,2024-01-09,Completed,0.0,1578.31,Success
52011,2369.0,19,2026-06-15,Completed,0.0,0.0,Success
52012,1270.0,2,2025-08-22,Processing,0.0,110.11,Success
52013,1942.0,8,2024-01-03,Completed,0.0,978.35,Success
52014,2039.0,17,2022-12-21,Completed,0.0,550.75,Success
52015,2768.0,11,2022-10-22,Completed,0.0,0.0,Success
52016,2848.0,1,2023-03-13,Completed,0.0,0.0,Success
52017,,1,2022-03-04,Shipped,0.0,572.3,Success
52018,1751.0,1,2022-12-01,Completed,0.0,1699.5,Success
52019,2921.0,1,2022-09-26,Completed,0.0,0.0,Success
52020,2939.0,19,2026-01-10,Cancelled,0.0,111.75,Cancelled
52021,1543.0,1,2026-03-21,Completed,0.0,1293.86,Success
52022,2577.0,13,2023-01-19,Completed,0.0,2668.06,Success
52023,2959.0,17,2025-09-26,Shipped,0.0,0.0,Success
52024,1106.0,5,2023-03-06,Processing,0.0,0.0,Success
52025,2821.0,19,2022-06-25,Shipped,0.0,0.0,Success
52026,2834.0,12,2024-12-12,Completed,0.0,0.0,Success
52027,1175.0,17,2026-03-23,Completed,0.0,0.0,Success
52028,1078.0,1,2023-03-06,Completed,0.0,11282.08,Success
52029,1739.0,4,2025-06-25,Completed,0.0,0.0,Success
52030,2627.0,4,2022-01-07,Processing,0.0,0.0,Success
52031,1250.0,19,2022-02-19,Completed,0.0,0.0,Success
52032,2109.0,1,2022-01-11,Completed,0.0,0.0,Success
52033,1845.0,9,2025-10-18,Completed,0.0,0.0,Success
52034,1256.0,1,2025-11-13,Completed,99.0,0.0,Success
52035,2871.0,1,2025-11-11,Completed,0.0,0.0,Success
52036,2903.0,1,2023-02-17,Processing,0.0,571.01,Success
52037,2712.0,19,2024-12-27,Completed,0.0,0.0,Success
52038,2662.0,19,2024-07-26,Completed,0.0,130.44,Success
52039,1545.0,2,2025-10-04,Completed,0.0,1173.88,Success
52040,2844.0,12,2025-04-22,Completed,0.0,3411.64,Success
52041,2952.0,1,2023-12-03,Shipped,0.0,0.0,Success
52042,1317.0,16,2022-01-10,Completed,0.0,0.0,Success
52043,1041.0,1,2025-01-10,Shipped,0.0,3297.41,Success
52044,2682.0,18,2023-05-19,Processing,0.0,0.0,Success
52045,2918.0,7,2025-06-16,Processing,0.0,0.0,Success
52046,2022.0,1,2024-02-12,Completed,0.0,0.0,Success
52047,1569.0,13,2022-06-12,Shipped,0.0,334.04,Success
52048,2032.0,18,2024-07-27,Completed,0.0,11929.09,Success
52049,2073.0,1,2026-04-07,Completed,0.0,0.0,Success
52050,1479.0,10,2023-05-29,Completed,0.0,1309.74,Success
52051,2297.0,1,2023-02-24,Shipped,0.0,660.65,Success
52052,1945.0,12,2022-09-09,Completed,0.0,496.03,Success
52053,2332.0,12,2024-03-10,Completed,0.0,0.0,Success
52054,1203.0,3,2026-02-21,Completed,0.0,1467.33,Success
52055,2540.0,15,2024-02-02,Shipped,0.0,0.0,Success
52056,2025.0,11,2023-12-02,Processing,0.0,385.14,Success
52057,2006.0,2,2023-08-12,Completed,0.0,0.0,Success
52058,2517.0,1,2022-12-08,Completed,0.0,0.0,Success
52059,2219.0,15,2024-08-15,Shipped,0.0,139.47,Success
52060,1779.0,15,2022-10-14,Completed,0.0,0.0,Success
52061,2161.0,15,2023-05-05,Completed,0.0,0.0,Success
52062,2370.0,1,2023-12-26,Completed,0.0,0.0,Success
52063,1214.0,1,2023-07-21,Completed,0.0,477.41,Success
52064,2802.0,7,2025-08-24,Completed,0.0,2670.86,Success
52065,1507.0,10,2023-02-21,Shipped,0.0,1850.14,Success
52066,2094.0,18,2023-11-01,Cancelled,0.0,135.73,Cancelled
52067,2588.0,15,2026-02-14,Completed,0.0,0.0,Success
52068,2442.0,19,2025-04-27,Completed,0.0,345.48,Success
52069,2489.0,16,2022-04-10,Completed,0.0,5854.68,Success
52070,1019.0,1,2025-09-14,Completed,0.0,827.27,Success
52071,1155.0,8,2025-07-22,Completed,0.0,0.0,Success
52072,1855.0,11,2022-11-05,Completed,0.0,338.31,Success
52073,1435.0,20,2023-12-24,Completed,0.0,0.0,Success
52074,2380.0,7,2023-07-21,Completed,0.0,1394.35,Success
52075,2080.0,16,2022-05-15,Completed,0.0,0.0,Success
52076,1435.0,13,2023-05-21,Cancelled,0.0,0.0,Cancelled
52077,1177.0,1,2025-06-23,Completed,0.0,274.28,Success
52078,1495.0,19,2022-09-22,Shipped,0.0,0.0,Success
52079,1815.0,1,2022-09-18,Completed,99.0,0.0,Success
52080,1959.0,19,2023-01-04,Cancelled,0.0,477.91,Cancelled
52081,2782.0,1,2023-06-30,Completed,0.0,324.9,Success
52082,1512.0,8,2024-06-13,Completed,0.0,309.19,Success
52083,2812.0,16,2022-05-24,Processing,0.0,0.0,Success
52084,2228.0,1,2025-11-28,Shipped,0.0,585.97,Success
52085,2515.0,1,2025-10-11,Completed,0.0,1770.75,Success
52086,1182.0,1,2026-01-08,Completed,99.0,0.0,Success
52087,1515.0,1,2022-11-25,Shipped,0.0,2485.61,Success
52088,1116.0,5,2022-11-04,Completed,0.0,2081.18,Success
52089,2117.0,1,2024-09-14,Completed,0.0,0.0,Success
52090,1123.0,11,2023-03-10,Completed,0.0,0.0,Success
52091,1914.0,17,2023-08-04,Completed,0.0,491.54,Success
52092,1562.0,15,2025-07-30,Completed,0.0,0.0,Success
52093,2753.0,17,2023-08-07,Cancelled,0.0,1186.28,Cancelled
52094,1751.0,1,2026-02-02,Processing,0.0,0.0,Success
52095,2871.0,8,2023-11-02,Shipped,0.0,0.0,Success
52096,1374.0,8,2024-03-20,Shipped,0.0,0.0,Success
52097,1544.0,1,2024-09-09,Cancelled,0.0,0.0,Cancelled
52098,1439.0,1,2025-06-21,Processing,0.0,0.0,Success
52099,2146.0,1,2022-02-03,Completed,99.0,159.02,Success
52100,1313.0,1,2025-07-30,Completed,0.0,1316.88,Success
52101,1053.0,5,2024-06-04,Completed,0.0,1677.73,Success
52102,1603.0,13,2024-04-05,Completed,0.0,1245.87,Success
52103,1633.0,11,2023-03-31,Completed,0.0,0.0,Success
52104,1730.0,18,2022-02-03,Completed,0.0,60.73,Success
52105,1977.0,14,2024-02-12,Completed,0.0,4191.56,Success
52106,2107.0,15,2025-05-25,Shipped,0.0,0.0,Success
52107,2600.0,11,2023-05-09,Completed,0.0,0.0,Success
52108,2920.0,19,2025-05-12,Shipped,0.0,0.0,Success
52109,1346.0,6,2025-01-29,Completed,0.0,1658.48,Success
52110,2832.0,20,2022-02-08,Shipped,0.0,0.0,Success
52111,2367.0,1,2022-04-07,Processing,0.0,916.69,Success
52112,2986.0,14,2025-07-17,Returned,0.0,4606.93,Refunded
52113,1441.0,1,2026-04-15,Completed,0.0,0.0,Success
52114,1150.0,18,2023-05-12,Shipped,0.0,0.0,Success
52115,2134.0,1,2022-12-10,Completed,0.0,813.91,Success
52116,1072.0,16,2023-01-10,Completed,0.0,0.0,Success
52117,2412.0,1,2025-12-02,Completed,0.0,763.4,Success
52118,1771.0,17,2023-03-12,Processing,0.0,0.0,Success
52119,2606.0,17,2026-05-13,Completed,0.0,432.05,Success
52120,2268.0,1,2024-08-10,Returned,0.0,0.0,Refunded
52121,2982.0,1,2022-03-09,Processing,0.0,279.28,Success
52122,2764.0,17,2026-01-29,Completed,0.0,275.14,Success
52123,1768.0,16,2025-12-25,Completed,0.0,0.0,Success
52124,1718.0,1,2024-07-12,Completed,0.0,0.0,Success
52125,1895.0,5,2023-12-11,Shipped,0.0,0.0,Success
52126,1208.0,13,2022-06-20,Completed,0.0,0.0,Success
52127,2952.0,9,2023-01-03,Completed,0.0,0.0,Success
52128,1907.0,1,2022-02-02,Completed,99.0,0.0,Success
52129,2313.0,16,2023-08-03,Cancelled,0.0,0.0,Cancelled
52130,1661.0,15,2022-01-06,Completed,0.0,206.55,Success
52131,1514.0,4,2025-06-03,Completed,0.0,13854.98,Success
52132,2913.0,6,2023-10-22,Completed,0.0,0.0,Success
52133,1053.0,1,2025-11-13,Completed,99.0,0.0,Success
52134,2693.0,1,2022-02-26,Completed,0.0,0.0,Success
52135,1081.0,2,2023-01-02,Completed,0.0,0.0,Success
52136,1560.0,16,2024-08-30,Shipped,0.0,556.89,Success
52137,1893.0,18,2025-02-12,Completed,0.0,2436.23,Success
52138,1115.0,4,2025-09-14,Completed,0.0,0.0,Success
52139,2347.0,7,2025-03-28,Completed,0.0,0.0,Success
52140,2630.0,12,2024-08-09,Completed,0.0,110.11,Success
52141,2941.0,5,2026-06-24,Completed,0.0,58.01,Success
52142,1279.0,1,2023-01-24,Shipped,0.0,535.32,Success
52143,1549.0,7,2025-02-11,Completed,0.0,519.2,Success
52144,2245.0,17,2023-01-25,Completed,0.0,5021.85,Success
52145,2031.0,3,2024-05-17,Completed,0.0,0.0,Success
52146,2200.0,8,2023-10-16,Shipped,0.0,0.0,Success
52147,2502.0,7,2025-09-16,Completed,0.0,0.0,Success
52148,1481.0,16,2022-01-07,Cancelled,0.0,0.0,Cancelled
52149,1189.0,2,2025-11-13,Completed,0.0,0.0,Success
52150,1066.0,1,2023-06-30,Completed,0.0,0.0,Success
52151,1601.0,20,2023-11-12,Completed,0.0,0.0,Success
52152,2754.0,10,2023-09-07,Completed,0.0,0.0,Success
52153,2251.0,1,2023-05-31,Completed,0.0,0.0,Success
52154,1419.0,1,2025-08-27,Cancelled,0.0,0.0,Cancelled
52155,1535.0,2,2025-08-26,Completed,0.0,0.0,Success
52156,2665.0,17,2022-12-18,Completed,0.0,1763.41,Success
52157,1980.0,7,2025-10-25,Processing,0.0,39.53,Success
52158,2887.0,1,2024-05-01,Completed,0.0,0.0,Success
52159,1847.0,1,2024-07-02,Cancelled,0.0,2160.2,Cancelled
52160,2583.0,1,2022-06-21,Completed,0.0,0.0,Success
52161,1392.0,1,2022-04-01,Completed,0.0,8614.31,Success
52162,2902.0,15,2025-01-13,Completed,0.0,4478.29,Success
52163,2668.0,10,2024-07-16,Completed,0.0,2419.31,Success
52164,1570.0,16,2022-10-07,Completed,0.0,0.0,Success
52165,2729.0,7,2024-05-16,Completed,0.0,1232.82,Success
52166,1350.0,9,2022-02-28,Completed,0.0,1850.14,Success
52167,2738.0,16,2024-03-09,Completed,0.0,0.0,Success
52168,1448.0,9,2026-02-03,Completed,0.0,275.25,Success
52169,1115.0,20,2023-11-30,Returned,0.0,0.0,Refunded
52170,1840.0,9,2024-02-24,Completed,0.0,0.0,Success
52171,2879.0,3,2024-09-22,Completed,0.0,0.0,Success
52172,1798.0,1,2022-10-08,Completed,0.0,4866.59,Success
52173,1480.0,1,2024-02-04,Completed,0.0,0.0,Success
52174,2495.0,19,2023-11-09,Completed,0.0,26887.91,Success
52175,2836.0,1,2023-06-01,Completed,0.0,614.32,Success
52176,2699.0,1,2024-07-26,Shipped,0.0,10648.39,Success
52177,1561.0,8,2026-04-08,Processing,0.0,482.08,Success
52178,2390.0,17,2025-02-28,Completed,0.0,0.0,Success
52179,1002.0,1,2023-06-22,Shipped,0.0,0.0,Success
52180,2516.0,1,2023-10-18,Completed,0.0,640.45,Success
52181,1508.0,1,2025-06-13,Completed,0.0,798.04,Success
52182,1122.0,6,2022-10-16,Completed,0.0,0.0,Success
52183,2848.0,1,2025-05-20,Processing,0.0,0.0,Success
52184,2955.0,9,2024-09-12,Completed,0.0,1771.62,Success
52185,2084.0,10,2023-05-27,Completed,0.0,571.51,Success
52186,1325.0,11,2022-05-17,Completed,0.0,1082.55,Success
52187,2925.0,5,2024-08-07,Completed,0.0,421.48,Success
52188,2257.0,1,2025-11-26,Completed,99.0,0.0,Success
52189,1419.0,8,2024-01-31,Completed,0.0,139.83,Success
52190,2995.0,10,2023-10-07,Completed,0.0,121.93,Success
52191,1656.0,10,2022-09-10,Shipped,0.0,0.0,Success
52192,2152.0,20,2026-02-13,Returned,0.0,0.0,Refunded
52193,2690.0,5,2022-12-12,Completed,0.0,588.12,Success
52194,2574.0,1,2024-02-06,Completed,0.0,5515.5,Success
52195,2701.0,9,2022-06-19,Completed,0.0,446.37,Success
52196,1601.0,20,2024-06-04,Completed,0.0,0.0,Success
52197,2984.0,2,2023-09-13,Processing,0.0,2377.98,Success
52198,1925.0,19,2026-03-14,Cancelled,0.0,674.14,Cancelled
52199,1118.0,15,2023-09-27,Completed,0.0,0.0,Success
52200,2743.0,4,2025-10-10,Completed,0.0,0.0,Success
52201,2266.0,1,2025-11-04,Shipped,0.0,0.0,Success
52202,1708.0,1,2023-01-02,Shipped,0.0,1215.4,Success
52203,1185.0,19,2025-10-24,Completed,0.0,806.34,Success
52204,2826.0,1,2022-03-30,Completed,0.0,0.0,Success
52205,2165.0,17,2023-10-05,Completed,0.0,0.0,Success
52206,1384.0,1,2024-01-31,Cancelled,0.0,391.36,Cancelled
52207,2163.0,4,2026-02-22,Processing,0.0,127.73,Success
52208,2243.0,20,2026-02-23,Completed,0.0,170.74,Success
52209,2793.0,16,2023-01-11,Completed,0.0,0.0,Success
52210,1009.0,19,2022-10-02,Completed,0.0,0.0,Success
52211,2241.0,1,2024-10-25,Processing,0.0,0.0,Success
52212,2664.0,3,2024-05-10,Shipped,0.0,0.0,Success
52213,2314.0,13,2024-10-01,Completed,0.0,34.98,Success
52214,1133.0,1,2023-09-03,Processing,0.0,420.39,Success
52215,2423.0,20,2023-02-28,Shipped,0.0,32.34,Success
52216,2141.0,6,2026-03-22,Completed,0.0,1512.28,Success
52217,1211.0,1,2022-12-02,Completed,0.0,0.0,Success
52218,1802.0,4,2024-03-16,Completed,0.0,0.0,Success
52219,2056.0,1,2022-01-21,Completed,0.0,1147.86,Success
52220,2952.0,11,2024-04-29,Completed,0.0,86.51,Success
52221,1112.0,2,2024-10-23,Completed,0.0,211.5,Success
52222,1311.0,1,2025-06-29,Completed,0.0,731.72,Success
52223,2843.0,1,2022-01-09,Cancelled,99.0,0.0,Cancelled
52224,1820.0,12,2024-04-16,Processing,0.0,5681.59,Success
52225,2441.0,19,2026-03-18,Completed,0.0,279.98,Success
52226,1608.0,1,2026-03-06,Shipped,0.0,1869.54,Success
52227,1487.0,18,2025-01-02,Processing,0.0,829.35,Success
52228,2833.0,8,2022-07-05,Completed,0.0,124.56,Success
52229,2565.0,2,2026-03-30,Completed,0.0,0.0,Success
52230,1316.0,10,2022-03-04,Completed,0.0,0.0,Success
52231,2010.0,7,2024-06-16,Completed,0.0,228.96,Success
52232,1024.0,13,2025-03-29,Completed,0.0,0.0,Success
52233,1409.0,10,2023-04-03,Completed,0.0,0.0,Success
52234,1002.0,5,2022-07-26,Completed,0.0,2059.52,Success
52235,1836.0,6,2022-03-11,Completed,0.0,0.0,Success
52236,2487.0,9,2025-04-24,Cancelled,0.0,1353.23,Cancelled
52237,1866.0,16,2024-05-09,Completed,0.0,2788.69,Success
52238,2155.0,1,2022-04-16,Completed,0.0,1168.3,Success
52239,1114.0,20,2022-03-13,Completed,0.0,3038.16,Success
52240,1580.0,1,2024-04-03,Shipped,99.0,0.0,Success
52241,1215.0,1,2025-03-22,Completed,0.0,244.09,Success
52242,1735.0,10,2022-08-01,Completed,0.0,1426.01,Success
52243,2681.0,9,2026-02-01,Completed,0.0,0.0,Success
52244,2703.0,1,2026-01-30,Completed,0.0,168.16,Success
52245,2082.0,1,2023-02-07,Completed,0.0,283.57,Success
52246,1917.0,12,2023-01-05,Completed,0.0,0.0,Success
52247,2912.0,1,2022-06-13,Completed,0.0,0.0,Success
52248,1850.0,1,2024-06-15,Processing,0.0,0.0,Success
52249,2790.0,15,2025-02-18,Completed,0.0,0.0,Success
52250,2987.0,20,2024-06-28,Completed,0.0,2478.07,Success
52251,2392.0,16,2023-03-05,Completed,0.0,0.0,Success
52252,1546.0,13,2024-08-24,Completed,0.0,629.38,Success
52253,2892.0,3,2025-03-26,Processing,0.0,0.0,Success
52254,1648.0,1,2023-12-31,Shipped,0.0,0.0,Success
52255,1300.0,20,2023-10-24,Completed,0.0,120.57,Success
52256,2943.0,1,2022-07-30,Shipped,0.0,0.0,Success
52257,2771.0,1,2023-10-17,Completed,99.0,0.0,Success
52258,2354.0,3,2024-12-25,Completed,0.0,2334.13,Success
52259,2439.0,1,2026-04-05,Completed,0.0,13073.4,Success
52260,2410.0,1,2023-02-28,Shipped,0.0,360.54,Success
52261,1695.0,1,2023-11-22,Shipped,0.0,2921.83,Success
52262,2860.0,1,2022-07-01,Completed,0.0,672.59,Success
52263,1514.0,5,2026-01-21,Shipped,0.0,279.92,Success
52264,2778.0,1,2022-09-09,Shipped,0.0,0.0,Success
52265,2912.0,19,2023-04-02,Completed,0.0,2854.88,Success
52266,1570.0,1,2025-01-09,Completed,0.0,2778.86,Success
52267,2569.0,1,2023-04-21,Completed,0.0,0.0,Success
52268,1973.0,1,2025-09-29,Completed,0.0,71.12,Success
52269,2697.0,14,2025-04-11,Shipped,0.0,414.27,Success
52270,2106.0,3,2025-01-03,Completed,0.0,0.0,Success
52271,2073.0,15,2025-01-07,Completed,0.0,0.0,Success
52272,2225.0,14,2025-08-03,Completed,0.0,0.0,Success
52273,1034.0,16,2023-08-25,Completed,0.0,1160.08,Success
52274,2576.0,1,2023-03-01,Shipped,0.0,556.89,Success
52275,1577.0,8,2025-07-17,Completed,0.0,3430.8,Success
52276,1482.0,14,2024-06-02,Completed,0.0,138.34,Success
52277,2898.0,16,2024-02-14,Completed,0.0,1074.29,Success
52278,1090.0,13,2026-06-07,Completed,0.0,873.7,Success
52279,1217.0,18,2026-01-12,Completed,0.0,1728.19,Success
52280,2696.0,1,2022-06-05,Completed,0.0,0.0,Success
52281,2075.0,8,2023-12-11,Completed,0.0,553.89,Success
52282,1032.0,11,2026-03-29,Completed,0.0,465.26,Success
52283,2722.0,4,2024-06-29,Completed,0.0,121.43,Success
52284,2558.0,1,2023-06-08,Shipped,0.0,839.94,Success
52285,1600.0,13,2025-03-31,Completed,0.0,60.73,Success
52286,1731.0,14,2023-01-06,Completed,0.0,0.0,Success
52287,2244.0,4,2023-11-16,Returned,0.0,580.05,Refunded
52288,1506.0,15,2025-11-10,Shipped,0.0,39.53,Success
52289,2994.0,1,2023-04-17,Completed,0.0,1200.99,Success
52290,1476.0,5,2024-03-15,Completed,0.0,0.0,Success
52291,2552.0,2,2024-12-10,Completed,0.0,440.85,Success
52292,2140.0,3,2023-05-19,Processing,0.0,19184.2,Success
52293,2375.0,6,2024-10-11,Completed,0.0,0.0,Success
52294,1433.0,5,2022-12-15,Completed,0.0,0.0,Success
52295,1966.0,1,2023-05-30,Processing,0.0,0.0,Success
52296,2823.0,6,2023-07-22,Cancelled,0.0,0.0,Cancelled
52297,1449.0,3,2026-02-03,Completed,0.0,0.0,Success
52298,2113.0,1,2024-06-12,Completed,0.0,1710.02,Success
52299,2934.0,8,2023-08-01,Completed,0.0,0.0,Success
52300,1811.0,9,2025-12-22,Completed,0.0,290.14,Success
52301,1138.0,1,2023-05-15,Completed,0.0,1918.42,Success
52302,2517.0,12,2024-03-24,Completed,0.0,4028.85,Success
52303,2772.0,1,2022-06-22,Completed,0.0,623.26,Success
52304,2559.0,8,2025-06-15,Completed,0.0,36.42,Success
52305,1044.0,1,2023-02-26,Cancelled,0.0,0.0,Cancelled
52306,2382.0,6,2023-10-05,Completed,0.0,1336.65,Success
52307,2353.0,14,2024-07-23,Completed,0.0,0.0,Success
52308,2102.0,16,2024-06-19,Returned,0.0,6277.27,Refunded
52309,2740.0,6,2025-02-25,Completed,0.0,2252.16,Success
52310,2473.0,12,2025-10-19,Returned,0.0,0.0,Refunded
52311,1755.0,8,2024-10-08,Completed,0.0,754.33,Success
52312,2607.0,4,2024-04-20,Completed,0.0,0.0,Success
52313,2575.0,20,2024-09-22,Completed,0.0,0.0,Success
52314,,13,2023-09-18,Completed,0.0,1085.24,Success
52315,2293.0,15,2023-10-21,Returned,0.0,965.61,Refunded
52316,2926.0,11,2026-01-28,Completed,0.0,2671.84,Success
52317,2327.0,12,2022-04-23,Shipped,0.0,0.0,Success
52318,1974.0,1,2023-04-05,Shipped,0.0,580.04,Success
52319,1602.0,1,2022-07-23,Completed,0.0,0.0,Success
52320,1227.0,20,2024-07-06,Completed,0.0,0.0,Success
52321,2427.0,5,2025-03-12,Shipped,0.0,6.66,Success
52322,1713.0,1,2022-05-28,Completed,0.0,211.5,Success
52323,2397.0,1,2025-06-24,Completed,0.0,2236.71,Success
52324,1133.0,1,2022-03-02,Shipped,0.0,0.0,Success
52325,1832.0,20,2023-08-10,Completed,0.0,75.57,Success
52326,2417.0,16,2025-03-03,Completed,0.0,0.0,Success
52327,1151.0,5,2025-09-25,Completed,0.0,0.0,Success
52328,1458.0,2,2024-06-27,Processing,0.0,2757.75,Success
52329,2364.0,2,2024-10-16,Completed,0.0,0.0,Success
52330,2207.0,4,2022-12-21,Cancelled,0.0,174.86,Cancelled
52331,2328.0,1,2025-09-24,Completed,0.0,846.78,Success
52332,2950.0,2,2025-04-13,Completed,0.0,143.54,Success
52333,2324.0,1,2022-05-16,Completed,0.0,1261.17,Success
52334,1183.0,3,2025-10-31,Completed,0.0,0.0,Success
52335,2735.0,11,2023-06-20,Cancelled,0.0,744.01,Cancelled
52336,1559.0,1,2025-02-11,Completed,0.0,124.0,Success
52337,2545.0,18,2023-05-27,Completed,0.0,0.0,Success
52338,2788.0,1,2025-09-02,Cancelled,0.0,117.03,Cancelled
52339,2718.0,13,2025-11-24,Shipped,0.0,303.29,Success
52340,2062.0,12,2025-09-08,Completed,0.0,806.66,Success
52341,1154.0,1,2023-08-19,Cancelled,0.0,45.14,Cancelled
52342,2147.0,14,2023-06-24,Completed,0.0,0.0,Success
52343,1162.0,12,2023-06-16,Shipped,0.0,106.16,Success
52344,1860.0,3,2024-10-02,Processing,0.0,818.05,Success
52345,1555.0,2,2024-12-18,Completed,0.0,0.0,Success
52346,2490.0,20,2025-02-05,Cancelled,0.0,0.0,Cancelled
52347,1746.0,15,2026-05-15,Completed,0.0,0.0,Success
52348,1662.0,16,2023-02-14,Completed,0.0,0.0,Success
52349,2896.0,1,2022-10-16,Completed,0.0,0.0,Success
52350,2208.0,1,2024-06-06,Completed,0.0,890.69,Success
52351,2660.0,1,2024-07-27,Completed,0.0,0.0,Success
52352,1698.0,1,2023-06-05,Completed,0.0,906.36,Success
52353,2149.0,15,2026-05-15,Returned,0.0,0.0,Refunded
52354,1166.0,11,2022-02-24,Completed,0.0,0.0,Success
52355,2592.0,2,2023-03-14,Completed,0.0,501.68,Success
52356,2311.0,5,2026-03-06,Completed,0.0,448.66,Success
52357,2356.0,17,2023-08-28,Completed,0.0,0.0,Success
52358,1808.0,1,2022-06-23,Completed,0.0,1228.32,Success
52359,1386.0,17,2026-03-10,Cancelled,0.0,0.0,Cancelled
52360,2813.0,14,2024-09-03,Completed,0.0,0.0,Success
52361,1338.0,20,2025-09-10,Shipped,0.0,543.81,Success
52362,2457.0,2,2024-12-23,Completed,0.0,3797.65,Success
52363,1679.0,18,2025-07-05,Completed,0.0,0.0,Success
52364,2804.0,2,2025-12-07,Returned,0.0,1013.21,Refunded
52365,1860.0,12,2025-12-12,Completed,0.0,296.57,Success
52366,2560.0,8,2026-06-01,Completed,0.0,118.92,Success
52367,2200.0,1,2022-05-13,Completed,0.0,311.47,Success
52368,1944.0,1,2024-09-25,Completed,0.0,1781.38,Success
52369,2702.0,2,2026-04-18,Returned,0.0,1135.51,Refunded
52370,1062.0,1,2023-06-08,Completed,0.0,260.9,Success
52371,2433.0,3,2022-07-21,Completed,0.0,0.0,Success
52372,1358.0,5,2025-10-11,Processing,0.0,28.49,Success
52373,1610.0,15,2023-02-11,Processing,0.0,315.77,Success
52374,2935.0,4,2024-02-04,Completed,0.0,138.54,Success
52375,2750.0,5,2022-04-09,Completed,0.0,0.0,Success
52376,1526.0,1,2024-09-04,Completed,0.0,709.2,Success
52377,1805.0,17,2024-04-24,Completed,0.0,105.82,Success
52378,1941.0,1,2022-12-15,Completed,0.0,336.3,Success
52379,2506.0,1,2022-11-11,Completed,99.0,0.0,Success
52380,2090.0,4,2026-02-16,Processing,0.0,0.0,Success
52381,1192.0,13,2025-09-16,Completed,0.0,5082.49,Success
52382,2977.0,19,2023-01-11,Completed,0.0,104.9,Success
52383,2579.0,8,2022-12-27,Processing,0.0,1545.58,Success
52384,1127.0,10,2023-02-16,Completed,0.0,0.0,Success
52385,2518.0,19,2025-12-29,Processing,0.0,0.0,Success
52386,2518.0,10,2026-04-17,Processing,0.0,208.9,Success
52387,2115.0,3,2024-08-01,Completed,0.0,0.0,Success
52388,1076.0,5,2023-01-09,Completed,0.0,620.18,Success
52389,1264.0,3,2025-03-17,Completed,0.0,0.0,Success
52390,1278.0,13,2022-05-19,Completed,0.0,0.0,Success
52391,1175.0,5,2025-09-26,Returned,0.0,0.0,Refunded
52392,1741.0,17,2025-11-15,Completed,0.0,881.7,Success
52393,2246.0,18,2026-06-22,Completed,0.0,1081.28,Success
52394,1635.0,16,2024-10-18,Completed,0.0,0.0,Success
52395,2065.0,1,2026-04-02,Completed,0.0,2239.45,Success
52396,2112.0,1,2022-01-25,Completed,0.0,2264.63,Success
52397,1862.0,5,2024-10-04,Shipped,0.0,0.0,Success
52398,2662.0,14,2025-01-27,Returned,0.0,0.0,Refunded
52399,2917.0,1,2023-09-08,Shipped,99.0,0.0,Success
52400,2832.0,16,2022-11-16,Shipped,0.0,0.0,Success
52401,1662.0,19,2022-08-25,Completed,0.0,0.0,Success
52402,2279.0,5,2025-08-06,Completed,0.0,162.39,Success
52403,1484.0,20,2024-04-19,Completed,0.0,0.0,Success
52404,1797.0,4,2023-02-24,Completed,0.0,278.94,Success
52405,2850.0,10,2024-01-12,Completed,0.0,0.0,Success
52406,2911.0,3,2024-06-10,Completed,0.0,0.0,Success
52407,1163.0,1,2024-11-05,Completed,0.0,180.54,Success
52408,2901.0,7,2025-02-26,Processing,0.0,1098.87,Success
52409,2994.0,1,2026-02-05,Completed,0.0,534.37,Success
52410,1778.0,1,2024-01-17,Completed,0.0,0.0,Success
52411,1379.0,1,2022-09-15,Processing,0.0,4759.69,Success
52412,2563.0,3,2023-04-30,Completed,0.0,7217.78,Success
52413,1381.0,13,2022-09-03,Completed,0.0,55.89,Success
52414,1098.0,8,2024-08-18,Completed,0.0,11510.52,Success
52415,2022.0,6,2023-10-30,Cancelled,0.0,9673.73,Cancelled
52416,1373.0,11,2022-10-30,Completed,0.0,0.0,Success
52417,1682.0,9,2025-10-05,Completed,0.0,0.0,Success
52418,2197.0,7,2026-04-28,Returned,0.0,8799.12,Refunded
52419,2014.0,1,2023-10-08,Shipped,0.0,0.0,Success
52420,1445.0,17,2024-01-30,Completed,0.0,139.96,Success
52421,2242.0,3,2023-01-08,Completed,0.0,0.0,Success
52422,2601.0,1,2023-01-11,Completed,0.0,0.0,Success
52423,1495.0,1,2024-05-22,Completed,0.0,641.0,Success
52424,2763.0,4,2026-04-12,Completed,0.0,0.0,Success
52425,2366.0,3,2024-03-28,Completed,0.0,0.0,Success
52426,2872.0,13,2023-11-01,Completed,0.0,40.29,Success
52427,2334.0,9,2024-10-25,Completed,0.0,618.39,Success
52428,1310.0,1,2024-09-19,Completed,0.0,0.0,Success
52429,2946.0,19,2023-09-13,Completed,0.0,1215.5,Success
52430,2394.0,15,2022-06-26,Completed,0.0,0.0,Success
52431,1035.0,12,2024-06-21,Completed,0.0,3998.69,Success
52432,1617.0,1,2025-08-05,Completed,0.0,770.73,Success
52433,2397.0,1,2025-08-25,Completed,99.0,113.77,Success
52434,2037.0,19,2025-10-20,Completed,0.0,0.0,Success
52435,2580.0,6,2026-03-04,Completed,0.0,0.0,Success
52436,2317.0,11,2023-06-18,Completed,0.0,567.75,Success
52437,1732.0,1,2025-12-25,Completed,0.0,0.0,Success
52438,2016.0,10,2023-10-10,Completed,0.0,925.07,Success
52439,2187.0,6,2024-07-06,Completed,0.0,0.0,Success
52440,1816.0,20,2024-12-28,Cancelled,0.0,32.01,Cancelled
52441,2126.0,1,2022-04-22,Completed,0.0,0.0,Success
52442,1900.0,1,2022-11-14,Processing,0.0,0.0,Success
52443,1809.0,1,2022-11-28,Shipped,0.0,72.62,Success
52444,1452.0,1,2023-11-21,Shipped,0.0,0.0,Success
52445,1169.0,1,2026-04-26,Completed,0.0,4481.32,Success
52446,1215.0,2,2024-05-30,Completed,0.0,23756.31,Success
52447,1092.0,1,2024-11-02,Completed,0.0,171.36,Success
52448,1505.0,9,2023-10-29,Shipped,0.0,1738.82,Success
52449,2642.0,5,2025-09-13,Completed,0.0,2368.02,Success
52450,1349.0,4,2022-09-11,Completed,0.0,0.0,Success
52451,1405.0,1,2024-05-31,Shipped,0.0,4208.88,Success
52452,1272.0,17,2025-07-11,Completed,0.0,0.0,Success
52453,2308.0,1,2023-07-15,Completed,0.0,0.0,Success
52454,2418.0,11,2025-09-06,Completed,0.0,0.0,Success
52455,1325.0,4,2023-05-15,Completed,0.0,35.68,Success
52456,1890.0,17,2023-11-19,Cancelled,0.0,190.85,Cancelled
52457,1550.0,9,2023-02-02,Shipped,0.0,3876.79,Success
52458,2699.0,13,2024-04-05,Completed,0.0,0.0,Success
52459,1866.0,18,2025-08-16,Completed,0.0,1814.48,Success
52460,1499.0,1,2023-03-01,Completed,0.0,13579.57,Success
52461,2049.0,1,2024-03-26,Completed,0.0,0.0,Success
52462,2026.0,7,2025-11-20,Shipped,0.0,646.93,Success
52463,1992.0,7,2022-07-13,Completed,0.0,0.0,Success
52464,2380.0,2,2024-05-23,Completed,0.0,0.0,Success
52465,1814.0,1,2022-10-17,Completed,0.0,17042.47,Success
52466,2931.0,14,2023-05-17,Completed,0.0,14003.92,Success
52467,2811.0,7,2022-03-18,Completed,0.0,335.58,Success
52468,1440.0,4,2022-07-10,Shipped,0.0,1100.57,Success
52469,2405.0,20,2022-06-19,Cancelled,0.0,774.66,Cancelled
52470,1815.0,15,2024-09-14,Completed,0.0,0.0,Success
52471,2338.0,4,2024-12-07,Shipped,0.0,0.0,Success
52472,1277.0,8,2025-10-05,Completed,0.0,2501.67,Success
52473,2313.0,1,2025-01-04,Completed,0.0,0.0,Success
52474,2289.0,16,2025-03-21,Completed,0.0,1075.43,Success
52475,2791.0,13,2026-03-12,Completed,0.0,0.0,Success
52476,1297.0,1,2022-06-09,Shipped,0.0,0.0,Success
52477,1100.0,1,2024-04-10,Completed,0.0,3873.87,Success
52478,1425.0,1,2024-03-05,Shipped,0.0,1393.74,Success
52479,1777.0,1,2022-04-18,Cancelled,0.0,566.11,Cancelled
52480,2173.0,2,2025-02-08,Completed,0.0,137.62,Success
52481,2225.0,2,2024-08-24,Shipped,0.0,0.0,Success
52482,2443.0,1,2024-12-15,Shipped,0.0,0.0,Success
52483,1045.0,1,2025-04-05,Completed,0.0,0.0,Success
52484,2188.0,1,2024-08-22,Completed,0.0,0.0,Success
52485,2905.0,9,2024-10-07,Completed,0.0,206.55,Success
52486,2441.0,18,2024-12-09,Completed,0.0,0.0,Success
52487,1137.0,1,2026-01-21,Completed,0.0,0.0,Success
52488,1901.0,1,2025-10-09,Cancelled,0.0,886.16,Cancelled
52489,2398.0,3,2025-05-07,Completed,0.0,547.6,Success
52490,1060.0,3,2023-02-27,Completed,0.0,0.0,Success
52491,2756.0,1,2024-12-05,Completed,0.0,0.0,Success
52492,1865.0,1,2022-03-04,Completed,99.0,0.0,Success
52493,1118.0,12,2024-06-15,Completed,0.0,1691.76,Success
52494,1969.0,1,2023-08-21,Completed,0.0,4229.51,Success
52495,2047.0,1,2022-04-23,Completed,0.0,0.0,Success
52496,1870.0,1,2023-01-21,Shipped,0.0,0.0,Success
52497,1881.0,1,2023-10-25,Completed,0.0,0.0,Success
52498,2908.0,1,2025-10-12,Completed,99.0,78.21,Success
52499,2113.0,9,2025-11-01,Completed,0.0,151.93,Success
52500,2532.0,2,2022-08-17,Completed,0.0,2281.77,Success
52501,1488.0,1,2023-04-02,Completed,0.0,436.51,Success
52502,1738.0,1,2024-01-14,Processing,0.0,0.0,Success
52503,2629.0,8,2024-08-28,Completed,0.0,78.65,Success
52504,1067.0,9,2024-09-16,Cancelled,0.0,0.0,Cancelled
52505,2939.0,1,2025-05-26,Completed,0.0,4056.97,Success
52506,2841.0,10,2026-06-05,Completed,0.0,881.7,Success
52507,2637.0,1,2026-04-10,Completed,0.0,1260.87,Success
52508,1281.0,1,2025-11-14,Shipped,0.0,2175.26,Success
52509,1359.0,11,2025-12-03,Completed,0.0,414.27,Success
52510,2835.0,1,2022-11-06,Completed,0.0,0.0,Success
52511,1230.0,2,2024-11-06,Completed,0.0,8598.55,Success
52512,2965.0,16,2023-11-07,Completed,0.0,2190.56,Success
52513,1810.0,1,2026-05-25,Completed,0.0,0.0,Success
52514,2284.0,1,2025-10-26,Shipped,0.0,0.0,Success
52515,2352.0,17,2022-05-31,Completed,0.0,0.0,Success
52516,2386.0,1,2023-06-17,Completed,0.0,415.01,Success
52517,1372.0,1,2022-12-15,Cancelled,0.0,2028.31,Cancelled
52518,2198.0,16,2022-08-03,Completed,0.0,0.0,Success
52519,1421.0,5,2022-12-14,Completed,0.0,805.52,Success
52520,2896.0,4,2025-01-17,Completed,0.0,1833.37,Success
52521,2332.0,4,2026-02-25,Shipped,0.0,0.0,Success
52522,1628.0,16,2023-10-04,Completed,0.0,0.0,Success
52523,1477.0,18,2023-10-22,Completed,0.0,0.0,Success
52524,2368.0,8,2023-01-02,Completed,0.0,5641.04,Success
52525,2212.0,20,2026-04-14,Completed,0.0,0.0,Success
52526,1873.0,14,2022-07-25,Completed,0.0,3249.65,Success
52527,1823.0,1,2023-04-23,Completed,0.0,426.97,Success
52528,1452.0,1,2023-05-17,Completed,0.0,0.0,Success
52529,2586.0,19,2024-09-21,Completed,0.0,0.0,Success
52530,2884.0,2,2022-09-23,Completed,0.0,327.22,Success
52531,1612.0,1,2024-06-02,Completed,0.0,0.0,Success
52532,2302.0,1,2022-02-19,Shipped,0.0,294.68,Success
52533,2640.0,19,2026-03-11,Completed,0.0,0.0,Success
52534,2474.0,7,2022-06-12,Processing,0.0,0.0,Success
52535,1114.0,18,2025-07-26,Completed,0.0,361.09,Success
52536,2634.0,20,2022-01-20,Completed,0.0,40.73,Success
52537,2508.0,9,2023-05-13,Completed,0.0,3642.82,Success
52538,2064.0,1,2022-04-11,Completed,0.0,681.15,Success
52539,2982.0,7,2024-06-21,Completed,0.0,96.04,Success
52540,1291.0,16,2024-03-22,Completed,0.0,180.56,Success
52541,2427.0,5,2023-11-10,Shipped,0.0,565.05,Success
52542,2668.0,2,2022-12-29,Completed,0.0,0.0,Success
52543,1047.0,1,2022-08-11,Completed,0.0,0.0,Success
52544,2401.0,1,2024-09-18,Processing,0.0,763.06,Success
52545,1778.0,9,2023-08-03,Completed,0.0,772.13,Success
52546,1261.0,1,2026-03-08,Completed,0.0,0.0,Success
52547,2600.0,8,2026-03-13,Shipped,0.0,3240.56,Success
52548,2320.0,13,2025-02-21,Shipped,0.0,128.06,Success
52549,1522.0,16,2024-08-20,Cancelled,0.0,0.0,Cancelled
52550,2102.0,5,2024-05-17,Completed,0.0,708.87,Success
52551,1118.0,11,2022-06-17,Completed,0.0,68.85,Success
52552,1232.0,4,2025-04-01,Completed,0.0,35.39,Success
52553,2336.0,11,2024-05-01,Completed,0.0,0.0,Success
52554,2649.0,4,2024-08-16,Cancelled,0.0,852.7,Cancelled
52555,1525.0,9,2022-03-15,Completed,0.0,360.3,Success
52556,2529.0,7,2024-01-02,Completed,0.0,89.23,Success
52557,1432.0,1,2023-11-24,Completed,0.0,6069.8,Success
52558,2377.0,6,2025-02-13,Completed,0.0,272.35,Success
52559,2594.0,5,2025-10-27,Processing,0.0,3477.63,Success
52560,2418.0,2,2022-04-26,Returned,0.0,3173.13,Refunded
52561,1525.0,1,2024-10-02,Completed,0.0,6536.82,Success
52562,1875.0,9,2024-12-21,Completed,0.0,31.04,Success
52563,2741.0,13,2026-02-18,Completed,0.0,0.0,Success
52564,2763.0,12,2026-04-02,Shipped,0.0,4095.8,Success
52565,1242.0,1,2025-11-22,Completed,0.0,5946.48,Success
52566,2874.0,2,2023-12-16,Completed,0.0,0.0,Success
52567,2667.0,18,2022-05-02,Returned,0.0,929.16,Refunded
52568,1387.0,8,2023-03-02,Shipped,0.0,0.0,Success
52569,1497.0,5,2024-09-08,Completed,0.0,0.0,Success
52570,2619.0,1,2026-06-12,Completed,0.0,0.0,Success
52571,2944.0,16,2023-12-23,Completed,0.0,25.3,Success
52572,2384.0,14,2024-11-12,Completed,0.0,521.81,Success
52573,2207.0,17,2026-02-11,Completed,0.0,0.0,Success
52574,1340.0,6,2024-09-10,Completed,0.0,870.49,Success
52575,1781.0,1,2026-03-15,Completed,0.0,0.0,Success
52576,2443.0,17,2024-07-31,Shipped,0.0,9577.65,Success
52577,1747.0,4,2022-07-24,Completed,0.0,0.0,Success
52578,1429.0,18,2025-09-17,Completed,0.0,132.97,Success
52579,2483.0,12,2022-05-15,Returned,0.0,500.01,Refunded
52580,2024.0,20,2022-01-14,Completed,0.0,0.0,Success
52581,2662.0,10,2022-04-01,Completed,0.0,414.65,Success
52582,2388.0,17,2022-02-01,Returned,0.0,0.0,Refunded
52583,1874.0,18,2022-04-19,Completed,0.0,0.0,Success
52584,1132.0,16,2025-12-27,Processing,0.0,36810.04,Success
52585,2975.0,1,2024-04-11,Completed,0.0,1333.36,Success
52586,2244.0,4,2022-04-12,Processing,0.0,0.0,Success
52587,1968.0,1,2023-07-14,Completed,0.0,0.0,Success
52588,2529.0,12,2024-04-29,Shipped,0.0,2288.93,Success
52589,2695.0,14,2024-02-23,Completed,0.0,171.36,Success
52590,1096.0,1,2026-02-12,Completed,0.0,0.0,Success
52591,1898.0,11,2025-09-09,Completed,0.0,455.33,Success
52592,2363.0,6,2023-08-27,Completed,0.0,68.81,Success
52593,1463.0,9,2025-08-25,Shipped,0.0,0.0,Success
52594,1941.0,14,2023-10-23,Completed,0.0,17046.28,Success
52595,2842.0,4,2024-08-27,Completed,0.0,0.0,Success
52596,2085.0,10,2024-09-16,Completed,0.0,151.93,Success
52597,1327.0,15,2022-12-29,Completed,0.0,0.0,Success
52598,2630.0,1,2024-01-13,Completed,0.0,661.41,Success
52599,2578.0,1,2025-04-29,Completed,0.0,4866.59,Success
52600,2505.0,16,2025-01-09,Completed,0.0,0.0,Success
52601,2090.0,1,2022-07-16,Shipped,0.0,245.89,Success
52602,2506.0,10,2026-01-11,Completed,0.0,2564.01,Success
52603,1652.0,1,2024-06-16,Processing,0.0,2934.83,Success
52604,1791.0,16,2022-04-22,Completed,0.0,0.0,Success
52605,1125.0,9,2022-12-31,Completed,0.0,542.92,Success
52606,2259.0,1,2025-06-08,Completed,0.0,472.04,Success
52607,1115.0,20,2025-08-03,Completed,0.0,0.0,Success
52608,2458.0,13,2026-06-07,Completed,0.0,1457.53,Success
52609,1079.0,2,2025-03-03,Processing,0.0,1923.01,Success
52610,2701.0,19,2026-03-12,Completed,0.0,0.0,Success
52611,2182.0,1,2024-07-21,Completed,99.0,80.37,Success
52612,2887.0,10,2022-04-13,Processing,0.0,0.0,Success
52613,1612.0,5,2025-01-15,Completed,0.0,0.0,Success
52614,2046.0,1,2023-10-29,Shipped,0.0,0.0,Success
52615,1287.0,19,2024-01-09,Completed,0.0,40.73,Success
52616,2474.0,2,2023-03-03,Returned,0.0,308.76,Refunded
52617,1261.0,1,2025-12-31,Cancelled,0.0,0.0,Cancelled
52618,1139.0,1,2025-04-03,Completed,0.0,905.43,Success
52619,1464.0,6,2025-06-06,Completed,0.0,361.09,Success
52620,1407.0,3,2022-04-03,Completed,0.0,0.0,Success
52621,1178.0,1,2023-10-03,Completed,0.0,0.0,Success
52622,1173.0,10,2026-02-22,Returned,0.0,0.0,Refunded
52623,1655.0,20,2023-08-25,Completed,0.0,183.58,Success
52624,2797.0,3,2023-04-13,Completed,0.0,0.0,Success
52625,2062.0,7,2026-04-04,Completed,0.0,137.62,Success
52626,1034.0,1,2022-02-19,Shipped,0.0,1355.8,Success
52627,1621.0,5,2024-10-20,Completed,0.0,0.0,Success
52628,1858.0,19,2023-02-19,Completed,0.0,0.0,Success
52629,2727.0,7,2024-12-12,Returned,0.0,0.0,Refunded
52630,1192.0,9,2025-04-04,Completed,0.0,18.62,Success
52631,2073.0,12,2024-03-22,Completed,0.0,3390.32,Success
52632,2846.0,3,2023-01-21,Completed,0.0,1245.71,Success
52633,1029.0,2,2024-03-28,Processing,0.0,0.0,Success
52634,1352.0,7,2023-06-30,Completed,0.0,0.0,Success
52635,1207.0,11,2025-06-02,Shipped,0.0,1021.03,Success
52636,2175.0,1,2026-06-23,Cancelled,0.0,1105.47,Cancelled
52637,1444.0,1,2024-10-29,Completed,0.0,0.0,Success
52638,2889.0,10,2025-03-29,Completed,0.0,1584.82,Success
52639,1355.0,18,2025-08-08,Shipped,0.0,0.0,Success
52640,1589.0,20,2022-06-14,Completed,0.0,885.03,Success
52641,1554.0,5,2025-05-18,Completed,0.0,0.0,Success
52642,1080.0,2,2025-06-16,Completed,0.0,1209.65,Success
52643,1562.0,12,2024-04-01,Completed,0.0,0.0,Success
52644,1285.0,1,2025-06-12,Completed,0.0,2320.66,Success
52645,1539.0,1,2026-06-03,Completed,0.0,0.0,Success
52646,1278.0,20,2024-05-10,Completed,0.0,0.0,Success
52647,1467.0,6,2024-06-16,Shipped,0.0,137.2,Success
52648,2805.0,1,2025-08-22,Completed,0.0,0.0,Success
52649,1465.0,2,2024-02-03,Completed,0.0,0.0,Success
52650,2582.0,8,2024-04-20,Completed,0.0,0.0,Success
52651,1159.0,1,2024-05-26,Completed,0.0,0.0,Success
52652,1584.0,9,2022-03-16,Completed,0.0,2634.71,Success
52653,1080.0,1,2024-08-29,Processing,0.0,9994.54,Success
52654,2683.0,12,2023-11-28,Completed,0.0,2415.99,Success
52655,1224.0,3,2024-03-23,Completed,0.0,1717.29,Success
52656,2014.0,1,2025-10-02,Cancelled,0.0,594.15,Cancelled
52657,1862.0,18,2023-06-11,Completed,0.0,4605.62,Success
52658,2821.0,6,2023-06-24,Completed,0.0,1377.12,Success
52659,2909.0,13,2022-05-02,Completed,0.0,0.0,Success
52660,2607.0,16,2022-12-04,Shipped,0.0,517.02,Success
52661,1042.0,18,2023-05-20,Completed,0.0,4586.2,Success
52662,2799.0,12,2023-08-28,Returned,0.0,3021.55,Refunded
52663,2045.0,1,2026-05-04,Completed,0.0,195.78,Success
52664,2173.0,4,2023-08-21,Completed,0.0,0.0,Success
52665,2303.0,1,2022-09-06,Completed,99.0,174.71,Success
52666,1104.0,20,2026-04-19,Completed,0.0,0.0,Success
52667,2738.0,16,2026-03-03,Completed,0.0,0.0,Success
52668,1302.0,20,2023-04-02,Completed,0.0,440.85,Success
52669,2911.0,4,2026-03-16,Shipped,0.0,279.46,Success
52670,1194.0,20,2024-11-12,Completed,0.0,0.0,Success
52671,1952.0,10,2024-07-22,Completed,0.0,57.24,Success
52672,1041.0,10,2022-09-24,Completed,0.0,373.69,Success
52673,2789.0,14,2023-02-19,Completed,0.0,1710.02,Success
52674,1108.0,1,2024-10-02,Completed,0.0,0.0,Success
52675,1391.0,9,2025-06-27,Completed,0.0,0.0,Success
52676,2039.0,18,2024-07-15,Returned,0.0,0.0,Refunded
52677,2482.0,8,2022-12-06,Completed,0.0,5500.11,Success
52678,2317.0,1,2023-04-04,Completed,0.0,269.91,Success
52679,2363.0,1,2023-09-04,Shipped,0.0,2657.43,Success
52680,1195.0,16,2024-02-17,Completed,0.0,1868.85,Success
52681,2022.0,7,2023-09-23,Completed,0.0,0.0,Success
52682,2792.0,10,2024-05-13,Completed,0.0,6787.82,Success
52683,1350.0,13,2024-08-15,Completed,0.0,1532.28,Success
52684,1533.0,13,2023-02-27,Completed,0.0,0.0,Success
52685,1199.0,1,2025-08-26,Completed,0.0,0.0,Success
52686,2990.0,20,2026-04-12,Completed,0.0,0.0,Success
52687,2942.0,19,2022-10-16,Shipped,0.0,0.0,Success
52688,2303.0,3,2023-11-10,Completed,0.0,759.92,Success
52689,1182.0,10,2022-08-31,Shipped,0.0,837.7,Success
52690,1836.0,15,2026-01-31,Completed,0.0,1499.62,Success
52691,1554.0,1,2022-01-04,Shipped,0.0,0.0,Success
52692,2423.0,1,2024-01-29,Completed,0.0,782.71,Success
52693,2996.0,1,2026-04-15,Completed,0.0,0.0,Success
52694,1495.0,1,2025-06-07,Shipped,0.0,0.0,Success
52695,2741.0,16,2024-08-05,Completed,0.0,1825.25,Success
52696,2825.0,16,2022-11-02,Completed,0.0,0.0,Success
52697,1116.0,5,2022-04-14,Completed,0.0,95.11,Success
52698,1680.0,8,2023-07-06,Completed,0.0,48.23,Success
52699,1883.0,11,2022-08-01,Completed,0.0,3410.88,Success
52700,2059.0,1,2024-08-18,Completed,0.0,559.3,Success
52701,1803.0,7,2024-06-01,Returned,0.0,0.0,Refunded
52702,1026.0,17,2022-03-15,Completed,0.0,55.89,Success
52703,1033.0,1,2023-02-03,Processing,0.0,4414.11,Success
52704,1568.0,1,2022-11-23,Cancelled,0.0,0.0,Cancelled
52705,2630.0,15,2022-09-01,Completed,0.0,0.0,Success
52706,2311.0,1,2026-05-22,Completed,0.0,0.0,Success
52707,2631.0,1,2025-08-31,Processing,0.0,0.0,Success
52708,2654.0,8,2022-02-17,Completed,0.0,910.71,Success
52709,1319.0,6,2025-03-02,Processing,0.0,19283.2,Success
52710,2836.0,10,2026-01-19,Completed,0.0,1981.14,Success
52711,2988.0,1,2024-08-18,Completed,0.0,678.06,Success
52712,1362.0,1,2022-01-14,Completed,0.0,217.62,Success
52713,1848.0,1,2023-12-13,Completed,0.0,151.14,Success
52714,2966.0,1,2023-07-08,Completed,0.0,121.46,Success
52715,1435.0,1,2025-06-29,Processing,0.0,5077.48,Success
52716,2614.0,1,2023-05-09,Completed,99.0,117.03,Success
52717,2233.0,1,2022-07-24,Completed,0.0,0.0,Success
52718,2651.0,20,2022-11-18,Cancelled,0.0,418.26,Cancelled
52719,2838.0,1,2023-10-17,Completed,0.0,11089.49,Success
52720,2816.0,1,2022-02-08,Completed,0.0,83.84,Success
52721,1975.0,16,2025-01-13,Completed,0.0,0.0,Success
52722,2181.0,1,2026-02-09,Shipped,0.0,0.0,Success
52723,2780.0,6,2024-08-06,Shipped,0.0,0.0,Success
52724,2386.0,1,2022-10-22,Shipped,0.0,1805.69,Success
52725,1196.0,16,2023-08-08,Cancelled,0.0,207.78,Cancelled
52726,1864.0,1,2024-09-25,Completed,0.0,2801.51,Success
52727,2591.0,1,2025-09-11,Processing,0.0,105.94,Success
52728,2322.0,5,2026-04-05,Completed,0.0,2750.91,Success
52729,2608.0,1,2024-04-15,Processing,0.0,0.0,Success
52730,2389.0,17,2024-02-10,Completed,0.0,1167.06,Success
52731,2084.0,1,2026-01-15,Completed,0.0,0.0,Success
52732,1031.0,1,2023-01-15,Completed,0.0,0.0,Success
52733,1864.0,10,2025-07-22,Completed,0.0,356.45,Success
52734,1361.0,1,2022-03-12,Completed,0.0,0.0,Success
52735,2083.0,7,2025-04-07,Completed,0.0,203.28,Success
52736,2525.0,1,2023-02-23,Shipped,0.0,0.0,Success
52737,2357.0,6,2023-06-19,Shipped,0.0,0.0,Success
52738,1884.0,16,2026-01-02,Shipped,0.0,3456.37,Success
52739,1675.0,19,2024-02-09,Completed,0.0,1128.42,Success
52740,2226.0,1,2025-11-19,Processing,0.0,0.0,Success
52741,1634.0,3,2023-03-21,Completed,0.0,4688.3,Success
52742,2441.0,1,2022-10-15,Completed,0.0,1375.03,Success
52743,2252.0,15,2022-02-19,Completed,0.0,0.0,Success
52744,2796.0,3,2025-02-07,Processing,0.0,0.0,Success
52745,2994.0,18,2022-05-23,Completed,0.0,0.0,Success
52746,1037.0,1,2025-09-18,Completed,0.0,2128.9,Success
52747,2736.0,1,2025-05-07,Completed,0.0,0.0,Success
52748,2672.0,3,2024-08-11,Completed,0.0,526.67,Success
52749,2404.0,17,2023-12-20,Completed,0.0,3135.42,Success
52750,1073.0,17,2024-01-14,Completed,0.0,29.01,Success
52751,2919.0,15,2022-11-03,Completed,0.0,36.42,Success
52752,2294.0,11,2024-04-29,Completed,0.0,0.0,Success
52753,2958.0,19,2024-09-11,Completed,0.0,1592.01,Success
52754,1024.0,1,2025-02-05,Completed,0.0,0.0,Success
52755,1882.0,6,2025-08-20,Completed,0.0,688.12,Success
52756,1524.0,14,2024-01-29,Processing,0.0,34.98,Success
52757,1121.0,1,2022-08-05,Shipped,0.0,1391.58,Success
52758,2745.0,5,2023-12-16,Completed,0.0,255.47,Success
52759,2306.0,18,2025-07-08,Cancelled,0.0,1474.65,Cancelled
52760,2604.0,11,2023-04-11,Completed,0.0,0.0,Success
52761,2974.0,12,2026-03-09,Completed,0.0,0.0,Success
52762,1728.0,1,2025-02-20,Returned,0.0,160.07,Refunded
52763,1964.0,1,2023-10-08,Completed,0.0,295.69,Success
52764,1239.0,1,2024-05-31,Completed,0.0,0.0,Success
52765,1231.0,6,2026-05-26,Completed,0.0,0.0,Success
52766,2349.0,1,2023-06-06,Shipped,0.0,0.0,Success
52767,1613.0,18,2024-10-04,Completed,0.0,654.44,Success
52768,2136.0,1,2022-08-21,Completed,0.0,2621.35,Success
52769,2642.0,8,2025-08-27,Completed,0.0,0.0,Success
52770,1792.0,1,2024-04-17,Processing,0.0,315.22,Success
52771,2157.0,1,2024-08-17,Processing,0.0,24.53,Success
52772,2385.0,16,2023-10-23,Completed,0.0,52.23,Success
52773,2560.0,3,2025-03-01,Completed,0.0,429.16,Success
52774,2764.0,1,2022-01-31,Returned,0.0,0.0,Refunded
52775,2152.0,18,2023-08-16,Completed,0.0,1209.6,Success
52776,2325.0,1,2022-02-05,Completed,0.0,255.47,Success
52777,1051.0,16,2025-04-25,Cancelled,0.0,270.88,Cancelled
52778,1335.0,8,2023-01-04,Shipped,0.0,1228.32,Success
52779,2549.0,1,2025-10-17,Processing,0.0,381.53,Success
52780,2918.0,1,2025-11-04,Completed,99.0,35.68,Success
52781,2945.0,8,2024-11-04,Completed,0.0,571.51,Success
52782,1549.0,1,2023-05-02,Completed,99.0,0.0,Success
52783,1093.0,1,2022-06-04,Completed,99.0,0.0,Success
52784,2466.0,1,2024-06-14,Shipped,99.0,63.28,Success
52785,1782.0,18,2022-12-16,Completed,0.0,68.16,Success
52786,1705.0,1,2023-07-29,Processing,0.0,0.0,Success
52787,2849.0,19,2023-02-02,Completed,0.0,0.0,Success
52788,1825.0,1,2025-07-28,Shipped,0.0,0.0,Success
52789,1093.0,1,2025-01-25,Completed,0.0,805.72,Success
52790,2085.0,20,2025-10-20,Shipped,0.0,53.37,Success
52791,1577.0,1,2024-04-03,Shipped,0.0,0.0,Success
52792,1538.0,12,2022-03-11,Cancelled,0.0,109.64,Cancelled
52793,2512.0,1,2026-03-05,Returned,0.0,0.0,Refunded
52794,2613.0,13,2023-07-22,Completed,0.0,0.0,Success
52795,2995.0,3,2022-07-16,Completed,0.0,1842.48,Success
52796,1999.0,15,2026-05-19,Completed,0.0,437.08,Success
52797,1070.0,19,2022-06-30,Completed,0.0,0.0,Success
52798,1149.0,18,2024-08-27,Shipped,0.0,0.0,Success
52799,1967.0,1,2025-11-16,Completed,0.0,0.0,Success
52800,1356.0,7,2025-10-02,Completed,0.0,1720.97,Success
52801,2140.0,17,2026-06-12,Completed,0.0,0.0,Success
52802,2216.0,1,2026-05-05,Completed,0.0,318.04,Success
52803,2048.0,3,2025-10-22,Completed,0.0,0.0,Success
52804,2021.0,7,2022-05-13,Completed,0.0,0.0,Success
52805,2739.0,1,2022-01-02,Completed,0.0,0.0,Success
52806,1584.0,7,2023-09-22,Completed,0.0,0.0,Success
52807,2439.0,1,2023-03-30,Shipped,0.0,0.0,Success
52808,2996.0,13,2025-06-05,Processing,0.0,0.0,Success
52809,1153.0,12,2025-04-30,Completed,0.0,514.88,Success
52810,2600.0,1,2024-11-04,Completed,99.0,40.29,Success
52811,2153.0,1,2025-06-02,Completed,99.0,0.0,Success
52812,2648.0,6,2025-11-30,Completed,0.0,930.65,Success
52813,2269.0,17,2024-02-12,Completed,0.0,0.0,Success
52814,2312.0,1,2022-09-04,Returned,0.0,0.0,Refunded
52815,1427.0,14,2025-04-21,Completed,0.0,720.28,Success
52816,1439.0,6,2022-07-04,Completed,0.0,0.0,Success
52817,1654.0,16,2022-02-01,Completed,0.0,11027.78,Success
52818,,1,2022-12-07,Completed,0.0,0.0,Success
52819,1775.0,1,2022-11-01,Completed,0.0,3317.4,Success
52820,1884.0,18,2022-08-27,Completed,0.0,0.0,Success
52821,2415.0,17,2024-03-03,Processing,0.0,0.0,Success
52822,2246.0,12,2024-06-10,Completed,0.0,556.89,Success
52823,2404.0,1,2024-08-12,Shipped,0.0,283.2,Success
52824,1912.0,1,2022-08-04,Completed,0.0,911.04,Success
52825,2521.0,17,2023-03-03,Processing,0.0,930.26,Success
52826,2741.0,12,2023-11-08,Processing,0.0,381.53,Success
52827,1269.0,19,2022-04-28,Completed,0.0,6120.52,Success
52828,2430.0,1,2025-10-26,Completed,0.0,6164.45,Success
52829,2474.0,19,2023-07-10,Processing,0.0,0.0,Success
52830,1673.0,14,2025-04-08,Returned,0.0,438.96,Refunded
52831,2147.0,18,2024-12-18,Completed,0.0,0.0,Success
52832,2037.0,9,2025-04-09,Completed,0.0,725.13,Success
52833,2528.0,12,2025-06-30,Completed,0.0,0.0,Success
52834,1939.0,1,2022-10-10,Completed,0.0,0.0,Success
52835,1685.0,1,2025-08-22,Completed,0.0,9494.88,Success
52836,2252.0,1,2023-06-02,Completed,99.0,142.71,Success
52837,1644.0,3,2025-05-10,Completed,0.0,32.01,Success
52838,1984.0,5,2026-01-13,Completed,0.0,28.97,Success
52839,2644.0,9,2022-12-22,Returned,0.0,1474.82,Refunded
52840,2581.0,1,2025-10-17,Shipped,0.0,247.77,Success
52841,1827.0,18,2026-06-18,Completed,0.0,88.83,Success
52842,1621.0,11,2025-06-13,Completed,0.0,0.0,Success
52843,1997.0,4,2026-05-12,Completed,0.0,4834.14,Success
52844,2331.0,1,2022-07-31,Completed,0.0,0.0,Success
52845,2088.0,9,2023-06-06,Cancelled,0.0,1799.54,Cancelled
52846,2759.0,3,2022-02-23,Completed,0.0,0.0,Success
52847,2900.0,1,2022-12-13,Processing,0.0,0.0,Success
52848,2952.0,1,2023-10-04,Completed,0.0,0.0,Success
52849,1855.0,20,2022-07-10,Completed,0.0,71.36,Success
52850,2741.0,1,2023-05-10,Completed,0.0,0.0,Success
52851,2693.0,12,2022-12-25,Processing,0.0,1623.83,Success
52852,1504.0,11,2025-07-31,Completed,0.0,842.21,Success
52853,2559.0,13,2023-07-29,Shipped,0.0,0.0,Success
52854,2788.0,9,2026-03-24,Completed,0.0,0.0,Success
52855,1431.0,15,2023-03-11,Completed,0.0,1439.6,Success
52856,1005.0,6,2024-11-12,Completed,0.0,2928.3,Success
52857,1181.0,6,2026-02-14,Completed,0.0,0.0,Success
52858,2553.0,1,2023-10-08,Shipped,99.0,0.0,Success
52859,2356.0,10,2024-06-01,Completed,0.0,159.77,Success
52860,1647.0,7,2024-02-15,Completed,0.0,4136.34,Success
52861,2914.0,18,2024-08-25,Completed,0.0,0.0,Success
52862,2555.0,1,2026-02-06,Shipped,0.0,0.0,Success
52863,1052.0,17,2025-10-27,Completed,0.0,11363.19,Success
52864,1707.0,13,2024-06-25,Completed,0.0,8.08,Success
52865,1147.0,1,2025-10-28,Completed,0.0,2150.32,Success
52866,1913.0,6,2022-01-25,Completed,0.0,0.0,Success
52867,2756.0,14,2024-12-06,Completed,0.0,157.83,Success
52868,1321.0,4,2024-12-30,Shipped,0.0,0.0,Success
52869,1271.0,1,2023-12-01,Processing,0.0,32.23,Success
52870,1427.0,8,2025-07-19,Completed,0.0,1141.68,Success
52871,1344.0,1,2023-09-03,Completed,0.0,0.0,Success
52872,2176.0,5,2025-01-13,Completed,0.0,0.0,Success
52873,2395.0,20,2022-05-28,Shipped,0.0,128.91,Success
52874,1861.0,1,2022-05-16,Returned,99.0,0.0,Refunded
52875,1751.0,1,2025-12-06,Shipped,0.0,0.0,Success
52876,1366.0,1,2022-11-21,Returned,0.0,160.18,Refunded
52877,2756.0,11,2022-07-17,Completed,0.0,0.0,Success
52878,1576.0,5,2022-03-20,Completed,0.0,0.0,Success
52879,2113.0,1,2022-05-03,Completed,0.0,1504.95,Success
52880,2505.0,1,2024-03-11,Completed,0.0,0.0,Success
52881,1462.0,15,2023-04-06,Completed,0.0,3739.08,Success
52882,2002.0,19,2022-06-20,Processing,0.0,234.87,Success
52883,2282.0,1,2024-09-16,Completed,0.0,1467.33,Success
52884,1542.0,17,2022-02-20,Completed,0.0,1763.41,Success
52885,1415.0,15,2026-05-08,Completed,0.0,810.16,Success
52886,1395.0,16,2023-12-16,Completed,0.0,2022.4,Success
52887,2773.0,1,2026-04-20,Cancelled,0.0,573.19,Cancelled
52888,1624.0,12,2023-04-20,Completed,0.0,10559.07,Success
52889,2870.0,2,2022-06-24,Completed,0.0,1264.44,Success
52890,1596.0,5,2023-04-27,Completed,0.0,0.0,Success
52891,1354.0,1,2024-06-28,Cancelled,0.0,2023.83,Cancelled
52892,1070.0,1,2022-11-26,Returned,0.0,796.24,Refunded
52893,2979.0,1,2024-06-19,Shipped,0.0,129.43,Success
52894,1690.0,12,2024-05-07,Completed,0.0,362.54,Success
52895,2648.0,14,2026-05-04,Completed,0.0,383.2,Success
52896,1380.0,7,2026-04-14,Completed,0.0,536.55,Success
52897,2988.0,18,2024-12-31,Completed,0.0,153.95,Success
52898,2883.0,13,2023-05-25,Completed,0.0,0.0,Success
52899,1194.0,15,2024-10-02,Shipped,0.0,0.0,Success
52900,1412.0,1,2024-12-17,Completed,0.0,105.85,Success
52901,2196.0,16,2022-08-02,Completed,0.0,0.0,Success
52902,1317.0,2,2024-06-16,Completed,0.0,0.0,Success
52903,1268.0,11,2025-02-21,Cancelled,0.0,0.0,Cancelled
52904,2521.0,1,2024-08-15,Completed,0.0,399.02,Success
52905,2214.0,1,2024-09-03,Completed,99.0,17.41,Success
52906,1609.0,1,2025-08-08,Completed,0.0,0.0,Success
52907,2079.0,19,2024-09-19,Completed,0.0,0.0,Success
52908,1512.0,1,2024-07-23,Completed,99.0,65.22,Success
52909,2305.0,18,2026-05-20,Completed,0.0,64.45,Success
52910,1244.0,3,2022-02-01,Completed,0.0,338.05,Success
52911,2186.0,10,2022-03-08,Completed,0.0,0.0,Success
52912,2817.0,1,2022-12-13,Processing,0.0,4070.81,Success
52913,1276.0,5,2022-05-31,Completed,0.0,7753.58,Success
52914,2028.0,20,2023-02-03,Processing,0.0,0.0,Success
52915,2346.0,1,2026-06-13,Shipped,0.0,1729.68,Success
52916,2534.0,1,2022-11-13,Completed,99.0,0.0,Success
52917,1654.0,7,2022-09-23,Completed,0.0,2428.09,Success
52918,2130.0,6,2022-01-15,Completed,0.0,0.0,Success
52919,2991.0,3,2024-12-08,Shipped,0.0,614.32,Success
52920,2843.0,14,2025-03-15,Shipped,0.0,4668.04,Success
52921,2595.0,11,2022-09-17,Completed,0.0,666.68,Success
52922,2683.0,19,2025-09-18,Completed,0.0,0.0,Success
52923,2441.0,17,2023-02-15,Completed,0.0,975.94,Success
52924,1744.0,16,2024-10-29,Completed,0.0,7713.44,Success
52925,1055.0,2,2025-02-10,Completed,0.0,0.0,Success
52926,,11,2022-04-27,Returned,0.0,4667.97,Refunded
52927,2398.0,13,2022-07-16,Completed,0.0,190.53,Success
52928,2098.0,13,2023-07-08,Completed,0.0,0.0,Success
52929,2867.0,14,2024-03-25,Completed,0.0,487.72,Success
52930,1729.0,5,2022-02-12,Completed,0.0,253.31,Success
52931,2025.0,1,2025-11-09,Completed,0.0,0.0,Success
52932,1228.0,1,2023-03-09,Completed,0.0,95.96,Success
52933,2608.0,5,2022-03-18,Completed,0.0,1546.49,Success
52934,1589.0,7,2024-09-19,Completed,0.0,0.0,Success
52935,1271.0,11,2025-05-20,Completed,0.0,725.43,Success
52936,2578.0,11,2024-10-31,Completed,0.0,0.0,Success
52937,1648.0,14,2025-02-28,Completed,0.0,676.1,Success
52938,2587.0,10,2023-01-19,Cancelled,0.0,236.74,Cancelled
52939,2561.0,3,2024-10-22,Completed,0.0,2934.66,Success
52940,1460.0,1,2022-04-21,Completed,0.0,0.0,Success
52941,1586.0,4,2024-11-09,Completed,0.0,4866.59,Success
52942,1073.0,1,2026-03-07,Completed,0.0,0.0,Success
52943,2096.0,10,2024-01-16,Completed,0.0,0.0,Success
52944,2363.0,1,2025-08-19,Completed,0.0,2734.1,Success
52945,1166.0,6,2022-08-10,Shipped,0.0,607.58,Success
52946,2700.0,1,2025-07-01,Returned,0.0,552.83,Refunded
52947,2986.0,10,2026-05-08,Completed,0.0,1880.35,Success
52948,2435.0,18,2025-09-24,Completed,0.0,0.0,Success
52949,2106.0,1,2022-06-16,Shipped,99.0,0.0,Success
52950,2715.0,8,2022-03-16,Completed,0.0,0.0,Success
52951,1759.0,1,2024-09-30,Completed,0.0,0.0,Success
52952,1753.0,7,2024-06-23,Completed,0.0,0.0,Success
52953,2057.0,1,2022-03-13,Completed,99.0,0.0,Success
52954,1714.0,8,2023-09-21,Completed,0.0,0.0,Success
52955,2976.0,13,2023-08-15,Completed,0.0,38664.71,Success
52956,1258.0,6,2024-04-23,Completed,0.0,0.0,Success
52957,2849.0,19,2022-09-23,Completed,0.0,1215.5,Success
52958,1476.0,16,2023-07-15,Completed,0.0,270.64,Success
52959,2988.0,19,2023-05-19,Shipped,0.0,864.09,Success
52960,2121.0,11,2024-10-11,Completed,0.0,326.09,Success
52961,2389.0,10,2026-01-29,Completed,0.0,699.68,Success
52962,2891.0,6,2022-03-31,Completed,0.0,690.96,Success
52963,1684.0,1,2024-08-21,Completed,0.0,382.25,Success
52964,2666.0,17,2022-04-04,Shipped,0.0,366.04,Success
52965,1549.0,1,2024-10-04,Completed,0.0,3555.77,Success
52966,1449.0,1,2024-01-03,Completed,0.0,0.0,Success
52967,1899.0,1,2026-06-07,Completed,0.0,1450.17,Success
52968,2075.0,1,2025-07-01,Returned,0.0,107.0,Refunded
52969,2718.0,3,2026-05-21,Completed,0.0,260.55,Success
52970,2460.0,1,2023-02-18,Completed,0.0,0.0,Success
52971,1132.0,8,2022-03-18,Processing,0.0,1061.34,Success
52972,1302.0,16,2022-11-12,Completed,0.0,0.0,Success
52973,2877.0,20,2022-09-05,Completed,0.0,60.18,Success
52974,1589.0,1,2022-11-01,Completed,0.0,0.0,Success
52975,2079.0,19,2022-12-17,Completed,0.0,85.85,Success
52976,1478.0,1,2026-04-04,Completed,0.0,3646.51,Success
52977,2206.0,1,2026-02-17,Completed,99.0,0.0,Success
52978,2980.0,18,2025-05-05,Processing,0.0,0.0,Success
52979,2131.0,1,2025-08-07,Completed,0.0,0.0,Success
52980,1250.0,12,2023-11-16,Completed,0.0,206.55,Success
52981,2117.0,8,2025-12-20,Completed,0.0,0.0,Success
52982,2939.0,6,2022-05-12,Completed,0.0,1681.57,Success
52983,1457.0,1,2026-01-16,Shipped,99.0,0.0,Success
52984,1058.0,3,2024-09-20,Completed,0.0,0.0,Success
52985,2661.0,2,2024-06-25,Completed,0.0,1705.82,Success
52986,1850.0,18,2025-11-22,Returned,0.0,0.0,Refunded
52987,2903.0,17,2023-03-01,Shipped,0.0,117.43,Success
52988,2652.0,18,2022-02-14,Completed,0.0,0.0,Success
52989,1461.0,1,2025-11-30,Completed,99.0,0.0,Success
52990,1893.0,9,2023-09-14,Completed,0.0,41.98,Success
52991,2522.0,9,2023-07-05,Completed,0.0,1215.5,Success
52992,2730.0,19,2025-09-14,Completed,0.0,0.0,Success
52993,2448.0,1,2025-07-05,Completed,0.0,369.11,Success
52994,1841.0,1,2023-09-14,Returned,0.0,851.63,Refunded
52995,2610.0,10,2025-03-12,Processing,0.0,4401.98,Success
52996,1049.0,4,2023-07-09,Processing,0.0,567.75,Success
52997,2855.0,17,2026-04-19,Returned,0.0,1097.59,Refunded
52998,1390.0,15,2022-03-30,Completed,0.0,296.57,Success
52999,2872.0,17,2024-01-18,Completed,0.0,3283.42,Success
53000,1781.0,1,2022-12-01,Completed,99.0,30.36,Success
53001,2499.0,1,2022-03-17,Completed,99.0,0.0,Success
53002,2312.0,1,2022-09-21,Completed,0.0,80.58,Success
53003,1112.0,10,2026-05-15,Shipped,0.0,279.66,Success
53004,2168.0,1,2022-03-05,Completed,0.0,504.47,Success
53005,2375.0,16,2025-11-03,Returned,0.0,0.0,Refunded
53006,2491.0,7,2024-07-22,Completed,0.0,0.0,Success
53007,1238.0,1,2023-06-27,Completed,0.0,0.0,Success
53008,1545.0,12,2024-07-26,Completed,0.0,173.02,Success
53009,1163.0,18,2024-06-08,Completed,0.0,0.0,Success
53010,2326.0,16,2023-10-29,Completed,0.0,0.0,Success
53011,2740.0,12,2024-10-14,Completed,0.0,403.73,Success
53012,1616.0,18,2025-01-28,Completed,0.0,0.0,Success
53013,1080.0,1,2022-01-31,Cancelled,0.0,3700.29,Cancelled
53014,1121.0,1,2025-05-03,Completed,0.0,0.0,Success
53015,2623.0,10,2024-11-23,Completed,0.0,2217.22,Success
53016,1678.0,15,2022-11-01,Completed,0.0,0.0,Success
53017,2281.0,9,2024-03-17,Processing,0.0,435.24,Success
53018,2678.0,1,2022-02-09,Shipped,0.0,0.0,Success
53019,1940.0,6,2022-01-24,Completed,0.0,71.77,Success
53020,2423.0,16,2023-03-25,Completed,0.0,465.78,Success
53021,1336.0,1,2024-07-02,Processing,0.0,623.9,Success
53022,2975.0,1,2023-07-09,Completed,0.0,0.0,Success
53023,2938.0,20,2024-03-11,Processing,0.0,0.0,Success
53024,2648.0,1,2025-04-09,Completed,0.0,321.43,Success
53025,2282.0,9,2024-01-09,Completed,0.0,1660.95,Success
53026,2639.0,1,2025-03-21,Shipped,0.0,622.01,Success
53027,2984.0,1,2024-03-28,Completed,0.0,1245.71,Success
53028,2797.0,7,2024-04-25,Completed,0.0,553.89,Success
53029,1907.0,1,2025-11-25,Completed,0.0,0.0,Success
53030,2368.0,14,2023-07-26,Completed,0.0,0.0,Success
53031,2321.0,19,2022-09-28,Processing,0.0,0.0,Success
53032,1437.0,4,2023-08-20,Completed,0.0,0.0,Success
53033,1417.0,14,2023-10-28,Cancelled,0.0,0.0,Cancelled
53034,1425.0,6,2022-07-02,Processing,0.0,1352.21,Success
53035,1312.0,16,2023-06-11,Cancelled,0.0,0.0,Cancelled
53036,2803.0,3,2023-10-02,Completed,0.0,7301.35,Success
53037,1154.0,4,2025-08-17,Completed,0.0,249.12,Success
53038,2484.0,2,2026-03-08,Processing,0.0,0.0,Success
53039,1650.0,2,2024-11-04,Shipped,0.0,109.64,Success
53040,1173.0,14,2023-09-15,Completed,0.0,4867.57,Success
53041,2580.0,10,2022-03-17,Completed,0.0,6.66,Success
53042,1447.0,10,2023-01-04,Shipped,0.0,0.0,Success
53043,2101.0,19,2023-12-02,Completed,0.0,1719.71,Success
53044,,20,2022-11-23,Completed,0.0,6761.56,Success
53045,2814.0,9,2024-10-25,Completed,0.0,0.0,Success
53046,1676.0,1,2025-07-31,Cancelled,0.0,0.0,Cancelled
53047,2529.0,1,2024-03-09,Completed,0.0,0.0,Success
53048,1090.0,1,2025-12-27,Completed,99.0,0.0,Success
53049,1158.0,1,2023-02-17,Completed,0.0,1074.29,Success
53050,2426.0,6,2024-05-20,Cancelled,0.0,82.03,Cancelled
53051,2905.0,20,2023-10-15,Completed,0.0,79.51,Success
53052,2067.0,1,2025-08-25,Completed,0.0,201.96,Success
53053,2644.0,1,2024-11-07,Completed,0.0,0.0,Success
53054,2991.0,13,2024-09-18,Shipped,0.0,2274.42,Success
53055,1174.0,20,2026-04-15,Processing,0.0,3214.14,Success
53056,1542.0,10,2024-05-03,Completed,0.0,124.56,Success
53057,2525.0,6,2023-02-20,Completed,0.0,0.0,Success
53058,2372.0,1,2022-06-26,Completed,0.0,534.37,Success
53059,1845.0,11,2026-06-07,Completed,0.0,0.0,Success
53060,1275.0,1,2024-08-22,Shipped,0.0,0.0,Success
53061,1014.0,14,2024-12-24,Completed,0.0,87.36,Success
53062,1371.0,8,2025-09-29,Completed,0.0,151.14,Success
53063,2690.0,1,2023-04-25,Shipped,0.0,0.0,Success
53064,1612.0,10,2022-12-14,Completed,0.0,0.0,Success
53065,1533.0,6,2024-03-25,Completed,0.0,3751.74,Success
53066,1559.0,16,2024-11-13,Completed,0.0,157.83,Success
53067,2412.0,11,2026-01-08,Completed,0.0,0.0,Success
53068,1320.0,9,2026-04-25,Completed,0.0,515.27,Success
53069,2105.0,12,2024-03-31,Completed,0.0,0.0,Success
53070,2931.0,7,2023-12-01,Processing,0.0,31.31,Success
53071,2910.0,5,2022-06-25,Completed,0.0,0.0,Success
53072,2415.0,16,2024-03-25,Completed,0.0,396.82,Success
53073,1983.0,17,2024-03-16,Completed,0.0,2998.53,Success
53074,2012.0,3,2025-02-04,Completed,0.0,83.96,Success
53075,1549.0,6,2025-03-14,Completed,0.0,178.22,Success
53076,2030.0,1,2022-02-23,Shipped,99.0,0.0,Success
53077,1552.0,1,2023-08-09,Completed,0.0,0.0,Success
53078,1173.0,4,2026-05-21,Completed,0.0,0.0,Success
53079,2241.0,1,2022-08-28,Completed,0.0,3256.65,Success
53080,1502.0,1,2026-02-19,Shipped,0.0,482.08,Success
53081,2170.0,14,2026-03-30,Completed,0.0,0.0,Success
53082,2092.0,11,2022-09-15,Completed,0.0,0.0,Success
53083,1628.0,2,2023-01-31,Shipped,0.0,3844.92,Success
53084,2839.0,8,2022-08-28,Completed,0.0,1293.86,Success
53085,1396.0,8,2025-07-21,Completed,0.0,166.67,Success
53086,1359.0,1,2023-06-22,Returned,0.0,829.35,Refunded
53087,2512.0,1,2024-09-10,Completed,0.0,0.0,Success
53088,2213.0,9,2023-01-29,Completed,0.0,2218.89,Success
53089,1873.0,1,2025-02-18,Returned,99.0,142.67,Refunded
53090,2490.0,20,2022-03-05,Completed,0.0,2208.63,Success
53091,2808.0,1,2023-12-06,Completed,0.0,798.04,Success
53092,2507.0,20,2025-05-06,Completed,0.0,15397.7,Success
53093,2846.0,8,2022-02-25,Processing,0.0,2511.54,Success
53094,1547.0,17,2024-10-06,Completed,0.0,352.3,Success
53095,1686.0,1,2025-07-15,Returned,0.0,302.29,Refunded
53096,2520.0,16,2025-08-17,Returned,0.0,0.0,Refunded
53097,2400.0,3,2026-02-08,Completed,0.0,2170.93,Success
53098,1165.0,18,2025-03-04,Completed,0.0,0.0,Success
53099,2187.0,1,2024-03-22,Shipped,0.0,98.3,Success
53100,1318.0,1,2024-11-05,Cancelled,0.0,0.0,Cancelled
53101,2242.0,1,2025-04-23,Completed,0.0,8357.82,Success
53102,1106.0,2,2025-02-04,Shipped,0.0,0.0,Success
53103,1517.0,6,2025-02-02,Completed,0.0,0.0,Success
53104,2893.0,1,2023-10-17,Completed,0.0,1061.34,Success
53105,2013.0,17,2022-01-05,Completed,0.0,2982.27,Success
53106,2579.0,19,2022-10-04,Completed,0.0,565.05,Success
53107,2811.0,1,2025-03-17,Completed,0.0,0.0,Success
53108,1319.0,11,2026-01-07,Shipped,0.0,419.97,Success
53109,1221.0,6,2024-06-02,Completed,0.0,0.0,Success
53110,2441.0,1,2024-04-11,Shipped,0.0,1325.51,Success
53111,1132.0,1,2023-03-01,Completed,0.0,542.61,Success
53112,1952.0,18,2023-01-18,Completed,0.0,0.0,Success
53113,2643.0,6,2026-03-16,Completed,0.0,8141.62,Success
53114,1702.0,13,2024-01-23,Completed,0.0,0.0,Success
53115,2434.0,6,2023-01-14,Completed,0.0,2142.13,Success
53116,1689.0,1,2023-10-01,Completed,0.0,0.0,Success
53117,1407.0,1,2023-09-18,Completed,0.0,1792.05,Success
53118,1644.0,14,2025-08-31,Completed,0.0,1209.65,Success
53119,1596.0,2,2026-04-10,Processing,0.0,0.0,Success
53120,2741.0,1,2022-02-02,Completed,0.0,0.0,Success
53121,1172.0,1,2024-08-10,Completed,0.0,171.72,Success
53122,1049.0,19,2022-09-17,Completed,0.0,419.97,Success
53123,1922.0,12,2023-12-21,Completed,0.0,4925.12,Success
53124,2276.0,2,2022-12-10,Shipped,0.0,0.0,Success
53125,2769.0,1,2023-10-06,Completed,0.0,3980.22,Success
53126,2909.0,8,2023-04-03,Completed,0.0,0.0,Success
53127,2946.0,1,2024-04-11,Shipped,0.0,9371.08,Success
53128,1230.0,9,2024-12-15,Shipped,0.0,0.0,Success
53129,2871.0,1,2022-08-29,Completed,0.0,0.0,Success
53130,1431.0,3,2022-12-31,Shipped,0.0,288.11,Success
53131,2518.0,8,2023-02-27,Completed,0.0,92.36,Success
53132,2997.0,15,2024-10-16,Completed,0.0,4443.05,Success
53133,1349.0,1,2023-04-19,Completed,0.0,0.0,Success
53134,2074.0,1,2022-05-19,Completed,0.0,0.0,Success
53135,1598.0,2,2022-09-14,Completed,0.0,5439.77,Success
53136,2699.0,15,2024-11-30,Completed,0.0,0.0,Success
53137,1687.0,1,2026-04-21,Processing,0.0,311.47,Success
53138,1943.0,9,2026-01-12,Completed,0.0,732.58,Success
53139,1310.0,5,2023-12-21,Completed,0.0,0.0,Success
53140,2415.0,1,2022-04-18,Completed,99.0,137.7,Success
53141,1592.0,10,2023-12-29,Completed,0.0,0.0,Success
53142,1443.0,4,2022-11-13,Completed,0.0,0.0,Success
53143,1008.0,3,2025-03-15,Completed,0.0,60.66,Success
53144,2484.0,1,2024-08-02,Completed,0.0,0.0,Success
53145,2505.0,8,2024-03-09,Shipped,0.0,2930.32,Success
53146,1720.0,1,2024-03-23,Completed,0.0,8606.78,Success
53147,1502.0,19,2022-07-17,Processing,0.0,495.29,Success
53148,2624.0,1,2025-03-26,Completed,0.0,0.0,Success
53149,2632.0,1,2022-12-31,Completed,0.0,0.0,Success
53150,2909.0,5,2022-12-11,Completed,0.0,0.0,Success
53151,2108.0,13,2022-03-09,Completed,0.0,18742.17,Success
53152,2338.0,2,2025-11-08,Cancelled,0.0,0.0,Cancelled
53153,1091.0,1,2026-06-18,Completed,99.0,0.0,Success
53154,2249.0,3,2023-05-28,Completed,0.0,156.75,Success
53155,1812.0,12,2024-01-21,Completed,0.0,0.0,Success
53156,1961.0,1,2022-09-05,Processing,0.0,0.0,Success
53157,1072.0,1,2025-10-02,Completed,0.0,1547.1,Success
53158,1602.0,1,2026-03-13,Completed,0.0,0.0,Success
53159,1847.0,14,2022-12-11,Completed,0.0,0.0,Success
53160,2581.0,1,2024-03-24,Completed,0.0,0.0,Success
53161,1482.0,1,2023-01-17,Completed,0.0,0.0,Success
53162,1690.0,1,2023-12-13,Completed,0.0,319.53,Success
53163,2223.0,1,2022-10-13,Shipped,0.0,0.0,Success
53164,2131.0,4,2026-06-08,Processing,0.0,1029.76,Success
53165,1887.0,1,2025-04-13,Completed,0.0,0.0,Success
53166,2048.0,1,2025-07-25,Completed,0.0,0.0,Success
53167,1688.0,1,2022-02-21,Completed,0.0,160.17,Success
53168,1074.0,1,2023-03-31,Completed,99.0,0.0,Success
53169,1921.0,15,2024-10-18,Processing,0.0,202.24,Success
53170,2031.0,9,2025-03-14,Completed,0.0,0.0,Success
53171,2493.0,14,2024-03-20,Shipped,0.0,2735.38,Success
53172,1708.0,9,2022-08-03,Completed,0.0,108.26,Success
53173,2483.0,1,2022-02-09,Completed,0.0,1821.31,Success
53174,2698.0,1,2024-09-18,Completed,0.0,672.59,Success
53175,2456.0,12,2023-01-03,Completed,0.0,0.0,Success
53176,2592.0,1,2025-06-20,Processing,0.0,287.87,Success
53177,1198.0,1,2025-09-24,Completed,0.0,773.99,Success
53178,2191.0,4,2026-01-17,Completed,0.0,0.0,Success
53179,2966.0,5,2025-10-25,Completed,0.0,0.0,Success
53180,2175.0,1,2025-12-24,Completed,0.0,0.0,Success
53181,1842.0,19,2024-06-05,Completed,0.0,1440.57,Success
53182,1862.0,10,2024-01-09,Completed,0.0,0.0,Success
53183,1126.0,13,2035-12-31,Completed,0.0,0.0,Success
53184,1214.0,16,2023-04-26,Completed,0.0,483.41,Success
53185,2244.0,1,2024-05-06,Completed,99.0,92.36,Success
53186,1560.0,1,2022-10-25,Completed,0.0,257.63,Success
53187,2210.0,16,2023-01-28,Returned,0.0,0.0,Refunded
53188,1213.0,5,2022-07-26,Completed,0.0,482.81,Success
53189,2037.0,13,2023-04-27,Completed,0.0,214.92,Success
53190,2977.0,1,2025-08-24,Completed,0.0,0.0,Success
53191,2240.0,11,2025-07-19,Returned,0.0,5360.31,Refunded
53192,2919.0,10,2024-11-02,Cancelled,0.0,515.27,Cancelled
53193,2412.0,11,2022-03-08,Completed,0.0,247.09,Success
53194,1944.0,1,2025-02-14,Completed,0.0,6084.37,Success
53195,1411.0,1,2024-11-25,Returned,0.0,1216.89,Refunded
53196,1883.0,1,2022-01-23,Completed,0.0,0.0,Success
53197,2422.0,16,2024-02-23,Completed,0.0,0.0,Success
53198,2648.0,1,2022-08-10,Completed,0.0,0.0,Success
53199,1915.0,20,2022-04-18,Completed,0.0,79.06,Success
53200,2896.0,17,2024-07-15,Completed,0.0,1393.74,Success
53201,2681.0,1,2024-01-15,Completed,0.0,0.0,Success
53202,2906.0,1,2023-04-10,Completed,0.0,0.0,Success
53203,2677.0,8,2022-04-28,Completed,0.0,399.02,Success
53204,1723.0,3,2024-04-16,Completed,0.0,0.0,Success
53205,2071.0,1,2022-08-26,Cancelled,0.0,0.0,Cancelled
53206,2400.0,11,2025-06-18,Completed,0.0,1981.14,Success
53207,2326.0,12,2023-07-07,Completed,0.0,0.0,Success
53208,1896.0,2,2023-03-11,Returned,0.0,0.0,Refunded
53209,1757.0,15,2024-05-20,Completed,0.0,0.0,Success
53210,2176.0,13,2025-12-12,Completed,0.0,0.0,Success
53211,2575.0,9,2023-03-26,Completed,0.0,461.86,Success
53212,1798.0,1,2022-10-20,Completed,0.0,2161.74,Success
53213,1516.0,18,2024-06-01,Completed,0.0,614.68,Success
53214,2194.0,1,2025-12-12,Completed,0.0,344.68,Success
53215,1557.0,1,2026-02-25,Completed,0.0,0.0,Success
53216,2686.0,1,2026-03-31,Completed,0.0,75.57,Success
53217,1526.0,18,2024-07-01,Completed,0.0,90.27,Success
53218,2256.0,19,2024-10-09,Completed,0.0,1628.32,Success
53219,1432.0,15,2023-05-19,Shipped,0.0,1681.24,Success
53220,2622.0,1,2022-10-10,Completed,0.0,0.0,Success
53221,2618.0,1,2026-02-23,Completed,0.0,0.0,Success
53222,2399.0,5,2025-07-04,Returned,0.0,121.43,Refunded
53223,2441.0,16,2024-07-18,Completed,0.0,0.0,Success
53224,1889.0,11,2025-03-11,Completed,0.0,0.0,Success
53225,2068.0,1,2022-06-23,Completed,0.0,0.0,Success
53226,1013.0,14,2022-10-15,Shipped,0.0,0.0,Success
53227,1131.0,18,2025-05-25,Completed,0.0,0.0,Success
53228,1801.0,1,2025-03-04,Shipped,0.0,0.0,Success
53229,2983.0,9,2022-04-28,Completed,0.0,0.0,Success
53230,1091.0,9,2022-02-18,Completed,0.0,429.02,Success
53231,2948.0,10,2022-07-03,Completed,0.0,118.92,Success
53232,2372.0,1,2022-12-31,Completed,0.0,1180.5,Success
53233,2484.0,1,2023-01-09,Completed,0.0,2336.07,Success
53234,2663.0,11,2025-10-21,Completed,0.0,2913.39,Success
53235,2988.0,5,2023-01-22,Completed,0.0,163.87,Success
53236,1706.0,14,2026-03-13,Processing,0.0,0.0,Success
53237,1217.0,12,2023-04-16,Completed,0.0,0.0,Success
53238,1353.0,9,2024-07-06,Completed,0.0,0.0,Success
53239,1115.0,6,2025-05-28,Completed,0.0,60.97,Success
53240,1329.0,1,2023-03-02,Completed,0.0,1893.86,Success
53241,2919.0,2,2022-11-23,Completed,0.0,704.61,Success
53242,2138.0,18,2022-12-26,Completed,0.0,0.0,Success
53243,1639.0,20,2024-06-13,Completed,0.0,0.0,Success
53244,1241.0,8,2024-01-19,Cancelled,0.0,403.2,Cancelled
53245,1691.0,1,2024-02-06,Completed,0.0,3598.23,Success
53246,1935.0,1,2022-12-06,Completed,99.0,0.0,Success
53247,1097.0,14,2023-09-06,Completed,0.0,391.08,Success
53248,2443.0,14,2023-01-11,Completed,0.0,0.0,Success
53249,1001.0,16,2025-07-13,Completed,0.0,0.0,Success
53250,2589.0,15,2025-02-23,Completed,0.0,858.54,Success
53251,1499.0,1,2026-01-12,Completed,0.0,201.6,Success
53252,1758.0,13,2025-02-21,Completed,0.0,150.64,Success
53253,2169.0,9,2025-05-19,Completed,0.0,5312.84,Success
53254,1970.0,10,2023-10-21,Completed,0.0,1218.12,Success
53255,2250.0,12,2022-04-21,Completed,0.0,0.0,Success
53256,2341.0,4,2025-08-21,Returned,0.0,0.0,Refunded
53257,1537.0,18,2023-08-19,Completed,0.0,0.0,Success
53258,1184.0,17,2023-01-18,Completed,0.0,567.14,Success
53259,1099.0,8,2024-07-26,Completed,0.0,9905.71,Success
53260,2606.0,8,2035-12-31,Completed,0.0,733.66,Success
53261,1231.0,1,2024-01-18,Shipped,0.0,206.81,Success
53262,2737.0,9,2026-05-10,Shipped,0.0,137.2,Success
53263,2734.0,1,2022-10-07,Completed,0.0,253.2,Success
53264,2019.0,4,2022-02-09,Completed,0.0,6566.83,Success
53265,2451.0,14,2025-04-10,Completed,0.0,618.86,Success
53266,1175.0,1,2025-01-12,Shipped,0.0,2354.97,Success
53267,1473.0,1,2024-08-27,Completed,0.0,807.59,Success
53268,2003.0,6,2026-04-30,Completed,0.0,88.65,Success
53269,2724.0,6,2022-05-21,Completed,0.0,31.04,Success
53270,2796.0,14,2022-07-20,Completed,0.0,535.32,Success
53271,1596.0,20,2025-10-01,Processing,0.0,692.44,Success
53272,2013.0,6,2023-07-19,Completed,0.0,1603.1,Success
53273,1350.0,1,2025-08-01,Completed,99.0,0.0,Success
53274,2026.0,1,2022-11-29,Completed,0.0,2768.22,Success
53275,1828.0,1,2022-07-09,Completed,99.0,0.0,Success
53276,2687.0,1,2022-01-21,Completed,0.0,197.02,Success
53277,2426.0,1,2026-01-22,Completed,0.0,0.0,Success
53278,2681.0,8,2022-02-25,Completed,0.0,4866.59,Success
53279,2217.0,4,2023-12-22,Completed,0.0,5349.27,Success
53280,1527.0,8,2023-06-23,Shipped,0.0,0.0,Success
53281,1744.0,5,2024-11-24,Completed,0.0,0.0,Success
53282,2047.0,7,2026-06-21,Completed,0.0,504.47,Success
53283,1488.0,20,2024-09-01,Cancelled,0.0,0.0,Cancelled
53284,2248.0,9,2024-10-19,Completed,0.0,4028.17,Success
53285,1250.0,20,2023-05-30,Processing,0.0,0.0,Success
53286,1417.0,16,2025-10-19,Completed,0.0,0.0,Success
53287,1990.0,1,2024-09-04,Completed,0.0,0.0,Success
53288,2849.0,6,2024-07-22,Completed,0.0,8646.46,Success
53289,1326.0,19,2024-12-16,Completed,0.0,694.72,Success
53290,2081.0,1,2022-07-24,Shipped,0.0,0.0,Success
53291,2598.0,10,2024-04-23,Completed,0.0,1869.54,Success
53292,1582.0,8,2024-07-18,Shipped,0.0,1490.02,Success
53293,1402.0,15,2026-05-01,Processing,0.0,0.0,Success
53294,1942.0,1,2024-02-10,Completed,99.0,0.0,Success
53295,2567.0,19,2023-09-19,Completed,0.0,171.72,Success
53296,2016.0,9,2025-01-10,Cancelled,0.0,0.0,Cancelled
53297,2713.0,15,2023-01-02,Completed,0.0,1808.38,Success
53298,1903.0,2,2025-04-08,Completed,0.0,0.0,Success
53299,2913.0,14,2024-08-07,Completed,0.0,955.81,Success
53300,,2,2023-08-31,Returned,0.0,1167.88,Refunded
53301,1051.0,20,2022-02-09,Completed,0.0,21409.17,Success
53302,2635.0,4,2025-08-01,Shipped,0.0,451.93,Success
53303,2774.0,3,2022-04-08,Cancelled,0.0,0.0,Cancelled
53304,2991.0,1,2022-08-20,Completed,0.0,0.0,Success
53305,1314.0,1,2022-02-20,Completed,0.0,0.0,Success
53306,1718.0,1,2022-11-09,Completed,99.0,56.98,Success
53307,1571.0,6,2023-04-01,Shipped,0.0,0.0,Success
53308,1110.0,1,2023-11-24,Completed,0.0,998.13,Success
53309,2649.0,2,2026-03-20,Completed,0.0,2089.45,Success
53310,1738.0,9,2024-05-24,Completed,0.0,5659.91,Success
53311,1995.0,18,2023-03-31,Completed,0.0,542.61,Success
53312,2811.0,8,2024-01-29,Completed,0.0,0.0,Success
53313,1712.0,1,2026-02-27,Completed,0.0,69.17,Success
53314,1722.0,20,2025-08-13,Cancelled,0.0,263.11,Cancelled
53315,2158.0,14,2025-12-27,Completed,0.0,1240.35,Success
53316,2498.0,14,2023-09-14,Completed,0.0,867.53,Success
53317,1127.0,15,2024-07-16,Completed,0.0,2366.62,Success
53318,2086.0,1,2024-04-07,Returned,0.0,3822.84,Refunded
53319,2754.0,1,2023-08-04,Completed,0.0,0.0,Success
53320,1444.0,4,2022-08-05,Completed,0.0,297.07,Success
53321,2255.0,10,2023-01-26,Completed,0.0,0.0,Success
53322,2293.0,1,2023-08-14,Completed,0.0,0.0,Success
53323,2703.0,20,2023-08-15,Completed,0.0,0.0,Success
53324,2164.0,14,2023-03-31,Completed,0.0,628.28,Success
53325,1509.0,19,2024-09-19,Completed,0.0,107.29,Success
53326,2131.0,5,2026-06-26,Completed,0.0,4779.06,Success
53327,1707.0,9,2024-10-01,Completed,0.0,1974.66,Success
53328,1759.0,10,2025-11-12,Shipped,0.0,0.0,Success
53329,2865.0,1,2023-05-15,Shipped,99.0,0.0,Success
53330,1307.0,13,2022-09-29,Shipped,0.0,0.0,Success
53331,1653.0,1,2026-03-07,Completed,0.0,3917.91,Success
53332,1133.0,1,2022-08-14,Completed,0.0,522.71,Success
53333,2713.0,1,2022-11-03,Shipped,0.0,1136.96,Success
53334,1675.0,6,2024-03-01,Completed,0.0,550.75,Success
53335,2604.0,1,2023-11-01,Completed,0.0,0.0,Success
53336,1565.0,18,2022-11-17,Cancelled,0.0,966.84,Cancelled
53337,2304.0,7,2023-11-10,Completed,0.0,234.57,Success
53338,1589.0,6,2024-10-16,Cancelled,0.0,1710.02,Cancelled
53339,1921.0,4,2026-02-08,Shipped,0.0,0.0,Success
53340,2002.0,7,2024-10-18,Cancelled,0.0,868.6,Cancelled
53341,1895.0,1,2024-02-14,Completed,0.0,0.0,Success
53342,1144.0,18,2025-07-29,Completed,0.0,213.75,Success
53343,1543.0,13,2024-04-13,Completed,0.0,217.76,Success
53344,1228.0,1,2023-06-06,Completed,0.0,0.0,Success
53345,2920.0,14,2022-12-22,Shipped,0.0,0.0,Success
53346,2411.0,1,2025-07-10,Completed,0.0,0.0,Success
53347,1615.0,1,2024-05-01,Completed,0.0,0.0,Success
53348,2617.0,19,2026-01-21,Completed,0.0,0.0,Success
53349,2560.0,7,2026-02-12,Shipped,0.0,9345.19,Success
53350,1002.0,1,2023-04-22,Shipped,99.0,58.29,Success
53351,1936.0,5,2022-01-17,Completed,0.0,0.0,Success
53352,2083.0,1,2024-02-19,Processing,99.0,0.0,Success
53353,1232.0,2,2024-08-05,Processing,0.0,2082.21,Success
53354,2786.0,15,2022-05-12,Completed,0.0,1097.12,Success
53355,1814.0,8,2022-10-27,Completed,0.0,53.58,Success
53356,1784.0,17,2022-12-04,Processing,0.0,0.0,Success
53357,1566.0,1,2023-01-16,Completed,0.0,7717.98,Success
53358,2503.0,1,2026-01-30,Completed,0.0,696.82,Success
53359,1637.0,17,2023-12-30,Completed,0.0,0.0,Success
53360,1992.0,15,2022-11-28,Completed,0.0,0.0,Success
53361,1366.0,1,2026-06-22,Completed,0.0,678.16,Success
53362,1251.0,1,2022-08-19,Completed,0.0,1719.71,Success
53363,1428.0,8,2025-08-21,Completed,0.0,451.93,Success
53364,2218.0,1,2026-05-27,Completed,0.0,919.32,Success
53365,2930.0,1,2023-11-17,Processing,0.0,0.0,Success
53366,2529.0,1,2022-12-26,Shipped,0.0,418.26,Success
53367,1453.0,20,2026-02-20,Shipped,0.0,0.0,Success
53368,2142.0,1,2022-10-18,Processing,0.0,0.0,Success
53369,2909.0,1,2023-10-25,Returned,0.0,0.0,Refunded
53370,1888.0,1,2024-09-18,Completed,0.0,3616.75,Success
53371,1169.0,14,2022-01-01,Completed,0.0,936.07,Success
53372,2423.0,5,2023-11-08,Completed,0.0,0.0,Success
53373,2764.0,19,2023-12-26,Completed,0.0,537.14,Success
53374,1643.0,20,2026-02-20,Completed,0.0,0.0,Success
53375,1421.0,1,2022-06-21,Completed,0.0,413.62,Success
53376,2533.0,16,2022-07-23,Completed,0.0,261.03,Success
53377,1348.0,1,2024-01-27,Shipped,99.0,0.0,Success
53378,2834.0,1,2024-06-20,Shipped,0.0,0.0,Success
53379,2047.0,1,2023-10-21,Returned,99.0,0.0,Refunded
53380,1691.0,15,2026-04-13,Processing,0.0,0.0,Success
53381,1602.0,18,2026-03-13,Processing,0.0,0.0,Success
53382,2552.0,1,2024-01-22,Completed,0.0,2656.42,Success
53383,1120.0,1,2023-11-21,Completed,0.0,1427.35,Success
53384,2918.0,2,2022-10-31,Completed,0.0,2034.76,Success
53385,1370.0,11,2022-01-29,Completed,0.0,0.0,Success
53386,1138.0,7,2025-11-06,Completed,0.0,513.58,Success
53387,2180.0,15,2025-02-18,Processing,0.0,88.83,Success
53388,1681.0,1,2024-12-10,Returned,0.0,209.13,Refunded
53389,1066.0,19,2024-06-01,Shipped,0.0,0.0,Success
53390,2062.0,9,2022-12-11,Completed,0.0,207.78,Success
53391,1668.0,1,2026-06-13,Shipped,0.0,22035.95,Success
53392,1758.0,1,2024-11-28,Processing,0.0,0.0,Success
53393,2221.0,1,2022-12-14,Completed,0.0,1066.0,Success
53394,1385.0,1,2024-04-03,Completed,0.0,3247.66,Success
53395,1914.0,1,2026-03-06,Completed,0.0,716.11,Success
53396,2260.0,20,2025-09-12,Completed,0.0,55.89,Success
53397,1134.0,1,2023-03-02,Completed,0.0,366.29,Success
53398,1879.0,11,2023-03-25,Completed,0.0,86.61,Success
53399,2847.0,14,2023-05-25,Completed,0.0,4964.2,Success
53400,2719.0,2,2024-05-13,Shipped,0.0,18236.23,Success
53401,2767.0,13,2025-11-01,Completed,0.0,295.39,Success
53402,1381.0,20,2022-04-23,Cancelled,0.0,166.67,Cancelled
53403,1376.0,5,2025-11-02,Completed,0.0,183.54,Success
53404,2938.0,6,2023-07-01,Completed,0.0,74.47,Success
53405,1729.0,5,2025-04-04,Completed,0.0,292.98,Success
53406,1138.0,10,2025-06-07,Completed,0.0,910.66,Success
53407,1726.0,1,2025-01-08,Processing,0.0,106.87,Success
53408,1384.0,19,2023-11-09,Completed,0.0,2506.02,Success
53409,1198.0,1,2022-12-11,Completed,0.0,0.0,Success
53410,1691.0,1,2025-02-26,Completed,0.0,128.38,Success
53411,2167.0,3,2025-11-12,Completed,0.0,1766.68,Success
53412,1338.0,13,2025-04-24,Completed,0.0,267.95,Success
53413,1816.0,1,2025-11-23,Shipped,0.0,0.0,Success
53414,1402.0,1,2025-07-16,Completed,0.0,175.54,Success
53415,2710.0,10,2025-04-15,Shipped,0.0,9335.95,Success
53416,2065.0,14,2025-03-27,Cancelled,0.0,0.0,Cancelled
53417,1516.0,1,2023-05-14,Shipped,0.0,219.28,Success
53418,1254.0,15,2025-03-18,Processing,0.0,359.91,Success
53419,1289.0,19,2025-08-07,Completed,0.0,0.0,Success
53420,2571.0,1,2025-12-22,Completed,0.0,692.85,Success
53421,2005.0,11,2024-05-13,Completed,0.0,333.34,Success
53422,1563.0,8,2022-06-14,Completed,0.0,0.0,Success
53423,,1,2024-09-18,Completed,0.0,0.0,Success
53424,1334.0,16,2023-03-15,Completed,0.0,35.68,Success
53425,1365.0,1,2025-04-24,Completed,99.0,73.25,Success
53426,2364.0,16,2024-09-29,Completed,0.0,0.0,Success
53427,1330.0,13,2023-09-19,Completed,0.0,0.0,Success
53428,2242.0,7,2024-10-22,Completed,0.0,9733.18,Success
53429,2511.0,9,2025-09-10,Shipped,0.0,910.71,Success
53430,1366.0,1,2026-01-18,Completed,0.0,0.0,Success
53431,2328.0,11,2024-08-21,Completed,0.0,901.86,Success
53432,1265.0,1,2023-12-10,Returned,0.0,0.0,Refunded
53433,2542.0,1,2026-06-22,Completed,0.0,122.42,Success
53434,1865.0,1,2025-09-08,Completed,0.0,0.0,Success
53435,1122.0,5,2022-05-24,Completed,0.0,998.62,Success
53436,2553.0,4,2022-08-20,Completed,0.0,1612.61,Success
53437,2548.0,15,2026-04-18,Completed,0.0,0.0,Success
53438,2190.0,14,2022-11-03,Completed,0.0,107.03,Success
53439,1210.0,18,2024-02-15,Completed,0.0,1389.0,Success
53440,1483.0,5,2024-10-01,Completed,0.0,0.0,Success
53441,1063.0,11,2023-03-04,Cancelled,0.0,0.0,Cancelled
53442,1837.0,11,2024-06-07,Completed,0.0,0.0,Success
53443,2652.0,14,2024-04-26,Returned,0.0,32.34,Refunded
53444,1897.0,1,2024-05-31,Completed,0.0,438.56,Success
53445,1241.0,1,2023-04-28,Completed,0.0,0.0,Success
53446,1223.0,7,2023-07-15,Shipped,0.0,1036.45,Success
53447,1290.0,8,2022-02-13,Completed,0.0,0.0,Success
53448,1287.0,7,2025-10-18,Shipped,0.0,323.5,Success
53449,2407.0,19,2025-03-10,Completed,0.0,2900.48,Success
53450,2031.0,13,2026-03-12,Completed,0.0,18.22,Success
53451,1602.0,9,2024-03-13,Completed,0.0,0.0,Success
53452,1935.0,1,2022-11-26,Completed,0.0,0.0,Success
53453,1496.0,1,2022-03-11,Completed,0.0,0.0,Success
53454,2735.0,5,2024-05-09,Shipped,0.0,590.77,Success
53455,2560.0,19,2022-03-18,Completed,0.0,190.22,Success
53456,2165.0,1,2025-04-13,Processing,0.0,0.0,Success
53457,1694.0,1,2023-01-07,Completed,0.0,0.0,Success
53458,2274.0,15,2025-03-17,Completed,0.0,0.0,Success
53459,1889.0,8,2025-04-17,Cancelled,0.0,5352.29,Cancelled
53460,1134.0,1,2024-06-02,Processing,0.0,0.0,Success
53461,2745.0,5,2022-03-26,Shipped,0.0,0.0,Success
53462,2706.0,7,2022-05-22,Completed,0.0,294.91,Success
53463,2552.0,8,2025-03-03,Completed,0.0,0.0,Success
53464,1736.0,1,2024-02-25,Processing,0.0,0.0,Success
53465,1725.0,13,2024-12-17,Completed,0.0,7846.93,Success
53466,2217.0,17,2025-01-18,Cancelled,0.0,1857.16,Cancelled
53467,1967.0,1,2024-03-28,Completed,0.0,0.0,Success
53468,2329.0,20,2023-07-12,Completed,0.0,1714.12,Success
53469,2287.0,2,2024-02-10,Completed,0.0,0.0,Success
53470,2048.0,16,2025-08-11,Completed,0.0,777.56,Success
53471,2648.0,5,2025-12-03,Returned,0.0,54.65,Refunded
53472,1391.0,1,2022-11-09,Completed,0.0,107.0,Success
53473,1515.0,11,2023-04-12,Completed,0.0,0.0,Success
53474,2380.0,1,2024-09-20,Completed,0.0,17442.35,Success
53475,2639.0,1,2023-01-06,Completed,0.0,0.0,Success
53476,2859.0,7,2024-04-27,Shipped,0.0,0.0,Success
53477,1738.0,18,2025-03-25,Completed,0.0,4587.76,Success
53478,2991.0,1,2025-01-11,Completed,0.0,401.51,Success
53479,1219.0,15,2024-12-22,Returned,0.0,5681.59,Refunded
53480,1008.0,17,2024-04-12,Cancelled,0.0,0.0,Cancelled
53481,2755.0,14,2025-09-28,Completed,0.0,707.15,Success
53482,2358.0,1,2023-07-31,Cancelled,0.0,1777.88,Cancelled
53483,1640.0,3,2022-11-25,Completed,0.0,0.0,Success
53484,1767.0,13,2023-02-16,Completed,0.0,3621.22,Success
53485,1233.0,15,2024-06-28,Processing,0.0,0.0,Success
53486,2701.0,8,2023-01-28,Completed,0.0,313.5,Success
53487,1329.0,17,2023-12-11,Completed,0.0,7852.56,Success
53488,1404.0,1,2025-07-23,Shipped,0.0,0.0,Success
53489,1561.0,1,2024-07-13,Completed,0.0,0.0,Success
53490,1835.0,1,2024-09-20,Completed,0.0,0.0,Success
53491,1534.0,1,2022-06-09,Completed,0.0,1144.99,Success
53492,1099.0,17,2025-08-24,Completed,0.0,0.0,Success
53493,2412.0,19,2023-01-03,Completed,0.0,2316.96,Success
53494,1385.0,5,2024-11-26,Completed,0.0,609.06,Success
53495,1228.0,8,2024-09-13,Completed,0.0,0.0,Success
53496,1736.0,1,2026-05-06,Completed,0.0,0.0,Success
53497,2219.0,3,2026-01-27,Completed,0.0,0.0,Success
53498,1348.0,20,2025-08-28,Processing,0.0,1209.65,Success
53499,2376.0,1,2024-01-03,Shipped,0.0,400.33,Success
53500,1433.0,1,2022-12-30,Completed,0.0,109.86,Success
53501,1426.0,1,2025-08-22,Completed,0.0,0.0,Success
53502,1671.0,16,2022-12-03,Completed,0.0,2018.06,Success
53503,1626.0,16,2022-07-17,Completed,0.0,0.0,Success
53504,2151.0,9,2024-07-27,Completed,0.0,0.0,Success
53505,1497.0,1,2024-03-03,Completed,0.0,1269.76,Success
53506,2693.0,1,2022-03-25,Completed,0.0,0.0,Success
53507,1418.0,2,2024-08-05,Completed,0.0,0.0,Success
53508,1668.0,1,2024-09-15,Completed,0.0,455.33,Success
53509,1816.0,2,2022-07-29,Completed,0.0,0.0,Success
53510,1007.0,1,2022-09-19,Completed,0.0,3760.69,Success
53511,2394.0,14,2023-01-01,Completed,0.0,88.65,Success
53512,2589.0,13,2026-03-26,Shipped,0.0,565.05,Success
53513,2814.0,6,2023-02-15,Completed,0.0,0.0,Success
53514,2756.0,1,2023-12-01,Completed,0.0,9774.18,Success
53515,2176.0,10,2025-12-30,Shipped,0.0,329.45,Success
53516,1658.0,3,2022-08-04,Completed,0.0,0.0,Success
53517,1368.0,17,2026-01-05,Completed,0.0,170.54,Success
53518,1314.0,8,2023-06-16,Completed,0.0,4171.4,Success
53519,2114.0,16,2024-10-08,Completed,0.0,802.97,Success
53520,1806.0,1,2023-12-29,Shipped,0.0,190.77,Success
53521,2446.0,1,2022-03-13,Processing,0.0,0.0,Success
53522,2495.0,5,2025-08-01,Shipped,0.0,11017.97,Success
53523,1030.0,9,2026-04-06,Completed,0.0,0.0,Success
53524,2149.0,4,2025-03-11,Returned,0.0,4675.03,Refunded
53525,2833.0,10,2023-08-18,Completed,0.0,0.0,Success
53526,1742.0,1,2024-10-09,Processing,0.0,1174.07,Success
53527,1683.0,1,2022-12-06,Processing,0.0,0.0,Success
53528,2972.0,4,2024-06-05,Shipped,0.0,1076.71,Success
53529,2262.0,1,2024-08-03,Completed,0.0,0.0,Success
53530,2015.0,1,2022-04-03,Cancelled,0.0,22.72,Cancelled
53531,1785.0,9,2025-05-29,Completed,0.0,0.0,Success
53532,1205.0,1,2023-07-21,Shipped,0.0,530.67,Success
53533,1093.0,4,2025-08-09,Returned,0.0,0.0,Refunded
53534,2338.0,8,2026-01-15,Shipped,0.0,440.44,Success
53535,2363.0,1,2023-05-11,Completed,0.0,423.29,Success
53536,2862.0,1,2024-04-29,Completed,0.0,910.71,Success
53537,1434.0,9,2026-01-22,Completed,0.0,560.2,Success
53538,2438.0,15,2024-03-30,Completed,0.0,191.92,Success
53539,2754.0,1,2025-03-10,Completed,0.0,3173.13,Success
53540,1327.0,14,2025-01-04,Completed,0.0,9058.5,Success
53541,2702.0,11,2025-06-29,Completed,0.0,0.0,Success
53542,2732.0,2,2023-02-22,Completed,0.0,0.0,Success
53543,1708.0,7,2023-01-04,Shipped,0.0,0.0,Success
53544,1472.0,1,2022-02-20,Completed,0.0,0.0,Success
53545,1188.0,9,2024-10-27,Completed,0.0,206.13,Success
53546,1845.0,10,2023-02-09,Completed,0.0,538.36,Success
53547,1423.0,10,2025-08-30,Cancelled,0.0,217.76,Cancelled
53548,1822.0,1,2025-12-16,Completed,0.0,0.0,Success
53549,1436.0,1,2023-10-28,Completed,0.0,0.0,Success
53550,2994.0,4,2023-10-08,Completed,0.0,9792.46,Success
53551,1319.0,1,2024-07-31,Completed,0.0,0.0,Success
53552,1291.0,6,2022-02-12,Returned,0.0,244.85,Refunded
53553,1813.0,1,2024-04-26,Cancelled,0.0,0.0,Cancelled
53554,2402.0,1,2023-08-07,Completed,0.0,288.11,Success
53555,1981.0,11,2024-03-09,Completed,0.0,0.0,Success
53556,2587.0,8,2026-01-12,Completed,0.0,0.0,Success
53557,2365.0,16,2022-09-05,Completed,0.0,0.0,Success
53558,2107.0,2,2023-09-24,Shipped,0.0,316.38,Success
53559,1580.0,8,2023-10-31,Returned,0.0,0.0,Refunded
53560,1323.0,20,2024-07-27,Completed,0.0,1463.45,Success
53561,2917.0,2,2022-12-14,Completed,0.0,0.0,Success
53562,2866.0,7,2023-11-18,Shipped,0.0,0.0,Success
53563,2578.0,1,2026-02-16,Shipped,0.0,0.0,Success
53564,1051.0,16,2025-08-24,Completed,0.0,429.16,Success
53565,,1,2022-07-19,Completed,0.0,0.0,Success
53566,1404.0,1,2023-02-24,Completed,0.0,0.0,Success
53567,2961.0,1,2026-04-15,Returned,0.0,98.46,Refunded
53568,1897.0,19,2022-11-17,Completed,0.0,0.0,Success
53569,1785.0,15,2026-04-02,Processing,0.0,268.57,Success
53570,1694.0,5,2023-02-10,Completed,0.0,0.0,Success
53571,2994.0,16,2025-07-26,Completed,0.0,0.0,Success
53572,1427.0,1,2022-01-10,Completed,0.0,438.56,Success
53573,2445.0,7,2026-03-26,Returned,0.0,2372.57,Refunded
53574,2950.0,1,2023-11-27,Completed,0.0,0.0,Success
53575,2722.0,9,2025-03-14,Completed,0.0,0.0,Success
53576,2606.0,3,2025-10-12,Completed,0.0,0.0,Success
53577,2518.0,7,2023-11-08,Returned,0.0,0.0,Refunded
53578,2004.0,1,2026-02-16,Completed,0.0,0.0,Success
53579,2231.0,1,2026-01-11,Completed,0.0,0.0,Success
53580,1645.0,6,2022-05-31,Returned,0.0,0.0,Refunded
53581,2685.0,6,2024-09-07,Completed,0.0,0.0,Success
53582,1365.0,16,2025-08-21,Completed,0.0,3317.4,Success
53583,2077.0,1,2022-09-05,Processing,0.0,0.0,Success
53584,1512.0,17,2025-07-22,Shipped,0.0,713.93,Success
53585,1928.0,1,2025-02-22,Completed,99.0,170.43,Success
53586,2406.0,14,2022-07-03,Completed,0.0,40.87,Success
53587,1524.0,5,2022-01-04,Returned,0.0,0.0,Refunded
53588,2047.0,1,2025-07-12,Processing,0.0,0.0,Success
53589,1782.0,8,2024-12-26,Completed,0.0,0.0,Success
53590,2713.0,13,2035-12-31,Completed,0.0,163.87,Success
53591,1506.0,1,2022-01-15,Completed,0.0,0.0,Success
53592,1440.0,1,2026-05-09,Completed,0.0,256.91,Success
53593,2404.0,12,2025-02-13,Shipped,0.0,1307.32,Success
53594,2707.0,17,2024-11-14,Completed,0.0,0.0,Success
53595,2837.0,1,2023-10-31,Completed,99.0,0.0,Success
53596,1456.0,14,2024-04-19,Processing,0.0,125.26,Success
53597,2197.0,11,2023-08-27,Returned,0.0,0.0,Refunded
53598,1129.0,4,2025-12-02,Shipped,0.0,0.0,Success
53599,1205.0,12,2026-06-14,Completed,0.0,7575.46,Success
53600,2647.0,1,2022-03-22,Shipped,0.0,2415.47,Success
53601,1687.0,5,2026-06-12,Cancelled,0.0,108.88,Cancelled
53602,1839.0,1,2026-01-17,Processing,0.0,0.0,Success
53603,2876.0,16,2023-05-02,Completed,0.0,345.48,Success
53604,2959.0,1,2022-01-21,Shipped,99.0,12.65,Success
53605,2016.0,7,2023-03-21,Completed,0.0,0.0,Success
53606,2004.0,19,2024-05-10,Completed,0.0,0.0,Success
53607,2794.0,1,2023-11-13,Shipped,0.0,0.0,Success
53608,2673.0,15,2022-04-06,Completed,0.0,0.0,Success
53609,1140.0,14,2026-04-12,Completed,0.0,0.0,Success
53610,2545.0,7,2024-02-19,Completed,0.0,424.88,Success
53611,1137.0,5,2025-12-23,Completed,0.0,593.14,Success
53612,2912.0,11,2023-01-04,Completed,0.0,5964.54,Success
53613,2376.0,10,2022-07-17,Completed,0.0,275.41,Success
53614,1741.0,1,2024-12-28,Shipped,0.0,0.0,Success
53615,2726.0,15,2022-06-14,Completed,0.0,0.0,Success
53616,1898.0,18,2026-01-04,Completed,0.0,60.97,Success
53617,2118.0,11,2022-06-03,Cancelled,0.0,0.0,Cancelled
53618,1733.0,16,2026-03-22,Completed,0.0,0.0,Success
53619,2354.0,8,2023-05-11,Completed,0.0,709.51,Success
53620,2875.0,9,2023-08-30,Returned,0.0,0.0,Refunded
53621,1386.0,1,2024-08-25,Completed,0.0,108.26,Success
53622,2900.0,20,2025-08-28,Shipped,0.0,0.0,Success
53623,1720.0,3,2022-11-30,Completed,0.0,9376.6,Success
53624,1710.0,5,2025-04-24,Returned,0.0,0.0,Refunded
53625,1562.0,1,2024-05-23,Processing,0.0,0.0,Success
53626,1336.0,1,2023-10-16,Completed,0.0,444.47,Success
53627,1942.0,1,2026-03-05,Completed,0.0,0.0,Success
53628,1379.0,1,2023-03-20,Completed,0.0,838.97,Success
53629,1749.0,4,2024-09-01,Completed,0.0,0.0,Success
53630,1382.0,1,2026-04-11,Completed,0.0,0.0,Success
53631,2492.0,1,2024-09-23,Completed,0.0,0.0,Success
53632,2536.0,4,2024-02-01,Completed,0.0,0.0,Success
53633,1919.0,8,2023-06-28,Completed,0.0,0.0,Success
53634,1221.0,1,2024-08-14,Completed,0.0,0.0,Success
53635,2848.0,5,2024-09-20,Completed,0.0,0.0,Success
53636,1159.0,19,2022-02-07,Completed,0.0,2143.54,Success
53637,2105.0,6,2024-12-04,Completed,0.0,0.0,Success
53638,2406.0,12,2025-09-23,Processing,0.0,0.0,Success
53639,1143.0,3,2023-06-21,Shipped,0.0,1141.68,Success
53640,1477.0,1,2022-05-11,Completed,99.0,0.0,Success
53641,2315.0,16,2025-06-30,Completed,0.0,571.51,Success
53642,1109.0,14,2022-07-29,Completed,0.0,1705.44,Success
53643,1794.0,1,2026-02-20,Completed,0.0,1465.16,Success
53644,1255.0,1,2025-08-29,Completed,0.0,0.0,Success
53645,1066.0,12,2024-12-28,Completed,0.0,1523.49,Success
53646,1852.0,3,2026-01-27,Returned,0.0,338.05,Refunded
53647,2544.0,6,2022-10-11,Completed,0.0,132.97,Success
53648,2874.0,1,2025-06-03,Completed,0.0,517.03,Success
53649,1778.0,3,2022-02-27,Completed,0.0,408.72,Success
53650,,4,2024-04-10,Shipped,0.0,0.0,Success
53651,1549.0,1,2023-09-08,Completed,0.0,11188.3,Success
53652,2057.0,1,2022-06-13,Completed,0.0,0.0,Success
53653,2403.0,6,2022-06-10,Completed,0.0,0.0,Success
53654,1017.0,1,2025-01-05,Processing,0.0,307.08,Success
53655,1361.0,1,2026-01-25,Completed,0.0,0.0,Success
53656,1492.0,1,2024-08-15,Returned,0.0,180.56,Refunded
53657,2909.0,11,2023-12-26,Shipped,0.0,0.0,Success
53658,1729.0,7,2025-01-06,Completed,0.0,5544.75,Success
53659,2867.0,1,2025-09-24,Processing,0.0,0.0,Success
53660,2507.0,9,2025-11-12,Completed,0.0,0.0,Success
53661,1043.0,11,2024-07-11,Cancelled,0.0,0.0,Cancelled
53662,2508.0,15,2024-08-18,Completed,0.0,729.68,Success
53663,2079.0,16,2023-03-08,Completed,0.0,429.84,Success
53664,2486.0,15,2023-04-18,Completed,0.0,0.0,Success
53665,1204.0,15,2026-06-28,Completed,0.0,0.0,Success
53666,1277.0,2,2025-10-27,Completed,0.0,0.0,Success
53667,2600.0,4,2022-11-29,Cancelled,0.0,709.63,Cancelled
53668,2975.0,6,2024-02-15,Completed,0.0,162.92,Success
53669,1848.0,1,2025-04-05,Completed,0.0,2592.28,Success
53670,1011.0,11,2022-01-09,Completed,0.0,2373.72,Success
53671,1101.0,7,2024-12-18,Completed,0.0,0.0,Success
53672,1189.0,1,2025-01-03,Completed,0.0,1605.95,Success
53673,2055.0,7,2026-01-30,Completed,0.0,0.0,Success
53674,1870.0,1,2023-12-15,Completed,0.0,3594.34,Success
53675,2415.0,12,2023-12-17,Completed,0.0,1745.24,Success
53676,2755.0,19,2023-07-24,Completed,0.0,1067.93,Success
53677,2927.0,19,2023-06-23,Completed,0.0,0.0,Success
53678,1666.0,16,2025-09-19,Completed,0.0,2474.07,Success
53679,1482.0,1,2022-04-01,Completed,0.0,0.0,Success
53680,2669.0,4,2022-03-28,Completed,0.0,0.0,Success
53681,2838.0,2,2025-08-12,Shipped,0.0,267.42,Success
53682,2041.0,11,2022-06-24,Completed,0.0,5044.45,Success
53683,2987.0,12,2025-07-21,Completed,0.0,0.0,Success
53684,1225.0,6,2026-04-11,Completed,0.0,224.33,Success
53685,2911.0,10,2022-02-03,Completed,0.0,0.0,Success
53686,2386.0,1,2022-08-12,Completed,99.0,0.0,Success
53687,1929.0,1,2024-08-20,Processing,0.0,0.0,Success
53688,1969.0,8,2022-06-11,Completed,0.0,2962.48,Success
53689,2241.0,12,2026-03-16,Completed,0.0,165.13,Success
53690,1826.0,17,2022-07-25,Completed,0.0,0.0,Success
53691,2030.0,4,2023-03-26,Completed,0.0,243.86,Success
53692,2290.0,9,2025-03-31,Completed,0.0,0.0,Success
53693,1563.0,15,2024-02-22,Cancelled,0.0,5295.51,Cancelled
53694,2585.0,1,2026-05-04,Completed,99.0,64.72,Success
53695,2592.0,5,2024-04-10,Completed,0.0,330.71,Success
53696,2485.0,20,2024-07-16,Processing,0.0,1795.31,Success
53697,2923.0,8,2024-03-01,Completed,0.0,0.0,Success
53698,1583.0,1,2022-04-20,Returned,0.0,0.0,Refunded
53699,2551.0,20,2022-08-05,Completed,0.0,0.0,Success
53700,2692.0,1,2023-05-05,Completed,0.0,661.21,Success
53701,2613.0,14,2025-03-14,Completed,0.0,2468.52,Success
53702,1955.0,14,2022-10-29,Completed,0.0,285.42,Success
53703,1155.0,6,2026-02-27,Processing,0.0,0.0,Success
53704,2117.0,13,2023-02-06,Completed,0.0,0.0,Success
53705,1092.0,18,2025-07-13,Returned,0.0,7673.68,Refunded
53706,1380.0,12,2025-06-01,Shipped,0.0,580.28,Success
53707,2113.0,17,2022-10-05,Completed,0.0,190.85,Success
53708,2161.0,17,2026-02-01,Shipped,0.0,327.74,Success
53709,2299.0,4,2026-05-27,Completed,0.0,2712.62,Success
53710,2223.0,4,2025-09-21,Returned,0.0,2913.39,Refunded
53711,1081.0,18,2023-10-14,Completed,0.0,4688.3,Success
53712,1579.0,11,2025-09-22,Shipped,0.0,888.94,Success
53713,1915.0,1,2025-01-20,Cancelled,99.0,31.31,Cancelled
53714,2923.0,1,2022-05-17,Completed,0.0,0.0,Success
53715,1343.0,15,2024-11-06,Completed,0.0,14812.42,Success
53716,2345.0,15,2023-11-15,Shipped,0.0,116.57,Success
53717,1141.0,16,2025-10-08,Completed,0.0,2654.29,Success
53718,1628.0,1,2022-06-11,Completed,0.0,0.0,Success
53719,2521.0,3,2022-09-12,Completed,0.0,0.0,Success
53720,2200.0,2,2023-06-09,Completed,0.0,0.0,Success
53721,1290.0,10,2026-05-16,Completed,0.0,0.0,Success
53722,1336.0,8,2024-10-05,Completed,0.0,1096.16,Success
53723,1244.0,5,2022-01-15,Completed,0.0,0.0,Success
53724,2659.0,1,2024-11-22,Processing,0.0,0.0,Success
53725,1642.0,1,2023-10-02,Completed,0.0,167.2,Success
53726,1615.0,1,2023-01-11,Returned,0.0,3402.67,Refunded
53727,2414.0,1,2023-02-14,Completed,99.0,0.0,Success
53728,2920.0,1,2023-03-04,Completed,0.0,1080.1,Success
53729,2257.0,4,2025-07-04,Shipped,0.0,2260.22,Success
53730,1133.0,1,2023-12-02,Completed,0.0,0.0,Success
53731,2551.0,1,2024-12-02,Completed,0.0,1547.45,Success
53732,1213.0,17,2024-05-29,Shipped,0.0,34939.55,Success
53733,2385.0,13,2022-11-07,Completed,0.0,133.98,Success
53734,2768.0,18,2022-12-12,Shipped,0.0,1047.39,Success
53735,2169.0,1,2024-07-10,Completed,0.0,24.11,Success
53736,2776.0,1,2023-04-13,Cancelled,0.0,813.91,Cancelled
53737,2113.0,16,2026-01-13,Completed,0.0,70.78,Success
53738,2904.0,20,2025-11-18,Completed,0.0,351.61,Success
53739,2706.0,4,2022-12-06,Completed,0.0,0.0,Success
53740,1399.0,2,2025-05-09,Completed,0.0,0.0,Success
53741,2352.0,10,2024-06-18,Processing,0.0,0.0,Success
53742,1326.0,16,2023-02-14,Completed,0.0,99.89,Success
53743,2109.0,1,2023-12-13,Completed,0.0,0.0,Success
53744,1440.0,1,2022-06-09,Completed,0.0,0.0,Success
53745,1374.0,13,2023-03-21,Completed,0.0,827.27,Success
53746,2546.0,1,2026-01-28,Completed,0.0,5304.51,Success
53747,2889.0,15,2024-10-08,Completed,0.0,0.0,Success
53748,1213.0,12,2022-12-21,Completed,0.0,0.0,Success
53749,1585.0,7,2024-09-01,Completed,0.0,4788.23,Success
53750,1487.0,1,2026-03-20,Completed,0.0,0.0,Success
53751,1360.0,1,2024-08-28,Completed,0.0,0.0,Success
53752,2216.0,1,2022-10-23,Completed,0.0,0.0,Success
53753,1322.0,6,2026-05-14,Completed,0.0,65.26,Success
53754,1982.0,9,2026-06-23,Completed,0.0,403.2,Success
53755,2077.0,1,2026-06-04,Completed,0.0,0.0,Success
53756,1970.0,10,2022-01-26,Completed,0.0,0.0,Success
53757,2152.0,15,2024-01-27,Processing,0.0,0.0,Success
53758,2599.0,1,2025-08-16,Processing,0.0,0.0,Success
53759,2277.0,12,2025-11-13,Completed,0.0,0.0,Success
53760,,1,2024-04-10,Completed,0.0,3936.74,Success
53761,2413.0,1,2026-04-06,Completed,0.0,559.96,Success
53762,2353.0,4,2024-10-01,Completed,0.0,223.72,Success
53763,2562.0,17,2025-10-10,Completed,0.0,160.17,Success
53764,2664.0,1,2025-08-12,Shipped,0.0,0.0,Success
53765,2293.0,1,2023-10-19,Completed,0.0,1098.92,Success
53766,1454.0,7,2022-04-26,Completed,0.0,1366.06,Success
53767,2729.0,18,2024-12-04,Shipped,0.0,1385.25,Success
53768,2376.0,8,2022-08-29,Completed,0.0,0.0,Success
53769,1181.0,1,2024-07-11,Cancelled,0.0,0.0,Cancelled
53770,1221.0,1,2024-04-19,Completed,0.0,0.0,Success
53771,2584.0,1,2025-03-10,Processing,0.0,3836.84,Success
53772,2187.0,6,2025-09-01,Completed,0.0,9805.24,Success
53773,1752.0,9,2023-06-10,Completed,0.0,1002.12,Success
53774,1853.0,8,2024-03-31,Completed,0.0,0.0,Success
53775,1815.0,5,2026-04-03,Completed,0.0,0.0,Success
53776,1043.0,6,2022-05-04,Completed,0.0,925.07,Success
53777,1037.0,15,2023-10-30,Completed,0.0,876.71,Success
53778,1386.0,1,2024-01-17,Processing,0.0,534.67,Success
53779,,1,2024-04-20,Completed,0.0,189.83,Success
53780,2285.0,11,2022-12-27,Completed,0.0,190.77,Success
53781,1512.0,19,2022-12-20,Completed,0.0,825.43,Success
53782,1260.0,1,2024-08-17,Completed,99.0,196.06,Success
53783,2806.0,3,2024-10-14,Completed,0.0,0.0,Success
53784,2362.0,20,2023-12-24,Completed,0.0,247.09,Success
53785,1137.0,20,2025-09-12,Shipped,0.0,128.52,Success
53786,2754.0,8,2022-12-15,Completed,0.0,21827.37,Success
53787,1937.0,18,2024-03-10,Shipped,0.0,978.28,Success
53788,2982.0,16,2022-08-01,Processing,0.0,120.87,Success
53789,1969.0,4,2023-04-24,Completed,0.0,0.0,Success
53790,1285.0,20,2024-07-30,Completed,0.0,811.92,Success
53791,1356.0,16,2023-12-05,Completed,0.0,209.79,Success
53792,1688.0,10,2023-06-17,Cancelled,0.0,0.0,Cancelled
53793,1089.0,1,2026-01-20,Completed,0.0,1303.3,Success
53794,1232.0,13,2023-11-28,Completed,0.0,629.38,Success
53795,1396.0,11,2026-05-10,Completed,0.0,197.02,Success
53796,1519.0,2,2024-12-02,Completed,0.0,885.81,Success
53797,1425.0,20,2022-11-26,Completed,0.0,420.51,Success
53798,2003.0,1,2025-10-10,Completed,0.0,0.0,Success
53799,2972.0,17,2023-02-04,Completed,0.0,2243.99,Success
53800,1895.0,13,2025-04-06,Shipped,0.0,0.0,Success
53801,1995.0,1,2022-10-07,Completed,0.0,0.0,Success
53802,2295.0,20,2024-06-29,Completed,0.0,0.0,Success
53803,1600.0,20,2022-09-22,Completed,0.0,2436.86,Success
53804,1925.0,10,2022-11-24,Cancelled,0.0,267.95,Cancelled
53805,2626.0,20,2025-10-27,Completed,0.0,6247.39,Success
53806,1239.0,13,2022-07-11,Completed,0.0,228.35,Success
53807,1680.0,1,2022-04-06,Completed,0.0,0.0,Success
53808,1710.0,1,2023-02-15,Completed,0.0,1561.85,Success
53809,2692.0,8,2023-01-10,Shipped,0.0,0.0,Success
53810,2114.0,7,2022-02-15,Completed,0.0,2579.56,Success
53811,2401.0,1,2024-07-17,Completed,0.0,5617.41,Success
53812,2943.0,1,2022-11-20,Completed,0.0,351.61,Success
53813,1930.0,14,2025-09-29,Shipped,0.0,212.32,Success
53814,2988.0,1,2025-12-03,Completed,0.0,572.5,Success
53815,,1,2026-01-10,Completed,0.0,0.0,Success
53816,2096.0,1,2024-04-05,Shipped,0.0,20.36,Success
53817,1302.0,17,2026-01-23,Completed,0.0,1031.63,Success
53818,1847.0,14,2024-06-22,Completed,0.0,607.58,Success
53819,2146.0,3,2022-04-15,Shipped,0.0,358.9,Success
53820,2351.0,14,2025-04-07,Returned,0.0,3760.69,Refunded
53821,2881.0,12,2022-01-27,Completed,0.0,0.0,Success
53822,1709.0,1,2022-06-27,Completed,0.0,259.6,Success
53823,1330.0,1,2025-12-17,Shipped,0.0,90.88,Success
53824,2760.0,1,2025-05-18,Completed,0.0,0.0,Success
53825,1500.0,7,2023-10-21,Completed,0.0,754.2,Success
53826,2859.0,9,2025-11-07,Shipped,0.0,0.0,Success
53827,2243.0,1,2025-02-07,Completed,0.0,303.57,Success
53828,1338.0,12,2023-09-25,Processing,0.0,1858.57,Success
53829,1338.0,2,2024-04-17,Completed,0.0,0.0,Success
53830,1999.0,1,2025-11-15,Processing,0.0,1073.11,Success
53831,1186.0,1,2023-11-12,Cancelled,0.0,0.0,Cancelled
53832,2191.0,1,2022-05-07,Completed,0.0,0.0,Success
53833,1152.0,9,2023-06-18,Cancelled,0.0,160.31,Cancelled
53834,1813.0,15,2026-02-16,Shipped,0.0,0.0,Success
53835,1948.0,1,2025-02-21,Completed,0.0,3822.07,Success
53836,2185.0,7,2022-07-20,Completed,0.0,0.0,Success
53837,2353.0,1,2024-05-20,Completed,0.0,1399.35,Success
53838,1912.0,1,2025-07-30,Completed,0.0,169.41,Success
53839,2504.0,8,2022-06-20,Completed,0.0,270.81,Success
53840,2518.0,2,2023-06-28,Completed,0.0,0.0,Success
53841,2761.0,13,2026-05-25,Completed,0.0,292.5,Success
53842,2430.0,19,2025-06-03,Completed,0.0,0.0,Success
53843,2193.0,1,2022-05-10,Completed,0.0,1107.77,Success
53844,2906.0,8,2024-08-22,Shipped,0.0,1316.88,Success
53845,1284.0,5,2024-02-18,Completed,0.0,16170.42,Success
53846,2695.0,4,2025-11-01,Completed,0.0,139.64,Success
53847,1194.0,19,2024-11-26,Completed,0.0,0.0,Success
53848,1559.0,13,2023-02-22,Completed,0.0,0.0,Success
53849,2647.0,19,2024-12-07,Completed,0.0,966.83,Success
53850,1110.0,1,2026-02-27,Completed,0.0,4389.61,Success
53851,2662.0,1,2022-09-23,Completed,0.0,0.0,Success
53852,1018.0,6,2022-02-21,Shipped,0.0,60.73,Success
53853,1552.0,13,2024-04-19,Completed,0.0,0.0,Success
53854,2941.0,1,2025-07-03,Processing,0.0,2029.8,Success
53855,2432.0,1,2024-07-29,Completed,0.0,521.78,Success
53856,2501.0,1,2023-04-18,Completed,0.0,0.0,Success
53857,1621.0,1,2022-11-11,Completed,0.0,0.0,Success
53858,1566.0,9,2023-08-30,Completed,0.0,2373.72,Success
53859,2307.0,1,2026-04-05,Completed,0.0,1934.13,Success
53860,2307.0,5,2026-06-11,Completed,0.0,0.0,Success
53861,1262.0,6,2022-07-31,Completed,0.0,3739.08,Success
53862,2836.0,1,2022-12-07,Completed,0.0,0.0,Success
53863,1119.0,6,2025-02-13,Completed,0.0,0.0,Success
53864,2374.0,1,2025-11-05,Returned,0.0,0.0,Refunded
53865,2233.0,8,2024-06-29,Completed,0.0,0.0,Success
53866,1914.0,19,2025-11-19,Completed,0.0,2740.66,Success
53867,2396.0,10,2024-10-05,Shipped,0.0,6011.48,Success
53868,1107.0,7,2026-05-24,Returned,0.0,9367.48,Refunded
53869,1005.0,10,2024-07-20,Completed,0.0,2911.91,Success
53870,1681.0,20,2024-10-24,Completed,0.0,949.11,Success
53871,2217.0,13,2025-10-22,Processing,0.0,0.0,Success
53872,2075.0,1,2026-03-02,Completed,0.0,0.0,Success
53873,2257.0,2,2022-11-24,Completed,0.0,0.0,Success
53874,1503.0,18,2024-07-03,Completed,0.0,0.0,Success
53875,1682.0,12,2024-07-20,Completed,0.0,0.0,Success
53876,2466.0,1,2023-09-01,Completed,0.0,720.28,Success
53877,2286.0,6,2026-02-21,Shipped,0.0,256.11,Success
53878,1278.0,1,2025-10-17,Shipped,0.0,9992.76,Success
53879,2721.0,1,2022-01-21,Completed,99.0,43.51,Success
53880,1451.0,1,2025-12-27,Completed,0.0,3605.68,Success
53881,1748.0,8,2025-03-05,Completed,0.0,0.0,Success
53882,1080.0,9,2022-10-21,Cancelled,0.0,0.0,Cancelled
53883,1064.0,1,2024-05-28,Processing,0.0,0.0,Success
53884,1528.0,7,2024-09-09,Completed,0.0,411.59,Success
53885,2118.0,2,2022-03-28,Completed,0.0,888.9,Success
53886,2819.0,5,2022-01-31,Shipped,0.0,2399.12,Success
53887,1235.0,11,2022-12-11,Completed,0.0,0.0,Success
53888,2194.0,4,2024-08-10,Completed,0.0,0.0,Success
53889,1387.0,12,2023-09-09,Returned,0.0,472.89,Refunded
53890,2424.0,1,2024-03-31,Shipped,0.0,828.54,Success
53891,2549.0,15,2022-01-05,Cancelled,0.0,2394.98,Cancelled
53892,2526.0,1,2023-01-11,Completed,0.0,0.0,Success
53893,1308.0,1,2023-06-13,Completed,0.0,1517.25,Success
53894,1579.0,15,2025-10-18,Shipped,0.0,0.0,Success
53895,1794.0,4,2026-04-28,Completed,0.0,0.0,Success
53896,1879.0,9,2024-12-25,Processing,0.0,0.0,Success
53897,2240.0,16,2023-02-23,Cancelled,0.0,455.46,Cancelled
53898,2840.0,3,2023-10-10,Shipped,0.0,0.0,Success
53899,1650.0,4,2026-06-21,Returned,0.0,60.18,Refunded
53900,1058.0,12,2022-07-23,Processing,0.0,0.0,Success
53901,2153.0,20,2025-01-12,Completed,0.0,108.88,Success
53902,1395.0,20,2024-09-30,Completed,0.0,0.0,Success
53903,2937.0,15,2024-12-22,Completed,0.0,1586.56,Success
53904,1669.0,1,2022-11-11,Completed,0.0,2426.48,Success
53905,1765.0,19,2025-01-10,Completed,0.0,0.0,Success
53906,2771.0,1,2024-07-16,Shipped,0.0,11818.05,Success
53907,1346.0,2,2023-08-08,Completed,0.0,0.0,Success
53908,1677.0,1,2024-05-26,Completed,0.0,0.0,Success
53909,1392.0,8,2024-06-27,Completed,0.0,0.0,Success
53910,2546.0,5,2023-09-05,Completed,0.0,1302.01,Success
53911,1800.0,1,2022-01-31,Completed,99.0,0.0,Success
53912,2219.0,1,2025-06-06,Completed,99.0,0.0,Success
53913,2310.0,1,2023-01-03,Shipped,0.0,0.0,Success
53914,1132.0,1,2024-09-25,Shipped,0.0,0.0,Success
53915,,11,2026-06-15,Processing,0.0,268.57,Success
53916,1329.0,4,2022-05-15,Processing,0.0,0.0,Success
53917,2548.0,17,2024-07-04,Completed,0.0,380.32,Success
53918,2048.0,16,2024-05-22,Shipped,0.0,1029.76,Success
53919,1913.0,1,2023-09-13,Shipped,99.0,60.73,Success
53920,1662.0,1,2024-08-02,Completed,99.0,0.0,Success
53921,1701.0,13,2025-02-04,Shipped,0.0,962.85,Success
53922,1342.0,16,2025-12-16,Completed,0.0,0.0,Success
53923,1969.0,5,2022-06-22,Cancelled,0.0,0.0,Cancelled
53924,2106.0,1,2024-01-23,Completed,0.0,848.04,Success
53925,2596.0,1,2022-11-26,Completed,99.0,0.0,Success
53926,1461.0,1,2022-07-02,Completed,99.0,0.0,Success
53927,2184.0,11,2024-10-24,Shipped,0.0,0.0,Success
53928,1169.0,1,2022-02-10,Completed,0.0,6120.52,Success
53929,1027.0,6,2024-11-13,Processing,0.0,905.64,Success
53930,2500.0,9,2023-08-28,Cancelled,0.0,0.0,Cancelled
53931,1935.0,1,2025-04-14,Returned,99.0,0.0,Refunded
53932,1808.0,18,2024-02-09,Completed,0.0,0.0,Success
53933,2565.0,13,2025-10-29,Completed,0.0,0.0,Success
53934,2146.0,18,2023-06-28,Completed,0.0,0.0,Success
53935,2902.0,1,2023-02-24,Completed,0.0,37.23,Success
53936,1927.0,1,2023-09-03,Completed,0.0,0.0,Success
53937,1383.0,18,2023-01-24,Completed,0.0,0.0,Success
53938,1066.0,1,2024-12-12,Completed,0.0,771.58,Success
53939,1290.0,1,2025-05-14,Completed,0.0,0.0,Success
53940,2845.0,1,2024-01-19,Completed,99.0,0.0,Success
53941,1119.0,1,2025-07-01,Processing,0.0,1453.09,Success
53942,1880.0,1,2023-08-13,Cancelled,0.0,0.0,Cancelled
53943,1725.0,1,2022-03-24,Processing,0.0,0.0,Success
53944,2060.0,2,2022-10-19,Completed,0.0,0.0,Success
53945,1440.0,9,2022-10-22,Completed,0.0,0.0,Success
53946,2324.0,6,2026-01-04,Completed,0.0,53.58,Success
53947,1990.0,1,2023-09-20,Completed,0.0,404.86,Success
53948,1323.0,5,2026-02-03,Completed,0.0,0.0,Success
53949,2085.0,1,2023-04-28,Cancelled,0.0,0.0,Cancelled
53950,1062.0,1,2022-04-26,Shipped,0.0,1308.84,Success
53951,2105.0,1,2025-04-04,Completed,0.0,502.56,Success
53952,2366.0,7,2024-02-05,Completed,0.0,102.39,Success
53953,1751.0,12,2026-04-23,Processing,0.0,0.0,Success
53954,1178.0,9,2022-10-27,Shipped,0.0,0.0,Success
53955,2758.0,1,2022-12-21,Completed,99.0,0.0,Success
53956,2248.0,7,2022-06-05,Completed,0.0,121.93,Success
53957,1935.0,17,2024-07-09,Completed,0.0,0.0,Success
53958,2457.0,19,2024-02-08,Completed,0.0,0.0,Success
53959,1447.0,13,2023-02-14,Completed,0.0,16445.57,Success
53960,2892.0,15,2026-06-17,Completed,0.0,5214.18,Success
53961,2585.0,11,2025-08-08,Completed,0.0,0.0,Success
53962,2905.0,12,2026-05-01,Completed,0.0,932.39,Success
53963,1214.0,1,2025-02-10,Completed,99.0,0.0,Success
53964,1935.0,18,2022-06-12,Shipped,0.0,0.0,Success
53965,1142.0,14,2024-04-06,Completed,0.0,481.38,Success
53966,1003.0,12,2025-09-26,Completed,0.0,537.14,Success
53967,1505.0,1,2024-07-14,Completed,0.0,768.88,Success
53968,1665.0,3,2023-05-30,Returned,0.0,174.24,Refunded
53969,1118.0,10,2023-07-28,Processing,0.0,0.0,Success
53970,2820.0,13,2022-02-03,Completed,0.0,0.0,Success
53971,2269.0,1,2025-01-25,Completed,0.0,754.2,Success
53972,2750.0,3,2026-03-19,Processing,0.0,0.0,Success
53973,2203.0,1,2024-04-17,Completed,0.0,0.0,Success
53974,2261.0,1,2025-08-24,Completed,0.0,9376.6,Success
53975,2090.0,16,2026-02-02,Processing,0.0,0.0,Success
53976,1776.0,11,2022-09-23,Completed,0.0,653.05,Success
53977,2002.0,1,2022-10-22,Completed,0.0,553.94,Success
53978,1525.0,1,2024-06-29,Processing,0.0,1294.77,Success
53979,2926.0,18,2022-12-06,Completed,0.0,0.0,Success
53980,2914.0,4,2025-08-26,Completed,0.0,24.25,Success
53981,2082.0,17,2025-11-07,Shipped,0.0,137.7,Success
53982,2859.0,1,2026-02-12,Completed,0.0,4009.95,Success
53983,2312.0,1,2023-09-10,Completed,0.0,2982.27,Success
53984,2159.0,1,2026-03-28,Completed,0.0,1646.12,Success
53985,2318.0,17,2023-08-25,Shipped,0.0,964.16,Success
53986,2786.0,17,2025-01-14,Completed,0.0,0.0,Success
53987,1614.0,1,2024-11-14,Shipped,0.0,0.0,Success
53988,1012.0,13,2025-10-19,Returned,0.0,3301.71,Refunded
53989,2317.0,1,2024-10-08,Completed,0.0,0.0,Success
53990,2645.0,10,2023-07-15,Returned,0.0,190.49,Refunded
53991,1619.0,11,2023-10-29,Completed,0.0,0.0,Success
53992,1438.0,16,2025-05-01,Processing,0.0,0.0,Success
53993,2515.0,15,2025-10-04,Shipped,0.0,0.0,Success
53994,2585.0,18,2023-06-13,Completed,0.0,0.0,Success
53995,1420.0,6,2022-11-03,Completed,0.0,1061.34,Success
53996,1970.0,19,2026-03-24,Completed,0.0,0.0,Success
53997,2351.0,6,2024-07-05,Completed,0.0,1539.54,Success
53998,1828.0,9,2023-05-30,Processing,0.0,0.0,Success
53999,1957.0,11,2026-01-01,Completed,0.0,0.0,Success
54000,2540.0,1,2025-03-29,Completed,0.0,799.29,Success
54001,1346.0,3,2023-09-30,Completed,0.0,1429.16,Success
54002,2318.0,14,2023-03-24,Completed,0.0,0.0,Success
54003,1566.0,1,2022-06-28,Completed,0.0,4450.8,Success
54004,2846.0,1,2026-05-06,Processing,0.0,0.0,Success
54005,1896.0,4,2022-04-19,Completed,0.0,654.49,Success
54006,2374.0,1,2024-03-04,Completed,0.0,0.0,Success
54007,2865.0,5,2025-06-29,Completed,0.0,61205.17,Success
54008,1305.0,1,2025-03-12,Completed,0.0,0.0,Success
54009,1950.0,1,2023-11-16,Completed,99.0,0.0,Success
54010,2812.0,7,2022-04-29,Shipped,0.0,2656.42,Success
54011,2501.0,2,2023-09-12,Completed,0.0,818.6,Success
54012,2480.0,1,2024-06-09,Shipped,0.0,164.11,Success
54013,1629.0,9,2026-04-19,Completed,0.0,33.38,Success
54014,2254.0,8,2023-03-04,Completed,0.0,69.63,Success
54015,1898.0,17,2026-06-14,Returned,0.0,315.65,Refunded
54016,1301.0,1,2024-04-27,Completed,99.0,0.0,Success
54017,2543.0,1,2023-02-04,Returned,0.0,0.0,Refunded
54018,2764.0,1,2023-08-05,Returned,0.0,0.0,Refunded
54019,2670.0,1,2022-03-04,Completed,0.0,0.0,Success
54020,2582.0,4,2025-12-07,Completed,0.0,0.0,Success
54021,1910.0,1,2023-08-09,Completed,0.0,351.61,Success
54022,2893.0,12,2024-08-25,Shipped,0.0,531.1,Success
54023,1866.0,13,2025-06-30,Completed,0.0,888.94,Success
54024,1482.0,18,2026-03-16,Completed,0.0,637.5,Success
54025,2848.0,4,2025-10-03,Shipped,0.0,78.38,Success
54026,2840.0,1,2026-06-13,Completed,99.0,65.22,Success
54027,2187.0,12,2023-12-04,Shipped,0.0,66.77,Success
54028,2228.0,14,2025-11-10,Completed,0.0,420.39,Success
54029,2833.0,17,2025-10-09,Cancelled,0.0,98.3,Cancelled
54030,1633.0,1,2022-01-13,Completed,0.0,0.0,Success
54031,1615.0,1,2024-10-12,Completed,0.0,18.62,Success
54032,1114.0,9,2024-02-06,Completed,0.0,414.27,Success
54033,1911.0,14,2025-12-12,Shipped,0.0,534.83,Success
54034,1772.0,14,2024-05-17,Processing,0.0,0.0,Success
54035,1885.0,16,2025-01-10,Completed,0.0,393.85,Success
54036,1383.0,8,2024-05-04,Completed,0.0,471.38,Success
54037,1097.0,12,2024-12-15,Shipped,0.0,0.0,Success
54038,1981.0,3,2022-11-26,Processing,0.0,0.0,Success
54039,1054.0,20,2023-09-27,Completed,0.0,0.0,Success
54040,1765.0,16,2024-11-02,Completed,0.0,1384.11,Success
54041,1580.0,5,2022-02-14,Processing,0.0,294.91,Success
54042,1478.0,1,2023-01-29,Completed,0.0,0.0,Success
54043,1440.0,1,2022-10-13,Completed,0.0,886.86,Success
54044,2792.0,15,2023-02-18,Completed,0.0,3093.54,Success
54045,1709.0,11,2024-07-15,Shipped,0.0,0.0,Success
54046,2363.0,16,2025-12-08,Completed,0.0,5238.97,Success
54047,2948.0,16,2025-09-20,Completed,0.0,3813.22,Success
54048,1402.0,1,2022-05-18,Completed,0.0,51.95,Success
54049,2381.0,11,2025-11-26,Completed,0.0,28007.84,Success
54050,1387.0,11,2025-05-01,Completed,0.0,222.23,Success
54051,1929.0,9,2024-11-03,Cancelled,0.0,0.0,Cancelled
54052,1863.0,10,2022-07-24,Shipped,0.0,78.38,Success
54053,1882.0,1,2022-07-15,Completed,99.0,117.32,Success
54054,1209.0,6,2023-11-02,Completed,0.0,405.69,Success
54055,1704.0,1,2022-04-03,Completed,0.0,1076.97,Success
54056,2059.0,12,2022-10-07,Cancelled,0.0,0.0,Cancelled
54057,1372.0,1,2023-09-10,Completed,0.0,0.0,Success
54058,1383.0,5,2025-06-26,Completed,0.0,2038.29,Success
54059,1728.0,17,2023-01-22,Shipped,0.0,34.98,Success
54060,1741.0,18,2025-02-25,Cancelled,0.0,11675.93,Cancelled
54061,2248.0,1,2022-02-11,Completed,0.0,0.0,Success
54062,1614.0,1,2023-12-07,Completed,0.0,137.2,Success
54063,2508.0,19,2023-04-25,Cancelled,0.0,3091.61,Cancelled
54064,2828.0,2,2026-06-12,Completed,0.0,214.58,Success
54065,1670.0,11,2025-01-01,Processing,0.0,118.92,Success
54066,1630.0,2,2023-12-16,Completed,0.0,0.0,Success
54067,2559.0,18,2026-01-02,Cancelled,0.0,249.12,Cancelled
54068,2806.0,1,2025-11-23,Completed,0.0,0.0,Success
54069,1752.0,8,2022-04-14,Completed,0.0,0.0,Success
54070,1049.0,15,2026-03-09,Completed,0.0,0.0,Success
54071,1462.0,6,2026-05-05,Processing,0.0,702.13,Success
54072,2556.0,1,2022-11-03,Processing,0.0,1399.35,Success
54073,1121.0,1,2026-04-22,Completed,0.0,590.25,Success
54074,1544.0,1,2025-08-17,Completed,0.0,8766.84,Success
54075,1531.0,1,2022-01-01,Completed,0.0,8317.12,Success
54076,1761.0,1,2024-05-29,Processing,0.0,2148.48,Success
54077,2651.0,1,2022-12-18,Shipped,0.0,109.64,Success
54078,2399.0,1,2023-02-14,Completed,0.0,0.0,Success
54079,1507.0,1,2022-12-08,Cancelled,0.0,3700.71,Cancelled
54080,2410.0,3,2024-08-31,Shipped,0.0,1402.31,Success
54081,1216.0,13,2023-08-20,Completed,0.0,30057.68,Success
54082,1126.0,1,2024-06-01,Completed,99.0,0.0,Success
54083,2438.0,13,2024-07-26,Completed,0.0,978.45,Success
54084,2608.0,19,2025-05-10,Completed,0.0,607.58,Success
54085,2179.0,3,2022-04-13,Shipped,0.0,0.0,Success
54086,2452.0,1,2026-04-29,Processing,0.0,3283.42,Success
54087,2275.0,1,2022-08-11,Completed,0.0,0.0,Success
54088,2175.0,7,2024-06-15,Completed,0.0,420.69,Success
54089,1615.0,14,2024-04-23,Completed,0.0,796.67,Success
54090,2326.0,3,2025-08-26,Completed,0.0,2565.04,Success
54091,2807.0,4,2026-03-05,Completed,0.0,929.16,Success
54092,1023.0,1,2025-08-26,Completed,0.0,0.0,Success
54093,1105.0,1,2024-07-29,Completed,0.0,0.0,Success
54094,2224.0,1,2024-10-15,Completed,0.0,389.4,Success
54095,1849.0,12,2024-04-28,Completed,0.0,0.0,Success
54096,1297.0,1,2023-01-03,Completed,99.0,142.67,Success
54097,1190.0,5,2024-01-07,Completed,0.0,0.0,Success
54098,1108.0,1,2023-03-24,Completed,0.0,3562.76,Success
54099,2184.0,12,2023-01-19,Shipped,0.0,0.0,Success
54100,1646.0,8,2023-06-21,Returned,0.0,251.87,Refunded
54101,1888.0,1,2024-03-06,Completed,0.0,1822.73,Success
54102,1476.0,17,2022-08-23,Shipped,0.0,0.0,Success
54103,1785.0,19,2022-04-06,Completed,0.0,0.0,Success
54104,1631.0,14,2023-03-21,Completed,0.0,0.0,Success
54105,1208.0,1,2023-06-17,Returned,0.0,575.75,Refunded
54106,1529.0,20,2025-08-17,Processing,0.0,0.0,Success
54107,2423.0,1,2024-06-29,Shipped,0.0,0.0,Success
54108,1054.0,15,2025-09-02,Processing,0.0,354.6,Success
54109,2993.0,6,2022-05-02,Returned,0.0,0.0,Refunded
54110,1364.0,6,2024-01-20,Cancelled,0.0,34.98,Cancelled
54111,2121.0,1,2025-03-05,Completed,0.0,365.86,Success
54112,2959.0,9,2024-02-28,Shipped,0.0,3256.65,Success
54113,2614.0,1,2023-01-27,Returned,0.0,375.07,Refunded
54114,2558.0,1,2023-01-05,Returned,99.0,175.01,Refunded
54115,2932.0,6,2022-03-04,Completed,0.0,970.39,Success
54116,2493.0,11,2025-06-04,Processing,0.0,2779.03,Success
54117,2831.0,20,2025-10-30,Completed,0.0,150.64,Success
54118,2923.0,1,2025-02-24,Completed,99.0,0.0,Success
54119,2842.0,1,2025-08-13,Completed,99.0,9.11,Success
54120,2287.0,1,2023-11-14,Processing,0.0,0.0,Success
54121,1238.0,13,2024-07-27,Completed,0.0,89.23,Success
54122,1561.0,1,2023-11-02,Completed,0.0,0.0,Success
54123,1555.0,1,2024-07-08,Completed,0.0,4747.44,Success
54124,1676.0,1,2023-04-11,Returned,0.0,0.0,Refunded
54125,1211.0,15,2023-10-18,Cancelled,0.0,127.73,Cancelled
54126,1839.0,20,2024-10-13,Completed,0.0,0.0,Success
54127,1562.0,1,2022-10-11,Completed,0.0,12.65,Success
54128,2935.0,1,2024-11-16,Completed,0.0,12507.53,Success
54129,2720.0,17,2023-10-14,Shipped,0.0,63.28,Success
54130,1679.0,1,2024-03-25,Processing,0.0,0.0,Success
54131,1909.0,13,2023-03-09,Completed,0.0,798.04,Success
54132,2065.0,1,2023-07-08,Completed,99.0,0.0,Success
54133,1655.0,11,2024-01-03,Completed,0.0,0.0,Success
54134,1688.0,9,2025-07-18,Shipped,0.0,278.45,Success
54135,2273.0,10,2025-01-20,Processing,0.0,0.0,Success
54136,1795.0,8,2022-03-13,Completed,0.0,35.56,Success
54137,2999.0,8,2025-03-21,Completed,0.0,0.0,Success
54138,1105.0,7,2024-10-27,Processing,0.0,0.0,Success
54139,2953.0,3,2024-08-10,Completed,0.0,0.0,Success
54140,1630.0,1,2026-05-13,Completed,0.0,268.57,Success
54141,2321.0,14,2025-11-14,Completed,0.0,1898.99,Success
54142,2335.0,1,2025-08-18,Cancelled,0.0,566.54,Cancelled
54143,1993.0,11,2026-03-04,Completed,0.0,1845.48,Success
54144,1807.0,1,2023-01-25,Processing,99.0,35.56,Success
54145,1612.0,1,2023-09-14,Cancelled,99.0,0.0,Cancelled
54146,2812.0,17,2025-09-05,Shipped,0.0,0.0,Success
54147,1321.0,9,2023-05-30,Completed,0.0,1029.27,Success
54148,1423.0,14,2022-11-05,Completed,0.0,1399.35,Success
54149,2811.0,8,2025-03-31,Completed,0.0,276.67,Success
54150,2549.0,1,2022-08-20,Cancelled,0.0,341.48,Cancelled
54151,2823.0,9,2023-06-30,Shipped,0.0,115.58,Success
54152,1323.0,1,2022-03-01,Completed,0.0,0.0,Success
54153,2745.0,10,2023-09-17,Returned,0.0,2673.3,Refunded
54154,2466.0,1,2022-12-06,Completed,0.0,0.0,Success
54155,2059.0,3,2025-06-12,Completed,0.0,5964.54,Success
54156,1918.0,1,2024-01-30,Completed,0.0,567.75,Success
54157,1171.0,18,2024-05-29,Shipped,0.0,1653.02,Success
54158,2541.0,1,2026-04-16,Completed,0.0,0.0,Success
54159,2388.0,3,2024-02-08,Completed,0.0,0.0,Success
54160,2800.0,12,2024-06-17,Completed,0.0,341.85,Success
54161,1732.0,14,2023-03-23,Completed,0.0,0.0,Success
54162,1771.0,2,2026-01-18,Completed,0.0,9371.08,Success
54163,2581.0,13,2023-06-11,Completed,0.0,2918.9,Success
54164,2545.0,13,2022-10-24,Completed,0.0,0.0,Success
54165,1919.0,9,2025-05-14,Processing,0.0,847.29,Success
54166,2735.0,5,2024-04-02,Returned,0.0,0.0,Refunded
54167,1805.0,6,2023-06-30,Completed,0.0,0.0,Success
54168,2876.0,3,2023-02-02,Completed,0.0,0.0,Success
54169,2027.0,4,2026-03-18,Completed,0.0,111.75,Success
54170,1258.0,6,2022-03-04,Completed,0.0,0.0,Success
54171,1463.0,2,2022-05-19,Completed,0.0,5274.2,Success
54172,2628.0,19,2026-02-09,Completed,0.0,0.0,Success
54173,1647.0,8,2025-08-06,Completed,0.0,0.0,Success
54174,2002.0,1,2022-08-15,Completed,0.0,3362.97,Success
54175,1373.0,7,2022-07-11,Completed,0.0,300.36,Success
54176,2131.0,1,2026-04-17,Cancelled,0.0,1127.88,Cancelled
54177,2436.0,1,2022-04-18,Completed,0.0,2552.65,Success
54178,2983.0,17,2022-08-12,Shipped,0.0,444.47,Success
54179,1965.0,19,2022-11-19,Completed,0.0,0.0,Success
54180,1059.0,1,2025-05-10,Completed,0.0,46.18,Success
54181,2779.0,8,2024-03-20,Processing,0.0,0.0,Success
54182,2645.0,7,2025-02-25,Completed,0.0,0.0,Success
54183,2071.0,1,2023-09-14,Completed,0.0,310.43,Success
54184,1269.0,7,2023-12-06,Cancelled,0.0,85.68,Cancelled
54185,1986.0,17,2024-04-04,Completed,0.0,75.6,Success
54186,2859.0,3,2024-10-20,Completed,0.0,262.06,Success
54187,2582.0,10,2023-12-06,Completed,0.0,0.0,Success
54188,1785.0,15,2023-01-09,Completed,0.0,0.0,Success
54189,2033.0,12,2023-05-05,Completed,0.0,2431.0,Success
54190,2937.0,1,2022-09-16,Processing,99.0,44.62,Success
54191,1940.0,1,2024-01-29,Returned,0.0,3879.94,Refunded
54192,2950.0,11,2025-04-17,Shipped,0.0,131.03,Success
54193,1792.0,1,2025-11-05,Completed,0.0,571.51,Success
54194,1340.0,7,2023-02-15,Completed,0.0,366.29,Success
54195,2767.0,15,2025-06-20,Completed,0.0,193.36,Success
54196,1789.0,18,2023-12-11,Shipped,0.0,163.87,Success
54197,2349.0,19,2023-03-08,Cancelled,0.0,0.0,Cancelled
54198,2470.0,17,2025-02-16,Completed,0.0,0.0,Success
54199,1223.0,1,2022-03-25,Completed,0.0,29.73,Success
54200,2522.0,11,2026-01-18,Completed,0.0,301.29,Success
54201,1343.0,14,2022-11-10,Returned,0.0,321.21,Refunded
54202,2170.0,18,2023-04-29,Completed,0.0,0.0,Success
54203,2424.0,1,2022-01-13,Shipped,0.0,2875.92,Success
54204,2737.0,3,2025-05-14,Completed,0.0,0.0,Success
54205,1765.0,1,2025-10-15,Returned,0.0,0.0,Refunded
54206,1010.0,20,2024-07-30,Completed,0.0,5379.88,Success
54207,2905.0,11,2025-05-19,Completed,0.0,44.33,Success
54208,1383.0,9,2022-06-18,Completed,0.0,1177.79,Success
54209,1749.0,8,2026-04-30,Completed,0.0,0.0,Success
54210,2780.0,3,2023-01-16,Completed,0.0,0.0,Success
54211,1509.0,19,2024-11-23,Completed,0.0,1705.44,Success
54212,2458.0,1,2023-01-07,Completed,0.0,588.89,Success
54213,2521.0,3,2022-06-25,Processing,0.0,1365.99,Success
54214,2678.0,7,2022-05-15,Completed,0.0,1333.41,Success
54215,2649.0,1,2022-08-23,Shipped,99.0,0.0,Success
54216,2049.0,1,2024-12-15,Completed,0.0,0.0,Success
54217,2969.0,6,2023-09-21,Completed,0.0,0.0,Success
54218,1951.0,1,2023-04-03,Completed,0.0,0.0,Success
54219,2340.0,13,2022-11-18,Completed,0.0,4843.31,Success
54220,2814.0,17,2022-05-23,Shipped,0.0,0.0,Success
54221,2439.0,4,2022-05-27,Completed,0.0,0.0,Success
54222,2497.0,1,2022-03-19,Shipped,0.0,0.0,Success
54223,2709.0,1,2026-04-15,Shipped,0.0,2910.5,Success
54224,1141.0,12,2024-11-23,Completed,0.0,0.0,Success
54225,1293.0,8,2024-11-29,Completed,0.0,0.0,Success
54226,1620.0,1,2023-04-21,Completed,0.0,0.0,Success
54227,1940.0,9,2023-07-31,Completed,0.0,83.96,Success
54228,2604.0,2,2024-02-04,Completed,0.0,21338.42,Success
54229,2431.0,1,2025-04-07,Completed,99.0,0.0,Success
54230,1359.0,2,2025-02-13,Completed,0.0,8997.69,Success
54231,1165.0,1,2025-07-16,Shipped,0.0,0.0,Success
54232,1678.0,1,2024-11-13,Shipped,0.0,0.0,Success
54233,2728.0,12,2022-01-24,Processing,0.0,2756.18,Success
54234,2600.0,20,2024-05-13,Completed,0.0,3654.35,Success
54235,2704.0,8,2023-01-06,Completed,0.0,676.62,Success
54236,1235.0,5,2023-07-11,Shipped,0.0,3856.64,Success
54237,1999.0,18,2025-11-09,Completed,0.0,86.61,Success
54238,2901.0,18,2024-01-10,Cancelled,0.0,2476.28,Cancelled
54239,2058.0,14,2025-09-07,Cancelled,0.0,644.64,Cancelled
54240,1954.0,16,2026-02-19,Completed,0.0,8962.64,Success
54241,1535.0,1,2023-02-21,Cancelled,0.0,0.0,Cancelled
54242,1001.0,3,2024-11-26,Returned,0.0,0.0,Refunded
54243,2282.0,19,2022-03-03,Completed,0.0,1395.33,Success
54244,2885.0,1,2025-11-23,Completed,0.0,0.0,Success
54245,1416.0,7,2025-09-28,Completed,0.0,301.29,Success
54246,2735.0,13,2024-06-02,Completed,0.0,618.39,Success
54247,2203.0,5,2023-08-24,Completed,0.0,0.0,Success
54248,2891.0,18,2023-04-17,Completed,0.0,2640.22,Success
54249,2748.0,8,2024-12-30,Completed,0.0,0.0,Success
54250,1037.0,2,2025-08-05,Completed,0.0,0.0,Success
54251,1288.0,1,2023-03-21,Completed,0.0,146.25,Success
54252,2944.0,6,2023-11-21,Shipped,0.0,1858.32,Success
54253,1319.0,9,2023-06-14,Completed,0.0,0.0,Success
54254,1457.0,13,2023-07-12,Completed,0.0,0.0,Success
54255,1362.0,2,2026-03-06,Completed,0.0,175.54,Success
54256,1183.0,9,2022-01-25,Shipped,0.0,0.0,Success
54257,2480.0,6,2025-01-01,Completed,0.0,0.0,Success
54258,1077.0,10,2026-04-21,Completed,0.0,0.0,Success
54259,2762.0,1,2026-02-28,Completed,0.0,1806.7,Success
54260,1073.0,1,2024-09-24,Completed,0.0,81.72,Success
54261,2690.0,18,2022-04-27,Completed,0.0,656.91,Success
54262,1957.0,19,2024-01-09,Completed,0.0,733.08,Success
54263,1989.0,4,2025-04-30,Shipped,0.0,60.97,Success
54264,2592.0,1,2025-04-27,Completed,0.0,287.87,Success
54265,1174.0,11,2025-01-26,Completed,0.0,0.0,Success
54266,1491.0,19,2022-11-02,Completed,0.0,29.73,Success
54267,1956.0,1,2024-10-15,Completed,0.0,1031.63,Success
54268,2169.0,1,2023-10-07,Completed,0.0,0.0,Success
54269,2744.0,1,2022-09-01,Cancelled,0.0,1710.02,Cancelled
54270,2186.0,1,2026-05-19,Completed,0.0,96.46,Success
54271,1877.0,1,2023-11-27,Completed,0.0,0.0,Success
54272,2322.0,1,2025-05-20,Completed,0.0,610.79,Success
54273,2486.0,6,2022-05-07,Completed,0.0,391.36,Success
54274,1201.0,15,2023-05-01,Completed,0.0,233.65,Success
54275,1317.0,17,2022-09-10,Completed,0.0,122.42,Success
54276,1797.0,1,2024-01-07,Completed,99.0,63.87,Success
54277,1896.0,18,2023-02-09,Completed,0.0,0.0,Success
54278,1921.0,19,2026-01-17,Completed,0.0,0.0,Success
54279,1455.0,1,2025-05-14,Returned,0.0,866.06,Refunded
54280,2518.0,6,2025-02-18,Completed,0.0,2466.3,Success
54281,2354.0,6,2023-02-14,Processing,0.0,7969.25,Success
54282,1738.0,1,2025-05-05,Completed,0.0,0.0,Success
54283,2056.0,17,2023-05-24,Completed,0.0,1717.49,Success
54284,2170.0,3,2022-02-06,Completed,0.0,0.0,Success
54285,1278.0,2,2025-01-02,Returned,0.0,0.0,Refunded
54286,2691.0,12,2024-08-13,Processing,0.0,1814.13,Success
54287,1178.0,1,2022-03-24,Completed,0.0,0.0,Success
54288,1545.0,1,2022-11-04,Completed,0.0,0.0,Success
54289,1359.0,20,2035-12-31,Completed,0.0,2063.26,Success
54290,1630.0,7,2025-05-29,Completed,0.0,0.0,Success
54291,2872.0,14,2022-09-29,Completed,0.0,0.0,Success
54292,2372.0,8,2026-04-04,Completed,0.0,0.0,Success
54293,2027.0,1,2022-07-11,Completed,0.0,1118.07,Success
54294,1113.0,11,2023-08-12,Returned,0.0,419.97,Refunded
54295,1983.0,1,2022-05-24,Completed,0.0,1407.44,Success
54296,2788.0,1,2024-12-23,Completed,99.0,0.0,Success
54297,2210.0,5,2026-04-16,Completed,0.0,414.62,Success
54298,1320.0,6,2023-08-22,Completed,0.0,24951.36,Success
54299,1785.0,1,2023-06-12,Completed,0.0,1014.16,Success
54300,1192.0,2,2026-03-28,Completed,0.0,1210.53,Success
54301,1208.0,1,2025-09-06,Completed,0.0,0.0,Success
54302,1164.0,5,2025-01-22,Completed,0.0,732.46,Success
54303,1963.0,1,2024-09-11,Completed,0.0,930.26,Success
54304,1704.0,11,2026-04-03,Completed,0.0,0.0,Success
54305,2040.0,5,2024-01-26,Completed,0.0,0.0,Success
54306,2992.0,20,2026-05-20,Completed,0.0,0.0,Success
54307,1109.0,17,2024-09-10,Processing,0.0,0.0,Success
54308,2383.0,1,2026-06-17,Completed,0.0,0.0,Success
54309,1650.0,1,2023-08-01,Shipped,0.0,0.0,Success
54310,2359.0,9,2026-04-25,Completed,0.0,1130.67,Success
54311,2513.0,8,2022-06-13,Completed,0.0,37.23,Success
54312,2064.0,13,2023-11-14,Completed,0.0,0.0,Success
54313,1868.0,17,2024-06-06,Completed,0.0,278.94,Success
54314,2128.0,1,2023-02-17,Returned,0.0,3280.89,Refunded
54315,1697.0,1,2025-01-17,Completed,0.0,4862.01,Success
54316,2096.0,6,2023-07-11,Completed,0.0,0.0,Success
54317,1843.0,5,2024-07-27,Completed,0.0,489.7,Success
54318,2500.0,1,2023-01-13,Completed,0.0,1234.27,Success
54319,1724.0,5,2022-04-04,Completed,0.0,11363.19,Success
54320,1453.0,6,2024-06-30,Shipped,0.0,0.0,Success
54321,1006.0,8,2025-12-02,Processing,0.0,2631.14,Success
54322,2457.0,2,2024-06-24,Completed,0.0,0.0,Success
54323,1372.0,12,2022-09-23,Completed,0.0,0.0,Success
54324,2192.0,10,2024-01-16,Cancelled,0.0,0.0,Cancelled
54325,2615.0,15,2022-05-05,Cancelled,0.0,0.0,Cancelled
54326,2000.0,1,2023-09-04,Completed,0.0,1761.74,Success
54327,2262.0,7,2022-03-01,Completed,0.0,35.68,Success
54328,2883.0,17,2024-09-26,Completed,0.0,1842.48,Success
54329,1355.0,20,2023-08-04,Completed,0.0,0.0,Success
54330,1045.0,17,2024-04-07,Completed,0.0,127.42,Success
54331,2767.0,6,2022-09-07,Cancelled,0.0,8317.12,Cancelled
54332,2316.0,1,2022-03-27,Cancelled,0.0,614.93,Cancelled
54333,2658.0,12,2024-11-27,Completed,0.0,53.44,Success
54334,2120.0,17,2022-12-16,Completed,0.0,1810.69,Success
54335,2602.0,5,2022-10-12,Completed,0.0,1289.52,Success
54336,2369.0,1,2022-07-25,Completed,0.0,275.14,Success
54337,1048.0,8,2024-03-29,Completed,0.0,0.0,Success
54338,2212.0,1,2023-06-11,Completed,0.0,1066.12,Success
54339,2945.0,8,2024-03-17,Shipped,0.0,8129.84,Success
54340,2008.0,11,2022-05-20,Completed,0.0,0.0,Success
54341,1577.0,18,2026-02-07,Completed,0.0,3283.42,Success
54342,2431.0,1,2025-07-07,Completed,99.0,0.0,Success
54343,2584.0,1,2023-04-19,Returned,0.0,0.0,Refunded
54344,2155.0,1,2024-08-04,Completed,0.0,0.0,Success
54345,1274.0,1,2022-09-19,Completed,0.0,490.83,Success
54346,1058.0,1,2024-10-23,Cancelled,0.0,275.41,Cancelled
54347,1879.0,1,2024-03-19,Completed,0.0,0.0,Success
54348,1092.0,3,2023-05-09,Completed,0.0,256.91,Success
54349,1524.0,19,2026-01-03,Completed,0.0,132.97,Success
54350,2863.0,1,2022-12-07,Completed,99.0,39.19,Success
54351,1409.0,12,2025-10-23,Completed,0.0,7353.27,Success
54352,1750.0,1,2023-08-23,Completed,0.0,0.0,Success
54353,1419.0,9,2025-03-26,Shipped,0.0,0.0,Success
54354,1035.0,7,2024-10-16,Completed,0.0,2446.43,Success
54355,2984.0,13,2025-11-10,Shipped,0.0,356.45,Success
54356,2551.0,12,2022-07-18,Completed,0.0,1431.98,Success
54357,1095.0,1,2022-06-26,Completed,0.0,0.0,Success
54358,1310.0,12,2023-02-16,Completed,0.0,4866.59,Success
54359,1249.0,5,2022-11-16,Processing,0.0,2063.74,Success
54360,2943.0,16,2024-04-16,Completed,0.0,1086.8,Success
54361,2285.0,8,2024-03-24,Cancelled,0.0,0.0,Cancelled
54362,2595.0,1,2026-01-19,Processing,99.0,40.87,Success
54363,1796.0,1,2025-05-23,Completed,0.0,0.0,Success
54364,1566.0,19,2023-06-13,Completed,0.0,0.0,Success
54365,2425.0,1,2023-12-04,Shipped,0.0,0.0,Success
54366,1983.0,1,2022-08-12,Cancelled,0.0,1305.72,Cancelled
54367,1919.0,11,2024-03-02,Completed,0.0,57.84,Success
54368,2144.0,13,2024-02-09,Completed,0.0,0.0,Success
54369,1693.0,1,2023-02-26,Completed,0.0,161.16,Success
54370,2629.0,1,2024-05-22,Completed,0.0,2673.3,Success
54371,2413.0,6,2023-05-21,Completed,0.0,0.0,Success
54372,2456.0,2,2026-06-24,Shipped,0.0,768.67,Success
54373,2047.0,1,2023-12-21,Processing,0.0,0.0,Success
54374,1952.0,1,2024-07-31,Completed,0.0,0.0,Success
54375,2071.0,20,2022-11-21,Completed,0.0,1450.24,Success
54376,2119.0,6,2023-03-17,Shipped,0.0,4867.57,Success
54377,1055.0,3,2022-10-24,Processing,0.0,0.0,Success
54378,1606.0,5,2025-12-01,Shipped,0.0,2772.37,Success
54379,1031.0,16,2025-09-21,Completed,0.0,206.81,Success
54380,2223.0,17,2024-11-23,Completed,0.0,2751.67,Success
54381,2015.0,1,2026-02-10,Shipped,0.0,271.3,Success
54382,1330.0,8,2022-09-02,Completed,0.0,433.73,Success
54383,2357.0,6,2025-11-09,Completed,0.0,0.0,Success
54384,1188.0,20,2025-01-16,Processing,0.0,641.0,Success
54385,2870.0,10,2023-09-24,Shipped,0.0,86.51,Success
54386,2410.0,1,2022-02-16,Completed,0.0,12111.67,Success
54387,2599.0,1,2026-04-28,Cancelled,0.0,1308.47,Cancelled
54388,1541.0,2,2023-06-26,Completed,0.0,0.0,Success
54389,1130.0,14,2025-03-09,Returned,0.0,2442.49,Refunded
54390,1989.0,14,2023-01-08,Completed,0.0,5927.7,Success
54391,2724.0,1,2023-08-26,Shipped,0.0,983.21,Success
54392,2411.0,17,2025-02-27,Completed,0.0,965.61,Success
54393,2729.0,10,2026-03-09,Completed,0.0,0.0,Success
54394,2505.0,2,2023-12-31,Processing,0.0,0.0,Success
54395,2701.0,1,2024-04-27,Completed,0.0,90.28,Success
54396,1848.0,3,2024-11-23,Completed,0.0,0.0,Success
54397,2860.0,19,2023-11-15,Completed,0.0,283.88,Success
54398,1947.0,1,2024-05-04,Completed,0.0,469.15,Success
54399,,1,2024-12-17,Completed,0.0,1218.12,Success
54400,1977.0,1,2023-07-02,Cancelled,0.0,1738.82,Cancelled
54401,2655.0,11,2023-01-13,Completed,0.0,1620.15,Success
54402,2832.0,1,2023-12-20,Completed,0.0,0.0,Success
54403,2658.0,1,2022-09-18,Completed,0.0,115.67,Success
54404,1154.0,18,2023-03-21,Completed,0.0,807.73,Success
54405,1181.0,7,2022-12-31,Completed,0.0,327.22,Success
54406,2271.0,1,2023-02-18,Cancelled,0.0,530.67,Cancelled
54407,2912.0,1,2024-04-29,Shipped,0.0,0.0,Success
54408,1420.0,16,2026-01-27,Completed,0.0,2410.3,Success
54409,1666.0,13,2024-11-11,Completed,0.0,21535.78,Success
54410,1768.0,6,2025-09-25,Completed,0.0,268.57,Success
54411,1518.0,17,2025-08-20,Shipped,0.0,109.64,Success
54412,1513.0,9,2026-01-13,Completed,0.0,1370.87,Success
54413,2339.0,20,2022-11-03,Completed,0.0,0.0,Success
54414,2711.0,9,2022-05-18,Completed,0.0,0.0,Success
54415,2548.0,1,2024-12-17,Completed,0.0,0.0,Success
54416,1568.0,12,2023-06-03,Completed,0.0,37838.41,Success
54417,2963.0,17,2022-01-16,Completed,0.0,870.42,Success
54418,2917.0,1,2024-04-12,Completed,0.0,546.69,Success
54419,1001.0,1,2024-11-15,Completed,0.0,3123.7,Success
54420,1328.0,1,2024-01-26,Completed,0.0,318.66,Success
54421,1148.0,9,2025-05-29,Shipped,0.0,0.0,Success
54422,1349.0,15,2023-10-16,Completed,0.0,0.0,Success
54423,1427.0,1,2025-01-18,Completed,0.0,0.0,Success
54424,2680.0,4,2024-08-26,Completed,0.0,0.0,Success
54425,1097.0,4,2026-05-02,Shipped,0.0,877.49,Success
54426,2298.0,11,2024-08-06,Returned,0.0,1044.73,Refunded
54427,2215.0,12,2024-04-12,Completed,0.0,0.0,Success
54428,2843.0,15,2024-09-22,Shipped,0.0,196.93,Success
54429,1261.0,1,2022-02-28,Completed,99.0,102.39,Success
54430,2844.0,15,2023-01-04,Completed,0.0,929.16,Success
54431,2781.0,1,2023-06-28,Completed,0.0,69.97,Success
54432,2037.0,7,2023-11-11,Cancelled,0.0,6566.83,Cancelled
54433,1029.0,1,2024-04-29,Completed,99.0,72.85,Success
54434,2841.0,1,2023-03-18,Completed,0.0,0.0,Success
54435,1033.0,1,2024-06-21,Completed,0.0,0.0,Success
54436,1044.0,2,2025-10-12,Shipped,0.0,0.0,Success
54437,1270.0,12,2025-09-27,Completed,0.0,0.0,Success
54438,1978.0,1,2022-02-06,Returned,0.0,45.44,Refunded
54439,1912.0,1,2025-06-22,Completed,0.0,1474.88,Success
54440,2458.0,1,2024-03-07,Completed,0.0,0.0,Success
54441,1904.0,1,2025-05-19,Returned,0.0,0.0,Refunded
54442,1124.0,11,2024-05-31,Completed,0.0,947.24,Success
54443,1449.0,1,2023-10-30,Completed,0.0,1883.26,Success
54444,2984.0,19,2024-02-26,Processing,0.0,5636.65,Success
54445,1575.0,18,2024-02-14,Completed,0.0,5905.45,Success
54446,2176.0,12,2024-06-01,Completed,0.0,1737.21,Success
54447,1696.0,1,2022-12-07,Shipped,0.0,1353.07,Success
54448,1130.0,1,2026-01-02,Completed,0.0,0.0,Success
54449,1036.0,1,2024-03-02,Completed,0.0,1681.57,Success
54450,2234.0,14,2025-11-22,Completed,0.0,0.0,Success
54451,2524.0,11,2025-07-15,Cancelled,0.0,0.0,Cancelled
54452,2525.0,1,2024-10-11,Completed,0.0,1593.29,Success
54453,1655.0,2,2026-01-02,Cancelled,0.0,69.97,Cancelled
54454,1416.0,1,2023-10-08,Completed,0.0,183.58,Success
54455,1023.0,1,2022-07-23,Shipped,0.0,66.23,Success
54456,2779.0,16,2024-08-19,Shipped,0.0,121.46,Success
54457,1361.0,13,2022-11-07,Completed,0.0,0.0,Success
54458,1443.0,11,2022-04-11,Completed,0.0,1336.65,Success
54459,1169.0,10,2025-05-28,Completed,0.0,351.63,Success
54460,2857.0,6,2023-01-03,Returned,0.0,0.0,Refunded
54461,2075.0,20,2024-07-14,Completed,0.0,311.53,Success
54462,2480.0,20,2026-01-17,Completed,0.0,114.48,Success
54463,1993.0,18,2023-06-08,Returned,0.0,164.11,Refunded
54464,1823.0,1,2025-10-10,Completed,0.0,0.0,Success
54465,2075.0,12,2022-08-07,Completed,0.0,3891.41,Success
54466,2548.0,1,2024-05-03,Completed,0.0,124.56,Success
54467,1971.0,2,2025-04-29,Completed,0.0,338.31,Success
54468,1964.0,1,2024-09-16,Completed,0.0,1052.32,Success
54469,1439.0,15,2023-11-27,Processing,0.0,4874.12,Success
54470,1440.0,4,2026-02-14,Completed,0.0,298.04,Success
54471,2016.0,1,2024-06-19,Shipped,0.0,0.0,Success
54472,1889.0,9,2025-10-23,Completed,0.0,0.0,Success
54473,2611.0,1,2024-05-18,Completed,0.0,0.0,Success
54474,2911.0,1,2025-12-18,Completed,0.0,0.0,Success
54475,2683.0,1,2023-02-03,Shipped,0.0,3109.95,Success
54476,2526.0,1,2026-04-13,Completed,0.0,800.66,Success
54477,1912.0,12,2026-06-08,Completed,0.0,51.95,Success
54478,2719.0,1,2022-02-07,Shipped,0.0,725.13,Success
54479,1338.0,3,2026-03-02,Completed,0.0,0.0,Success
54480,2468.0,4,2023-06-09,Completed,0.0,1941.48,Success
54481,2148.0,14,2024-08-14,Completed,0.0,0.0,Success
54482,1915.0,13,2024-12-25,Shipped,0.0,685.99,Success
54483,2418.0,20,2024-07-04,Completed,0.0,0.0,Success
54484,2678.0,9,2022-02-22,Completed,0.0,0.0,Success
54485,2483.0,1,2023-12-28,Completed,0.0,989.0,Success
54486,2705.0,12,2025-01-11,Completed,0.0,0.0,Success
54487,2155.0,13,2022-03-08,Completed,0.0,0.0,Success
54488,2474.0,20,2023-08-09,Completed,0.0,0.0,Success
54489,2182.0,5,2025-11-26,Completed,0.0,0.0,Success
54490,2468.0,3,2025-09-12,Returned,0.0,157.35,Refunded
54491,1399.0,3,2026-01-03,Completed,0.0,3144.82,Success
54492,2666.0,1,2025-09-11,Cancelled,0.0,5635.44,Cancelled
54493,1012.0,6,2023-01-27,Completed,0.0,79.51,Success
54494,1810.0,5,2023-06-01,Cancelled,0.0,559.31,Cancelled
54495,2506.0,1,2024-01-19,Completed,0.0,3141.02,Success
54496,2788.0,8,2022-01-24,Shipped,0.0,0.0,Success
54497,1453.0,11,2022-07-12,Returned,0.0,808.89,Refunded
54498,2245.0,1,2025-02-04,Processing,0.0,0.0,Success
54499,2916.0,1,2024-09-19,Completed,0.0,0.0,Success
54500,1473.0,1,2025-11-13,Completed,0.0,0.0,Success
54501,2682.0,1,2024-01-12,Completed,99.0,107.17,Success
54502,2411.0,12,2024-12-21,Completed,0.0,289.54,Success
54503,1451.0,1,2024-02-25,Processing,0.0,180.54,Success
54504,1249.0,8,2024-04-14,Completed,0.0,0.0,Success
54505,2459.0,17,2026-03-06,Shipped,0.0,0.0,Success
54506,2515.0,1,2026-03-24,Shipped,0.0,0.0,Success
54507,1645.0,18,2024-11-04,Processing,0.0,0.0,Success
54508,1205.0,12,2026-05-20,Cancelled,0.0,2009.04,Cancelled
54509,1001.0,1,2024-09-08,Completed,0.0,302.29,Success
54510,1182.0,15,2025-08-30,Processing,0.0,0.0,Success
54511,2101.0,17,2024-09-21,Completed,0.0,477.91,Success
54512,1713.0,1,2023-03-05,Shipped,0.0,26374.03,Success
54513,1281.0,15,2024-04-12,Completed,0.0,0.0,Success
54514,2121.0,1,2022-12-28,Shipped,0.0,572.5,Success
54515,2250.0,5,2024-02-04,Returned,0.0,32.23,Refunded
54516,2268.0,12,2026-04-10,Completed,0.0,731.72,Success
54517,1339.0,1,2025-07-14,Completed,0.0,0.0,Success
54518,,19,2022-05-05,Shipped,0.0,968.44,Success
54519,1125.0,1,2026-06-20,Completed,0.0,86.51,Success
54520,1595.0,1,2025-08-13,Shipped,0.0,934.4,Success
54521,1617.0,9,2024-08-02,Completed,0.0,634.8,Success
54522,1394.0,7,2023-03-03,Completed,0.0,2240.66,Success
54523,2863.0,14,2022-04-13,Completed,0.0,836.52,Success
54524,1107.0,1,2024-01-04,Completed,0.0,0.0,Success
54525,1708.0,19,2023-05-30,Returned,0.0,772.9,Refunded
54526,2500.0,17,2022-10-14,Shipped,0.0,0.0,Success
54527,1374.0,13,2023-03-08,Completed,0.0,0.0,Success
54528,2825.0,8,2023-07-07,Cancelled,0.0,3.33,Cancelled
54529,2789.0,1,2024-06-16,Returned,0.0,11313.03,Refunded
54530,2455.0,1,2024-06-08,Completed,0.0,22602.16,Success
54531,2155.0,13,2023-12-14,Completed,0.0,1245.71,Success
54532,1502.0,20,2022-06-21,Completed,0.0,90.27,Success
54533,1396.0,1,2025-04-04,Processing,0.0,0.0,Success
54534,2835.0,10,2026-03-30,Completed,0.0,0.0,Success
54535,2862.0,4,2023-03-08,Completed,0.0,2418.55,Success
54536,2677.0,2,2025-11-08,Completed,0.0,0.0,Success
54537,1785.0,2,2024-11-07,Completed,0.0,0.0,Success
54538,2169.0,3,2023-04-07,Completed,0.0,330.33,Success
54539,2018.0,9,2023-08-06,Completed,0.0,18.62,Success
54540,1109.0,19,2025-01-06,Cancelled,0.0,0.0,Cancelled
54541,2720.0,11,2022-07-24,Completed,0.0,1291.2,Success
54542,1805.0,1,2023-10-01,Completed,0.0,485.26,Success
54543,1879.0,15,2022-02-22,Completed,0.0,1750.6,Success
54544,2598.0,4,2023-01-01,Completed,0.0,0.0,Success
54545,2942.0,1,2024-06-10,Completed,0.0,2373.72,Success
54546,2001.0,18,2024-10-16,Completed,0.0,0.0,Success
54547,2288.0,1,2023-06-07,Completed,0.0,130.45,Success
54548,2675.0,1,2025-04-07,Shipped,0.0,101.12,Success
54549,1198.0,1,2024-12-11,Completed,0.0,0.0,Success
54550,1501.0,1,2025-07-30,Shipped,0.0,0.0,Success
54551,1807.0,14,2024-09-16,Completed,0.0,1352.21,Success
54552,2600.0,1,2025-05-12,Completed,0.0,682.96,Success
54553,1746.0,3,2025-03-17,Completed,0.0,0.0,Success
54554,2792.0,2,2024-02-28,Completed,0.0,242.55,Success
54555,1832.0,10,2025-10-14,Completed,0.0,231.34,Success
54556,2608.0,6,2022-02-10,Completed,0.0,910.17,Success
54557,2028.0,5,2023-03-18,Completed,0.0,311.53,Success
54558,1551.0,1,2025-01-13,Cancelled,0.0,0.0,Cancelled
54559,2625.0,11,2025-08-03,Completed,0.0,0.0,Success
54560,2199.0,4,2022-07-02,Returned,0.0,0.0,Refunded
54561,2129.0,10,2024-03-18,Completed,0.0,71.36,Success
54562,2724.0,12,2023-07-08,Completed,0.0,5848.55,Success
54563,2264.0,1,2022-05-22,Completed,0.0,0.0,Success
54564,2047.0,4,2022-10-18,Returned,0.0,0.0,Refunded
54565,1245.0,11,2022-04-13,Completed,0.0,4747.44,Success
54566,1894.0,5,2023-06-25,Completed,0.0,16719.51,Success
54567,1836.0,11,2022-06-16,Completed,0.0,0.0,Success
54568,1327.0,4,2023-08-03,Completed,0.0,4295.26,Success
54569,1598.0,17,2025-02-09,Completed,0.0,0.0,Success
54570,2999.0,1,2024-02-15,Cancelled,0.0,3094.89,Cancelled
54571,2075.0,6,2022-12-09,Completed,0.0,190.83,Success
54572,1714.0,1,2025-02-16,Completed,0.0,0.0,Success
54573,1714.0,14,2025-11-06,Shipped,0.0,0.0,Success
54574,1753.0,14,2023-03-27,Returned,0.0,11770.39,Refunded
54575,2562.0,19,2026-05-24,Completed,0.0,0.0,Success
54576,2234.0,20,2026-03-17,Returned,0.0,0.0,Refunded
54577,1404.0,11,2023-03-19,Shipped,0.0,899.77,Success
54578,2917.0,20,2024-03-04,Completed,0.0,498.25,Success
54579,1706.0,10,2025-12-09,Completed,0.0,0.0,Success
54580,2189.0,1,2025-01-23,Completed,99.0,0.0,Success
54581,1415.0,1,2025-12-29,Completed,0.0,0.0,Success
54582,2126.0,19,2022-06-19,Completed,0.0,0.0,Success
54583,2374.0,12,2022-03-03,Completed,0.0,0.0,Success
54584,1447.0,19,2022-03-07,Completed,0.0,811.92,Success
54585,2596.0,1,2022-10-25,Processing,0.0,0.0,Success
54586,2802.0,1,2025-06-05,Completed,0.0,0.0,Success
54587,2051.0,1,2022-11-21,Completed,99.0,186.23,Success
54588,2293.0,1,2022-10-22,Cancelled,99.0,0.0,Cancelled
54589,1042.0,1,2025-12-21,Returned,0.0,0.0,Refunded
54590,2432.0,18,2024-09-29,Cancelled,0.0,6346.25,Cancelled
54591,1905.0,5,2022-09-02,Completed,0.0,0.0,Success
54592,2627.0,3,2025-08-25,Shipped,0.0,0.0,Success
54593,2176.0,1,2022-12-04,Completed,0.0,1933.66,Success
54594,2817.0,18,2023-11-13,Completed,0.0,1917.81,Success
54595,1646.0,14,2025-01-28,Completed,0.0,627.39,Success
54596,2537.0,6,2024-04-17,Completed,0.0,0.0,Success
54597,1267.0,11,2022-06-28,Returned,0.0,9701.76,Refunded
54598,2067.0,1,2026-06-19,Completed,0.0,763.4,Success
54599,1976.0,20,2024-11-04,Completed,0.0,686.38,Success
54600,1098.0,2,2023-08-09,Completed,0.0,32.23,Success
54601,2482.0,20,2022-03-19,Completed,0.0,2098.84,Success
54602,2801.0,2,2026-05-11,Returned,0.0,6780.65,Refunded
54603,2588.0,12,2025-02-11,Completed,0.0,0.0,Success
54604,2386.0,11,2025-02-13,Completed,0.0,1080.1,Success
54605,1245.0,7,2024-05-29,Completed,0.0,0.0,Success
54606,1706.0,16,2022-12-29,Shipped,0.0,0.0,Success
54607,2607.0,1,2025-03-15,Shipped,0.0,0.0,Success
54608,2659.0,1,2024-06-28,Cancelled,0.0,772.9,Cancelled
54609,1398.0,4,2025-08-21,Completed,0.0,1980.39,Success
54610,1264.0,3,2025-04-19,Completed,0.0,0.0,Success
54611,1290.0,17,2023-05-31,Shipped,0.0,0.0,Success
54612,1246.0,8,2025-11-09,Completed,0.0,0.0,Success
54613,2034.0,1,2024-05-27,Completed,0.0,0.0,Success
54614,1437.0,8,2026-06-03,Completed,0.0,0.0,Success
54615,1375.0,12,2024-07-25,Completed,0.0,0.0,Success
54616,1654.0,1,2023-07-31,Completed,0.0,1048.97,Success
54617,2313.0,1,2025-06-11,Cancelled,0.0,0.0,Cancelled
54618,2158.0,4,2026-03-18,Completed,0.0,0.0,Success
54619,1623.0,1,2025-05-27,Completed,0.0,0.0,Success
54620,2849.0,3,2025-11-10,Completed,0.0,0.0,Success
54621,2482.0,19,2022-12-01,Cancelled,0.0,0.0,Cancelled
54622,2224.0,1,2022-04-06,Completed,0.0,10447.28,Success
54623,1483.0,17,2026-03-05,Cancelled,0.0,0.0,Cancelled
54624,2447.0,9,2022-02-15,Cancelled,0.0,4956.14,Cancelled
54625,1878.0,16,2024-10-01,Completed,0.0,0.0,Success
54626,2229.0,10,2022-08-17,Completed,0.0,289.54,Success
54627,1078.0,15,2025-11-12,Completed,0.0,0.0,Success
54628,2914.0,1,2025-07-21,Shipped,0.0,0.0,Success
54629,1082.0,1,2026-04-28,Completed,0.0,1342.86,Success
54630,1903.0,1,2022-07-16,Completed,0.0,653.66,Success
54631,1440.0,13,2025-11-13,Completed,0.0,1342.41,Success
54632,1933.0,1,2022-08-04,Processing,0.0,5006.01,Success
54633,1723.0,6,2022-07-16,Completed,0.0,2430.31,Success
54634,1403.0,16,2022-03-17,Shipped,0.0,0.0,Success
54635,1353.0,9,2024-10-23,Completed,0.0,1305.73,Success
54636,1010.0,1,2023-10-02,Shipped,0.0,0.0,Success
54637,2434.0,14,2024-08-05,Completed,0.0,617.53,Success
54638,1100.0,1,2025-07-24,Completed,0.0,35.5,Success
54639,1126.0,19,2022-06-06,Completed,0.0,0.0,Success
54640,2667.0,3,2022-09-19,Cancelled,0.0,3283.42,Cancelled
54641,2486.0,1,2022-04-15,Completed,0.0,356.41,Success
54642,2361.0,12,2022-08-08,Completed,0.0,0.0,Success
54643,2032.0,5,2026-04-16,Cancelled,0.0,0.0,Cancelled
54644,1505.0,8,2024-06-17,Completed,0.0,58.66,Success
54645,1191.0,1,2024-01-28,Completed,0.0,0.0,Success
54646,2014.0,1,2024-04-18,Completed,0.0,0.0,Success
54647,2673.0,1,2023-11-19,Processing,0.0,6516.97,Success
54648,1144.0,17,2025-02-01,Completed,0.0,98.51,Success
54649,1756.0,7,2023-11-09,Completed,0.0,0.0,Success
54650,1048.0,4,2024-07-13,Completed,0.0,31877.02,Success
54651,1120.0,16,2025-12-24,Completed,0.0,0.0,Success
54652,2964.0,5,2022-02-13,Completed,0.0,0.0,Success
54653,1002.0,1,2024-12-02,Completed,0.0,0.0,Success
54654,2977.0,7,2023-06-14,Completed,0.0,153.95,Success
54655,1817.0,1,2026-04-29,Completed,0.0,2228.06,Success
54656,1624.0,19,2023-10-16,Cancelled,0.0,4776.42,Cancelled
54657,1239.0,1,2026-05-25,Completed,0.0,373.69,Success
54658,2241.0,14,2025-09-25,Shipped,0.0,4443.73,Success
54659,1289.0,15,2025-02-09,Completed,0.0,9160.2,Success
54660,1008.0,1,2022-01-04,Completed,0.0,5508.99,Success
54661,1405.0,5,2025-02-18,Completed,0.0,0.0,Success
54662,1550.0,15,2024-04-20,Returned,0.0,464.78,Refunded
54663,2845.0,1,2023-02-03,Shipped,0.0,964.16,Success
54664,1578.0,4,2023-06-14,Completed,0.0,542.92,Success
54665,2453.0,1,2024-09-27,Completed,0.0,0.0,Success
54666,1663.0,20,2025-12-20,Cancelled,0.0,0.0,Cancelled
54667,1114.0,1,2022-03-12,Completed,0.0,1052.99,Success
54668,2813.0,9,2024-07-07,Completed,0.0,0.0,Success
54669,1702.0,19,2024-11-20,Completed,0.0,0.0,Success
54670,1222.0,1,2025-07-20,Completed,0.0,228.84,Success
54671,1840.0,4,2022-08-15,Completed,0.0,0.0,Success
54672,2633.0,15,2024-08-11,Processing,0.0,6566.83,Success
54673,2947.0,1,2025-01-25,Returned,99.0,0.0,Refunded
54674,2060.0,7,2025-11-09,Returned,0.0,0.0,Refunded
54675,1643.0,16,2024-02-13,Shipped,0.0,2584.53,Success
54676,1141.0,7,2026-04-07,Completed,0.0,299.92,Success
54677,2403.0,3,2023-08-17,Completed,0.0,0.0,Success
54678,1367.0,7,2024-07-29,Completed,0.0,0.0,Success
54679,2391.0,1,2024-12-31,Completed,0.0,0.0,Success
54680,1535.0,2,2022-06-12,Cancelled,0.0,0.0,Cancelled
54681,1513.0,1,2023-01-12,Completed,0.0,0.0,Success
54682,1327.0,15,2025-12-10,Completed,0.0,0.0,Success
54683,2371.0,1,2025-10-21,Completed,0.0,0.0,Success
54684,1887.0,5,2022-12-28,Completed,0.0,658.22,Success
54685,1057.0,15,2025-12-28,Completed,0.0,0.0,Success
54686,2239.0,1,2025-02-21,Completed,0.0,0.0,Success
54687,1925.0,1,2025-03-18,Cancelled,0.0,4037.86,Cancelled
54688,1789.0,20,2025-04-23,Returned,0.0,0.0,Refunded
54689,1023.0,1,2025-04-12,Completed,0.0,1218.52,Success
54690,1289.0,1,2025-07-23,Completed,0.0,0.0,Success
54691,2183.0,1,2024-09-10,Shipped,99.0,0.0,Success
54692,2196.0,14,2026-04-01,Shipped,0.0,991.81,Success
54693,1009.0,16,2026-01-25,Completed,0.0,64.03,Success
54694,2106.0,14,2024-10-01,Completed,0.0,260.9,Success
54695,1345.0,1,2024-02-02,Completed,99.0,0.0,Success
54696,1578.0,3,2025-06-06,Completed,0.0,0.0,Success
54697,1634.0,1,2022-01-17,Completed,99.0,69.98,Success
54698,2123.0,1,2022-07-11,Completed,0.0,160.17,Success
54699,1491.0,1,2024-12-02,Completed,0.0,530.17,Success
54700,1093.0,1,2024-10-12,Completed,0.0,7318.71,Success
54701,2742.0,1,2024-02-12,Completed,0.0,0.0,Success
54702,2757.0,1,2024-05-17,Completed,0.0,1964.61,Success
54703,2530.0,1,2025-07-19,Completed,0.0,2691.94,Success
54704,1439.0,1,2023-07-12,Completed,99.0,41.98,Success
54705,2792.0,12,2026-02-05,Shipped,0.0,3700.29,Success
54706,2661.0,9,2024-01-29,Completed,0.0,144.06,Success
54707,2121.0,1,2022-02-24,Processing,0.0,0.0,Success
54708,1553.0,14,2025-05-01,Completed,0.0,1755.85,Success
54709,2888.0,1,2022-10-28,Completed,99.0,57.79,Success
54710,1416.0,5,2023-12-24,Completed,0.0,0.0,Success
54711,2772.0,18,2024-03-08,Completed,0.0,167.62,Success
54712,2261.0,2,2023-12-22,Processing,0.0,513.82,Success
54713,2275.0,10,2025-08-28,Completed,0.0,29.73,Success
54714,2496.0,1,2023-06-18,Completed,0.0,213.94,Success
54715,2107.0,20,2022-09-16,Completed,0.0,1054.49,Success
54716,1985.0,1,2025-06-28,Returned,0.0,3885.55,Refunded
54717,2180.0,1,2025-03-11,Shipped,0.0,0.0,Success
54718,2078.0,16,2023-10-18,Completed,0.0,1135.43,Success
54719,1812.0,1,2025-11-08,Completed,0.0,261.36,Success
54720,1812.0,16,2026-05-18,Completed,0.0,7083.01,Success
54721,1201.0,11,2024-02-12,Completed,0.0,471.24,Success
54722,1683.0,9,2022-10-29,Completed,0.0,0.0,Success
54723,1886.0,8,2022-04-17,Completed,0.0,0.0,Success
54724,2522.0,1,2024-12-17,Completed,0.0,858.93,Success
54725,1436.0,8,2024-12-19,Completed,0.0,1446.24,Success
54726,2797.0,16,2022-10-24,Completed,0.0,0.0,Success
54727,2857.0,6,2026-03-09,Returned,0.0,570.84,Refunded
54728,2981.0,2,2022-07-23,Completed,0.0,0.0,Success
54729,2154.0,5,2022-02-23,Completed,0.0,19875.76,Success
54730,2862.0,4,2023-05-09,Completed,0.0,0.0,Success
54731,2618.0,18,2025-07-18,Completed,0.0,1336.65,Success
54732,1969.0,1,2024-09-13,Shipped,0.0,5681.59,Success
54733,1468.0,15,2026-05-12,Completed,0.0,1859.28,Success
54734,2797.0,16,2024-04-30,Completed,0.0,466.29,Success
54735,1536.0,7,2024-04-05,Completed,0.0,0.0,Success
54736,2142.0,7,2022-01-13,Completed,0.0,0.0,Success
54737,2910.0,20,2025-10-19,Returned,0.0,926.29,Refunded
54738,1856.0,1,2022-02-04,Completed,0.0,838.97,Success
54739,1863.0,1,2026-04-16,Completed,0.0,0.0,Success
54740,1638.0,1,2025-06-17,Completed,0.0,0.0,Success
54741,1536.0,3,2024-11-24,Completed,0.0,1240.35,Success
54742,1302.0,1,2026-06-30,Shipped,0.0,1961.73,Success
54743,1872.0,1,2024-05-26,Completed,0.0,12249.07,Success
54744,2463.0,1,2023-10-04,Completed,0.0,469.15,Success
54745,1098.0,1,2024-10-01,Completed,0.0,1045.65,Success
54746,1541.0,1,2026-03-22,Completed,0.0,1448.42,Success
54747,2343.0,6,2022-05-07,Returned,0.0,7032.45,Refunded
54748,1101.0,1,2023-07-04,Completed,0.0,160.17,Success
54749,2305.0,1,2022-07-02,Processing,0.0,389.4,Success
54750,1331.0,5,2025-02-15,Completed,0.0,0.0,Success
54751,2113.0,1,2024-03-07,Completed,0.0,294.45,Success
54752,1661.0,1,2023-12-14,Completed,0.0,143.54,Success
54753,1056.0,1,2024-12-20,Completed,0.0,4976.09,Success
54754,2986.0,19,2023-03-15,Completed,0.0,160.31,Success
54755,2100.0,1,2022-07-05,Completed,0.0,1114.4,Success
54756,1045.0,1,2023-11-18,Completed,0.0,0.0,Success
54757,1550.0,9,2025-05-29,Completed,0.0,85.27,Success
54758,1312.0,3,2022-12-21,Completed,0.0,0.0,Success
54759,2868.0,1,2023-12-08,Returned,0.0,902.62,Refunded
54760,1447.0,1,2023-02-09,Completed,0.0,0.0,Success
54761,2364.0,1,2022-12-31,Shipped,0.0,0.0,Success
54762,1830.0,1,2023-07-14,Completed,0.0,777.56,Success
54763,1233.0,1,2025-06-07,Completed,0.0,0.0,Success
54764,2694.0,8,2025-03-15,Completed,0.0,237.8,Success
54765,1901.0,16,2024-03-15,Completed,0.0,4443.73,Success
54766,1640.0,5,2024-04-19,Completed,0.0,3801.51,Success
54767,1232.0,11,2026-03-06,Completed,0.0,55.87,Success
54768,1636.0,11,2024-04-18,Completed,0.0,0.0,Success
54769,1276.0,1,2025-04-06,Completed,0.0,1282.01,Success
54770,2485.0,10,2022-12-25,Completed,0.0,0.0,Success
54771,2970.0,11,2024-10-19,Completed,0.0,0.0,Success
54772,2589.0,7,2025-08-06,Completed,0.0,335.06,Success
54773,2910.0,14,2022-10-08,Completed,0.0,0.0,Success
54774,1084.0,20,2023-12-11,Completed,0.0,5917.95,Success
54775,1618.0,8,2024-05-18,Completed,0.0,265.95,Success
54776,1484.0,7,2023-12-03,Completed,0.0,0.0,Success
54777,1461.0,1,2024-01-13,Processing,0.0,381.7,Success
54778,2785.0,10,2025-07-06,Completed,0.0,301.09,Success
54779,2786.0,14,2023-05-16,Shipped,0.0,3836.84,Success
54780,1267.0,16,2025-09-23,Shipped,0.0,467.3,Success
54781,1158.0,1,2023-08-23,Completed,99.0,107.29,Success
54782,1445.0,1,2022-01-13,Completed,0.0,1592.01,Success
54783,2594.0,3,2025-05-10,Shipped,0.0,0.0,Success
54784,1042.0,1,2024-04-30,Completed,0.0,0.0,Success
54785,2670.0,8,2024-01-22,Completed,0.0,0.0,Success
54786,1859.0,18,2023-12-19,Completed,0.0,3136.94,Success
54787,1308.0,4,2024-10-06,Completed,0.0,0.0,Success
54788,2251.0,16,2023-11-09,Completed,0.0,828.54,Success
54789,2713.0,1,2024-04-13,Completed,0.0,16634.24,Success
54790,1237.0,6,2025-03-26,Completed,0.0,2034.47,Success
54791,1256.0,1,2024-02-02,Completed,0.0,342.72,Success
54792,2130.0,18,2024-06-13,Completed,0.0,133.85,Success
54793,1339.0,8,2023-01-26,Completed,0.0,0.0,Success
54794,2768.0,11,2025-08-08,Cancelled,0.0,0.0,Cancelled
54795,2422.0,1,2022-11-17,Shipped,0.0,0.0,Success
54796,1373.0,20,2023-07-14,Completed,0.0,2316.65,Success
54797,2920.0,11,2026-01-10,Completed,0.0,0.0,Success
54798,1620.0,1,2023-10-30,Shipped,0.0,1126.72,Success
54799,1801.0,1,2026-05-17,Processing,0.0,2123.65,Success
54800,1841.0,1,2025-11-19,Processing,0.0,515.13,Success
54801,1718.0,17,2022-05-17,Completed,0.0,4486.57,Success
54802,2444.0,4,2023-01-10,Completed,0.0,0.0,Success
54803,1764.0,1,2025-06-23,Completed,0.0,1167.06,Success
54804,1565.0,4,2022-01-20,Completed,0.0,20531.62,Success
54805,2085.0,1,2026-01-22,Processing,0.0,0.0,Success
54806,2505.0,8,2026-01-16,Completed,0.0,190.85,Success
54807,1641.0,20,2022-08-08,Completed,0.0,17.41,Success
54808,1905.0,15,2026-01-29,Completed,0.0,0.0,Success
54809,1013.0,9,2024-05-23,Processing,0.0,491.61,Success
54810,1937.0,10,2026-04-21,Completed,0.0,4685.54,Success
54811,1428.0,18,2025-11-24,Processing,0.0,0.0,Success
54812,2436.0,11,2022-10-07,Completed,0.0,14242.32,Success
54813,1906.0,19,2023-01-26,Completed,0.0,0.0,Success
54814,1591.0,13,2023-01-05,Completed,0.0,333.34,Success
54815,1460.0,1,2022-12-02,Cancelled,0.0,0.0,Cancelled
54816,2799.0,1,2025-09-16,Shipped,0.0,0.0,Success
54817,2376.0,4,2023-09-02,Completed,0.0,429.16,Success
54818,2053.0,5,2025-06-26,Completed,0.0,109.3,Success
54819,1521.0,8,2023-10-15,Cancelled,0.0,21716.88,Cancelled
54820,2719.0,3,2023-05-27,Shipped,0.0,9614.32,Success
54821,2276.0,19,2022-06-12,Shipped,0.0,881.7,Success
54822,1901.0,9,2024-06-02,Shipped,0.0,211.5,Success
54823,2629.0,7,2024-04-13,Completed,0.0,0.0,Success
54824,1228.0,20,2022-10-10,Completed,0.0,0.0,Success
54825,2243.0,16,2026-03-26,Completed,0.0,303.85,Success
54826,1307.0,7,2023-06-15,Completed,0.0,1082.55,Success
54827,1573.0,1,2023-09-07,Completed,0.0,751.09,Success
54828,1992.0,1,2025-12-06,Completed,0.0,106.87,Success
54829,1479.0,1,2025-02-27,Completed,0.0,2185.04,Success
54830,2028.0,4,2023-06-29,Completed,0.0,0.0,Success
54831,1015.0,8,2022-05-16,Shipped,0.0,0.0,Success
54832,2148.0,12,2024-10-02,Completed,0.0,264.91,Success
54833,2353.0,3,2024-07-10,Completed,0.0,1231.63,Success
54834,1281.0,5,2025-06-10,Completed,0.0,0.0,Success
54835,2843.0,13,2022-10-18,Shipped,0.0,0.0,Success
54836,2069.0,4,2025-08-05,Completed,0.0,108.88,Success
54837,1806.0,18,2022-04-01,Shipped,0.0,1044.73,Success
54838,2231.0,9,2022-06-05,Completed,0.0,3765.49,Success
54839,2314.0,3,2023-03-22,Completed,0.0,0.0,Success
54840,2512.0,16,2023-08-25,Completed,0.0,9963.88,Success
54841,1688.0,9,2023-06-15,Shipped,0.0,0.0,Success
54842,1772.0,1,2026-02-26,Completed,0.0,0.0,Success
54843,1652.0,11,2023-08-11,Shipped,0.0,634.93,Success
54844,2834.0,1,2023-11-11,Completed,0.0,438.96,Success
54845,1197.0,1,2026-06-22,Completed,0.0,666.68,Success
54846,1579.0,14,2024-03-31,Completed,0.0,479.01,Success
54847,1311.0,4,2023-11-09,Cancelled,0.0,0.0,Cancelled
54848,2470.0,13,2022-07-19,Processing,0.0,2069.31,Success
54849,1212.0,1,2035-12-31,Completed,0.0,4544.52,Success
54850,1995.0,1,2023-05-29,Completed,0.0,0.0,Success
54851,2557.0,15,2023-04-20,Completed,0.0,1592.01,Success
54852,2489.0,1,2025-12-14,Completed,0.0,0.0,Success
54853,2288.0,1,2023-08-14,Completed,0.0,151.14,Success
54854,2775.0,13,2022-01-08,Shipped,0.0,1122.58,Success
54855,1735.0,1,2026-05-20,Completed,0.0,922.74,Success
54856,1950.0,20,2025-11-16,Completed,0.0,2153.58,Success
54857,1044.0,15,2025-06-20,Completed,0.0,614.32,Success
54858,2964.0,2,2023-08-24,Shipped,0.0,0.0,Success
54859,1217.0,1,2023-03-04,Completed,0.0,0.0,Success
54860,1068.0,1,2023-10-13,Completed,0.0,389.3,Success
54861,2433.0,1,2023-01-30,Processing,0.0,609.06,Success
54862,2483.0,1,2026-05-24,Processing,0.0,970.39,Success
54863,2016.0,1,2025-07-24,Processing,0.0,1109.82,Success
54864,1101.0,12,2024-10-13,Completed,0.0,269.91,Success
54865,2179.0,11,2024-10-14,Completed,0.0,1981.21,Success
54866,1246.0,9,2025-02-01,Cancelled,0.0,1628.32,Cancelled
54867,2683.0,1,2024-04-11,Shipped,0.0,0.0,Success
54868,2747.0,1,2024-11-08,Completed,99.0,198.68,Success
54869,1992.0,18,2024-05-07,Completed,0.0,170.43,Success
54870,2041.0,1,2025-06-29,Completed,0.0,590.77,Success
54871,1889.0,6,2022-12-27,Completed,0.0,2523.73,Success
54872,2009.0,19,2022-03-25,Completed,0.0,6823.27,Success
54873,1121.0,4,2024-04-03,Processing,0.0,559.96,Success
54874,1746.0,1,2024-05-07,Completed,0.0,0.0,Success
54875,2446.0,1,2022-02-22,Completed,99.0,0.0,Success
54876,1289.0,3,2025-02-16,Completed,0.0,2271.01,Success
54877,2280.0,1,2022-05-08,Completed,0.0,0.0,Success
54878,1394.0,4,2024-10-01,Completed,0.0,290.02,Success
54879,2283.0,1,2024-06-06,Shipped,0.0,195.54,Success
54880,2634.0,1,2025-03-10,Completed,0.0,1293.86,Success
54881,1921.0,1,2023-05-26,Completed,0.0,0.0,Success
54882,1891.0,1,2023-02-11,Completed,0.0,0.0,Success
54883,2891.0,1,2023-11-10,Processing,0.0,0.0,Success
54884,1888.0,1,2022-11-14,Completed,0.0,224.33,Success
54885,1161.0,11,2023-08-25,Completed,0.0,0.0,Success
54886,2033.0,17,2023-10-24,Completed,0.0,2962.48,Success
54887,1889.0,15,2023-07-06,Completed,0.0,63.87,Success
54888,2422.0,1,2023-06-26,Completed,0.0,190.83,Success
54889,1261.0,1,2024-05-04,Completed,0.0,5211.82,Success
54890,1986.0,4,2023-07-28,Returned,0.0,0.0,Refunded
54891,1370.0,1,2024-04-22,Shipped,99.0,0.0,Success
54892,1588.0,2,2023-08-10,Shipped,0.0,0.0,Success
54893,2830.0,2,2025-01-13,Completed,0.0,896.71,Success
54894,2543.0,17,2022-05-24,Completed,0.0,0.0,Success
54895,1382.0,1,2026-04-26,Completed,0.0,0.0,Success
54896,2626.0,10,2025-05-16,Completed,0.0,328.92,Success
54897,2642.0,16,2025-06-04,Completed,0.0,0.0,Success
54898,1504.0,17,2025-02-12,Processing,0.0,0.0,Success
54899,1645.0,16,2025-06-28,Completed,0.0,258.97,Success
54900,2072.0,8,2024-01-12,Completed,0.0,39.76,Success
54901,2889.0,1,2025-05-17,Completed,99.0,37.95,Success
54902,2617.0,1,2022-01-24,Completed,0.0,0.0,Success
54903,2050.0,1,2025-06-17,Completed,0.0,0.0,Success
54904,2355.0,18,2023-02-25,Completed,0.0,1915.9,Success
54905,1081.0,1,2024-06-26,Processing,0.0,1217.57,Success
54906,1396.0,20,2024-09-16,Completed,0.0,0.0,Success
54907,2104.0,16,2026-06-16,Completed,0.0,325.66,Success
54908,2442.0,13,2025-04-15,Shipped,0.0,0.0,Success
54909,2568.0,17,2024-09-01,Processing,0.0,1620.33,Success
54910,2115.0,8,2026-06-17,Completed,0.0,0.0,Success
54911,2973.0,6,2022-04-25,Returned,0.0,275.14,Refunded
54912,2505.0,17,2024-08-11,Returned,0.0,0.0,Refunded
54913,2067.0,1,2024-03-14,Completed,0.0,622.94,Success
54914,1602.0,12,2024-08-09,Returned,0.0,44.33,Refunded
54915,2280.0,10,2023-12-09,Completed,0.0,818.02,Success
54916,2716.0,1,2026-03-07,Completed,0.0,344.68,Success
54917,2744.0,17,2024-11-15,Processing,0.0,0.0,Success
54918,1207.0,1,2025-08-05,Completed,0.0,6721.98,Success
54919,2887.0,15,2023-09-21,Completed,0.0,880.87,Success
54920,1071.0,10,2023-02-10,Completed,0.0,1284.68,Success
54921,1496.0,15,2022-01-05,Cancelled,0.0,92.36,Cancelled
54922,2612.0,1,2026-01-29,Completed,0.0,1209.88,Success
54923,1387.0,1,2022-08-29,Completed,0.0,26381.15,Success
54924,1580.0,1,2024-07-29,Processing,0.0,0.0,Success
54925,2051.0,8,2023-05-18,Completed,0.0,366.29,Success
54926,2371.0,11,2026-03-12,Completed,0.0,0.0,Success
54927,1562.0,19,2024-08-31,Completed,0.0,311.47,Success
54928,1448.0,17,2022-04-23,Completed,0.0,0.0,Success
54929,1250.0,16,2022-05-22,Returned,0.0,1008.89,Refunded
54930,2550.0,1,2022-09-18,Shipped,99.0,253.1,Success
54931,1835.0,1,2026-05-23,Completed,0.0,219.28,Success
54932,1457.0,1,2026-02-15,Processing,0.0,139.96,Success
54933,2420.0,14,2024-10-13,Completed,0.0,133.98,Success
54934,1248.0,2,2026-04-06,Cancelled,0.0,8146.09,Cancelled
54935,,11,2024-02-28,Completed,0.0,676.62,Success
54936,1548.0,19,2025-12-13,Completed,0.0,0.0,Success
54937,1893.0,15,2026-01-18,Completed,0.0,0.0,Success
54938,2181.0,1,2023-12-01,Completed,0.0,2488.48,Success
54939,1207.0,1,2024-12-27,Completed,0.0,1781.38,Success
54940,1415.0,1,2022-04-17,Completed,99.0,0.0,Success
54941,1229.0,15,2023-12-13,Completed,0.0,0.0,Success
54942,2680.0,9,2024-06-29,Completed,0.0,0.0,Success
54943,1333.0,1,2025-04-13,Completed,0.0,3402.61,Success
54944,2772.0,7,2022-03-18,Completed,0.0,540.19,Success
54945,2268.0,20,2026-03-31,Cancelled,0.0,0.0,Cancelled
54946,1588.0,18,2025-09-25,Completed,0.0,320.62,Success
54947,2335.0,15,2022-11-17,Completed,0.0,253.31,Success
54948,1642.0,18,2026-03-21,Cancelled,0.0,0.0,Cancelled
54949,1158.0,17,2024-01-29,Completed,0.0,0.0,Success
54950,1911.0,1,2024-02-29,Completed,0.0,2146.21,Success
54951,1257.0,1,2023-07-25,Completed,0.0,1136.96,Success
54952,1533.0,2,2024-07-17,Completed,0.0,0.0,Success
54953,1712.0,11,2024-01-17,Completed,0.0,383.8,Success
54954,2783.0,2,2023-10-19,Completed,0.0,2719.89,Success
54955,2635.0,12,2023-02-12,Completed,0.0,308.76,Success
54956,2470.0,1,2023-12-22,Completed,0.0,0.0,Success
54957,2524.0,5,2022-03-17,Completed,0.0,433.03,Success
54958,2070.0,15,2023-05-13,Completed,0.0,43.26,Success
54959,,16,2023-08-07,Completed,0.0,0.0,Success
54960,2798.0,7,2026-05-23,Completed,0.0,0.0,Success
54961,1674.0,1,2024-04-28,Returned,99.0,0.0,Refunded
54962,2533.0,13,2026-04-07,Shipped,0.0,0.0,Success
54963,2068.0,5,2025-10-01,Completed,0.0,138.34,Success
54964,2255.0,10,2025-04-14,Cancelled,0.0,0.0,Cancelled
54965,1137.0,1,2024-04-20,Completed,0.0,21097.36,Success
54966,1108.0,1,2023-05-06,Completed,0.0,0.0,Success
54967,1288.0,7,2025-07-06,Completed,0.0,309.2,Success
54968,2271.0,1,2025-07-13,Completed,0.0,0.0,Success
54969,2809.0,1,2022-02-08,Cancelled,0.0,550.29,Cancelled
54970,2010.0,9,2024-08-16,Completed,0.0,191.6,Success
54971,1042.0,6,2026-02-07,Completed,0.0,132.45,Success
54972,1148.0,20,2022-01-19,Completed,0.0,864.09,Success
54973,1874.0,9,2026-03-08,Completed,0.0,0.0,Success
54974,2416.0,13,2023-10-22,Returned,0.0,0.0,Refunded
54975,2040.0,19,2025-07-28,Completed,0.0,672.59,Success
54976,2495.0,17,2022-01-20,Completed,0.0,7299.89,Success
54977,2655.0,19,2022-03-27,Completed,0.0,278.45,Success
54978,1726.0,3,2022-05-27,Processing,0.0,0.0,Success
54979,1661.0,16,2026-02-08,Completed,0.0,0.0,Success
54980,2785.0,7,2022-03-02,Completed,0.0,632.55,Success
54981,1229.0,19,2024-08-16,Completed,0.0,0.0,Success
54982,2594.0,2,2023-09-03,Completed,0.0,80.37,Success
54983,1751.0,1,2022-05-27,Shipped,0.0,3621.22,Success
54984,1699.0,1,2024-09-20,Shipped,0.0,807.73,Success
54985,2564.0,15,2022-01-20,Completed,0.0,782.17,Success
54986,1571.0,5,2022-01-20,Completed,0.0,0.0,Success
54987,1689.0,1,2025-06-14,Completed,0.0,168.26,Success
54988,1297.0,1,2025-03-12,Completed,0.0,0.0,Success
54989,1041.0,1,2022-08-26,Shipped,0.0,3937.37,Success
54990,1868.0,1,2024-12-02,Shipped,99.0,63.87,Success
54991,1437.0,1,2023-06-01,Completed,99.0,31.04,Success
54992,1722.0,1,2024-08-12,Completed,0.0,2676.15,Success
54993,2296.0,15,2026-03-21,Completed,0.0,0.0,Success
54994,2248.0,13,2025-02-21,Completed,0.0,0.0,Success
54995,2921.0,1,2025-05-04,Completed,99.0,0.0,Success
54996,1608.0,17,2023-08-15,Processing,0.0,0.0,Success
54997,1056.0,1,2022-07-08,Completed,0.0,0.0,Success
54998,,12,2024-05-09,Completed,0.0,0.0,Success
54999,1408.0,20,2025-12-30,Completed,0.0,0.0,Success
55000,2321.0,9,2023-12-31,Returned,0.0,418.91,Refunded
55001,2623.0,8,2022-03-03,Returned,0.0,0.0,Refunded
55002,2165.0,1,2026-05-01,Completed,0.0,575.75,Success
55003,2333.0,12,2024-12-11,Completed,0.0,356.92,Success
55004,1285.0,1,2026-04-08,Completed,0.0,415.01,Success
55005,1947.0,1,2022-10-13,Completed,0.0,317.54,Success
55006,1298.0,1,2025-01-24,Completed,0.0,3994.95,Success
55007,2952.0,10,2024-06-11,Completed,0.0,0.0,Success
55008,2863.0,5,2023-10-16,Completed,0.0,157.83,Success
55009,1020.0,17,2023-05-30,Cancelled,0.0,1033.19,Cancelled
55010,1477.0,11,2022-05-26,Completed,0.0,42.84,Success
55011,1062.0,1,2022-06-20,Completed,0.0,0.0,Success
55012,1549.0,5,2025-05-15,Processing,0.0,0.0,Success
55013,1416.0,1,2024-09-17,Completed,0.0,279.92,Success
55014,2898.0,18,2025-11-09,Completed,0.0,444.45,Success
55015,2949.0,12,2022-07-27,Cancelled,0.0,0.0,Cancelled
55016,2101.0,6,2023-01-16,Completed,0.0,0.0,Success
55017,1521.0,1,2026-03-27,Shipped,0.0,0.0,Success
55018,2343.0,17,2024-12-21,Completed,0.0,0.0,Success
55019,1798.0,20,2023-10-12,Completed,0.0,1371.98,Success
55020,1694.0,12,2026-03-06,Cancelled,0.0,0.0,Cancelled
55021,2816.0,3,2023-08-24,Shipped,0.0,0.0,Success
55022,1882.0,19,2026-03-29,Completed,0.0,434.3,Success
55023,2517.0,2,2022-12-11,Completed,0.0,1858.32,Success
55024,2976.0,19,2023-06-19,Returned,0.0,3630.81,Refunded
55025,1255.0,1,2025-09-14,Completed,0.0,0.0,Success
55026,1255.0,10,2024-04-09,Completed,0.0,1054.84,Success
55027,2195.0,1,2026-02-04,Completed,0.0,4338.23,Success
55028,2385.0,17,2023-06-26,Cancelled,0.0,4956.14,Cancelled
55029,1642.0,1,2022-05-26,Completed,0.0,1296.14,Success
55030,2909.0,14,2023-09-28,Cancelled,0.0,0.0,Cancelled
55031,2574.0,1,2023-09-14,Completed,0.0,0.0,Success
55032,2482.0,3,2024-12-06,Completed,0.0,0.0,Success
55033,2289.0,15,2024-06-15,Completed,0.0,295.39,Success
55034,2131.0,1,2024-07-26,Shipped,0.0,2672.07,Success
55035,1002.0,19,2024-12-22,Completed,0.0,829.35,Success
55036,2613.0,13,2022-02-09,Returned,0.0,419.49,Refunded
55037,1402.0,7,2022-06-01,Completed,0.0,0.0,Success
55038,2909.0,11,2022-10-10,Processing,0.0,113.62,Success
55039,2830.0,1,2024-12-27,Completed,0.0,1316.44,Success
55040,1060.0,12,2024-10-11,Completed,0.0,0.0,Success
55041,1851.0,12,2023-12-07,Completed,0.0,28.97,Success
55042,2567.0,7,2023-04-26,Completed,0.0,75.57,Success
55043,2480.0,16,2024-02-27,Processing,0.0,0.0,Success
55044,1785.0,7,2022-03-08,Shipped,0.0,385.14,Success
55045,2292.0,1,2024-09-01,Completed,0.0,209.94,Success
55046,2648.0,2,2023-09-16,Completed,0.0,0.0,Success
55047,1660.0,8,2023-10-24,Completed,0.0,1270.2,Success
55048,2104.0,1,2024-03-22,Returned,99.0,0.0,Refunded
55049,2268.0,1,2025-10-04,Completed,0.0,0.0,Success
55050,2631.0,1,2024-06-14,Shipped,0.0,224.48,Success
55051,2478.0,19,2022-04-08,Completed,0.0,2673.3,Success
55052,1951.0,1,2022-08-21,Completed,0.0,11712.05,Success
55053,1501.0,1,2024-06-13,Completed,99.0,109.86,Success
55054,1528.0,1,2026-01-29,Completed,0.0,676.62,Success
55055,2286.0,10,2022-12-24,Completed,0.0,2146.13,Success
55056,2279.0,15,2026-05-17,Completed,0.0,0.0,Success
55057,1231.0,1,2025-04-20,Completed,0.0,726.96,Success
55058,2680.0,1,2026-05-22,Completed,99.0,39.11,Success
55059,1900.0,1,2022-02-13,Returned,0.0,108.26,Refunded
55060,1034.0,17,2022-08-03,Completed,0.0,587.33,Success
55061,2666.0,11,2024-01-09,Completed,0.0,202.24,Success
55062,2304.0,3,2023-11-15,Completed,0.0,564.45,Success
55063,1837.0,8,2022-03-22,Completed,0.0,11885.0,Success
55064,1434.0,1,2022-03-21,Returned,0.0,283.02,Refunded
55065,1856.0,3,2025-05-03,Completed,0.0,0.0,Success
55066,2551.0,6,2025-10-23,Processing,0.0,1245.71,Success
55067,2021.0,8,2026-05-01,Completed,0.0,257.63,Success
55068,,3,2022-02-17,Returned,0.0,0.0,Refunded
55069,2969.0,3,2022-12-28,Completed,0.0,618.39,Success
55070,1042.0,15,2023-11-12,Completed,0.0,2815.27,Success
55071,2640.0,1,2022-01-20,Completed,0.0,0.0,Success
55072,1323.0,1,2024-10-12,Completed,0.0,0.0,Success
55073,2205.0,1,2025-04-05,Shipped,0.0,0.0,Success
55074,1767.0,2,2026-03-04,Completed,0.0,0.0,Success
55075,2207.0,18,2025-10-06,Completed,0.0,822.84,Success
55076,2445.0,2,2024-11-29,Completed,0.0,261.03,Success
55077,1306.0,1,2025-08-30,Completed,0.0,104.95,Success
55078,2202.0,8,2024-06-27,Processing,0.0,0.0,Success
55079,,18,2024-12-29,Completed,0.0,657.44,Success
55080,2802.0,1,2023-04-12,Cancelled,0.0,0.0,Cancelled
55081,2526.0,5,2022-05-18,Completed,0.0,834.24,Success
55082,1528.0,1,2022-05-28,Completed,0.0,426.09,Success
55083,2433.0,2,2024-08-27,Shipped,0.0,0.0,Success
55084,1120.0,18,2022-09-19,Completed,0.0,3646.51,Success
55085,2797.0,19,2026-03-04,Processing,0.0,1353.23,Success
55086,2129.0,14,2026-03-04,Returned,0.0,234.57,Refunded
55087,2796.0,1,2024-09-14,Shipped,0.0,1578.68,Success
55088,1155.0,1,2024-05-15,Cancelled,0.0,0.0,Cancelled
55089,2530.0,1,2022-11-14,Completed,0.0,579.07,Success
55090,2875.0,6,2025-04-04,Completed,0.0,0.0,Success
55091,2092.0,1,2024-09-27,Completed,0.0,934.4,Success
55092,2237.0,10,2023-01-08,Completed,0.0,0.0,Success
55093,2528.0,1,2023-01-20,Completed,0.0,0.0,Success
55094,2449.0,9,2023-06-30,Completed,0.0,35.39,Success
55095,2760.0,1,2023-02-19,Shipped,99.0,133.54,Success
55096,1138.0,1,2023-07-11,Completed,99.0,0.0,Success
55097,1155.0,8,2025-07-12,Completed,0.0,85.46,Success
55098,2881.0,6,2022-07-31,Processing,0.0,0.0,Success
55099,1277.0,20,2023-03-29,Processing,0.0,22.72,Success
55100,2347.0,1,2026-05-28,Completed,0.0,571.51,Success
55101,1266.0,10,2022-07-08,Processing,0.0,0.0,Success
55102,1341.0,4,2025-04-30,Shipped,0.0,0.0,Success
55103,2725.0,13,2024-12-19,Completed,0.0,275.25,Success
55104,1265.0,1,2023-12-09,Shipped,0.0,0.0,Success
55105,1330.0,4,2025-09-14,Completed,0.0,910.66,Success
55106,1902.0,6,2026-02-13,Completed,0.0,1946.64,Success
55107,1950.0,1,2022-12-11,Completed,0.0,85.85,Success
55108,2027.0,14,2023-07-13,Completed,0.0,0.0,Success
55109,2171.0,10,2023-03-16,Completed,0.0,98.3,Success
55110,1074.0,5,2025-07-17,Completed,0.0,0.0,Success
55111,2381.0,8,2022-10-22,Completed,0.0,7146.07,Success
55112,2624.0,17,2023-03-09,Completed,0.0,0.0,Success
55113,1430.0,6,2022-10-16,Shipped,0.0,1246.63,Success
55114,1926.0,1,2024-12-03,Shipped,0.0,2754.71,Success
55115,1934.0,5,2022-03-09,Completed,0.0,0.0,Success
55116,2702.0,4,2025-07-27,Completed,0.0,1218.12,Success
55117,1866.0,14,2024-03-03,Completed,0.0,96.04,Success
55118,1146.0,1,2023-06-09,Shipped,0.0,40.86,Success
55119,2713.0,10,2025-03-27,Processing,0.0,2681.46,Success
55120,2330.0,1,2023-10-26,Completed,0.0,1592.01,Success
55121,1127.0,19,2025-01-30,Shipped,0.0,0.0,Success
55122,1098.0,1,2025-11-29,Completed,0.0,0.0,Success
55123,1709.0,1,2022-01-15,Shipped,0.0,0.0,Success
55124,1658.0,1,2022-01-18,Processing,0.0,375.29,Success
55125,2902.0,1,2023-01-16,Completed,0.0,40.29,Success
55126,1927.0,1,2022-02-21,Completed,0.0,885.81,Success
55127,2926.0,1,2025-07-23,Completed,0.0,289.54,Success
55128,1515.0,11,2024-02-23,Completed,0.0,0.0,Success
55129,2406.0,1,2024-07-18,Completed,0.0,0.0,Success
55130,1596.0,10,2023-05-06,Completed,0.0,0.0,Success
55131,1778.0,1,2024-04-03,Shipped,0.0,440.85,Success
55132,2038.0,1,2024-04-18,Completed,0.0,44.33,Success
55133,2956.0,19,2022-09-14,Processing,0.0,1155.42,Success
55134,1297.0,7,2025-02-04,Completed,0.0,879.74,Success
55135,2044.0,1,2024-03-15,Shipped,99.0,0.0,Success
55136,1991.0,1,2026-03-01,Completed,0.0,241.71,Success
55137,2861.0,1,2023-02-14,Shipped,0.0,2128.9,Success
55138,2231.0,15,2022-01-10,Shipped,0.0,358.9,Success
55139,1989.0,1,2025-07-01,Completed,0.0,1426.72,Success
55140,2279.0,17,2022-12-21,Completed,0.0,0.0,Success
55141,1002.0,1,2023-03-26,Completed,0.0,1836.99,Success
55142,2058.0,8,2025-12-22,Completed,0.0,39.11,Success
55143,2036.0,9,2023-04-30,Completed,0.0,0.0,Success
55144,1810.0,4,2026-01-25,Completed,0.0,987.33,Success
55145,1903.0,2,2023-09-14,Cancelled,0.0,0.0,Cancelled
55146,2338.0,2,2023-12-29,Completed,0.0,0.0,Success
55147,2231.0,1,2022-08-31,Processing,0.0,0.0,Success
55148,2082.0,15,2022-08-13,Completed,0.0,0.0,Success
55149,1313.0,7,2022-07-30,Completed,0.0,19.55,Success
55150,2774.0,4,2026-04-05,Completed,0.0,71.36,Success
55151,2820.0,20,2022-10-31,Returned,0.0,269.34,Refunded
55152,2382.0,9,2024-12-29,Completed,0.0,0.0,Success
55153,2915.0,19,2023-12-26,Completed,0.0,0.0,Success
55154,2642.0,16,2025-10-19,Completed,0.0,7145.69,Success
55155,2101.0,14,2026-02-10,Shipped,0.0,22302.64,Success
55156,2476.0,9,2023-04-25,Completed,0.0,2719.89,Success
55157,2236.0,11,2026-01-25,Processing,0.0,0.0,Success
55158,,11,2025-06-10,Processing,0.0,0.0,Success
55159,1987.0,1,2023-10-31,Completed,0.0,0.0,Success
55160,2795.0,1,2022-05-01,Processing,0.0,776.59,Success
55161,2337.0,17,2026-03-16,Completed,0.0,55.89,Success
55162,1528.0,9,2025-11-06,Shipped,0.0,870.49,Success
55163,1015.0,1,2024-11-21,Completed,0.0,5159.12,Success
55164,1991.0,19,2023-06-24,Completed,0.0,1615.46,Success
55165,1780.0,5,2023-09-17,Completed,0.0,8217.6,Success
55166,1172.0,1,2023-03-12,Completed,0.0,4533.43,Success
55167,2840.0,16,2023-12-26,Completed,0.0,130.44,Success
55168,2729.0,1,2023-05-17,Completed,0.0,5312.84,Success
55169,1268.0,19,2024-07-11,Completed,0.0,0.0,Success
55170,1167.0,16,2022-05-23,Completed,0.0,558.55,Success
55171,2178.0,14,2025-03-24,Completed,0.0,0.0,Success
55172,2839.0,13,2025-05-26,Returned,0.0,0.0,Refunded
55173,1599.0,13,2023-03-22,Completed,0.0,260.55,Success
55174,1408.0,11,2025-04-05,Completed,0.0,5508.99,Success
55175,1667.0,2,2025-05-01,Completed,0.0,782.17,Success
55176,2079.0,5,2023-09-10,Completed,0.0,977.71,Success
55177,1783.0,14,2026-05-02,Completed,0.0,155.77,Success
55178,2997.0,14,2025-01-30,Completed,0.0,0.0,Success
55179,2991.0,6,2026-05-08,Completed,0.0,53.37,Success
55180,2600.0,1,2024-08-04,Completed,0.0,383.83,Success
55181,2350.0,7,2023-11-19,Completed,0.0,0.0,Success
55182,1547.0,19,2025-12-04,Completed,0.0,1144.99,Success
55183,2881.0,5,2022-03-06,Completed,0.0,945.13,Success
55184,1573.0,1,2023-04-20,Completed,0.0,85.85,Success
55185,2179.0,7,2022-04-03,Cancelled,0.0,0.0,Cancelled
55186,2579.0,1,2024-05-28,Completed,0.0,170.54,Success
55187,2662.0,17,2023-11-24,Completed,0.0,957.03,Success
55188,2227.0,1,2023-07-24,Completed,0.0,0.0,Success
55189,1588.0,19,2024-10-17,Shipped,0.0,1292.26,Success
55190,1322.0,3,2022-11-11,Completed,0.0,190.22,Success
55191,1134.0,1,2024-05-28,Cancelled,0.0,0.0,Cancelled
55192,2045.0,19,2022-05-07,Shipped,0.0,0.0,Success
55193,1151.0,12,2023-01-05,Completed,0.0,0.0,Success
55194,2606.0,13,2024-08-28,Shipped,0.0,0.0,Success
55195,2636.0,17,2025-04-03,Completed,0.0,0.0,Success
55196,2821.0,8,2023-04-05,Completed,0.0,0.0,Success
55197,1226.0,17,2022-06-14,Shipped,0.0,290.14,Success
55198,1888.0,1,2024-09-06,Completed,0.0,3617.49,Success
55199,1854.0,1,2025-09-08,Shipped,99.0,35.56,Success
55200,2432.0,20,2022-12-27,Cancelled,0.0,228.96,Cancelled
55201,1183.0,10,2026-05-19,Completed,0.0,0.0,Success
55202,2353.0,11,2023-07-07,Completed,0.0,297.07,Success
55203,1447.0,7,2022-10-31,Completed,0.0,871.73,Success
55204,1074.0,1,2022-05-03,Completed,0.0,2045.71,Success
55205,2113.0,1,2025-04-02,Completed,0.0,224.33,Success
55206,1564.0,9,2024-09-07,Completed,0.0,0.0,Success
55207,1481.0,14,2022-09-27,Completed,0.0,0.0,Success
55208,2203.0,20,2026-04-28,Completed,0.0,0.0,Success
55209,1028.0,9,2022-07-13,Completed,0.0,117.03,Success
55210,2102.0,1,2022-02-03,Completed,0.0,4151.65,Success
55211,1968.0,20,2024-05-03,Shipped,0.0,0.0,Success
55212,1866.0,8,2024-03-27,Completed,0.0,0.0,Success
55213,2906.0,19,2024-11-26,Completed,0.0,27.33,Success
55214,2646.0,1,2024-08-20,Returned,0.0,864.09,Refunded
55215,2407.0,18,2026-03-07,Completed,0.0,10104.2,Success
55216,2343.0,8,2022-02-10,Completed,0.0,609.06,Success
55217,1829.0,1,2024-11-17,Completed,99.0,0.0,Success
55218,1579.0,16,2025-05-08,Completed,0.0,0.0,Success
55219,1178.0,1,2022-01-26,Completed,0.0,0.0,Success
55220,1079.0,15,2024-10-28,Processing,0.0,0.0,Success
55221,2561.0,7,2025-01-22,Processing,0.0,242.93,Success
55222,1297.0,3,2024-07-30,Completed,0.0,0.0,Success
55223,2744.0,13,2024-12-30,Completed,0.0,428.92,Success
55224,2054.0,4,2024-08-15,Completed,0.0,0.0,Success
55225,2230.0,1,2022-04-05,Completed,0.0,0.0,Success
55226,1715.0,17,2025-03-21,Returned,0.0,797.75,Refunded
55227,1232.0,1,2024-05-25,Completed,0.0,0.0,Success
55228,2391.0,6,2022-10-06,Completed,0.0,0.0,Success
55229,2945.0,7,2025-07-13,Processing,0.0,0.0,Success
55230,1832.0,6,2026-01-30,Shipped,0.0,0.0,Success
55231,2284.0,1,2024-10-26,Completed,0.0,0.0,Success
55232,1267.0,9,2024-05-25,Completed,0.0,141.55,Success
55233,1954.0,16,2025-08-01,Completed,0.0,0.0,Success
55234,1612.0,10,2023-06-12,Completed,0.0,1827.17,Success
55235,1739.0,12,2023-03-07,Completed,0.0,310.22,Success
55236,1377.0,1,2024-03-25,Completed,0.0,2160.2,Success
55237,2392.0,8,2022-08-29,Returned,0.0,141.55,Refunded
55238,1750.0,1,2025-10-12,Shipped,0.0,4503.21,Success
55239,2456.0,1,2025-06-12,Cancelled,0.0,2808.36,Cancelled
55240,,1,2023-01-10,Completed,99.0,0.0,Success
55241,2194.0,1,2025-04-11,Shipped,0.0,2619.48,Success
55242,2104.0,2,2026-06-11,Completed,0.0,0.0,Success
55243,1067.0,1,2023-01-11,Shipped,0.0,0.0,Success
55244,1294.0,1,2026-03-28,Completed,0.0,11773.58,Success
55245,1727.0,1,2025-09-21,Completed,0.0,3517.06,Success
55246,2645.0,1,2025-05-18,Processing,0.0,0.0,Success
55247,2439.0,5,2025-02-15,Processing,0.0,0.0,Success
55248,1967.0,18,2023-02-16,Completed,0.0,0.0,Success
55249,1308.0,8,2025-01-16,Processing,0.0,283.57,Success
55250,2649.0,1,2024-11-22,Completed,0.0,0.0,Success
55251,1368.0,1,2022-03-05,Returned,99.0,0.0,Refunded
55252,2601.0,2,2023-04-22,Completed,0.0,9549.33,Success
55253,1740.0,11,2025-12-25,Completed,0.0,0.0,Success
55254,1724.0,6,2023-10-17,Completed,0.0,0.0,Success
55255,2102.0,17,2025-02-28,Shipped,0.0,1333.35,Success
55256,1350.0,11,2022-03-02,Completed,0.0,205.49,Success
55257,1820.0,1,2023-10-23,Shipped,0.0,213.75,Success
55258,2680.0,1,2022-02-05,Shipped,0.0,80.08,Success
55259,1735.0,6,2024-02-18,Processing,0.0,29.01,Success
55260,2984.0,1,2022-07-15,Completed,0.0,0.0,Success
55261,1597.0,11,2023-07-05,Completed,0.0,0.0,Success
55262,1061.0,15,2025-10-02,Completed,0.0,0.0,Success
55263,2789.0,1,2025-07-04,Completed,0.0,139.99,Success
55264,2153.0,1,2026-02-25,Completed,0.0,0.0,Success
55265,2184.0,11,2026-06-24,Completed,0.0,1309.74,Success
55266,1450.0,14,2022-02-14,Completed,0.0,0.0,Success
55267,1513.0,8,2024-11-19,Completed,0.0,0.0,Success
55268,1016.0,14,2026-06-15,Shipped,0.0,934.77,Success
55269,2682.0,1,2023-09-01,Completed,0.0,0.0,Success
55270,1280.0,5,2023-06-09,Completed,0.0,283.57,Success
55271,2495.0,1,2023-10-23,Completed,0.0,617.77,Success
55272,1616.0,1,2025-06-13,Completed,0.0,2320.66,Success
55273,2775.0,7,2024-06-28,Processing,0.0,0.0,Success
55274,1766.0,2,2024-08-09,Completed,0.0,1196.53,Success
55275,2943.0,1,2024-06-08,Returned,0.0,0.0,Refunded
55276,1649.0,14,2025-06-30,Completed,0.0,7400.12,Success
55277,1654.0,18,2024-10-21,Completed,0.0,1681.57,Success
55278,1438.0,15,2022-01-25,Completed,0.0,0.0,Success
55279,2277.0,1,2023-08-14,Completed,0.0,0.0,Success
55280,1053.0,1,2023-11-08,Completed,0.0,0.0,Success
55281,1507.0,8,2024-02-20,Shipped,0.0,89.23,Success
55282,1488.0,6,2024-05-25,Completed,0.0,242.86,Success
55283,2767.0,1,2022-04-26,Completed,0.0,1122.95,Success
55284,1461.0,20,2022-11-17,Completed,0.0,1199.23,Success
55285,1963.0,12,2022-06-14,Completed,0.0,383.83,Success
55286,2063.0,1,2025-07-21,Completed,0.0,542.61,Success
55287,2717.0,2,2024-07-10,Completed,0.0,2502.7,Success
55288,2406.0,2,2024-10-25,Completed,0.0,0.0,Success
55289,1072.0,15,2022-08-10,Completed,0.0,163.49,Success
55290,2627.0,1,2025-07-21,Completed,0.0,0.0,Success
55291,2550.0,8,2024-07-12,Completed,0.0,7301.35,Success
55292,1249.0,1,2025-10-30,Completed,0.0,242.92,Success
55293,1173.0,1,2025-01-13,Shipped,0.0,0.0,Success
55294,1673.0,6,2022-06-29,Cancelled,0.0,0.0,Cancelled
55295,1632.0,1,2024-04-03,Completed,0.0,0.0,Success
55296,1596.0,1,2024-11-07,Completed,0.0,468.04,Success
55297,2689.0,3,2025-05-14,Completed,0.0,0.0,Success
55298,1249.0,1,2024-11-14,Completed,0.0,1822.93,Success
55299,1242.0,12,2024-08-06,Shipped,0.0,0.0,Success
55300,2944.0,1,2022-06-13,Completed,99.0,0.0,Success
55301,2882.0,1,2024-07-13,Completed,0.0,647.01,Success
55302,1105.0,3,2025-01-27,Completed,0.0,276.67,Success
55303,1699.0,1,2023-07-13,Shipped,0.0,0.0,Success
55304,1648.0,1,2024-05-03,Completed,0.0,1082.55,Success
55305,1703.0,2,2023-10-10,Processing,0.0,5943.43,Success
55306,1162.0,1,2025-01-08,Returned,0.0,7521.38,Refunded
55307,1699.0,3,2025-11-10,Completed,0.0,11323.13,Success
55308,1422.0,2,2023-01-14,Completed,0.0,130.52,Success
55309,1976.0,18,2022-12-27,Completed,0.0,2856.58,Success
55310,2295.0,14,2024-08-15,Completed,0.0,0.0,Success
55311,1393.0,1,2025-12-23,Completed,99.0,111.75,Success
55312,2616.0,1,2025-02-07,Completed,0.0,766.54,Success
55313,1888.0,1,2025-02-17,Completed,0.0,0.0,Success
55314,2070.0,16,2023-10-11,Completed,0.0,0.0,Success
55315,2627.0,11,2024-08-25,Completed,0.0,104.95,Success
55316,1190.0,4,2024-06-05,Completed,0.0,2388.57,Success
55317,2506.0,16,2026-02-26,Completed,0.0,907.99,Success
55318,2081.0,6,2025-01-14,Completed,0.0,10625.67,Success
55319,1922.0,13,2022-11-01,Completed,0.0,825.43,Success
55320,2419.0,20,2022-07-11,Completed,0.0,276.67,Success
55321,1653.0,1,2026-02-07,Cancelled,0.0,1199.41,Cancelled
55322,2611.0,4,2023-01-21,Completed,0.0,223.08,Success
55323,1897.0,20,2025-04-29,Cancelled,0.0,0.0,Cancelled
55324,1469.0,18,2024-08-15,Completed,0.0,65.22,Success
55325,2071.0,15,2025-11-16,Completed,0.0,1620.15,Success
55326,1514.0,4,2025-03-10,Completed,0.0,0.0,Success
55327,,5,2023-01-18,Returned,0.0,0.0,Refunded
55328,2661.0,13,2024-06-15,Completed,0.0,1028.31,Success
55329,2714.0,13,2025-11-15,Completed,0.0,219.37,Success
55330,2949.0,1,2025-06-08,Completed,0.0,209.13,Success
55331,2363.0,2,2025-06-16,Completed,0.0,89.23,Success
55332,2929.0,11,2022-11-10,Completed,0.0,0.0,Success
55333,1698.0,1,2025-06-09,Shipped,0.0,43.68,Success
55334,1539.0,2,2026-05-21,Completed,0.0,317.54,Success
55335,2965.0,1,2024-10-24,Completed,99.0,117.03,Success
55336,1241.0,1,2023-10-28,Completed,0.0,0.0,Success
55337,2053.0,1,2024-12-09,Completed,99.0,105.82,Success
55338,2285.0,9,2023-05-27,Completed,0.0,0.0,Success
55339,2574.0,20,2024-04-01,Completed,0.0,728.78,Success
55340,1934.0,2,2022-08-20,Completed,0.0,0.0,Success
55341,1382.0,1,2022-12-01,Completed,0.0,0.0,Success
55342,2409.0,17,2023-10-22,Shipped,0.0,2333.99,Success
55343,1020.0,12,2025-06-19,Completed,0.0,4300.01,Success
55344,1761.0,20,2022-06-12,Processing,0.0,0.0,Success
55345,1384.0,4,2025-03-03,Completed,0.0,0.0,Success
55346,1281.0,9,2025-04-02,Completed,0.0,7074.78,Success
55347,1202.0,1,2022-04-11,Completed,0.0,1901.56,Success
55348,1812.0,19,2024-12-15,Cancelled,0.0,0.0,Cancelled
55349,1957.0,1,2025-12-10,Completed,0.0,77.88,Success
55350,1938.0,6,2024-05-06,Returned,0.0,7301.35,Refunded
55351,1451.0,8,2026-02-20,Shipped,0.0,0.0,Success
55352,1620.0,7,2022-07-17,Completed,0.0,858.31,Success
55353,2073.0,4,2025-11-04,Returned,0.0,23396.16,Refunded
55354,2935.0,20,2022-01-14,Completed,0.0,731.72,Success
55355,1053.0,1,2025-06-10,Completed,0.0,3019.31,Success
55356,1164.0,1,2025-08-17,Completed,0.0,0.0,Success
55357,2665.0,19,2023-08-12,Completed,0.0,128.52,Success
55358,1598.0,20,2022-06-11,Completed,0.0,2070.19,Success
55359,2506.0,6,2022-11-13,Shipped,0.0,2200.99,Success
55360,2971.0,1,2024-05-28,Completed,0.0,0.0,Success
55361,2171.0,1,2023-10-13,Processing,0.0,5109.43,Success
55362,1974.0,12,2025-10-15,Completed,0.0,260.9,Success
55363,2813.0,11,2025-09-23,Returned,0.0,1532.46,Refunded
55364,1750.0,19,2024-10-04,Completed,0.0,568.61,Success
55365,1681.0,4,2023-06-14,Completed,0.0,137.62,Success
55366,1521.0,19,2023-05-03,Completed,0.0,0.0,Success
55367,2974.0,1,2024-02-25,Completed,0.0,0.0,Success
55368,2909.0,13,2026-05-03,Completed,0.0,5902.51,Success
55369,1836.0,16,2022-05-17,Completed,0.0,0.0,Success
55370,1281.0,7,2023-02-20,Cancelled,0.0,0.0,Cancelled
55371,1085.0,5,2025-08-13,Shipped,0.0,3906.98,Success
55372,1008.0,17,2023-11-05,Completed,0.0,1523.58,Success
55373,1833.0,16,2024-12-07,Completed,0.0,0.0,Success
55374,2190.0,1,2023-08-24,Completed,0.0,6335.15,Success
55375,2216.0,1,2022-05-21,Completed,0.0,0.0,Success
55376,1629.0,1,2024-01-07,Completed,0.0,0.0,Success
55377,2108.0,1,2022-03-19,Shipped,0.0,0.0,Success
55378,2745.0,10,2022-04-16,Completed,0.0,3543.24,Success
55379,2809.0,15,2024-02-04,Completed,0.0,0.0,Success
55380,1497.0,12,2024-04-02,Processing,0.0,0.0,Success
55381,2088.0,6,2023-02-27,Completed,0.0,159.13,Success
55382,1680.0,3,2025-12-11,Completed,0.0,0.0,Success
55383,2466.0,1,2026-03-06,Completed,0.0,0.0,Success
55384,1965.0,1,2025-08-13,Completed,0.0,0.0,Success
55385,1538.0,1,2023-02-01,Returned,0.0,120.37,Refunded
55386,1534.0,1,2024-12-22,Completed,0.0,3361.96,Success
55387,2048.0,3,2023-06-18,Cancelled,0.0,0.0,Cancelled
55388,2131.0,10,2022-02-25,Completed,0.0,0.0,Success
55389,1294.0,20,2023-03-31,Completed,0.0,0.0,Success
55390,2810.0,20,2026-03-18,Completed,0.0,1345.25,Success
55391,2008.0,15,2025-06-19,Shipped,0.0,600.5,Success
55392,1797.0,12,2022-02-15,Cancelled,0.0,0.0,Cancelled
55393,1459.0,1,2024-10-08,Shipped,0.0,1031.63,Success
55394,1078.0,14,2024-03-10,Completed,0.0,0.0,Success
55395,2977.0,6,2023-05-29,Completed,0.0,162.19,Success
55396,2430.0,1,2024-07-28,Completed,0.0,137.62,Success
55397,2768.0,1,2024-12-23,Processing,0.0,180.54,Success
55398,2354.0,7,2026-02-06,Completed,0.0,41.01,Success
55399,1679.0,1,2022-06-13,Completed,0.0,1155.33,Success
55400,1550.0,3,2025-06-27,Completed,0.0,1047.01,Success
55401,1844.0,6,2022-07-31,Completed,0.0,0.0,Success
55402,1656.0,1,2024-04-04,Completed,0.0,0.0,Success
55403,1810.0,14,2026-02-07,Returned,0.0,0.0,Refunded
55404,2767.0,1,2023-05-05,Completed,0.0,0.0,Success
55405,1729.0,16,2022-08-28,Shipped,0.0,534.37,Success
55406,1428.0,1,2022-07-18,Processing,99.0,27.33,Success
55407,2727.0,9,2024-11-30,Completed,0.0,0.0,Success
55408,2353.0,7,2024-05-17,Shipped,0.0,0.0,Success
55409,2427.0,1,2022-11-01,Completed,0.0,0.0,Success
55410,2898.0,1,2025-08-19,Completed,0.0,2808.21,Success
55411,1833.0,17,2026-01-21,Completed,0.0,5216.45,Success
55412,2946.0,1,2022-02-03,Processing,99.0,0.0,Success
55413,1287.0,17,2026-04-01,Completed,0.0,0.0,Success
55414,1432.0,1,2024-09-07,Completed,99.0,0.0,Success
55415,1212.0,20,2024-04-21,Shipped,0.0,0.0,Success
55416,1130.0,1,2025-04-06,Completed,0.0,0.0,Success
55417,2042.0,20,2026-06-30,Processing,0.0,590.25,Success
55418,2020.0,5,2026-03-15,Completed,0.0,65.22,Success
55419,2341.0,18,2023-05-15,Returned,0.0,1089.66,Refunded
55420,1623.0,1,2026-02-06,Completed,0.0,0.0,Success
55421,2870.0,1,2025-01-18,Completed,0.0,789.32,Success
55422,2224.0,1,2026-03-14,Cancelled,0.0,0.0,Cancelled
55423,2081.0,12,2024-05-12,Completed,0.0,1076.97,Success
55424,1044.0,9,2022-09-13,Completed,0.0,149.32,Success
55425,1019.0,20,2025-10-06,Completed,0.0,4956.14,Success
55426,2370.0,7,2024-05-09,Completed,0.0,0.0,Success
55427,2504.0,3,2023-04-09,Cancelled,0.0,0.0,Cancelled
55428,1853.0,2,2025-02-03,Completed,0.0,274.28,Success
55429,2095.0,16,2024-01-02,Completed,0.0,0.0,Success
55430,1045.0,1,2022-10-14,Completed,0.0,0.0,Success
55431,2518.0,1,2022-12-29,Completed,0.0,0.0,Success
55432,2753.0,1,2023-04-21,Completed,0.0,0.0,Success
55433,1687.0,1,2025-05-27,Processing,0.0,4176.21,Success
55434,1726.0,19,2023-03-20,Completed,0.0,3646.51,Success
55435,1955.0,20,2025-02-08,Completed,0.0,6460.73,Success
55436,1379.0,19,2024-04-15,Completed,0.0,0.0,Success
55437,2175.0,3,2025-11-12,Completed,0.0,58.29,Success
55438,1001.0,1,2024-09-29,Shipped,0.0,0.0,Success
55439,2846.0,1,2024-09-09,Shipped,0.0,0.0,Success
55440,2780.0,6,2024-06-07,Completed,0.0,3787.73,Success
55441,1582.0,5,2024-10-14,Completed,0.0,139.47,Success
55442,1212.0,10,2024-06-04,Completed,0.0,668.08,Success
55443,1218.0,1,2024-05-03,Completed,0.0,0.0,Success
55444,1544.0,13,2024-01-21,Completed,0.0,0.0,Success
55445,1983.0,1,2025-09-21,Completed,99.0,0.0,Success
55446,2968.0,1,2026-06-06,Cancelled,0.0,0.0,Cancelled
55447,2579.0,1,2023-09-01,Completed,0.0,4995.41,Success
55448,1309.0,17,2023-08-26,Completed,0.0,3591.17,Success
55449,2150.0,1,2023-02-04,Shipped,99.0,0.0,Success
55450,2103.0,1,2024-12-08,Completed,0.0,0.0,Success
55451,2697.0,17,2022-05-09,Completed,0.0,467.3,Success
55452,2120.0,2,2022-03-18,Completed,0.0,16417.08,Success
55453,1753.0,7,2025-01-04,Completed,0.0,419.59,Success
55454,1474.0,12,2023-08-05,Shipped,0.0,80.08,Success
55455,1284.0,14,2023-09-14,Shipped,0.0,0.0,Success
55456,1600.0,1,2024-11-07,Completed,99.0,0.0,Success
55457,1191.0,1,2022-08-12,Completed,0.0,0.0,Success
55458,2194.0,1,2026-01-12,Completed,0.0,274.28,Success
55459,2673.0,5,2025-05-03,Completed,0.0,0.0,Success
55460,2511.0,1,2022-03-30,Completed,0.0,0.0,Success
55461,2684.0,1,2025-07-16,Shipped,0.0,79.51,Success
55462,1563.0,1,2024-11-06,Completed,0.0,401.12,Success
55463,2588.0,1,2024-03-24,Completed,99.0,0.0,Success
55464,1841.0,1,2024-10-01,Shipped,99.0,0.0,Success
55465,2935.0,20,2022-05-25,Cancelled,0.0,1008.89,Cancelled
55466,1218.0,16,2024-08-24,Completed,0.0,1205.15,Success
55467,1534.0,1,2024-01-12,Cancelled,99.0,40.87,Cancelled
55468,1226.0,16,2022-10-21,Completed,0.0,0.0,Success
55469,2472.0,17,2022-03-28,Completed,0.0,14776.49,Success
55470,2390.0,9,2024-11-19,Completed,0.0,217.76,Success
55471,1466.0,20,2023-04-28,Completed,0.0,138.34,Success
55472,1670.0,20,2026-02-06,Shipped,0.0,0.0,Success
55473,2968.0,16,2022-02-14,Completed,0.0,171.36,Success
55474,1070.0,6,2024-03-20,Returned,0.0,579.07,Refunded
55475,1279.0,11,2023-12-13,Completed,0.0,0.0,Success
55476,2176.0,13,2026-02-22,Completed,0.0,0.0,Success
55477,2605.0,1,2024-06-26,Completed,0.0,0.0,Success
55478,1159.0,1,2025-11-18,Completed,0.0,0.0,Success
55479,1906.0,1,2025-11-23,Completed,0.0,0.0,Success
55480,2736.0,1,2025-06-07,Completed,0.0,0.0,Success
55481,2876.0,18,2024-01-21,Completed,0.0,0.0,Success
55482,1227.0,10,2023-09-27,Shipped,0.0,0.0,Success
55483,1740.0,13,2026-05-15,Completed,0.0,0.0,Success
55484,2117.0,1,2024-12-05,Completed,0.0,0.0,Success
55485,1436.0,1,2023-01-12,Completed,0.0,1681.57,Success
55486,1345.0,8,2023-06-16,Completed,0.0,0.0,Success
55487,2662.0,17,2023-01-29,Completed,0.0,0.0,Success
55488,1225.0,15,2023-11-08,Shipped,0.0,25.41,Success
55489,1553.0,13,2022-04-18,Shipped,0.0,1029.76,Success
55490,2198.0,1,2022-07-24,Shipped,0.0,0.0,Success
55491,2288.0,1,2024-05-18,Completed,0.0,2433.3,Success
55492,1401.0,14,2025-02-11,Shipped,0.0,400.42,Success
55493,2662.0,17,2022-01-11,Completed,0.0,0.0,Success
55494,2203.0,19,2022-12-03,Completed,0.0,0.0,Success
55495,1228.0,2,2025-04-30,Completed,0.0,0.0,Success
55496,2028.0,1,2024-07-16,Cancelled,0.0,0.0,Cancelled
55497,2424.0,1,2022-02-10,Completed,0.0,0.0,Success
55498,1239.0,12,2023-06-30,Completed,0.0,212.32,Success
55499,1172.0,17,2022-06-21,Shipped,0.0,0.0,Success
55500,2238.0,7,2023-12-05,Cancelled,0.0,1282.01,Cancelled
55501,1554.0,17,2022-02-19,Completed,0.0,64.72,Success
55502,1024.0,3,2025-04-28,Completed,0.0,35.56,Success
55503,2230.0,11,2023-11-12,Completed,0.0,171.71,Success
55504,1818.0,17,2025-03-11,Completed,0.0,0.0,Success
55505,1668.0,11,2024-08-09,Completed,0.0,8614.31,Success
55506,1909.0,7,2025-07-15,Completed,0.0,0.0,Success
55507,2186.0,6,2025-10-27,Cancelled,0.0,93.94,Cancelled
55508,1723.0,1,2022-08-24,Completed,99.0,13.32,Success
55509,1862.0,13,2025-07-02,Completed,0.0,69.98,Success
55510,2422.0,8,2025-03-15,Shipped,0.0,1080.1,Success
55511,1808.0,1,2025-07-16,Completed,99.0,0.0,Success
55512,1188.0,15,2025-06-27,Completed,0.0,2485.61,Success
55513,2326.0,1,2024-10-19,Shipped,0.0,0.0,Success
55514,2321.0,12,2022-03-28,Shipped,0.0,85.68,Success
55515,1729.0,1,2022-04-19,Completed,0.0,0.0,Success
55516,1834.0,17,2024-08-30,Processing,0.0,95.11,Success
55517,2139.0,18,2026-03-09,Processing,0.0,0.0,Success
55518,2602.0,15,2022-01-14,Completed,0.0,72.03,Success
55519,1894.0,5,2024-12-07,Completed,0.0,0.0,Success
55520,1332.0,1,2025-03-13,Completed,0.0,2712.62,Success
55521,2167.0,2,2022-12-26,Shipped,0.0,0.0,Success
55522,1469.0,1,2025-01-14,Completed,0.0,477.91,Success
55523,1474.0,11,2025-02-24,Completed,0.0,0.0,Success
55524,2758.0,11,2025-07-01,Completed,0.0,889.71,Success
55525,2706.0,17,2024-07-14,Completed,0.0,167.96,Success
55526,1561.0,18,2023-06-17,Completed,0.0,3998.69,Success
55527,2514.0,13,2022-03-16,Completed,0.0,303.29,Success
55528,2683.0,1,2025-07-11,Completed,0.0,0.0,Success
55529,1034.0,4,2024-08-21,Completed,0.0,73.25,Success
55530,1343.0,18,2026-01-29,Completed,0.0,9286.6,Success
55531,2019.0,15,2022-12-12,Completed,0.0,123.04,Success
55532,2083.0,10,2024-05-06,Cancelled,0.0,164.05,Cancelled
55533,1010.0,13,2025-05-27,Completed,0.0,0.0,Success
55534,2307.0,16,2023-04-03,Shipped,0.0,18.21,Success
55535,1069.0,12,2025-04-27,Completed,0.0,31.04,Success
55536,1847.0,18,2025-10-26,Processing,0.0,0.0,Success
55537,2320.0,6,2023-02-19,Completed,0.0,0.0,Success
55538,1637.0,1,2024-05-13,Cancelled,99.0,0.0,Cancelled
55539,2342.0,6,2025-12-02,Completed,0.0,173.21,Success
55540,2133.0,20,2025-10-08,Processing,0.0,0.0,Success
55541,1673.0,11,2022-06-26,Completed,0.0,0.0,Success
55542,1193.0,5,2023-01-24,Completed,0.0,0.0,Success
55543,2282.0,4,2022-06-09,Completed,0.0,0.0,Success
55544,2526.0,12,2024-01-28,Processing,0.0,0.0,Success
55545,1740.0,1,2022-01-29,Completed,99.0,71.34,Success
55546,1664.0,10,2023-07-29,Returned,0.0,0.0,Refunded
55547,1319.0,10,2024-11-27,Completed,0.0,1845.48,Success
55548,2319.0,11,2024-05-22,Completed,0.0,130.44,Success
55549,2346.0,15,2022-08-21,Returned,0.0,6946.84,Refunded
55550,1449.0,2,2023-06-13,Completed,0.0,0.0,Success
55551,1494.0,10,2023-07-11,Completed,0.0,19824.57,Success
55552,2850.0,18,2023-09-18,Cancelled,0.0,0.0,Cancelled
55553,1895.0,8,2022-11-20,Completed,0.0,52.45,Success
55554,1788.0,14,2025-08-31,Completed,0.0,778.8,Success
55555,2728.0,2,2024-01-10,Completed,0.0,2568.78,Success
55556,1752.0,1,2024-07-27,Completed,0.0,0.0,Success
55557,2517.0,4,2022-06-23,Shipped,0.0,0.0,Success
55558,1699.0,11,2025-09-11,Completed,0.0,4584.88,Success
55559,2379.0,1,2022-10-30,Completed,0.0,1144.99,Success
55560,2033.0,1,2026-03-21,Completed,0.0,0.0,Success
55561,2167.0,1,2024-11-18,Completed,0.0,32.23,Success
55562,2539.0,14,2026-05-19,Completed,0.0,0.0,Success
55563,2903.0,1,2022-03-01,Completed,0.0,328.23,Success
55564,1445.0,1,2024-11-10,Completed,0.0,1076.71,Success
55565,2523.0,18,2023-06-28,Returned,0.0,139.94,Refunded
55566,1334.0,1,2025-04-09,Processing,0.0,2757.75,Success
55567,1713.0,1,2024-07-14,Shipped,0.0,226.71,Success
55568,1703.0,12,2025-11-08,Shipped,0.0,0.0,Success
55569,1279.0,17,2022-12-31,Cancelled,0.0,3583.37,Cancelled
55570,2607.0,1,2022-11-14,Cancelled,0.0,622.81,Cancelled
55571,1300.0,5,2025-08-26,Completed,0.0,0.0,Success
55572,2903.0,12,2023-08-19,Completed,0.0,79.88,Success
55573,2253.0,1,2023-04-26,Cancelled,99.0,0.0,Cancelled
55574,2388.0,20,2022-01-06,Completed,0.0,162.39,Success
55575,1288.0,2,2024-07-10,Completed,0.0,0.0,Success
55576,1925.0,1,2022-05-10,Completed,0.0,0.0,Success
55577,2363.0,1,2025-01-02,Completed,0.0,3012.4,Success
55578,1607.0,4,2024-01-30,Completed,0.0,8438.26,Success
55579,1983.0,10,2025-12-07,Shipped,0.0,444.47,Success
55580,2065.0,7,2024-07-19,Completed,0.0,0.0,Success
55581,1080.0,1,2024-11-27,Processing,0.0,725.09,Success
55582,1157.0,7,2025-03-31,Processing,0.0,0.0,Success
55583,1165.0,1,2024-03-30,Completed,99.0,130.44,Success
55584,2371.0,1,2022-03-01,Shipped,0.0,0.0,Success
55585,1189.0,1,2024-09-19,Shipped,0.0,0.0,Success
55586,2546.0,1,2024-01-19,Completed,0.0,870.43,Success
55587,2611.0,17,2023-04-05,Processing,0.0,297.07,Success
55588,2123.0,1,2022-06-28,Processing,0.0,0.0,Success
55589,2359.0,1,2022-01-17,Completed,0.0,344.68,Success
55590,1150.0,10,2026-02-12,Completed,0.0,120.87,Success
55591,2768.0,1,2024-02-22,Returned,0.0,849.75,Refunded
55592,1701.0,1,2023-06-08,Completed,99.0,133.85,Success
55593,2028.0,16,2026-03-29,Cancelled,0.0,506.61,Cancelled
55594,2934.0,15,2023-02-16,Processing,0.0,504.47,Success
55595,1057.0,13,2023-05-05,Completed,0.0,514.88,Success
55596,2519.0,10,2022-03-30,Completed,0.0,18.62,Success
55597,1707.0,1,2023-02-07,Cancelled,99.0,40.29,Cancelled
55598,1023.0,6,2024-12-28,Completed,0.0,51.95,Success
55599,2227.0,1,2025-12-28,Completed,0.0,244.85,Success
55600,2300.0,6,2025-08-09,Processing,0.0,82.36,Success
55601,1211.0,2,2025-05-16,Completed,0.0,0.0,Success
55602,2438.0,1,2023-06-13,Completed,0.0,1582.25,Success
55603,2203.0,17,2022-01-24,Completed,0.0,807.73,Success
55604,1549.0,1,2022-09-19,Completed,0.0,4257.8,Success
55605,2948.0,3,2024-10-13,Completed,0.0,0.0,Success
55606,2953.0,5,2023-05-08,Shipped,0.0,0.0,Success
55607,1452.0,3,2024-12-14,Processing,0.0,0.0,Success
55608,2342.0,1,2023-03-02,Completed,99.0,0.0,Success
55609,1105.0,12,2022-02-27,Completed,0.0,0.0,Success
55610,2188.0,19,2024-09-20,Processing,0.0,629.94,Success
55611,2547.0,1,2025-01-23,Processing,0.0,0.0,Success
55612,1317.0,19,2022-01-14,Completed,0.0,1779.43,Success
55613,1379.0,1,2024-08-18,Completed,0.0,732.46,Success
55614,2689.0,1,2023-08-27,Completed,0.0,0.0,Success
55615,2125.0,11,2026-02-17,Processing,0.0,0.0,Success
55616,1835.0,5,2025-03-11,Completed,0.0,10625.67,Success
55617,2374.0,16,2024-05-11,Completed,0.0,52.45,Success
55618,2832.0,1,2026-03-07,Shipped,0.0,0.0,Success
55619,2715.0,1,2026-06-14,Completed,0.0,1867.15,Success
55620,2399.0,7,2022-09-24,Completed,0.0,166.67,Success
55621,1195.0,9,2023-06-24,Completed,0.0,0.0,Success
55622,1570.0,1,2025-01-25,Returned,0.0,535.32,Refunded
55623,2322.0,8,2022-08-12,Completed,0.0,0.0,Success
55624,2800.0,1,2024-11-22,Completed,0.0,130.52,Success
55625,2860.0,1,2023-08-04,Completed,0.0,0.0,Success
55626,1763.0,1,2024-01-03,Completed,0.0,164.05,Success
55627,1144.0,5,2024-10-04,Completed,0.0,0.0,Success
55628,1546.0,2,2026-05-12,Completed,0.0,0.0,Success
55629,1805.0,1,2022-03-17,Completed,0.0,3822.36,Success
55630,1271.0,15,2022-12-21,Completed,0.0,323.4,Success
55631,1241.0,9,2024-06-30,Shipped,0.0,2186.05,Success
55632,2919.0,19,2022-06-14,Completed,0.0,18671.89,Success
55633,1999.0,14,2022-12-04,Completed,0.0,646.87,Success
55634,2690.0,4,2026-04-11,Completed,0.0,2178.67,Success
55635,2026.0,6,2024-09-04,Completed,0.0,1101.51,Success
55636,1597.0,1,2026-05-02,Completed,0.0,0.0,Success
55637,1843.0,1,2025-03-20,Cancelled,0.0,160.93,Cancelled
55638,2497.0,10,2024-09-24,Cancelled,0.0,47.34,Cancelled
55639,1084.0,3,2022-10-10,Completed,0.0,0.0,Success
55640,1551.0,15,2025-04-27,Completed,0.0,71.77,Success
55641,1032.0,17,2022-12-25,Completed,0.0,1145.1,Success
55642,1034.0,16,2022-12-14,Shipped,0.0,445.91,Success
55643,2430.0,18,2023-08-17,Completed,0.0,0.0,Success
55644,2543.0,9,2025-01-03,Completed,0.0,0.0,Success
55645,2975.0,19,2022-08-29,Completed,0.0,0.0,Success
55646,2247.0,1,2025-07-15,Cancelled,0.0,1637.53,Cancelled
55647,2379.0,7,2025-05-08,Completed,0.0,699.14,Success
55648,1683.0,1,2022-01-31,Completed,0.0,1068.74,Success
55649,1925.0,14,2026-01-23,Completed,0.0,50.82,Success
55650,2621.0,11,2025-06-02,Completed,0.0,24.53,Success
55651,1934.0,8,2025-02-14,Shipped,0.0,6346.25,Success
55652,1328.0,5,2025-07-20,Completed,0.0,364.29,Success
55653,2204.0,1,2022-07-02,Completed,0.0,2227.57,Success
55654,2746.0,19,2024-12-21,Completed,0.0,0.0,Success
55655,2726.0,1,2024-01-22,Completed,0.0,955.97,Success
55656,1577.0,17,2025-05-02,Completed,0.0,0.0,Success
55657,1650.0,11,2022-11-22,Returned,0.0,2153.58,Refunded
55658,2066.0,1,2022-05-09,Completed,0.0,5420.83,Success
55659,2227.0,1,2023-07-01,Completed,0.0,5538.85,Success
55660,1905.0,13,2026-02-19,Completed,0.0,142.01,Success
55661,2896.0,1,2024-10-28,Shipped,0.0,0.0,Success
55662,1581.0,1,2022-09-05,Returned,0.0,1085.22,Refunded
55663,1494.0,8,2025-03-24,Completed,0.0,191.6,Success
55664,1217.0,12,2025-09-10,Processing,0.0,0.0,Success
55665,1795.0,1,2025-12-13,Completed,0.0,0.0,Success
55666,1174.0,5,2025-10-05,Completed,0.0,0.0,Success
55667,2507.0,1,2026-01-31,Completed,0.0,279.28,Success
55668,2868.0,1,2025-02-07,Processing,0.0,3998.69,Success
55669,2773.0,5,2022-03-19,Completed,0.0,564.03,Success
55670,2239.0,18,2024-12-02,Shipped,0.0,1869.54,Success
55671,2806.0,8,2023-05-22,Shipped,0.0,1514.84,Success
55672,2356.0,5,2023-11-25,Completed,0.0,0.0,Success
55673,1264.0,1,2025-04-18,Cancelled,0.0,0.0,Cancelled
55674,2679.0,1,2025-11-06,Cancelled,0.0,9577.89,Cancelled
55675,1242.0,10,2026-04-06,Shipped,0.0,3851.92,Success
55676,,11,2023-12-12,Completed,0.0,0.0,Success
55677,2284.0,5,2023-02-26,Shipped,0.0,0.0,Success
55678,1158.0,1,2023-02-10,Completed,0.0,0.0,Success
55679,2138.0,12,2024-08-25,Completed,0.0,634.59,Success
55680,1808.0,8,2023-11-26,Returned,0.0,1136.96,Refunded
55681,1121.0,9,2022-07-28,Completed,0.0,155.84,Success
55682,1136.0,2,2023-03-29,Completed,0.0,0.0,Success
55683,2330.0,1,2022-03-30,Completed,0.0,1628.32,Success
55684,2096.0,19,2024-11-15,Completed,0.0,0.0,Success
55685,2110.0,1,2023-06-28,Completed,0.0,238.53,Success
55686,1296.0,10,2024-10-20,Completed,0.0,1208.92,Success
55687,2169.0,1,2025-07-01,Processing,0.0,0.0,Success
55688,1508.0,14,2025-12-01,Completed,0.0,0.0,Success
55689,1176.0,1,2023-06-19,Completed,0.0,233.14,Success
55690,1212.0,1,2026-02-02,Completed,0.0,877.92,Success
55691,1217.0,1,2022-04-24,Completed,0.0,1073.11,Success
55692,1408.0,1,2022-02-25,Shipped,0.0,144.06,Success
55693,2813.0,1,2023-06-29,Completed,0.0,1398.29,Success
55694,2682.0,1,2023-05-30,Completed,0.0,160.17,Success
55695,2507.0,15,2025-05-20,Returned,0.0,517.02,Refunded
55696,2319.0,13,2022-06-12,Completed,0.0,7478.16,Success
55697,2974.0,9,2022-12-21,Processing,0.0,12241.03,Success
55698,1728.0,2,2025-05-15,Completed,0.0,0.0,Success
55699,1118.0,18,2023-08-01,Cancelled,0.0,842.54,Cancelled
55700,2315.0,1,2024-04-10,Processing,0.0,0.0,Success
55701,1759.0,1,2022-02-15,Shipped,0.0,467.5,Success
55702,1297.0,8,2023-12-27,Shipped,0.0,60.18,Success
55703,1040.0,1,2024-06-14,Shipped,0.0,875.5,Success
55704,2419.0,15,2025-01-03,Completed,0.0,0.0,Success
55705,1367.0,1,2024-05-22,Completed,0.0,32.01,Success
55706,2213.0,2,2022-04-26,Completed,0.0,1933.66,Success
55707,2821.0,9,2023-09-08,Processing,0.0,0.0,Success
55708,1086.0,10,2023-08-11,Completed,0.0,1120.19,Success
55709,1431.0,20,2024-12-02,Completed,0.0,0.0,Success
55710,1499.0,17,2024-02-10,Returned,0.0,0.0,Refunded
55711,1002.0,17,2023-04-25,Completed,0.0,922.46,Success
55712,1926.0,11,2022-06-30,Completed,0.0,1663.3,Success
55713,2456.0,3,2025-09-09,Completed,0.0,1292.26,Success
55714,2600.0,12,2022-06-27,Shipped,0.0,856.26,Success
55715,2754.0,17,2023-05-27,Completed,0.0,0.0,Success
55716,1771.0,9,2022-08-07,Returned,0.0,0.0,Refunded
55717,2799.0,6,2022-10-11,Completed,0.0,0.0,Success
55718,2208.0,11,2026-02-19,Processing,0.0,0.0,Success
55719,1677.0,1,2023-09-26,Completed,99.0,39.11,Success
55720,1840.0,1,2025-02-17,Processing,0.0,247.09,Success
55721,2037.0,6,2025-02-17,Completed,0.0,0.0,Success
55722,2758.0,7,2024-11-06,Completed,0.0,0.0,Success
55723,2362.0,1,2025-04-20,Completed,99.0,31.04,Success
55724,2571.0,10,2022-10-17,Shipped,0.0,0.0,Success
55725,1633.0,1,2023-11-13,Completed,0.0,2096.22,Success
55726,2171.0,11,2023-07-24,Processing,0.0,0.0,Success
55727,2874.0,14,2026-06-21,Shipped,0.0,0.0,Success
55728,1754.0,3,2026-02-10,Completed,0.0,626.45,Success
55729,1768.0,1,2022-08-29,Completed,0.0,0.0,Success
55730,2819.0,4,2025-02-05,Shipped,0.0,0.0,Success
55731,1771.0,12,2023-05-17,Cancelled,0.0,0.0,Cancelled
55732,2792.0,1,2023-03-23,Completed,0.0,0.0,Success
55733,1366.0,8,2023-09-14,Completed,0.0,0.0,Success
55734,1340.0,1,2024-02-28,Completed,0.0,212.44,Success
55735,1038.0,5,2022-03-14,Completed,0.0,0.0,Success
55736,1019.0,4,2026-06-24,Completed,0.0,163.49,Success
55737,2408.0,9,2026-01-27,Completed,0.0,1703.14,Success
55738,2144.0,13,2022-08-06,Completed,0.0,79.06,Success
55739,1927.0,16,2023-07-05,Completed,0.0,70.78,Success
55740,1422.0,7,2024-10-30,Shipped,0.0,1135.43,Success
55741,1950.0,1,2025-11-15,Completed,0.0,374.76,Success
55742,2128.0,20,2025-09-02,Returned,0.0,0.0,Refunded
55743,2387.0,1,2022-03-08,Completed,0.0,1706.93,Success
55744,2007.0,4,2022-06-19,Completed,0.0,0.0,Success
55745,2253.0,11,2026-02-11,Completed,0.0,0.0,Success
55746,2896.0,11,2025-12-22,Completed,0.0,0.0,Success
55747,2139.0,7,2026-01-31,Cancelled,0.0,0.0,Cancelled
55748,1369.0,15,2023-10-04,Completed,0.0,7233.5,Success
55749,3000.0,4,2025-08-24,Processing,0.0,320.62,Success
55750,2425.0,1,2025-10-10,Completed,0.0,279.87,Success
55751,1727.0,11,2023-05-26,Completed,0.0,37.23,Success
55752,1411.0,20,2024-10-22,Completed,0.0,767.6,Success
55753,2644.0,17,2025-08-18,Completed,0.0,10625.67,Success
55754,1390.0,18,2025-02-23,Completed,0.0,0.0,Success
55755,2618.0,6,2024-07-06,Completed,0.0,98.13,Success
55756,2934.0,18,2023-12-05,Cancelled,0.0,103.89,Cancelled
55757,2748.0,16,2024-09-09,Shipped,0.0,891.23,Success
55758,2260.0,1,2024-06-17,Completed,0.0,115.58,Success
55759,2788.0,1,2022-04-22,Processing,0.0,0.0,Success
55760,2634.0,6,2022-11-09,Completed,0.0,490.25,Success
55761,2844.0,12,2023-04-11,Shipped,0.0,0.0,Success
55762,2153.0,1,2024-02-05,Completed,0.0,526.19,Success
55763,1161.0,1,2024-08-21,Completed,0.0,0.0,Success
55764,2160.0,1,2022-09-02,Completed,0.0,320.33,Success
55765,1586.0,8,2023-06-29,Completed,0.0,82.03,Success
55766,2025.0,1,2025-05-20,Completed,0.0,361.09,Success
55767,1759.0,13,2025-05-17,Completed,0.0,998.62,Success
55768,2064.0,5,2022-06-29,Completed,0.0,139.99,Success
55769,1400.0,1,2024-03-27,Completed,0.0,0.0,Success
55770,1563.0,14,2026-01-06,Completed,0.0,0.0,Success
55771,2664.0,18,2023-11-19,Completed,0.0,0.0,Success
55772,1946.0,19,2025-05-03,Cancelled,0.0,0.0,Cancelled
55773,1858.0,1,2025-03-11,Completed,0.0,1966.85,Success
55774,2225.0,7,2024-04-19,Completed,0.0,0.0,Success
55775,2781.0,2,2023-05-06,Cancelled,0.0,17154.1,Cancelled
55776,2484.0,13,2025-09-17,Shipped,0.0,1725.64,Success
55777,2297.0,17,2023-04-15,Completed,0.0,0.0,Success
55778,2557.0,13,2024-03-31,Completed,0.0,13043.68,Success
55779,2512.0,10,2024-09-20,Completed,0.0,0.0,Success
55780,1884.0,1,2024-11-13,Completed,0.0,0.0,Success
55781,2349.0,11,2022-11-21,Completed,0.0,0.0,Success
55782,1049.0,12,2025-12-24,Completed,0.0,10252.38,Success
55783,2719.0,13,2025-12-23,Completed,0.0,364.29,Success
55784,1989.0,2,2025-08-05,Completed,0.0,537.14,Success
55785,2200.0,12,2023-08-04,Completed,0.0,7001.96,Success
55786,2697.0,12,2026-04-14,Cancelled,0.0,10797.15,Cancelled
55787,1216.0,5,2023-05-12,Returned,0.0,137.2,Refunded
55788,2095.0,14,2022-05-26,Completed,0.0,0.0,Success
55789,2355.0,11,2024-05-18,Shipped,0.0,0.0,Success
55790,1650.0,3,2024-02-15,Shipped,0.0,1139.87,Success
55791,2534.0,20,2025-05-05,Processing,0.0,0.0,Success
55792,1649.0,1,2023-09-15,Completed,0.0,110.11,Success
55793,2900.0,1,2022-01-25,Completed,0.0,1014.93,Success
55794,1195.0,1,2022-05-24,Processing,99.0,43.68,Success
55795,1143.0,7,2022-01-26,Cancelled,0.0,0.0,Cancelled
55796,2272.0,1,2023-04-19,Cancelled,0.0,0.0,Cancelled
55797,2331.0,1,2022-04-16,Completed,0.0,182.14,Success
55798,1516.0,5,2025-07-06,Completed,0.0,117.56,Success
55799,1642.0,20,2026-06-15,Shipped,0.0,0.0,Success
55800,1779.0,1,2024-02-29,Completed,0.0,0.0,Success
55801,1429.0,1,2026-02-19,Completed,0.0,0.0,Success
55802,1086.0,1,2024-11-09,Completed,0.0,0.0,Success
55803,2958.0,18,2026-02-26,Cancelled,0.0,552.83,Cancelled
55804,1690.0,10,2024-10-19,Completed,0.0,0.0,Success
55805,1769.0,15,2023-04-16,Processing,0.0,54.13,Success
55806,2691.0,2,2022-07-07,Completed,0.0,3836.84,Success
55807,1315.0,9,2023-02-08,Completed,0.0,0.0,Success
55808,2260.0,3,2022-04-08,Completed,0.0,2499.28,Success
55809,1612.0,16,2024-08-11,Processing,0.0,0.0,Success
55810,1203.0,18,2023-06-05,Completed,0.0,3094.21,Success
55811,1643.0,1,2023-01-14,Completed,0.0,484.36,Success
55812,1635.0,10,2023-01-09,Processing,0.0,871.73,Success
55813,1427.0,14,2023-05-30,Shipped,0.0,127.42,Success
55814,1366.0,3,2024-08-02,Cancelled,0.0,79.51,Cancelled
55815,2454.0,1,2023-04-04,Completed,0.0,0.0,Success
55816,1664.0,9,2023-08-28,Completed,0.0,0.0,Success
55817,1707.0,8,2022-05-19,Completed,0.0,5425.13,Success
55818,1176.0,1,2022-08-17,Completed,0.0,73.6,Success
55819,1412.0,15,2023-04-25,Completed,0.0,906.36,Success
55820,1814.0,1,2023-12-30,Completed,0.0,619.31,Success
55821,1936.0,19,2022-02-26,Completed,0.0,2254.16,Success
55822,2122.0,12,2025-02-01,Completed,0.0,0.0,Success
55823,1284.0,11,2025-08-08,Completed,0.0,0.0,Success
55824,1427.0,18,2025-05-28,Completed,0.0,0.0,Success
55825,2568.0,14,2025-12-10,Completed,0.0,147.19,Success
55826,1501.0,6,2023-10-17,Processing,0.0,0.0,Success
55827,1316.0,20,2025-03-16,Completed,0.0,4051.99,Success
55828,2670.0,1,2023-11-22,Returned,0.0,0.0,Refunded
55829,1497.0,18,2025-06-09,Cancelled,0.0,3458.68,Cancelled
55830,2765.0,7,2024-07-26,Completed,0.0,129.77,Success
55831,1881.0,1,2022-09-08,Cancelled,0.0,965.61,Cancelled
55832,1150.0,1,2022-10-10,Shipped,0.0,822.84,Success
55833,2291.0,1,2025-08-07,Shipped,0.0,440.85,Success
55834,2695.0,17,2026-04-25,Completed,0.0,0.0,Success
55835,2680.0,18,2025-09-05,Shipped,0.0,0.0,Success
55836,2163.0,11,2023-04-29,Returned,0.0,1028.22,Refunded
55837,2316.0,1,2023-07-14,Completed,0.0,500.01,Success
55838,2971.0,12,2026-06-29,Completed,0.0,0.0,Success
55839,1497.0,1,2024-08-15,Completed,0.0,570.84,Success
55840,2649.0,1,2025-02-05,Shipped,0.0,0.0,Success
55841,2145.0,1,2026-06-05,Returned,99.0,0.0,Refunded
55842,2584.0,17,2025-07-17,Shipped,0.0,3080.26,Success
55843,1865.0,1,2023-11-19,Shipped,0.0,279.98,Success
55844,2644.0,18,2026-04-11,Processing,0.0,253.31,Success
55845,2430.0,3,2023-01-12,Completed,0.0,31.04,Success
55846,1487.0,13,2025-04-06,Completed,0.0,29.73,Success
55847,1154.0,14,2023-08-15,Completed,0.0,0.0,Success
55848,1902.0,19,2024-01-24,Completed,0.0,0.0,Success
55849,2222.0,1,2026-02-25,Completed,0.0,1333.41,Success
55850,1154.0,2,2023-10-09,Completed,0.0,1514.22,Success
55851,2547.0,19,2022-05-03,Completed,0.0,773.55,Success
55852,2054.0,1,2023-06-07,Completed,0.0,297.49,Success
55853,1937.0,1,2022-12-03,Completed,99.0,0.0,Success
55854,2258.0,9,2026-02-23,Completed,0.0,0.0,Success
55855,1849.0,16,2026-03-14,Processing,0.0,0.0,Success
55856,1627.0,3,2024-11-29,Cancelled,0.0,311.53,Cancelled
55857,2179.0,5,2025-12-27,Completed,0.0,141.78,Success
55858,1220.0,9,2022-03-25,Completed,0.0,215.31,Success
55859,1400.0,2,2022-04-16,Completed,0.0,1121.06,Success
55860,2539.0,1,2022-09-15,Shipped,0.0,0.0,Success
55861,1316.0,13,2023-06-21,Completed,0.0,0.0,Success
55862,1665.0,12,2026-03-08,Completed,0.0,69.98,Success
55863,2689.0,15,2024-06-02,Completed,0.0,604.83,Success
55864,2045.0,19,2024-11-02,Cancelled,0.0,338.58,Cancelled
55865,2029.0,1,2022-12-01,Completed,0.0,0.0,Success
55866,2467.0,2,2022-09-02,Completed,0.0,0.0,Success
55867,2092.0,17,2023-03-09,Shipped,0.0,0.0,Success
55868,2510.0,1,2025-10-01,Processing,0.0,1240.82,Success
55869,1792.0,12,2025-09-28,Shipped,0.0,950.12,Success
55870,1783.0,3,2025-07-09,Completed,0.0,2433.78,Success
55871,1278.0,9,2024-06-20,Completed,0.0,607.58,Success
55872,2728.0,1,2024-03-17,Completed,0.0,0.0,Success
55873,2418.0,6,2023-08-24,Completed,0.0,18938.65,Success
55874,1404.0,14,2022-09-04,Processing,0.0,35.56,Success
55875,2774.0,1,2024-07-11,Completed,0.0,0.0,Success
55876,2905.0,1,2026-04-15,Completed,0.0,782.17,Success
55877,2293.0,1,2026-01-12,Shipped,0.0,789.34,Success
55878,2517.0,1,2025-08-22,Completed,0.0,1883.07,Success
55879,1989.0,13,2024-03-25,Completed,0.0,0.0,Success
55880,2516.0,1,2024-09-30,Processing,0.0,261.03,Success
55881,1044.0,15,2022-04-22,Completed,0.0,55.85,Success
55882,2632.0,5,2023-01-21,Completed,0.0,0.0,Success
55883,1268.0,1,2022-04-03,Completed,0.0,3700.72,Success
55884,2692.0,1,2022-07-04,Completed,0.0,13.32,Success
55885,1237.0,1,2025-04-27,Cancelled,0.0,25054.04,Cancelled
55886,2136.0,1,2023-12-02,Completed,0.0,0.0,Success
55887,1228.0,18,2023-06-29,Completed,0.0,0.0,Success
55888,1548.0,2,2025-11-20,Completed,0.0,504.46,Success
55889,1320.0,1,2023-03-25,Cancelled,0.0,0.0,Cancelled
55890,2921.0,15,2026-01-29,Shipped,0.0,5755.26,Success
55891,1316.0,7,2024-07-18,Completed,0.0,0.0,Success
55892,1162.0,13,2023-03-04,Completed,0.0,0.0,Success
55893,1771.0,6,2025-01-31,Returned,0.0,232.3,Refunded
55894,1694.0,9,2025-09-18,Completed,0.0,461.37,Success
55895,2143.0,12,2024-06-28,Completed,0.0,4136.63,Success
55896,1206.0,1,2023-03-30,Completed,0.0,0.0,Success
55897,2011.0,1,2024-03-31,Processing,0.0,9821.9,Success
55898,1099.0,1,2022-06-12,Completed,0.0,381.7,Success
55899,2034.0,18,2022-05-08,Completed,0.0,11932.34,Success
55900,2471.0,11,2022-05-04,Completed,0.0,0.0,Success
55901,1008.0,1,2022-05-18,Completed,0.0,343.44,Success
55902,1151.0,1,2023-10-05,Completed,99.0,283.1,Success
55903,1344.0,13,2024-05-24,Completed,0.0,0.0,Success
55904,1257.0,10,2023-01-03,Completed,0.0,6516.43,Success
55905,2341.0,14,2023-11-24,Completed,0.0,14602.7,Success
55906,2329.0,1,2024-05-22,Completed,0.0,0.0,Success
55907,1266.0,18,2022-06-12,Completed,0.0,0.0,Success
55908,1260.0,19,2022-10-24,Shipped,0.0,0.0,Success
55909,1429.0,20,2022-07-06,Cancelled,0.0,0.0,Cancelled
55910,1927.0,10,2025-09-08,Cancelled,0.0,88.65,Cancelled
55911,2091.0,1,2023-06-03,Completed,0.0,0.0,Success
55912,2859.0,1,2026-05-26,Returned,0.0,0.0,Refunded
55913,2480.0,1,2023-03-05,Returned,99.0,0.0,Refunded
55914,1954.0,1,2026-01-27,Completed,0.0,0.0,Success
55915,1264.0,13,2024-08-17,Completed,0.0,320.23,Success
55916,1944.0,17,2024-03-21,Completed,0.0,0.0,Success
55917,2754.0,1,2025-12-20,Processing,0.0,4760.01,Success
55918,1997.0,3,2025-10-23,Completed,0.0,0.0,Success
55919,2020.0,1,2023-01-26,Completed,0.0,444.47,Success
55920,1871.0,10,2023-05-28,Completed,0.0,181.97,Success
55921,1567.0,20,2024-02-04,Completed,0.0,0.0,Success
55922,1564.0,1,2025-01-25,Completed,0.0,129.8,Success
55923,1568.0,12,2022-11-03,Completed,0.0,10562.71,Success
55924,2182.0,14,2023-05-13,Processing,0.0,464.78,Success
55925,1312.0,13,2022-03-31,Shipped,0.0,276.94,Success
55926,2030.0,8,2025-03-05,Processing,0.0,1923.01,Success
55927,2892.0,1,2025-10-05,Completed,0.0,15938.51,Success
55928,1513.0,3,2026-06-25,Completed,0.0,965.03,Success
55929,1009.0,13,2022-01-10,Processing,0.0,536.55,Success
55930,2396.0,1,2025-12-04,Cancelled,0.0,0.0,Cancelled
55931,2478.0,20,2022-05-11,Completed,0.0,473.48,Success
55932,2153.0,1,2023-08-31,Returned,0.0,482.08,Refunded
55933,1644.0,1,2024-12-29,Completed,0.0,0.0,Success
55934,2847.0,5,2023-08-22,Completed,0.0,0.0,Success
55935,2635.0,15,2023-03-28,Completed,0.0,1658.7,Success
55936,2908.0,11,2024-04-11,Completed,0.0,369.44,Success
55937,2504.0,1,2023-11-20,Completed,0.0,607.58,Success
55938,2077.0,1,2025-05-24,Processing,0.0,2194.24,Success
55939,2885.0,19,2023-09-28,Completed,0.0,4884.97,Success
55940,2427.0,1,2024-08-09,Completed,0.0,854.41,Success
55941,1014.0,7,2026-02-11,Completed,0.0,222.23,Success
55942,2265.0,14,2024-07-09,Completed,0.0,96.68,Success
55943,2984.0,8,2026-04-20,Returned,0.0,0.0,Refunded
55944,1380.0,13,2025-07-05,Completed,0.0,0.0,Success
55945,2286.0,15,2024-05-08,Completed,0.0,0.0,Success
55946,1851.0,14,2024-07-17,Completed,0.0,1047.01,Success
55947,2149.0,1,2023-11-25,Completed,0.0,1253.15,Success
55948,2066.0,1,2026-06-16,Completed,0.0,0.0,Success
55949,2670.0,1,2024-12-13,Completed,99.0,34.98,Success
55950,1988.0,12,2022-02-05,Shipped,0.0,0.0,Success
55951,1392.0,17,2022-10-20,Shipped,0.0,7096.33,Success
55952,2363.0,1,2023-03-22,Completed,0.0,4529.25,Success
55953,1356.0,1,2024-06-14,Completed,0.0,6532.22,Success
55954,2641.0,4,2022-03-14,Cancelled,0.0,0.0,Cancelled
55955,2292.0,15,2025-10-21,Completed,0.0,0.0,Success
55956,1871.0,1,2022-03-10,Shipped,0.0,0.0,Success
55957,2348.0,13,2023-07-18,Completed,0.0,17.41,Success
55958,2378.0,1,2023-09-27,Completed,99.0,0.0,Success
55959,2394.0,11,2022-04-05,Completed,0.0,0.0,Success
55960,1060.0,17,2025-09-11,Completed,0.0,934.77,Success
55961,1637.0,19,2024-05-02,Completed,0.0,0.0,Success
55962,1256.0,17,2025-02-08,Completed,0.0,0.0,Success
55963,1769.0,12,2023-02-23,Completed,0.0,260.55,Success
55964,2966.0,5,2025-06-25,Completed,0.0,0.0,Success
55965,1920.0,1,2025-10-04,Completed,0.0,22547.43,Success
55966,2575.0,13,2022-04-25,Completed,0.0,219.28,Success
55967,1151.0,6,2025-07-18,Cancelled,0.0,129.77,Cancelled
55968,2988.0,19,2025-08-08,Completed,0.0,5087.05,Success
55969,1285.0,1,2024-04-30,Processing,0.0,494.48,Success
55970,2354.0,10,2025-07-15,Completed,0.0,489.88,Success
55971,1200.0,2,2024-05-08,Shipped,0.0,3338.39,Success
55972,1277.0,20,2024-03-15,Completed,0.0,200.17,Success
55973,2627.0,5,2023-04-26,Completed,0.0,0.0,Success
55974,1241.0,16,2023-12-19,Cancelled,0.0,0.0,Cancelled
55975,2160.0,1,2022-11-30,Completed,0.0,106.16,Success
55976,2451.0,19,2024-07-18,Completed,0.0,1235.05,Success
55977,2304.0,12,2024-04-12,Completed,0.0,1445.53,Success
55978,1614.0,13,2026-05-15,Completed,0.0,0.0,Success
55979,1236.0,2,2024-02-09,Completed,0.0,0.0,Success
55980,1127.0,14,2022-03-14,Completed,0.0,0.0,Success
55981,2513.0,3,2024-03-22,Completed,0.0,652.18,Success
55982,1266.0,16,2023-02-22,Completed,0.0,699.68,Success
55983,2109.0,17,2022-07-11,Returned,0.0,511.45,Refunded
55984,1351.0,17,2026-02-13,Completed,0.0,125.94,Success
55985,2631.0,14,2025-11-05,Completed,0.0,515.57,Success
55986,2199.0,1,2024-09-03,Completed,99.0,0.0,Success
55987,1951.0,1,2025-11-28,Returned,0.0,812.44,Refunded
55988,2339.0,1,2025-05-09,Processing,0.0,0.0,Success
55989,1749.0,1,2023-08-24,Completed,0.0,106.22,Success
55990,2469.0,5,2025-03-10,Shipped,0.0,73.6,Success
55991,1504.0,1,2022-11-27,Completed,0.0,499.53,Success
55992,1251.0,9,2023-01-31,Completed,0.0,1066.28,Success
55993,1958.0,20,2024-09-17,Completed,0.0,572.55,Success
55994,1134.0,20,2022-11-05,Returned,0.0,6721.98,Refunded
55995,2238.0,6,2023-03-14,Processing,0.0,0.0,Success
55996,1181.0,1,2023-03-23,Completed,0.0,414.27,Success
55997,1367.0,5,2023-09-04,Completed,0.0,0.0,Success
55998,1159.0,3,2023-08-06,Returned,0.0,922.54,Refunded
55999,1768.0,1,2022-01-27,Shipped,0.0,579.07,Success
56000,2990.0,13,2022-02-20,Shipped,0.0,0.0,Success
56001,1809.0,14,2025-07-03,Completed,0.0,0.0,Success
56002,1724.0,2,2023-08-26,Completed,0.0,174.09,Success
56003,2472.0,15,2025-11-03,Completed,0.0,8293.49,Success
56004,2061.0,20,2026-02-16,Completed,0.0,0.0,Success
56005,2893.0,1,2025-01-15,Returned,0.0,8263.48,Refunded
56006,1489.0,1,2022-06-25,Completed,99.0,0.0,Success
56007,1178.0,2,2023-10-16,Completed,0.0,0.0,Success
56008,2740.0,19,2022-01-31,Completed,0.0,4199.28,Success
56009,2115.0,12,2022-05-06,Completed,0.0,140.22,Success
56010,2501.0,8,2022-12-31,Completed,0.0,571.89,Success
56011,1386.0,10,2024-06-02,Shipped,0.0,105.85,Success
56012,2820.0,12,2022-12-28,Shipped,0.0,291.77,Success
56013,2070.0,1,2026-01-02,Completed,0.0,163.43,Success
56014,1180.0,20,2025-07-06,Completed,0.0,190.85,Success
56015,1969.0,1,2025-07-06,Completed,0.0,0.0,Success
56016,2760.0,8,2023-02-06,Completed,0.0,0.0,Success
56017,1637.0,8,2025-02-23,Completed,0.0,0.0,Success
56018,1945.0,1,2025-09-19,Completed,0.0,217.76,Success
56019,1333.0,1,2025-04-20,Completed,0.0,0.0,Success
56020,2373.0,1,2022-07-03,Completed,0.0,0.0,Success
56021,1064.0,1,2022-03-24,Cancelled,0.0,934.43,Cancelled
56022,2550.0,14,2026-01-17,Returned,0.0,0.0,Refunded
56023,1396.0,17,2023-09-24,Processing,0.0,0.0,Success
56024,1689.0,4,2025-10-17,Completed,0.0,1551.97,Success
56025,1295.0,5,2023-09-19,Completed,0.0,0.0,Success
56026,1135.0,4,2023-12-17,Completed,0.0,2417.84,Success
56027,2133.0,13,2023-02-07,Completed,0.0,0.0,Success
56028,1885.0,11,2023-02-15,Completed,0.0,120.37,Success
56029,2110.0,14,2022-10-26,Completed,0.0,0.0,Success
56030,1993.0,1,2025-06-16,Completed,0.0,1136.32,Success
56031,1358.0,20,2026-02-04,Completed,0.0,0.0,Success
56032,1962.0,20,2023-04-06,Shipped,0.0,0.0,Success
56033,1124.0,18,2022-07-27,Completed,0.0,1375.03,Success
56034,2774.0,1,2022-11-11,Shipped,0.0,0.0,Success
56035,2629.0,1,2026-06-13,Shipped,0.0,5352.29,Success
56036,2459.0,1,2026-03-25,Shipped,0.0,0.0,Success
56037,1088.0,5,2024-06-22,Completed,0.0,1080.1,Success
56038,1996.0,10,2022-05-06,Completed,0.0,666.67,Success
56039,2401.0,16,2022-04-19,Processing,0.0,695.17,Success
56040,1754.0,1,2025-08-25,Completed,99.0,0.0,Success
56041,2139.0,12,2023-11-25,Completed,0.0,0.0,Success
56042,1772.0,16,2022-02-25,Completed,0.0,279.98,Success
56043,2309.0,16,2022-10-07,Completed,0.0,0.0,Success
56044,1034.0,1,2023-11-08,Completed,0.0,0.0,Success
56045,1323.0,1,2022-08-13,Returned,0.0,0.0,Refunded
56046,1224.0,1,2022-07-22,Shipped,0.0,2708.2,Success
56047,2493.0,1,2023-02-27,Completed,0.0,0.0,Success
56048,2719.0,5,2022-05-31,Completed,0.0,12165.24,Success
56049,2741.0,5,2022-06-27,Completed,0.0,0.0,Success
56050,2847.0,3,2025-06-09,Completed,0.0,881.7,Success
56051,1958.0,14,2025-01-03,Completed,0.0,32.34,Success
56052,2311.0,18,2026-04-30,Shipped,0.0,17044.78,Success
56053,1832.0,1,2023-08-07,Completed,0.0,0.0,Success
56054,1468.0,10,2024-01-19,Completed,0.0,4560.69,Success
56055,2216.0,1,2025-03-27,Completed,0.0,3465.85,Success
56056,2237.0,4,2024-10-22,Completed,0.0,7434.21,Success
56057,2050.0,14,2024-11-17,Completed,0.0,2239.28,Success
56058,2835.0,1,2023-08-17,Completed,0.0,0.0,Success
56059,2190.0,1,2025-03-25,Completed,0.0,0.0,Success
56060,2638.0,9,2026-05-11,Completed,0.0,3094.89,Success
56061,2431.0,13,2024-12-24,Completed,0.0,0.0,Success
56062,2170.0,1,2022-09-12,Shipped,0.0,283.57,Success
56063,2356.0,13,2023-08-17,Completed,0.0,885.81,Success
56064,2125.0,1,2025-12-04,Completed,0.0,195.54,Success
56065,1504.0,1,2025-04-26,Completed,99.0,0.0,Success
56066,2196.0,9,2024-02-16,Completed,0.0,1068.74,Success
56067,2176.0,4,2023-12-18,Completed,0.0,1810.61,Success
56068,1844.0,9,2022-07-23,Cancelled,0.0,12241.03,Cancelled
56069,1647.0,11,2025-10-06,Completed,0.0,72.03,Success
56070,1990.0,8,2022-06-07,Completed,0.0,0.0,Success
56071,2712.0,1,2022-06-11,Completed,0.0,2199.79,Success
56072,1719.0,1,2026-05-27,Completed,0.0,0.0,Success
56073,1597.0,5,2023-05-09,Shipped,0.0,1893.76,Success
56074,2503.0,5,2023-12-04,Completed,0.0,9592.1,Success
56075,1033.0,9,2024-01-10,Completed,0.0,0.0,Success
56076,1378.0,1,2022-01-07,Completed,0.0,0.0,Success
56077,2195.0,1,2023-09-19,Returned,0.0,999.33,Refunded
56078,2599.0,1,2026-04-01,Returned,0.0,363.19,Refunded
56079,2141.0,1,2026-03-31,Completed,0.0,2436.23,Success
56080,2463.0,3,2023-06-14,Completed,0.0,0.0,Success
56081,2704.0,17,2026-06-26,Completed,0.0,0.0,Success
56082,1341.0,1,2022-08-18,Completed,0.0,0.0,Success
56083,2687.0,13,2022-10-05,Completed,0.0,71.12,Success
56084,1467.0,5,2022-09-24,Completed,0.0,0.0,Success
56085,2827.0,8,2025-11-05,Completed,0.0,0.0,Success
56086,1120.0,1,2024-08-11,Completed,0.0,0.0,Success
56087,1690.0,1,2023-06-03,Processing,0.0,9058.5,Success
56088,2790.0,4,2024-01-30,Returned,0.0,7542.02,Refunded
56089,1009.0,6,2023-07-28,Returned,0.0,0.0,Refunded
56090,2858.0,7,2035-12-31,Processing,0.0,223.72,Success
56091,1670.0,15,2024-11-04,Cancelled,0.0,1911.63,Cancelled
56092,2783.0,1,2022-12-22,Completed,0.0,0.0,Success
56093,2066.0,3,2024-08-31,Completed,0.0,0.0,Success
56094,2601.0,12,2024-12-22,Shipped,0.0,0.0,Success
56095,2007.0,1,2022-04-21,Completed,0.0,1201.7,Success
56096,2631.0,12,2022-09-12,Completed,0.0,135.73,Success
56097,2757.0,3,2025-10-06,Completed,0.0,0.0,Success
56098,1040.0,1,2022-08-04,Completed,99.0,0.0,Success
56099,1527.0,1,2026-04-30,Completed,0.0,438.96,Success
56100,1808.0,1,2025-01-04,Shipped,0.0,2792.75,Success
56101,1073.0,1,2025-12-31,Shipped,0.0,3420.05,Success
56102,2042.0,1,2026-06-04,Completed,99.0,113.95,Success
56103,1095.0,17,2025-09-09,Completed,0.0,216.55,Success
56104,1166.0,17,2024-01-30,Completed,0.0,0.0,Success
56105,2867.0,1,2025-04-19,Returned,0.0,7211.77,Refunded
56106,2832.0,1,2026-05-27,Completed,0.0,0.0,Success
56107,2303.0,14,2023-01-24,Completed,0.0,5924.97,Success
56108,1642.0,9,2023-11-09,Completed,0.0,1322.41,Success
56109,2486.0,19,2023-07-13,Shipped,0.0,0.0,Success
56110,2915.0,16,2025-03-19,Completed,0.0,6260.51,Success
56111,2514.0,3,2022-08-26,Processing,0.0,184.39,Success
56112,2526.0,19,2024-09-07,Shipped,0.0,899.65,Success
56113,2374.0,10,2025-03-30,Completed,0.0,0.0,Success
56114,1903.0,7,2023-03-08,Completed,0.0,2279.81,Success
56115,2799.0,1,2025-04-07,Completed,0.0,0.0,Success
56116,2938.0,7,2024-06-30,Completed,0.0,0.0,Success
56117,2639.0,1,2025-11-22,Completed,0.0,1204.76,Success
56118,1269.0,11,2023-04-29,Returned,0.0,0.0,Refunded
56119,2202.0,1,2022-04-27,Shipped,0.0,317.24,Success
56120,1086.0,7,2022-10-18,Returned,0.0,0.0,Refunded
56121,2738.0,5,2023-09-27,Completed,0.0,269.24,Success
56122,1100.0,2,2023-01-30,Completed,0.0,0.0,Success
56123,2727.0,8,2023-12-10,Completed,0.0,31877.02,Success
56124,1089.0,4,2023-07-31,Completed,0.0,234.87,Success
56125,1691.0,19,2023-01-25,Processing,0.0,7521.38,Success
56126,2462.0,18,2022-10-10,Completed,0.0,101.64,Success
56127,2104.0,12,2023-05-13,Shipped,0.0,396.54,Success
56128,2765.0,1,2023-12-24,Completed,0.0,795.01,Success
56129,2807.0,1,2023-04-10,Completed,0.0,2574.27,Success
56130,1203.0,1,2023-03-19,Completed,0.0,772.9,Success
56131,2326.0,19,2023-11-29,Completed,0.0,346.43,Success
56132,1526.0,17,2022-05-13,Completed,0.0,0.0,Success
56133,2238.0,1,2022-03-19,Completed,0.0,256.91,Success
56134,1349.0,3,2024-01-21,Completed,0.0,407.18,Success
56135,2867.0,7,2025-09-08,Shipped,0.0,45.44,Success
56136,2699.0,1,2025-01-29,Completed,0.0,0.0,Success
56137,1442.0,1,2022-08-20,Cancelled,0.0,0.0,Cancelled
56138,1891.0,10,2023-02-03,Completed,0.0,0.0,Success
56139,2935.0,1,2025-07-29,Completed,0.0,6346.25,Success
56140,2825.0,4,2022-08-26,Completed,0.0,104.9,Success
56141,1080.0,20,2025-09-01,Completed,0.0,62.08,Success
56142,1456.0,1,2024-12-23,Completed,0.0,0.0,Success
56143,2907.0,17,2024-06-13,Completed,0.0,703.22,Success
56144,2523.0,10,2025-02-09,Shipped,0.0,0.0,Success
56145,1766.0,3,2024-02-24,Completed,0.0,1814.48,Success
56146,1315.0,1,2025-08-28,Processing,0.0,1821.41,Success
56147,1781.0,4,2022-08-17,Completed,0.0,0.0,Success
56148,1129.0,17,2023-08-18,Completed,0.0,32.01,Success
56149,2158.0,13,2026-05-13,Completed,0.0,241.71,Success
56150,2670.0,12,2026-02-21,Returned,0.0,9335.95,Refunded
56151,2380.0,19,2022-01-09,Completed,0.0,4332.43,Success
56152,2370.0,19,2025-08-22,Completed,0.0,148.54,Success
56153,1937.0,10,2025-01-12,Shipped,0.0,0.0,Success
56154,2859.0,1,2024-01-01,Completed,99.0,0.0,Success
56155,1058.0,17,2025-12-04,Completed,0.0,870.06,Success
56156,2713.0,11,2024-11-25,Completed,0.0,0.0,Success
56157,1876.0,7,2024-05-25,Shipped,0.0,209.94,Success
56158,1107.0,10,2023-03-09,Completed,0.0,128.38,Success
56159,2575.0,6,2026-05-13,Completed,0.0,0.0,Success
56160,1038.0,18,2025-02-04,Processing,0.0,265.95,Success
56161,1408.0,19,2025-04-30,Processing,0.0,1779.43,Success
56162,2924.0,1,2024-05-22,Processing,0.0,1292.26,Success
56163,1663.0,2,2024-12-21,Completed,0.0,32303.66,Success
56164,2192.0,15,2024-03-10,Cancelled,0.0,303.85,Cancelled
56165,2824.0,1,2026-03-13,Completed,0.0,0.0,Success
56166,2733.0,8,2026-05-04,Completed,0.0,206.74,Success
56167,2985.0,1,2025-02-22,Completed,0.0,0.0,Success
56168,1247.0,9,2022-05-04,Completed,0.0,4641.31,Success
56169,2184.0,1,2024-07-20,Completed,0.0,413.11,Success
56170,1716.0,1,2022-07-30,Completed,99.0,130.44,Success
56171,2849.0,1,2025-05-29,Shipped,0.0,403.2,Success
56172,2233.0,1,2025-02-02,Shipped,99.0,0.0,Success
56173,2114.0,1,2024-08-21,Completed,0.0,303.36,Success
56174,2201.0,16,2024-06-23,Shipped,0.0,0.0,Success
56175,2032.0,11,2022-09-07,Completed,0.0,0.0,Success
56176,1294.0,4,2025-12-13,Completed,0.0,219.28,Success
56177,2554.0,9,2025-01-17,Completed,0.0,602.58,Success
56178,2403.0,6,2024-11-02,Completed,0.0,283.88,Success
56179,1823.0,4,2026-03-20,Shipped,0.0,0.0,Success
56180,2167.0,1,2024-10-03,Completed,0.0,0.0,Success
56181,1225.0,19,2025-01-16,Completed,0.0,0.0,Success
56182,2079.0,7,2024-11-21,Completed,0.0,0.0,Success
56183,1800.0,9,2024-06-30,Completed,0.0,0.0,Success
56184,1335.0,5,2025-10-24,Completed,0.0,1654.53,Success
56185,2245.0,18,2023-07-25,Processing,0.0,978.74,Success
56186,1010.0,6,2025-05-11,Completed,0.0,184.72,Success
56187,1245.0,16,2025-12-08,Completed,0.0,1079.64,Success
56188,2466.0,10,2024-08-21,Processing,0.0,0.0,Success
56189,2253.0,1,2023-03-15,Shipped,0.0,0.0,Success
56190,1563.0,1,2024-10-05,Completed,0.0,1258.94,Success
56191,2640.0,3,2024-08-14,Completed,0.0,0.0,Success
56192,2601.0,1,2025-09-24,Completed,0.0,0.0,Success
56193,2984.0,1,2026-03-07,Returned,0.0,351.08,Refunded
56194,2888.0,15,2023-06-28,Completed,0.0,34.98,Success
56195,2866.0,1,2025-07-20,Completed,0.0,89.19,Success
56196,2970.0,1,2023-05-11,Completed,0.0,0.0,Success
56197,2243.0,5,2023-06-04,Processing,0.0,240.25,Success
56198,2236.0,3,2024-02-22,Completed,0.0,0.0,Success
56199,2513.0,1,2023-04-02,Completed,0.0,114.53,Success
56200,2365.0,2,2023-09-30,Shipped,0.0,11.83,Success
56201,1815.0,1,2025-02-27,Completed,0.0,163.61,Success
56202,2267.0,4,2025-08-02,Completed,0.0,0.0,Success
56203,1221.0,17,2026-01-09,Completed,0.0,103.89,Success
56204,2026.0,6,2025-08-19,Returned,0.0,1620.15,Refunded
56205,2710.0,1,2022-08-23,Completed,0.0,891.13,Success
56206,2440.0,7,2025-04-18,Completed,0.0,389.4,Success
56207,2436.0,11,2024-08-21,Completed,0.0,10843.75,Success
56208,2657.0,6,2024-06-01,Completed,0.0,0.0,Success
56209,2145.0,17,2022-06-15,Completed,0.0,3526.82,Success
56210,2164.0,3,2023-05-15,Cancelled,0.0,0.0,Cancelled
56211,1402.0,1,2024-12-18,Shipped,99.0,0.0,Success
56212,2814.0,1,2026-04-16,Completed,0.0,432.05,Success
56213,2088.0,1,2026-02-13,Completed,0.0,0.0,Success
56214,2922.0,1,2023-12-27,Completed,0.0,4747.44,Success
56215,1113.0,5,2024-01-06,Completed,0.0,0.0,Success
56216,2913.0,19,2023-12-19,Completed,0.0,9048.3,Success
56217,1616.0,18,2024-04-25,Completed,0.0,1199.41,Success
56218,2405.0,1,2025-01-21,Completed,99.0,18.62,Success
56219,1266.0,17,2022-01-02,Completed,0.0,178.38,Success
56220,2563.0,12,2022-08-24,Shipped,0.0,363.51,Success
56221,2687.0,16,2023-06-28,Completed,0.0,1583.63,Success
56222,1952.0,1,2023-09-01,Shipped,0.0,0.0,Success
56223,1531.0,1,2024-12-16,Returned,0.0,5888.97,Refunded
56224,2524.0,1,2023-06-07,Completed,0.0,0.0,Success
56225,1469.0,12,2023-03-14,Completed,0.0,0.0,Success
56226,2781.0,1,2023-05-03,Processing,0.0,0.0,Success
56227,2395.0,11,2025-11-23,Processing,0.0,0.0,Success
56228,1351.0,1,2025-07-23,Completed,0.0,568.94,Success
56229,2978.0,1,2022-09-19,Returned,0.0,0.0,Refunded
56230,1501.0,18,2024-12-01,Completed,0.0,0.0,Success
56231,1058.0,1,2024-04-23,Completed,0.0,0.0,Success
56232,1968.0,6,2023-04-19,Completed,0.0,139.64,Success
56233,2128.0,1,2025-08-09,Shipped,0.0,43.26,Success
56234,2741.0,3,2025-02-09,Shipped,0.0,1322.56,Success
56235,1156.0,14,2022-04-03,Completed,0.0,0.0,Success
56236,1561.0,9,2024-01-28,Completed,0.0,109.64,Success
56237,2128.0,1,2023-11-26,Shipped,0.0,0.0,Success
56238,1308.0,11,2023-12-09,Completed,0.0,0.0,Success
56239,1308.0,20,2024-08-13,Completed,0.0,143.54,Success
56240,1186.0,4,2026-01-01,Completed,0.0,45.44,Success
56241,,14,2023-04-17,Completed,0.0,0.0,Success
56242,2051.0,1,2026-04-07,Processing,0.0,0.0,Success
56243,1519.0,11,2023-07-30,Completed,0.0,888.94,Success
56244,1337.0,9,2024-10-12,Completed,0.0,257.04,Success
56245,1171.0,4,2025-03-16,Completed,0.0,1167.06,Success
56246,2107.0,9,2025-12-30,Shipped,0.0,1449.57,Success
56247,2385.0,10,2025-05-04,Completed,0.0,44.62,Success
56248,1016.0,1,2023-02-15,Completed,0.0,0.0,Success
56249,,8,2023-05-30,Completed,0.0,0.0,Success
56250,2703.0,1,2025-03-13,Completed,0.0,1076.3,Success
56251,1153.0,3,2024-10-17,Completed,0.0,0.0,Success
56252,2723.0,20,2022-10-01,Completed,0.0,0.0,Success
56253,1353.0,4,2023-06-26,Completed,0.0,0.0,Success
56254,1745.0,17,2022-11-25,Completed,0.0,227.9,Success
56255,1714.0,18,2024-01-12,Completed,0.0,0.0,Success
56256,2253.0,1,2024-04-17,Completed,0.0,3646.51,Success
56257,2447.0,3,2024-10-21,Shipped,0.0,0.0,Success
56258,1758.0,8,2022-08-28,Returned,0.0,1941.48,Refunded
56259,2297.0,9,2023-07-18,Completed,0.0,0.0,Success
56260,2367.0,16,2022-10-30,Completed,0.0,783.67,Success
56261,1352.0,15,2025-05-16,Shipped,0.0,0.0,Success
56262,1597.0,1,2026-02-24,Completed,0.0,1778.42,Success
56263,1498.0,1,2025-02-02,Returned,0.0,146.49,Refunded
56264,1339.0,7,2025-03-19,Processing,0.0,4908.34,Success
56265,2067.0,5,2026-03-04,Processing,0.0,1346.21,Success
56266,2604.0,1,2024-02-20,Shipped,99.0,36.43,Success
56267,2693.0,1,2022-10-02,Cancelled,99.0,0.0,Cancelled
56268,2291.0,13,2024-05-25,Shipped,0.0,0.0,Success
56269,2567.0,12,2022-07-20,Completed,0.0,0.0,Success
56270,1061.0,9,2026-05-03,Completed,0.0,1807.38,Success
56271,1316.0,5,2026-02-25,Completed,0.0,0.0,Success
56272,1536.0,5,2026-02-26,Completed,0.0,138.34,Success
56273,2905.0,11,2024-05-05,Completed,0.0,10045.17,Success
56274,1533.0,1,2022-08-19,Completed,0.0,5964.54,Success
56275,2735.0,1,2024-10-07,Completed,0.0,467.21,Success
56276,2204.0,1,2023-07-30,Completed,0.0,0.0,Success
56277,2980.0,6,2026-06-15,Completed,0.0,0.0,Success
56278,2204.0,1,2025-07-17,Completed,0.0,0.0,Success
56279,2455.0,1,2022-09-01,Completed,0.0,0.0,Success
56280,1051.0,11,2024-10-27,Shipped,0.0,2704.42,Success
56281,2122.0,16,2024-01-16,Completed,0.0,14.5,Success
56282,2254.0,7,2022-06-01,Completed,0.0,515.82,Success
56283,2463.0,6,2025-12-28,Completed,0.0,0.0,Success
56284,1074.0,3,2026-04-30,Cancelled,0.0,207.78,Cancelled
56285,2657.0,1,2024-12-12,Shipped,0.0,228.61,Success
56286,1894.0,1,2022-09-21,Cancelled,0.0,0.0,Cancelled
56287,2654.0,1,2025-11-20,Processing,0.0,222.23,Success
56288,2977.0,5,2025-06-19,Completed,0.0,0.0,Success
56289,1346.0,14,2024-08-19,Shipped,0.0,58.51,Success
56290,2382.0,5,2023-04-17,Completed,0.0,3568.15,Success
56291,2105.0,1,2024-03-26,Shipped,0.0,3098.27,Success
56292,1096.0,15,2024-09-15,Completed,0.0,0.0,Success
56293,1226.0,1,2023-04-19,Processing,0.0,2000.02,Success
56294,2936.0,13,2024-12-17,Completed,0.0,0.0,Success
56295,1408.0,1,2024-01-19,Completed,0.0,3287.03,Success
56296,1985.0,16,2024-08-22,Completed,0.0,0.0,Success
56297,1088.0,7,2026-03-02,Completed,0.0,934.43,Success
56298,2853.0,3,2025-09-14,Processing,0.0,0.0,Success
56299,1367.0,6,2024-10-08,Completed,0.0,897.89,Success
56300,2788.0,1,2022-08-25,Completed,0.0,0.0,Success
56301,1384.0,1,2023-10-02,Completed,0.0,209.79,Success
56302,2769.0,12,2024-04-17,Completed,0.0,4688.3,Success
56303,1907.0,1,2025-08-27,Completed,0.0,0.0,Success
56304,1056.0,6,2025-01-21,Completed,0.0,0.0,Success
56305,2323.0,10,2024-09-29,Shipped,0.0,1144.99,Success
56306,2940.0,1,2023-02-01,Completed,0.0,5814.32,Success
56307,2310.0,1,2023-02-05,Completed,99.0,29.01,Success
56308,2482.0,5,2022-02-19,Completed,0.0,0.0,Success
56309,1433.0,19,2022-03-08,Completed,0.0,0.0,Success
56310,2710.0,2,2023-02-20,Completed,0.0,0.0,Success
56311,1168.0,1,2026-03-12,Completed,0.0,241.74,Success
56312,1604.0,18,2025-03-29,Completed,0.0,0.0,Success
56313,2160.0,1,2024-07-16,Returned,0.0,0.0,Refunded
56314,1412.0,7,2024-01-16,Processing,0.0,50.82,Success
56315,2798.0,19,2023-01-18,Processing,0.0,3247.66,Success
56316,1174.0,9,2023-09-01,Completed,0.0,0.0,Success
56317,1257.0,1,2025-09-24,Completed,99.0,0.0,Success
56318,1990.0,2,2024-08-12,Processing,0.0,0.0,Success
56319,1045.0,1,2025-11-15,Processing,0.0,930.79,Success
56320,2056.0,5,2023-08-29,Shipped,0.0,0.0,Success
56321,2606.0,1,2024-02-16,Shipped,0.0,0.0,Success
56322,2793.0,1,2023-05-22,Completed,0.0,810.55,Success
56323,2343.0,16,2026-01-16,Completed,0.0,7673.68,Success
56324,1455.0,4,2025-04-01,Completed,0.0,49.15,Success
56325,2817.0,5,2023-06-30,Completed,0.0,11805.83,Success
56326,2043.0,20,2023-05-15,Completed,0.0,1070.63,Success
56327,1374.0,1,2023-05-24,Completed,0.0,0.0,Success
56328,1897.0,15,2025-05-18,Completed,0.0,0.0,Success
56329,2086.0,11,2022-01-19,Completed,0.0,0.0,Success
56330,2645.0,1,2025-09-13,Completed,0.0,600.5,Success
56331,2832.0,20,2025-11-26,Completed,0.0,0.0,Success
56332,2779.0,15,2024-09-15,Completed,0.0,0.0,Success
56333,2908.0,1,2022-02-09,Shipped,0.0,0.0,Success
56334,1749.0,9,2023-07-27,Completed,0.0,1485.86,Success
56335,2598.0,19,2024-06-28,Completed,0.0,1961.73,Success
56336,2376.0,8,2022-03-25,Completed,0.0,0.0,Success
56337,2240.0,5,2022-11-29,Completed,0.0,0.0,Success
56338,1333.0,19,2024-11-16,Completed,0.0,0.0,Success
56339,2465.0,15,2026-04-23,Completed,0.0,0.0,Success
56340,2460.0,9,2024-04-26,Completed,0.0,51.19,Success
56341,2067.0,7,2023-11-29,Completed,0.0,0.0,Success
56342,2210.0,1,2023-11-10,Returned,0.0,0.0,Refunded
56343,1470.0,6,2023-02-25,Completed,0.0,163.43,Success
56344,2048.0,1,2022-02-09,Completed,0.0,0.0,Success
56345,1558.0,1,2023-07-05,Completed,0.0,0.0,Success
56346,1268.0,16,2026-02-21,Returned,0.0,0.0,Refunded
56347,1341.0,8,2026-04-20,Shipped,0.0,0.0,Success
56348,1276.0,15,2026-06-26,Cancelled,0.0,547.82,Cancelled
56349,1992.0,13,2022-05-31,Shipped,0.0,277.08,Success
56350,2057.0,1,2026-06-09,Completed,0.0,0.0,Success
56351,1918.0,13,2022-07-10,Completed,0.0,0.0,Success
56352,1898.0,4,2025-08-15,Completed,0.0,278.45,Success
56353,2357.0,1,2024-09-24,Completed,0.0,536.55,Success
56354,2965.0,15,2024-06-18,Completed,0.0,0.0,Success
56355,1147.0,1,2025-10-08,Completed,0.0,81.72,Success
56356,1462.0,1,2024-12-05,Completed,0.0,2555.28,Success
56357,2397.0,1,2026-05-07,Completed,0.0,2312.85,Success
56358,2823.0,17,2025-01-21,Returned,0.0,763.4,Refunded
56359,2913.0,1,2022-09-29,Processing,99.0,0.0,Success
56360,2776.0,10,2022-05-09,Completed,0.0,0.0,Success
56361,2924.0,1,2023-01-27,Shipped,0.0,712.9,Success
56362,1194.0,17,2023-10-06,Completed,0.0,0.0,Success
56363,2257.0,14,2022-10-31,Processing,0.0,1352.21,Success
56364,,2,2026-04-03,Completed,0.0,0.0,Success
56365,2015.0,5,2024-12-16,Shipped,0.0,195.54,Success
56366,1187.0,10,2023-05-31,Returned,0.0,26.79,Refunded
56367,1767.0,1,2025-01-02,Completed,99.0,0.0,Success
56368,1512.0,12,2025-03-12,Completed,0.0,807.73,Success
56369,1825.0,1,2024-05-20,Processing,0.0,6434.62,Success
56370,2932.0,14,2023-03-06,Shipped,0.0,546.69,Success
56371,2076.0,18,2024-04-07,Completed,0.0,0.0,Success
56372,2382.0,2,2022-02-06,Completed,0.0,0.0,Success
56373,1252.0,1,2025-07-04,Completed,0.0,95.11,Success
56374,1900.0,1,2026-05-10,Completed,0.0,0.0,Success
56375,2394.0,1,2023-02-17,Completed,0.0,0.0,Success
56376,1814.0,1,2025-02-02,Completed,0.0,552.83,Success
56377,2005.0,16,2025-09-14,Completed,0.0,0.0,Success
56378,1890.0,4,2022-01-20,Completed,0.0,512.22,Success
56379,1449.0,1,2023-01-13,Cancelled,0.0,648.26,Cancelled
56380,1873.0,15,2025-08-21,Returned,0.0,219.74,Refunded
56381,2284.0,16,2023-01-29,Shipped,0.0,1186.28,Success
56382,2529.0,1,2023-07-28,Cancelled,0.0,5681.59,Cancelled
56383,2812.0,1,2022-12-09,Returned,0.0,600.5,Refunded
56384,1262.0,8,2024-12-05,Completed,0.0,0.0,Success
56385,2053.0,14,2024-02-28,Completed,0.0,39.19,Success
56386,1959.0,17,2022-10-10,Completed,0.0,0.0,Success
56387,1265.0,3,2024-03-23,Completed,0.0,2361.0,Success
56388,2792.0,13,2023-08-06,Completed,0.0,135.42,Success
56389,2374.0,16,2022-09-13,Processing,0.0,0.0,Success
56390,2654.0,8,2025-01-22,Completed,0.0,0.0,Success
56391,2512.0,4,2022-06-01,Completed,0.0,0.0,Success
56392,1333.0,12,2024-01-06,Cancelled,0.0,3705.15,Cancelled
56393,2063.0,10,2024-07-31,Shipped,0.0,53.44,Success
56394,2421.0,14,2026-06-04,Completed,0.0,195.54,Success
56395,3000.0,5,2025-08-08,Processing,0.0,5829.5,Success
56396,2807.0,1,2026-03-20,Completed,0.0,0.0,Success
56397,2036.0,1,2023-01-03,Completed,0.0,52.23,Success
56398,2956.0,1,2023-12-04,Processing,0.0,381.7,Success
56399,,5,2023-06-19,Completed,0.0,9000.36,Success
56400,1450.0,3,2022-10-11,Processing,0.0,0.0,Success
56401,2764.0,2,2024-09-04,Processing,0.0,0.0,Success
56402,2667.0,1,2024-01-09,Processing,0.0,105.82,Success
56403,1552.0,20,2025-09-25,Completed,0.0,0.0,Success
56404,2621.0,8,2024-03-02,Completed,0.0,1162.33,Success
56405,2095.0,1,2026-05-17,Processing,0.0,0.0,Success
56406,1337.0,1,2025-09-09,Shipped,0.0,728.92,Success
56407,2080.0,7,2026-03-25,Shipped,0.0,0.0,Success
56408,2747.0,14,2024-08-23,Completed,0.0,0.0,Success
56409,1420.0,11,2025-07-25,Completed,0.0,0.0,Success
56410,2330.0,1,2025-01-30,Completed,0.0,0.0,Success
56411,1588.0,1,2023-07-03,Processing,0.0,2934.66,Success
56412,2901.0,1,2026-04-01,Completed,0.0,733.66,Success
56413,1461.0,4,2024-01-16,Completed,0.0,0.0,Success
56414,2938.0,20,2025-06-13,Completed,0.0,123.04,Success
56415,1397.0,1,2022-03-26,Shipped,0.0,0.0,Success
56416,1159.0,18,2024-03-09,Shipped,0.0,0.0,Success
56417,1188.0,1,2023-03-06,Completed,0.0,0.0,Success
56418,1409.0,1,2025-05-18,Completed,0.0,33268.48,Success
56419,1321.0,1,2024-12-27,Completed,0.0,0.0,Success
56420,1245.0,1,2023-11-23,Processing,99.0,0.0,Success
56421,2264.0,7,2026-01-28,Completed,0.0,2146.21,Success
56422,2810.0,10,2026-01-24,Cancelled,0.0,438.96,Cancelled
56423,2843.0,1,2022-11-20,Completed,0.0,0.0,Success
56424,1480.0,1,2024-08-28,Completed,0.0,7316.68,Success
56425,2247.0,1,2022-07-24,Completed,0.0,28.9,Success
56426,1596.0,19,2022-06-02,Processing,0.0,0.0,Success
56427,2669.0,5,2024-03-12,Completed,0.0,4320.47,Success
56428,2930.0,3,2026-01-07,Completed,0.0,0.0,Success
56429,1892.0,1,2025-08-13,Shipped,99.0,115.58,Success
56430,1420.0,1,2025-02-27,Completed,0.0,0.0,Success
56431,2991.0,17,2023-03-01,Completed,0.0,0.0,Success
56432,1077.0,5,2024-03-21,Completed,0.0,2072.14,Success
56433,2282.0,1,2023-08-05,Completed,0.0,1310.95,Success
56434,1984.0,1,2023-06-11,Completed,0.0,133.85,Success
56435,1857.0,9,2022-03-21,Processing,0.0,0.0,Success
56436,1320.0,18,2024-11-10,Completed,0.0,652.18,Success
56437,2290.0,1,2024-11-25,Completed,0.0,173.7,Success
56438,2250.0,14,2024-12-27,Cancelled,0.0,88.65,Cancelled
56439,1429.0,12,2024-10-08,Completed,0.0,383.83,Success
56440,2568.0,11,2025-03-29,Completed,0.0,54.64,Success
56441,1053.0,1,2026-05-19,Shipped,0.0,0.0,Success
56442,2941.0,2,2023-09-05,Completed,0.0,0.0,Success
56443,2398.0,2,2022-02-05,Completed,0.0,748.26,Success
56444,2544.0,19,2022-07-27,Completed,0.0,0.0,Success
56445,2578.0,1,2026-04-24,Completed,0.0,1124.22,Success
56446,1999.0,19,2022-08-14,Completed,0.0,0.0,Success
56447,1413.0,1,2025-04-13,Completed,99.0,51.19,Success
56448,2175.0,1,2024-12-24,Processing,0.0,0.0,Success
56449,1302.0,9,2022-11-23,Completed,0.0,0.0,Success
56450,1479.0,7,2024-01-08,Completed,0.0,0.0,Success
56451,1914.0,1,2025-01-18,Processing,0.0,621.98,Success
56452,2656.0,15,2025-07-25,Completed,0.0,0.0,Success
56453,1540.0,1,2025-06-23,Completed,0.0,966.83,Success
56454,2294.0,1,2022-05-12,Returned,0.0,855.01,Refunded
56455,1250.0,17,2022-02-01,Completed,0.0,2712.62,Success
56456,1184.0,10,2023-09-01,Completed,0.0,3690.96,Success
56457,2032.0,7,2022-06-28,Completed,0.0,0.0,Success
56458,1160.0,3,2026-06-30,Shipped,0.0,0.0,Success
56459,1409.0,1,2026-03-31,Completed,0.0,2719.07,Success
56460,1128.0,19,2025-12-31,Completed,0.0,2971.71,Success
56461,2761.0,19,2025-10-06,Completed,0.0,108.26,Success
56462,2186.0,3,2022-11-06,Processing,0.0,827.27,Success
56463,2881.0,5,2025-05-20,Processing,0.0,90.27,Success
56464,1200.0,11,2025-08-16,Completed,0.0,712.9,Success
56465,2564.0,12,2025-05-05,Shipped,0.0,0.0,Success
56466,1669.0,17,2025-01-25,Completed,0.0,68.16,Success
56467,2054.0,8,2025-11-28,Shipped,0.0,164.11,Success
56468,2025.0,12,2023-09-03,Returned,0.0,559.18,Refunded
56469,2005.0,4,2024-11-12,Completed,0.0,68.81,Success
56470,1360.0,2,2023-04-07,Completed,0.0,0.0,Success
56471,1085.0,1,2023-07-16,Completed,0.0,0.0,Success
56472,2664.0,17,2026-03-19,Processing,0.0,2488.05,Success
56473,1817.0,1,2024-09-10,Completed,0.0,1228.32,Success
56474,1923.0,8,2025-02-19,Completed,0.0,737.25,Success
56475,2946.0,5,2025-10-19,Completed,0.0,1362.14,Success
56476,2599.0,1,2022-12-30,Completed,0.0,997.74,Success
56477,1993.0,18,2024-12-05,Cancelled,0.0,0.0,Cancelled
56478,1524.0,15,2026-06-26,Shipped,0.0,1664.94,Success
56479,2203.0,16,2025-11-14,Completed,0.0,0.0,Success
56480,1432.0,13,2024-09-18,Completed,0.0,1014.93,Success
56481,1245.0,15,2023-05-02,Completed,0.0,0.0,Success
56482,1891.0,4,2022-11-13,Shipped,0.0,9514.18,Success
56483,2920.0,11,2024-05-28,Completed,0.0,513.52,Success
56484,1944.0,11,2023-11-07,Completed,0.0,297.07,Success
56485,2566.0,1,2022-10-31,Completed,0.0,1058.48,Success
56486,2595.0,1,2024-06-16,Completed,0.0,0.0,Success
56487,1765.0,1,2025-11-11,Completed,0.0,0.0,Success
56488,1561.0,1,2025-10-09,Completed,0.0,0.0,Success
56489,1018.0,1,2023-10-21,Returned,0.0,5723.05,Refunded
56490,1590.0,16,2024-04-18,Cancelled,0.0,14599.77,Cancelled
56491,2053.0,1,2024-12-21,Completed,0.0,0.0,Success
56492,2418.0,1,2022-11-21,Completed,0.0,0.0,Success
56493,1346.0,15,2026-03-27,Cancelled,0.0,889.71,Cancelled
56494,1975.0,9,2022-11-07,Completed,0.0,214.58,Success
56495,2311.0,2,2025-02-13,Completed,0.0,2194.24,Success
56496,1137.0,1,2024-07-09,Processing,0.0,0.0,Success
56497,1811.0,15,2023-10-20,Completed,0.0,128.52,Success
56498,1969.0,17,2023-07-16,Completed,0.0,30.36,Success
56499,1197.0,18,2023-04-17,Completed,0.0,0.0,Success
56500,2487.0,17,2024-09-13,Completed,0.0,1799.54,Success
56501,2873.0,1,2024-03-19,Processing,0.0,713.85,Success
56502,1367.0,2,2024-06-14,Completed,0.0,317.24,Success
56503,1031.0,14,2025-05-02,Completed,0.0,0.0,Success
56504,2891.0,7,2025-12-14,Completed,0.0,2838.53,Success
56505,2635.0,16,2025-02-27,Completed,0.0,105.94,Success
56506,2715.0,11,2023-06-14,Processing,0.0,62.63,Success
56507,1744.0,8,2023-01-20,Cancelled,0.0,0.0,Cancelled
56508,1812.0,12,2022-08-06,Completed,0.0,7293.01,Success
56509,2476.0,12,2022-07-14,Processing,0.0,0.0,Success
56510,2505.0,3,2023-12-30,Completed,0.0,0.0,Success
56511,2619.0,1,2022-05-29,Completed,0.0,0.0,Success
56512,2159.0,18,2024-08-03,Shipped,0.0,58.29,Success
56513,1805.0,1,2022-01-14,Completed,0.0,468.04,Success
56514,2911.0,1,2023-07-15,Completed,0.0,194.15,Success
56515,2666.0,3,2022-04-07,Completed,0.0,1985.41,Success
56516,2223.0,1,2025-01-31,Completed,0.0,171.71,Success
56517,1098.0,10,2026-01-08,Completed,0.0,105.82,Success
56518,1953.0,9,2024-12-08,Processing,0.0,472.04,Success
56519,1588.0,1,2024-01-26,Completed,0.0,287.87,Success
56520,2782.0,19,2024-12-31,Completed,0.0,0.0,Success
56521,1817.0,14,2023-07-18,Completed,0.0,0.0,Success
56522,1557.0,19,2022-12-05,Completed,0.0,273.22,Success
56523,2422.0,5,2022-02-11,Cancelled,0.0,0.0,Cancelled
56524,1810.0,20,2022-11-09,Completed,0.0,0.0,Success
56525,2739.0,9,2024-08-17,Completed,0.0,122.42,Success
56526,2185.0,1,2022-01-31,Completed,0.0,0.0,Success
56527,2222.0,15,2025-10-18,Completed,0.0,0.0,Success
56528,2229.0,8,2025-03-28,Completed,0.0,0.0,Success
56529,1863.0,1,2025-12-30,Completed,0.0,0.0,Success
56530,2424.0,13,2025-04-20,Completed,0.0,0.0,Success
56531,1801.0,1,2022-09-11,Completed,0.0,444.45,Success
56532,1921.0,17,2025-11-24,Returned,0.0,460.45,Refunded
56533,1084.0,1,2026-02-28,Shipped,0.0,82.06,Success
56534,2133.0,15,2024-06-25,Cancelled,0.0,594.15,Cancelled
56535,2984.0,16,2026-02-19,Processing,0.0,241.71,Success
56536,1467.0,9,2025-02-22,Completed,0.0,0.0,Success
56537,2617.0,7,2023-08-26,Returned,0.0,1014.93,Refunded
56538,2103.0,14,2025-07-07,Completed,0.0,95.96,Success
56539,2378.0,13,2023-11-15,Completed,0.0,0.0,Success
56540,1104.0,16,2022-06-06,Completed,0.0,1293.86,Success
56541,2639.0,7,2024-06-16,Completed,0.0,0.0,Success
56542,2513.0,13,2025-02-14,Returned,0.0,0.0,Refunded
56543,2655.0,1,2024-11-10,Completed,0.0,0.0,Success
56544,2407.0,1,2024-12-26,Completed,0.0,1931.22,Success
56545,2154.0,1,2023-09-28,Completed,0.0,0.0,Success
56546,2851.0,1,2022-08-11,Completed,99.0,0.0,Success
56547,2866.0,11,2025-05-22,Completed,0.0,321.43,Success
56548,1547.0,20,2024-06-28,Completed,0.0,0.0,Success
56549,2341.0,14,2022-02-03,Completed,0.0,0.0,Success
56550,1207.0,2,2025-06-30,Completed,0.0,2982.27,Success
56551,2188.0,15,2025-06-02,Completed,0.0,0.0,Success
56552,1159.0,9,2023-06-30,Processing,0.0,0.0,Success
56553,2408.0,1,2023-06-04,Completed,99.0,0.0,Success
56554,2738.0,1,2022-08-05,Completed,0.0,0.0,Success
56555,1153.0,1,2023-06-27,Completed,0.0,122.42,Success
56556,2391.0,6,2025-07-18,Completed,0.0,814.16,Success
56557,2074.0,1,2025-12-12,Completed,0.0,0.0,Success
56558,2697.0,11,2024-01-01,Completed,0.0,0.0,Success
56559,1075.0,1,2024-02-09,Completed,99.0,121.93,Success
56560,1323.0,9,2023-02-28,Completed,0.0,111.75,Success
56561,2335.0,1,2024-03-09,Cancelled,0.0,0.0,Cancelled
56562,2060.0,17,2022-06-29,Completed,0.0,0.0,Success
56563,1501.0,17,2025-06-15,Completed,0.0,1258.76,Success
56564,1165.0,1,2022-01-13,Cancelled,0.0,4866.59,Cancelled
56565,1994.0,1,2026-06-25,Completed,0.0,143.27,Success
56566,1676.0,6,2025-02-06,Processing,0.0,35.67,Success
56567,1800.0,1,2024-11-21,Completed,0.0,0.0,Success
56568,2600.0,19,2023-11-16,Completed,0.0,325.31,Success
56569,2048.0,20,2025-08-17,Completed,0.0,0.0,Success
56570,1195.0,1,2024-07-24,Completed,0.0,0.0,Success
56571,1738.0,7,2024-11-19,Completed,0.0,870.42,Success
56572,1527.0,1,2026-04-20,Completed,0.0,116.93,Success
56573,1599.0,1,2026-05-01,Completed,0.0,303.36,Success
56574,2140.0,2,2026-05-03,Completed,0.0,4068.93,Success
56575,2062.0,1,2022-01-25,Completed,99.0,81.72,Success
56576,2435.0,1,2024-05-01,Completed,0.0,761.07,Success
56577,2912.0,13,2022-04-09,Processing,0.0,0.0,Success
56578,2678.0,1,2026-01-03,Processing,0.0,86.51,Success
56579,2255.0,1,2024-01-26,Completed,0.0,1100.57,Success
56580,1448.0,3,2035-12-31,Processing,0.0,2004.24,Success
56581,2796.0,8,2022-04-23,Completed,0.0,0.0,Success
56582,1376.0,7,2024-08-15,Completed,0.0,0.0,Success
56583,1151.0,5,2023-09-18,Completed,0.0,43.26,Success
56584,1972.0,20,2023-02-04,Completed,0.0,142.71,Success
56585,1582.0,12,2023-05-02,Completed,0.0,72.37,Success
56586,1457.0,1,2026-03-03,Completed,0.0,2456.64,Success
56587,2032.0,13,2025-12-01,Completed,0.0,917.92,Success
56588,1016.0,19,2023-07-27,Completed,0.0,619.19,Success
56589,2587.0,4,2025-04-21,Completed,0.0,73.25,Success
56590,1439.0,6,2025-01-01,Completed,0.0,109.86,Success
56591,1707.0,16,2023-03-21,Completed,0.0,13.32,Success
56592,1448.0,1,2023-10-15,Completed,0.0,346.43,Success
56593,2115.0,5,2024-03-14,Completed,0.0,0.0,Success
56594,2464.0,19,2026-05-04,Completed,0.0,9829.98,Success
56595,2494.0,18,2024-03-10,Completed,0.0,0.0,Success
56596,1808.0,8,2025-11-30,Processing,0.0,0.0,Success
56597,2301.0,1,2026-03-17,Completed,0.0,0.0,Success
56598,2154.0,1,2025-06-03,Completed,99.0,191.6,Success
56599,1803.0,1,2022-04-16,Completed,0.0,4884.25,Success
56600,2443.0,13,2023-12-03,Shipped,0.0,134.96,Success
56601,1723.0,2,2025-07-31,Completed,0.0,2153.58,Success
56602,2538.0,12,2022-02-19,Completed,0.0,0.0,Success
56603,1934.0,5,2024-02-29,Completed,0.0,2611.46,Success
56604,2386.0,1,2022-09-04,Completed,0.0,0.0,Success
56605,2772.0,16,2024-09-13,Shipped,0.0,41.01,Success
56606,1457.0,20,2023-05-17,Shipped,0.0,0.0,Success
56607,1234.0,1,2022-05-09,Completed,0.0,60.73,Success
56608,2896.0,11,2024-12-02,Completed,0.0,0.0,Success
56609,1943.0,4,2024-07-09,Returned,0.0,12235.59,Refunded
56610,2252.0,10,2026-06-12,Completed,0.0,0.0,Success
56611,2782.0,16,2025-03-13,Completed,0.0,469.74,Success
56612,2119.0,3,2026-02-09,Completed,0.0,0.0,Success
56613,1517.0,1,2026-04-01,Completed,0.0,307.91,Success
56614,1057.0,1,2023-03-12,Completed,0.0,984.62,Success
56615,1016.0,3,2026-02-08,Completed,0.0,0.0,Success
56616,2137.0,19,2023-03-08,Completed,0.0,124.56,Success
56617,1977.0,16,2022-01-15,Completed,0.0,145.01,Success
56618,2226.0,3,2024-07-10,Completed,0.0,1781.38,Success
56619,2826.0,12,2023-12-25,Completed,0.0,85.27,Success
56620,2596.0,4,2023-02-24,Completed,0.0,200.17,Success
56621,1464.0,17,2024-07-09,Completed,0.0,0.0,Success
56622,1761.0,15,2025-09-04,Completed,0.0,0.0,Success
56623,2308.0,14,2023-09-14,Completed,0.0,902.72,Success
56624,2261.0,1,2025-10-30,Completed,0.0,4261.02,Success
56625,2960.0,18,2025-12-22,Cancelled,0.0,54.13,Cancelled
56626,2115.0,7,2024-01-04,Completed,0.0,0.0,Success
56627,2692.0,2,2026-05-06,Shipped,0.0,0.0,Success
56628,1351.0,7,2025-02-18,Cancelled,0.0,0.0,Cancelled
56629,1083.0,6,2024-09-06,Returned,0.0,0.0,Refunded
56630,1690.0,3,2023-07-17,Completed,0.0,534.83,Success
56631,1078.0,4,2023-04-17,Completed,0.0,153.58,Success
56632,1905.0,19,2022-04-28,Shipped,0.0,0.0,Success
56633,2472.0,11,2023-03-18,Returned,0.0,0.0,Refunded
56634,1519.0,1,2022-03-11,Shipped,0.0,0.0,Success
56635,1577.0,11,2024-09-10,Completed,0.0,0.0,Success
56636,1083.0,4,2022-11-29,Shipped,0.0,127.73,Success
56637,1640.0,1,2025-07-18,Completed,0.0,0.0,Success
56638,2384.0,6,2022-09-03,Returned,0.0,0.0,Refunded
56639,2739.0,7,2026-03-01,Completed,0.0,1069.34,Success
56640,1102.0,4,2026-01-02,Completed,0.0,106.16,Success
56641,2968.0,8,2022-12-31,Completed,0.0,0.0,Success
56642,2672.0,17,2023-08-04,Returned,0.0,11639.84,Refunded
56643,2158.0,1,2024-09-14,Completed,0.0,1508.4,Success
56644,1530.0,15,2025-04-21,Completed,0.0,734.2,Success
56645,1762.0,13,2025-03-18,Completed,0.0,1547.1,Success
56646,1111.0,7,2023-10-31,Completed,0.0,0.0,Success
56647,1336.0,4,2026-04-28,Completed,0.0,0.0,Success
56648,2545.0,9,2024-07-20,Completed,0.0,1681.57,Success
56649,1665.0,1,2024-07-05,Completed,0.0,303.79,Success
56650,2018.0,3,2026-01-31,Processing,0.0,1897.64,Success
56651,1665.0,11,2022-02-06,Completed,0.0,391.36,Success
56652,2580.0,1,2023-03-16,Completed,0.0,0.0,Success
56653,1090.0,2,2023-03-09,Completed,0.0,0.0,Success
56654,2718.0,18,2022-04-22,Completed,0.0,835.34,Success
56655,1861.0,1,2025-09-19,Shipped,0.0,604.83,Success
56656,1985.0,14,2022-05-24,Completed,0.0,222.23,Success
56657,1497.0,1,2022-12-23,Returned,0.0,353.88,Refunded
56658,1960.0,1,2024-11-29,Returned,0.0,0.0,Refunded
56659,2810.0,1,2026-02-19,Shipped,99.0,56.98,Success
56660,1951.0,8,2026-05-24,Completed,0.0,1497.93,Success
56661,1543.0,20,2022-10-30,Completed,0.0,9353.52,Success
56662,1578.0,8,2026-05-28,Shipped,0.0,423.74,Success
56663,2217.0,1,2022-04-26,Shipped,0.0,0.0,Success
56664,2036.0,2,2023-01-26,Shipped,0.0,8028.44,Success
56665,1554.0,7,2024-03-31,Completed,0.0,0.0,Success
56666,2924.0,8,2024-10-25,Shipped,0.0,593.72,Success
56667,1837.0,19,2023-10-03,Completed,0.0,1306.57,Success
56668,1226.0,1,2025-05-13,Completed,0.0,490.83,Success
56669,2122.0,4,2025-02-21,Processing,0.0,0.0,Success
56670,1211.0,1,2024-11-16,Returned,0.0,1107.77,Refunded
56671,1653.0,7,2022-09-19,Completed,0.0,6460.73,Success
56672,2850.0,13,2022-10-30,Returned,0.0,279.66,Refunded
56673,1748.0,4,2022-11-09,Completed,0.0,1356.52,Success
56674,2801.0,7,2023-06-18,Completed,0.0,1674.62,Success
56675,2595.0,18,2025-06-30,Completed,0.0,29.01,Success
56676,1172.0,12,2025-05-28,Completed,0.0,35.68,Success
56677,2751.0,13,2023-12-14,Completed,0.0,29.01,Success
56678,2065.0,8,2023-12-02,Cancelled,0.0,0.0,Cancelled
56679,2078.0,1,2025-04-19,Shipped,0.0,0.0,Success
56680,2758.0,15,2025-07-20,Completed,0.0,1981.14,Success
56681,1673.0,2,2022-03-23,Returned,0.0,307.91,Refunded
56682,2269.0,1,2023-08-02,Completed,0.0,0.0,Success
56683,1014.0,8,2026-02-26,Completed,0.0,0.0,Success
56684,1449.0,15,2025-05-17,Completed,0.0,361.09,Success
56685,1037.0,15,2025-05-14,Completed,0.0,0.0,Success
56686,1488.0,11,2022-08-13,Completed,0.0,92.1,Success
56687,1914.0,11,2022-10-19,Completed,0.0,3460.09,Success
56688,2021.0,3,2025-01-21,Completed,0.0,0.0,Success
56689,1966.0,1,2022-03-13,Completed,0.0,490.25,Success
56690,2573.0,18,2025-03-06,Completed,0.0,2320.66,Success
56691,1961.0,1,2023-07-20,Completed,99.0,0.0,Success
56692,1747.0,1,2025-12-30,Completed,0.0,14868.43,Success
56693,2218.0,1,2025-05-15,Completed,0.0,0.0,Success
56694,1111.0,14,2026-01-22,Completed,0.0,826.57,Success
56695,2552.0,19,2022-03-30,Completed,0.0,0.0,Success
56696,2042.0,7,2025-12-02,Completed,0.0,1154.71,Success
56697,1954.0,4,2026-05-16,Completed,0.0,6246.16,Success
56698,2846.0,18,2025-10-14,Shipped,0.0,20.36,Success
56699,2908.0,11,2025-07-04,Completed,0.0,1450.24,Success
56700,2530.0,18,2025-04-04,Processing,0.0,2488.05,Success
56701,2949.0,14,2022-10-07,Completed,0.0,101.44,Success
56702,1185.0,1,2024-09-06,Processing,0.0,0.0,Success
56703,2999.0,1,2024-03-27,Processing,0.0,403.2,Success
56704,1580.0,1,2025-07-02,Completed,0.0,0.0,Success
56705,2085.0,12,2022-11-05,Cancelled,0.0,0.0,Cancelled
56706,1962.0,3,2022-02-10,Shipped,0.0,0.0,Success
56707,1233.0,15,2024-04-17,Completed,0.0,130.44,Success
56708,2505.0,1,2023-12-14,Shipped,99.0,0.0,Success
56709,1773.0,1,2022-11-09,Completed,0.0,0.0,Success
56710,1807.0,9,2025-04-12,Completed,0.0,571.51,Success
56711,1246.0,10,2023-03-08,Shipped,0.0,2108.31,Success
56712,1203.0,4,2025-03-16,Cancelled,0.0,329.45,Cancelled
56713,2624.0,1,2023-08-19,Processing,0.0,467.21,Success
56714,1344.0,1,2022-05-10,Shipped,0.0,217.03,Success
56715,2846.0,1,2022-05-08,Completed,99.0,0.0,Success
56716,2785.0,4,2025-04-10,Returned,0.0,973.54,Refunded
56717,1536.0,1,2025-01-07,Completed,0.0,0.0,Success
56718,2986.0,20,2023-05-08,Completed,0.0,455.33,Success
56719,2479.0,3,2025-11-13,Completed,0.0,655.75,Success
56720,2559.0,1,2022-11-26,Completed,99.0,0.0,Success
56721,2305.0,1,2022-12-22,Completed,0.0,783.43,Success
56722,1648.0,1,2024-06-05,Completed,0.0,2451.98,Success
56723,1256.0,4,2023-05-21,Completed,0.0,0.0,Success
56724,1939.0,6,2023-08-10,Completed,0.0,0.0,Success
56725,2224.0,8,2022-01-11,Completed,0.0,0.0,Success
56726,2701.0,20,2025-12-10,Completed,0.0,73.25,Success
56727,2716.0,1,2025-06-22,Shipped,0.0,9589.01,Success
56728,2900.0,1,2023-02-13,Completed,0.0,0.0,Success
56729,1994.0,7,2025-09-29,Completed,0.0,0.0,Success
56730,2970.0,1,2025-09-18,Processing,0.0,0.0,Success
56731,2807.0,1,2025-07-18,Completed,0.0,2061.15,Success
56732,2176.0,14,2023-12-24,Completed,0.0,0.0,Success
56733,1444.0,14,2023-03-20,Completed,0.0,0.0,Success
56734,2231.0,13,2026-05-20,Completed,0.0,929.16,Success
56735,2220.0,1,2026-02-02,Shipped,0.0,2534.73,Success
56736,1791.0,15,2022-06-28,Completed,0.0,190.77,Success
56737,1233.0,11,2026-03-11,Completed,0.0,0.0,Success
56738,1832.0,1,2023-04-19,Completed,0.0,211.7,Success
56739,1273.0,4,2023-11-14,Completed,0.0,1153.0,Success
56740,2227.0,12,2022-03-17,Completed,0.0,0.0,Success
56741,2291.0,1,2022-05-30,Completed,0.0,0.0,Success
56742,2521.0,7,2023-03-30,Shipped,0.0,1130.11,Success
56743,1989.0,15,2023-06-10,Completed,0.0,39.76,Success
56744,1941.0,12,2023-09-23,Completed,0.0,0.0,Success
56745,1077.0,1,2023-02-10,Shipped,0.0,604.8,Success
56746,2820.0,20,2023-09-19,Completed,0.0,4008.49,Success
56747,1417.0,19,2025-11-15,Completed,0.0,98.3,Success
56748,1690.0,1,2023-05-19,Cancelled,0.0,86.61,Cancelled
56749,2490.0,19,2022-10-30,Completed,0.0,7071.97,Success
56750,1300.0,7,2024-06-06,Completed,0.0,71.12,Success
56751,1583.0,12,2023-02-19,Completed,0.0,0.0,Success
56752,2495.0,16,2023-08-26,Completed,0.0,151.93,Success
56753,2410.0,1,2022-09-30,Completed,0.0,0.0,Success
56754,2723.0,1,2026-01-18,Completed,99.0,0.0,Success
56755,2060.0,1,2026-06-17,Shipped,0.0,1322.41,Success
56756,2070.0,16,2026-06-28,Completed,0.0,234.87,Success
56757,1494.0,17,2023-11-11,Completed,0.0,0.0,Success
56758,2102.0,1,2026-04-18,Completed,0.0,1933.66,Success
56759,1101.0,1,2022-06-10,Completed,0.0,0.0,Success
56760,2259.0,8,2025-01-03,Completed,0.0,798.73,Success
56761,1541.0,14,2022-11-13,Completed,0.0,784.71,Success
56762,2015.0,15,2022-08-21,Completed,0.0,0.0,Success
56763,2563.0,1,2026-06-26,Returned,0.0,0.0,Refunded
56764,1372.0,19,2024-01-07,Completed,0.0,351.61,Success
56765,2620.0,4,2025-03-15,Completed,0.0,0.0,Success
56766,1863.0,11,2024-12-04,Cancelled,0.0,725.13,Cancelled
56767,1082.0,1,2024-05-24,Completed,0.0,11929.09,Success
56768,1166.0,4,2024-07-06,Completed,0.0,0.0,Success
56769,2067.0,3,2023-01-11,Completed,0.0,637.31,Success
56770,1527.0,1,2022-03-06,Processing,0.0,1304.37,Success
56771,1468.0,19,2025-02-09,Completed,0.0,1663.47,Success
56772,1696.0,2,2026-02-06,Completed,0.0,0.0,Success
56773,1715.0,15,2023-05-04,Completed,0.0,0.0,Success
56774,2507.0,4,2022-05-11,Completed,0.0,5019.51,Success
56775,2027.0,13,2024-01-20,Shipped,0.0,0.0,Success
56776,2860.0,17,2025-02-13,Completed,0.0,0.0,Success
56777,1895.0,5,2025-12-12,Completed,0.0,11245.64,Success
56778,1906.0,1,2025-01-07,Shipped,0.0,938.51,Success
56779,2673.0,10,2024-11-16,Completed,0.0,1450.24,Success
56780,2746.0,16,2023-02-28,Completed,0.0,3647.97,Success
56781,1485.0,6,2023-11-04,Completed,0.0,0.0,Success
56782,1814.0,1,2024-09-27,Completed,0.0,0.0,Success
56783,1548.0,17,2025-07-03,Processing,0.0,722.25,Success
56784,2944.0,2,2025-12-20,Completed,0.0,0.0,Success
56785,2168.0,2,2026-06-28,Shipped,0.0,0.0,Success
56786,1041.0,1,2023-10-10,Completed,0.0,1628.32,Success
56787,2763.0,20,2022-07-11,Completed,0.0,0.0,Success
56788,1015.0,1,2025-05-07,Shipped,0.0,669.25,Success
56789,1125.0,3,2024-04-11,Completed,0.0,0.0,Success
56790,1083.0,1,2025-01-23,Completed,0.0,206.55,Success
56791,2848.0,8,2026-06-06,Completed,0.0,0.0,Success
56792,2538.0,6,2022-12-31,Completed,0.0,0.0,Success
56793,,4,2024-09-13,Completed,0.0,1900.79,Success
56794,2253.0,20,2024-04-04,Completed,0.0,146.44,Success
56795,1088.0,15,2024-08-06,Completed,0.0,2579.08,Success
56796,2733.0,20,2026-05-26,Completed,0.0,1395.96,Success
56797,1200.0,3,2023-03-09,Processing,0.0,2328.65,Success
56798,2845.0,19,2023-04-11,Completed,0.0,0.0,Success
56799,2574.0,1,2023-09-08,Completed,0.0,0.0,Success
56800,2553.0,19,2024-01-12,Completed,0.0,0.0,Success
56801,1585.0,3,2022-02-19,Completed,0.0,0.0,Success
56802,1451.0,2,2024-09-28,Shipped,0.0,0.0,Success
56803,1201.0,1,2022-11-24,Shipped,99.0,8.08,Success
56804,2216.0,13,2022-02-11,Completed,0.0,0.0,Success
56805,2238.0,13,2026-01-01,Completed,0.0,916.69,Success
56806,1973.0,1,2022-05-25,Shipped,0.0,0.0,Success
56807,2110.0,15,2025-05-06,Completed,0.0,0.0,Success
56808,2048.0,6,2023-12-10,Completed,0.0,0.0,Success
56809,1044.0,1,2022-09-05,Completed,0.0,926.29,Success
56810,2610.0,18,2026-05-28,Completed,0.0,0.0,Success
56811,1297.0,8,2024-02-27,Completed,0.0,0.0,Success
56812,1211.0,2,2023-08-26,Completed,0.0,712.9,Success
56813,1336.0,20,2024-12-10,Completed,0.0,0.0,Success
56814,1817.0,14,2024-01-17,Completed,0.0,1918.42,Success
56815,1972.0,11,2025-08-20,Shipped,0.0,0.0,Success
56816,1193.0,1,2022-04-03,Shipped,0.0,822.36,Success
56817,2268.0,3,2025-01-05,Completed,0.0,1177.79,Success
56818,1121.0,1,2024-03-27,Completed,0.0,2063.26,Success
56819,2237.0,18,2023-02-20,Completed,0.0,71.12,Success
56820,1598.0,18,2026-05-19,Completed,0.0,1631.11,Success
56821,2980.0,9,2023-02-13,Completed,0.0,1450.24,Success
56822,1286.0,1,2024-03-04,Processing,0.0,0.0,Success
56823,1591.0,20,2026-06-30,Completed,0.0,0.0,Success
56824,2286.0,1,2022-07-27,Returned,0.0,1144.99,Refunded
56825,2749.0,10,2024-06-19,Completed,0.0,0.0,Success
56826,1634.0,9,2024-07-10,Completed,0.0,608.89,Success
56827,1582.0,1,2023-06-12,Completed,0.0,7759.87,Success
56828,2773.0,1,2024-03-01,Completed,0.0,195.54,Success
56829,2981.0,11,2022-02-12,Completed,0.0,0.0,Success
56830,1032.0,9,2022-11-26,Shipped,0.0,0.0,Success
56831,2782.0,17,2026-02-13,Completed,0.0,0.0,Success
56832,1786.0,1,2025-03-09,Shipped,99.0,0.0,Success
56833,2772.0,20,2025-11-04,Shipped,0.0,0.0,Success
56834,2310.0,1,2026-03-20,Cancelled,0.0,524.57,Cancelled
56835,1916.0,1,2025-06-22,Completed,0.0,0.0,Success
56836,1985.0,1,2025-01-09,Completed,0.0,0.0,Success
56837,1997.0,1,2024-02-02,Completed,0.0,8019.9,Success
56838,2365.0,1,2024-09-23,Completed,0.0,0.0,Success
56839,2593.0,2,2023-07-08,Completed,0.0,0.0,Success
56840,1405.0,1,2023-04-13,Processing,0.0,2153.58,Success
56841,1762.0,1,2025-07-02,Completed,0.0,317.74,Success
56842,2105.0,1,2025-08-28,Completed,0.0,1859.13,Success
56843,1461.0,9,2024-01-28,Completed,0.0,205.8,Success
56844,1493.0,9,2022-02-28,Completed,0.0,3382.68,Success
56845,1505.0,1,2022-01-03,Completed,0.0,0.0,Success
56846,1881.0,19,2023-11-28,Completed,0.0,644.76,Success
56847,1879.0,1,2023-10-03,Completed,0.0,520.52,Success
56848,2397.0,17,2023-06-10,Completed,0.0,0.0,Success
56849,2515.0,1,2022-06-18,Completed,0.0,5641.04,Success
56850,2069.0,17,2026-05-09,Shipped,0.0,1393.74,Success
56851,2640.0,11,2026-04-15,Completed,0.0,8683.35,Success
56852,1428.0,18,2023-04-23,Completed,0.0,0.0,Success
56853,2700.0,12,2022-05-19,Completed,0.0,144.06,Success
56854,1382.0,1,2023-03-26,Shipped,0.0,0.0,Success
56855,1144.0,18,2024-05-29,Completed,0.0,3533.5,Success
56856,2385.0,13,2023-03-11,Completed,0.0,0.0,Success
56857,1033.0,18,2022-08-06,Completed,0.0,0.0,Success
56858,1133.0,2,2024-07-20,Completed,0.0,0.0,Success
56859,2744.0,7,2022-07-10,Completed,0.0,0.0,Success
56860,1316.0,13,2022-12-24,Completed,0.0,0.0,Success
56861,1203.0,1,2025-02-01,Completed,99.0,103.89,Success
56862,2037.0,1,2022-08-30,Completed,0.0,0.0,Success
56863,1031.0,18,2026-02-19,Shipped,0.0,3541.51,Success
56864,2954.0,1,2025-07-30,Shipped,0.0,1130.11,Success
56865,1674.0,2,2024-06-04,Completed,0.0,0.0,Success
56866,2663.0,2,2025-02-15,Completed,0.0,1485.86,Success
56867,2593.0,1,2022-03-08,Returned,99.0,0.0,Refunded
56868,2080.0,1,2025-04-18,Shipped,0.0,0.0,Success
56869,2301.0,15,2022-12-10,Processing,0.0,0.0,Success
56870,1120.0,1,2023-08-07,Completed,99.0,0.0,Success
56871,2570.0,11,2025-01-11,Completed,0.0,1658.7,Success
56872,1504.0,1,2022-10-18,Completed,0.0,0.0,Success
56873,1549.0,6,2023-02-21,Completed,0.0,0.0,Success
56874,2589.0,18,2022-11-30,Completed,0.0,0.0,Success
56875,1722.0,13,2022-01-17,Shipped,0.0,888.94,Success
56876,1740.0,7,2022-07-01,Completed,0.0,1000.02,Success
56877,2422.0,1,2026-01-02,Processing,99.0,0.0,Success
56878,2429.0,9,2023-10-15,Processing,0.0,31.04,Success
56879,2673.0,11,2024-07-20,Completed,0.0,0.0,Success
56880,,8,2022-03-15,Completed,0.0,0.0,Success
56881,1681.0,19,2022-07-31,Shipped,0.0,0.0,Success
56882,1739.0,16,2022-04-25,Completed,0.0,661.21,Success
56883,1987.0,1,2024-01-24,Completed,0.0,0.0,Success
56884,1663.0,17,2026-06-02,Completed,0.0,0.0,Success
56885,1240.0,7,2024-02-02,Completed,0.0,0.0,Success
56886,2061.0,1,2024-06-02,Completed,0.0,0.0,Success
56887,1256.0,1,2023-04-03,Completed,0.0,0.0,Success
56888,1544.0,3,2023-10-04,Completed,0.0,0.0,Success
56889,1539.0,16,2026-03-02,Completed,0.0,0.0,Success
56890,2903.0,20,2025-08-17,Completed,0.0,1519.27,Success
56891,2746.0,19,2023-08-19,Completed,0.0,53.44,Success
56892,2530.0,16,2025-11-17,Completed,0.0,0.0,Success
56893,2281.0,16,2023-07-29,Completed,0.0,98.46,Success
56894,1111.0,1,2022-02-13,Completed,0.0,4086.73,Success
56895,2398.0,20,2025-02-17,Completed,0.0,0.0,Success
56896,2257.0,1,2022-02-26,Completed,99.0,0.0,Success
56897,1078.0,15,2022-08-23,Completed,0.0,0.0,Success
56898,2825.0,8,2022-08-12,Processing,0.0,53.58,Success
56899,2948.0,18,2024-10-15,Completed,0.0,0.0,Success
56900,2115.0,6,2023-10-16,Completed,0.0,0.0,Success
56901,1626.0,3,2026-03-18,Processing,0.0,0.0,Success
56902,1075.0,13,2024-07-06,Completed,0.0,4274.25,Success
56903,1808.0,1,2022-06-04,Completed,0.0,0.0,Success
56904,2194.0,3,2024-09-24,Returned,0.0,572.25,Refunded
56905,1831.0,12,2022-12-23,Shipped,0.0,0.0,Success
56906,2005.0,14,2026-04-09,Processing,0.0,0.0,Success
56907,1912.0,15,2023-06-19,Completed,0.0,712.9,Success
56908,1924.0,9,2025-12-23,Shipped,0.0,1073.11,Success
56909,2983.0,17,2022-09-23,Completed,0.0,0.0,Success
56910,1593.0,1,2023-06-09,Completed,0.0,0.0,Success
56911,1131.0,1,2023-02-11,Completed,0.0,0.0,Success
56912,2533.0,1,2025-10-04,Completed,0.0,130.44,Success
56913,1748.0,3,2022-11-17,Completed,0.0,0.0,Success
56914,1535.0,8,2023-06-14,Processing,0.0,2127.99,Success
56915,2260.0,1,2022-05-07,Completed,0.0,0.0,Success
56916,1756.0,19,2025-07-04,Completed,0.0,0.0,Success
56917,2300.0,1,2022-08-23,Completed,0.0,1658.48,Success
56918,2536.0,1,2026-06-08,Completed,0.0,658.22,Success
56919,2303.0,11,2023-06-03,Shipped,0.0,666.67,Success
56920,1145.0,1,2023-03-16,Completed,0.0,25.3,Success
56921,1814.0,7,2024-09-17,Completed,0.0,2442.49,Success
56922,1077.0,16,2025-10-05,Completed,0.0,0.0,Success
56923,1929.0,13,2024-08-13,Processing,0.0,477.06,Success
56924,1993.0,2,2023-12-27,Completed,0.0,3646.51,Success
56925,2568.0,3,2025-02-17,Completed,0.0,0.0,Success
56926,1257.0,1,2024-10-08,Completed,0.0,0.0,Success
56927,1480.0,16,2022-04-21,Completed,0.0,381.53,Success
56928,2914.0,1,2026-01-13,Returned,0.0,2499.16,Refunded
56929,1877.0,13,2025-01-29,Returned,0.0,614.16,Refunded
56930,1240.0,9,2024-03-05,Completed,0.0,0.0,Success
56931,1509.0,7,2024-09-14,Shipped,0.0,2109.9,Success
56932,1488.0,5,2026-01-04,Shipped,0.0,0.0,Success
56933,1152.0,16,2025-06-01,Completed,0.0,0.0,Success
56934,2719.0,17,2026-01-20,Cancelled,0.0,0.0,Cancelled
56935,2213.0,7,2022-02-12,Processing,0.0,646.93,Success
56936,1165.0,3,2023-06-11,Completed,0.0,767.6,Success
56937,2063.0,12,2022-02-26,Completed,0.0,2008.94,Success
56938,1825.0,17,2026-05-16,Completed,0.0,0.0,Success
56939,2973.0,11,2022-12-03,Completed,0.0,0.0,Success
56940,2939.0,20,2024-04-16,Shipped,0.0,0.0,Success
56941,1162.0,15,2024-08-10,Completed,0.0,0.0,Success
56942,2016.0,13,2024-11-23,Returned,0.0,0.0,Refunded
56943,1916.0,17,2025-06-04,Completed,0.0,0.0,Success
56944,1952.0,18,2025-07-21,Completed,0.0,0.0,Success
56945,2273.0,12,2026-06-29,Completed,0.0,676.62,Success
56946,2734.0,5,2022-08-04,Completed,0.0,0.0,Success
56947,2684.0,1,2024-11-11,Shipped,99.0,0.0,Success
56948,1337.0,10,2025-01-23,Shipped,0.0,113.62,Success
56949,1646.0,2,2023-09-08,Completed,0.0,0.0,Success
56950,1817.0,1,2022-10-26,Completed,0.0,0.0,Success
56951,1753.0,1,2026-04-21,Processing,99.0,267.95,Success
56952,1035.0,10,2023-08-22,Shipped,0.0,964.16,Success
56953,2497.0,20,2025-08-30,Returned,0.0,184.69,Refunded
56954,1653.0,20,2024-08-24,Shipped,0.0,0.0,Success
56955,1776.0,1,2025-10-03,Completed,99.0,0.0,Success
56956,2289.0,1,2023-04-26,Completed,99.0,0.0,Success
56957,1686.0,4,2025-11-29,Shipped,0.0,0.0,Success
56958,1628.0,5,2023-05-03,Completed,0.0,0.0,Success
56959,1826.0,20,2023-03-20,Completed,0.0,681.7,Success
56960,2713.0,13,2024-03-18,Completed,0.0,646.85,Success
56961,1150.0,1,2025-06-24,Completed,0.0,2124.29,Success
56962,2617.0,19,2023-10-15,Completed,0.0,3420.05,Success
56963,1850.0,1,2022-01-23,Completed,0.0,0.0,Success
56964,1383.0,4,2023-03-23,Completed,0.0,390.69,Success
56965,2939.0,20,2026-05-08,Shipped,0.0,572.3,Success
56966,1910.0,15,2024-02-18,Shipped,0.0,0.0,Success
56967,1984.0,19,2026-04-11,Shipped,0.0,313.72,Success
56968,1566.0,13,2025-12-28,Completed,0.0,133.98,Success
56969,1593.0,3,2023-10-12,Completed,0.0,473.29,Success
56970,2074.0,12,2026-04-09,Completed,0.0,0.0,Success
56971,2805.0,1,2022-11-27,Completed,0.0,0.0,Success
56972,1558.0,1,2023-04-10,Shipped,0.0,0.0,Success
56973,1408.0,8,2022-01-21,Shipped,0.0,539.82,Success
56974,1347.0,16,2026-05-20,Processing,0.0,58.01,Success
56975,1177.0,1,2024-07-16,Processing,99.0,0.0,Success
56976,2185.0,5,2025-03-02,Processing,0.0,0.0,Success
56977,1673.0,8,2024-09-10,Shipped,0.0,1141.68,Success
56978,1450.0,1,2024-11-25,Completed,0.0,1199.69,Success
56979,1916.0,15,2025-09-25,Returned,0.0,468.04,Refunded
56980,2321.0,4,2024-10-09,Processing,0.0,4178.91,Success
56981,2439.0,14,2023-03-24,Completed,0.0,0.0,Success
56982,1985.0,3,2022-01-23,Completed,0.0,188.41,Success
56983,1169.0,2,2025-07-17,Completed,0.0,0.0,Success
56984,2249.0,1,2024-08-14,Processing,0.0,0.0,Success
56985,1371.0,4,2026-05-31,Cancelled,0.0,75.57,Cancelled
56986,2906.0,3,2025-04-27,Completed,0.0,0.0,Success
56987,1269.0,1,2025-02-04,Completed,0.0,922.4,Success
56988,2738.0,9,2024-10-23,Completed,0.0,1859.13,Success
56989,1059.0,1,2025-10-14,Cancelled,0.0,0.0,Cancelled
56990,2380.0,2,2022-02-25,Completed,0.0,0.0,Success
56991,1278.0,13,2026-03-23,Completed,0.0,41.98,Success
56992,1897.0,3,2022-09-20,Completed,0.0,107.29,Success
56993,1592.0,1,2025-02-01,Completed,0.0,934.43,Success
56994,2645.0,1,2025-06-08,Completed,0.0,0.0,Success
56995,2606.0,4,2023-03-29,Completed,0.0,0.0,Success
56996,2676.0,5,2025-02-17,Completed,0.0,558.55,Success
56997,1978.0,1,2022-08-06,Completed,99.0,9.11,Success
56998,2583.0,1,2024-12-04,Completed,0.0,312.53,Success
56999,2476.0,20,2022-05-01,Completed,0.0,0.0,Success
57000,2044.0,1,2022-01-30,Completed,0.0,0.0,Success
57001,2732.0,1,2024-09-16,Completed,0.0,0.0,Success
57002,1462.0,1,2022-03-01,Completed,0.0,0.0,Success
57003,1932.0,11,2026-06-13,Completed,0.0,579.07,Success
57004,1636.0,7,2022-06-24,Completed,0.0,89.19,Success
57005,1536.0,4,2025-06-04,Completed,0.0,388.3,Success
57006,1851.0,1,2025-07-09,Completed,0.0,13988.0,Success
57007,1980.0,13,2022-08-04,Completed,0.0,356.45,Success
57008,2206.0,18,2026-01-27,Completed,0.0,267.08,Success
57009,2377.0,1,2026-03-08,Completed,0.0,4287.89,Success
57010,2230.0,13,2022-05-06,Completed,0.0,0.0,Success
57011,2928.0,8,2025-09-19,Processing,0.0,0.0,Success
57012,2291.0,8,2024-07-22,Completed,0.0,5755.26,Success
57013,2915.0,6,2023-04-05,Completed,0.0,1508.4,Success
57014,1059.0,2,2024-06-29,Completed,0.0,2108.13,Success
57015,2105.0,2,2022-09-14,Completed,0.0,0.0,Success
57016,2438.0,3,2025-05-05,Completed,0.0,2045.88,Success
57017,1393.0,2,2026-02-08,Completed,0.0,0.0,Success
57018,2800.0,11,2024-04-28,Completed,0.0,0.0,Success
57019,2051.0,5,2023-03-03,Completed,0.0,2621.26,Success
57020,1606.0,11,2023-03-21,Cancelled,0.0,474.43,Cancelled
57021,2762.0,4,2024-03-13,Completed,0.0,0.0,Success
57022,1914.0,9,2025-10-10,Completed,0.0,597.68,Success
57023,1492.0,13,2024-02-17,Completed,0.0,10432.9,Success
57024,2030.0,8,2023-12-19,Completed,0.0,0.0,Success
57025,1830.0,5,2025-11-13,Completed,0.0,0.0,Success
57026,2298.0,20,2024-05-19,Shipped,0.0,1082.55,Success
57027,1822.0,1,2026-01-18,Processing,0.0,0.0,Success
57028,1520.0,7,2024-07-11,Completed,0.0,1815.9,Success
57029,1924.0,7,2025-10-10,Completed,0.0,190.77,Success
57030,2887.0,1,2022-09-10,Completed,99.0,243.86,Success
57031,1838.0,8,2023-11-02,Completed,0.0,1292.26,Success
57032,1715.0,20,2024-07-10,Completed,0.0,0.0,Success
57033,2712.0,8,2023-05-18,Completed,0.0,2554.88,Success
57034,2201.0,13,2023-06-17,Processing,0.0,40.29,Success
57035,2985.0,1,2022-02-06,Shipped,0.0,0.0,Success
57036,1940.0,4,2023-05-06,Completed,0.0,457.92,Success
57037,2428.0,1,2025-07-11,Completed,0.0,866.07,Success
57038,2525.0,17,2022-07-21,Completed,0.0,4561.97,Success
57039,1271.0,3,2023-02-10,Completed,0.0,0.0,Success
57040,2370.0,1,2022-06-26,Completed,0.0,0.0,Success
57041,2745.0,1,2026-01-31,Shipped,0.0,825.43,Success
57042,2510.0,1,2022-07-15,Completed,0.0,2934.66,Success
57043,1562.0,10,2024-03-30,Completed,0.0,0.0,Success
57044,2791.0,10,2022-09-15,Completed,0.0,116.92,Success
57045,1196.0,9,2025-10-05,Processing,0.0,0.0,Success
57046,1798.0,6,2022-11-14,Completed,0.0,297.39,Success
57047,2145.0,11,2025-08-05,Returned,0.0,435.24,Refunded
57048,2220.0,1,2024-10-11,Cancelled,0.0,6.66,Cancelled
57049,2655.0,9,2024-06-25,Processing,0.0,0.0,Success
57050,2252.0,1,2026-01-07,Shipped,0.0,133.71,Success
57051,2645.0,1,2023-10-20,Returned,0.0,320.62,Refunded
57052,2731.0,1,2023-08-02,Processing,0.0,0.0,Success
57053,1838.0,7,2024-09-08,Shipped,0.0,58.29,Success
57054,2522.0,12,2023-06-29,Completed,0.0,0.0,Success
57055,1174.0,1,2024-01-04,Shipped,0.0,1288.03,Success
57056,2171.0,9,2025-10-05,Completed,0.0,559.31,Success
57057,2798.0,8,2024-11-14,Completed,0.0,115.67,Success
57058,2624.0,4,2023-12-16,Completed,0.0,1570.51,Success
57059,2833.0,6,2023-05-13,Completed,0.0,0.0,Success
57060,2240.0,7,2026-01-27,Completed,0.0,2441.74,Success
57061,1696.0,6,2024-11-25,Shipped,0.0,2133.49,Success
57062,1334.0,5,2025-05-02,Processing,0.0,256.76,Success
57063,1934.0,7,2024-12-04,Completed,0.0,4963.6,Success
57064,2923.0,5,2024-07-06,Completed,0.0,0.0,Success
57065,1762.0,1,2022-06-07,Completed,0.0,42.47,Success
57066,2218.0,1,2026-01-06,Completed,0.0,0.0,Success
57067,2859.0,11,2023-05-12,Completed,0.0,4541.72,Success
57068,2660.0,5,2023-07-03,Returned,0.0,2733.46,Refunded
57069,1515.0,5,2025-12-30,Processing,0.0,1238.77,Success
57070,1736.0,19,2024-09-21,Completed,0.0,0.0,Success
57071,2644.0,17,2023-05-16,Completed,0.0,76.23,Success
57072,2152.0,6,2026-06-02,Completed,0.0,426.71,Success
57073,1971.0,1,2024-10-23,Cancelled,99.0,0.0,Cancelled
57074,1650.0,12,2025-09-25,Completed,0.0,0.0,Success
57075,1817.0,13,2024-04-23,Completed,0.0,0.0,Success
57076,2983.0,19,2025-03-07,Completed,0.0,109.27,Success
57077,2292.0,13,2024-06-07,Completed,0.0,0.0,Success
57078,1547.0,1,2022-07-24,Completed,99.0,53.58,Success
57079,1342.0,7,2023-07-03,Completed,0.0,0.0,Success
57080,2060.0,12,2024-04-19,Completed,0.0,652.87,Success
57081,1773.0,6,2022-05-04,Completed,0.0,473.48,Success
57082,1094.0,2,2023-08-13,Completed,0.0,0.0,Success
57083,1286.0,13,2023-01-07,Completed,0.0,119.35,Success
57084,2915.0,8,2024-08-17,Completed,0.0,0.0,Success
57085,1643.0,1,2026-05-31,Processing,0.0,0.0,Success
57086,1974.0,6,2024-09-26,Completed,0.0,60.73,Success
57087,2046.0,1,2024-06-13,Completed,0.0,295.39,Success
57088,1822.0,1,2023-12-25,Completed,0.0,10625.67,Success
57089,2335.0,12,2022-05-07,Completed,0.0,0.0,Success
57090,1681.0,1,2025-01-02,Cancelled,0.0,82.06,Cancelled
57091,1978.0,1,2026-06-30,Shipped,0.0,0.0,Success
57092,2923.0,14,2023-12-15,Shipped,0.0,0.0,Success
57093,1060.0,1,2024-08-22,Completed,0.0,0.0,Success
57094,2329.0,3,2025-06-27,Shipped,0.0,2583.67,Success
57095,2831.0,1,2023-04-10,Completed,0.0,233.85,Success
57096,2970.0,1,2023-09-12,Returned,0.0,0.0,Refunded
57097,1626.0,12,2022-12-14,Shipped,0.0,0.0,Success
57098,1642.0,3,2023-11-17,Returned,0.0,0.0,Refunded
57099,1550.0,9,2023-07-02,Completed,0.0,209.79,Success
57100,2820.0,1,2025-03-16,Completed,99.0,0.0,Success
57101,2414.0,1,2025-09-14,Completed,0.0,0.0,Success
57102,2118.0,15,2022-11-08,Completed,0.0,18.22,Success
57103,1254.0,20,2023-10-08,Processing,0.0,0.0,Success
57104,1702.0,17,2022-02-24,Returned,0.0,0.0,Refunded
57105,1056.0,5,2022-08-03,Completed,0.0,0.0,Success
57106,1841.0,11,2023-05-12,Completed,0.0,620.18,Success
57107,2765.0,18,2024-09-27,Completed,0.0,0.0,Success
57108,2096.0,1,2026-01-07,Completed,0.0,0.0,Success
57109,1791.0,4,2023-01-15,Completed,0.0,0.0,Success
57110,2257.0,7,2023-03-13,Completed,0.0,1080.1,Success
57111,2043.0,8,2025-02-21,Completed,0.0,0.0,Success
57112,1241.0,8,2025-08-01,Completed,0.0,0.0,Success
57113,1968.0,10,2026-03-02,Processing,0.0,1695.16,Success
57114,1613.0,17,2024-03-26,Completed,0.0,267.42,Success
57115,2787.0,5,2026-05-30,Completed,0.0,0.0,Success
57116,2965.0,15,2024-01-26,Shipped,0.0,102.39,Success
57117,1516.0,14,2022-08-30,Completed,0.0,0.0,Success
57118,2155.0,5,2024-11-11,Completed,0.0,389.4,Success
57119,2891.0,7,2023-02-24,Completed,0.0,0.0,Success
57120,2633.0,18,2025-11-03,Processing,0.0,2788.69,Success
57121,2320.0,3,2025-04-22,Completed,0.0,0.0,Success
57122,1747.0,19,2023-08-03,Completed,0.0,5119.83,Success
57123,2572.0,17,2024-04-14,Shipped,0.0,0.0,Success
57124,1428.0,1,2023-06-11,Cancelled,0.0,0.0,Cancelled
57125,2874.0,1,2025-10-06,Completed,0.0,0.0,Success
57126,1508.0,17,2026-04-17,Completed,0.0,1366.06,Success
57127,2011.0,1,2026-06-27,Completed,0.0,28.97,Success
57128,2375.0,1,2022-01-06,Completed,0.0,0.0,Success
57129,2664.0,1,2025-06-11,Completed,0.0,0.0,Success
57130,1026.0,1,2024-12-13,Completed,0.0,80.08,Success
57131,2250.0,13,2024-07-08,Completed,0.0,0.0,Success
57132,1658.0,9,2022-06-25,Shipped,0.0,0.0,Success
57133,1540.0,1,2025-10-14,Returned,0.0,0.0,Refunded
57134,1473.0,1,2024-06-06,Shipped,0.0,136.32,Success
57135,2994.0,3,2022-08-07,Completed,0.0,105.82,Success
57136,1387.0,1,2025-08-22,Completed,0.0,0.0,Success
57137,2754.0,15,2026-03-24,Shipped,0.0,0.0,Success
57138,2208.0,4,2022-11-19,Completed,0.0,0.0,Success
57139,1377.0,13,2026-04-25,Shipped,0.0,0.0,Success
57140,2394.0,9,2024-05-11,Completed,0.0,0.0,Success
57141,1491.0,15,2024-06-14,Completed,0.0,2401.34,Success
57142,1990.0,3,2023-01-17,Completed,0.0,1031.63,Success
57143,1320.0,13,2026-03-11,Shipped,0.0,0.0,Success
57144,2069.0,11,2023-05-15,Completed,0.0,0.0,Success
57145,2124.0,7,2026-02-26,Returned,0.0,0.0,Refunded
57146,2330.0,2,2022-03-27,Shipped,0.0,0.0,Success
57147,2151.0,17,2025-07-24,Completed,0.0,2398.82,Success
57148,2107.0,1,2026-03-03,Shipped,0.0,65.22,Success
57149,2473.0,1,2022-06-07,Completed,0.0,408.84,Success
57150,1730.0,20,2024-02-27,Shipped,0.0,0.0,Success
57151,1155.0,1,2025-01-27,Shipped,0.0,981.67,Success
57152,2858.0,4,2023-11-29,Completed,0.0,0.0,Success
57153,1839.0,1,2026-03-05,Cancelled,99.0,14.5,Cancelled
57154,2245.0,1,2022-02-06,Completed,0.0,24909.57,Success
57155,1321.0,17,2024-10-28,Completed,0.0,0.0,Success
57156,1237.0,1,2023-07-09,Completed,0.0,418.26,Success
57157,2483.0,14,2024-10-21,Completed,0.0,0.0,Success
57158,1877.0,16,2022-09-11,Completed,0.0,1717.49,Success
57159,2176.0,1,2025-08-11,Completed,0.0,1068.74,Success
57160,1567.0,2,2022-04-28,Completed,0.0,2934.83,Success
57161,1456.0,1,2024-01-22,Completed,0.0,680.97,Success
57162,1802.0,1,2024-12-03,Completed,0.0,1269.19,Success
57163,2601.0,2,2025-11-13,Cancelled,0.0,0.0,Cancelled
57164,1557.0,9,2024-07-13,Completed,0.0,0.0,Success
57165,2335.0,13,2024-05-26,Completed,0.0,1264.31,Success
57166,2494.0,1,2024-06-06,Completed,0.0,0.0,Success
57167,2387.0,1,2022-02-26,Completed,0.0,0.0,Success
57168,1222.0,12,2022-12-10,Completed,0.0,0.0,Success
57169,2549.0,17,2024-03-17,Completed,0.0,0.0,Success
57170,1408.0,1,2022-10-06,Completed,99.0,0.0,Success
57171,1884.0,1,2022-01-07,Completed,0.0,885.81,Success
57172,2154.0,12,2023-11-11,Returned,0.0,72.85,Refunded
57173,2002.0,2,2025-07-24,Completed,0.0,0.0,Success
57174,2218.0,1,2023-02-16,Cancelled,99.0,0.0,Cancelled
57175,1036.0,16,2025-08-27,Completed,0.0,0.0,Success
57176,2012.0,7,2023-02-09,Completed,0.0,136.87,Success
57177,1322.0,8,2024-01-02,Completed,0.0,0.0,Success
57178,2774.0,1,2025-12-23,Completed,0.0,3024.54,Success
57179,1146.0,1,2024-03-09,Completed,0.0,0.0,Success
57180,2830.0,5,2023-08-08,Completed,0.0,1374.07,Success
57181,1766.0,18,2024-07-09,Completed,0.0,1336.08,Success
57182,2523.0,1,2024-07-24,Completed,0.0,8623.94,Success
57183,1133.0,7,2024-02-23,Completed,0.0,2192.78,Success
57184,1419.0,1,2026-02-11,Completed,0.0,0.0,Success
57185,1988.0,4,2022-12-12,Completed,0.0,2314.75,Success
57186,1894.0,19,2024-02-16,Completed,0.0,3786.84,Success
57187,2988.0,20,2025-05-05,Completed,0.0,0.0,Success
57188,1968.0,13,2026-04-12,Completed,0.0,2751.43,Success
57189,2493.0,8,2025-07-24,Completed,0.0,1780.43,Success
57190,1547.0,16,2024-10-29,Completed,0.0,0.0,Success
57191,1372.0,6,2024-03-22,Completed,0.0,348.47,Success
57192,2990.0,15,2025-07-10,Completed,0.0,0.0,Success
57193,1599.0,1,2024-01-16,Completed,99.0,0.0,Success
57194,1697.0,12,2025-09-06,Completed,0.0,0.0,Success
57195,1904.0,8,2025-02-20,Processing,0.0,0.0,Success
57196,2050.0,1,2024-07-19,Completed,0.0,1868.85,Success
57197,1034.0,9,2023-02-01,Completed,0.0,936.07,Success
57198,2602.0,13,2024-08-21,Completed,0.0,213.75,Success
57199,2278.0,17,2023-01-13,Returned,0.0,17.41,Refunded
57200,1069.0,1,2024-07-23,Completed,0.0,196.71,Success
57201,1887.0,13,2025-05-15,Returned,0.0,0.0,Refunded
57202,2493.0,1,2022-03-16,Completed,0.0,9516.05,Success
57203,2982.0,6,2025-04-07,Completed,0.0,535.32,Success
57204,1617.0,1,2025-02-18,Completed,0.0,0.0,Success
57205,1164.0,1,2025-08-11,Processing,0.0,718.59,Success
57206,1741.0,16,2023-02-10,Completed,0.0,1245.87,Success
57207,2545.0,19,2024-02-07,Completed,0.0,0.0,Success
57208,1015.0,17,2022-08-07,Shipped,0.0,86.85,Success
57209,2175.0,11,2024-12-12,Completed,0.0,0.0,Success
57210,1239.0,19,2022-04-22,Completed,0.0,126.5,Success
57211,1498.0,4,2023-05-29,Completed,0.0,0.0,Success
57212,1340.0,1,2026-01-29,Completed,0.0,7668.74,Success
57213,2131.0,1,2022-01-16,Completed,0.0,0.0,Success
57214,1243.0,17,2022-01-13,Cancelled,0.0,1412.13,Cancelled
57215,1190.0,10,2024-10-31,Shipped,0.0,0.0,Success
57216,2728.0,1,2025-02-26,Completed,0.0,0.0,Success
57217,1863.0,1,2022-09-28,Completed,99.0,0.0,Success
57218,2430.0,13,2023-05-12,Shipped,0.0,650.17,Success
57219,1194.0,18,2022-10-05,Completed,0.0,0.0,Success
57220,1536.0,11,2023-07-04,Completed,0.0,0.0,Success
57221,2705.0,4,2024-02-19,Completed,0.0,0.0,Success
57222,1009.0,3,2025-04-29,Returned,0.0,269.91,Refunded
57223,1508.0,15,2022-06-13,Completed,0.0,5924.97,Success
57224,2117.0,19,2023-10-29,Completed,0.0,0.0,Success
57225,2704.0,3,2025-12-29,Completed,0.0,279.92,Success
57226,3000.0,10,2022-06-25,Completed,0.0,2579.56,Success
57227,2351.0,10,2025-04-28,Completed,0.0,538.49,Success
57228,2959.0,13,2023-04-30,Completed,0.0,0.0,Success
57229,2229.0,17,2025-06-03,Completed,0.0,0.0,Success
57230,1888.0,20,2023-03-15,Completed,0.0,0.0,Success
57231,1695.0,5,2022-09-05,Completed,0.0,0.0,Success
57232,1511.0,8,2025-03-31,Cancelled,0.0,24.53,Cancelled
57233,1044.0,16,2023-04-29,Processing,0.0,0.0,Success
57234,1145.0,5,2022-09-26,Completed,0.0,73.25,Success
57235,1355.0,6,2023-03-28,Completed,0.0,206.44,Success
57236,1972.0,1,2025-12-28,Shipped,0.0,0.0,Success
57237,2003.0,12,2022-05-31,Completed,0.0,0.0,Success
57238,1218.0,1,2024-10-30,Shipped,0.0,607.71,Success
57239,2345.0,1,2026-03-15,Completed,0.0,0.0,Success
57240,2039.0,17,2024-12-15,Processing,0.0,123.04,Success
57241,1287.0,1,2022-03-15,Completed,0.0,0.0,Success
57242,2048.0,1,2022-05-09,Completed,0.0,0.0,Success
57243,1913.0,19,2024-08-13,Processing,0.0,0.0,Success
57244,1024.0,1,2022-01-31,Completed,0.0,967.67,Success
57245,1845.0,1,2026-06-28,Returned,0.0,0.0,Refunded
57246,2214.0,12,2022-10-07,Completed,0.0,0.0,Success
57247,1927.0,12,2024-01-31,Processing,0.0,1199.69,Success
57248,1681.0,1,2023-02-17,Shipped,0.0,0.0,Success
57249,2564.0,16,2026-05-22,Shipped,0.0,3836.97,Success
57250,1179.0,20,2022-12-05,Shipped,0.0,1609.66,Success
57251,2219.0,18,2023-07-10,Completed,0.0,5360.0,Success
57252,1206.0,5,2025-08-26,Completed,0.0,0.0,Success
57253,2268.0,1,2026-06-23,Cancelled,0.0,365.79,Cancelled
57254,1066.0,1,2025-12-02,Completed,0.0,341.08,Success
57255,1449.0,12,2025-04-06,Completed,0.0,0.0,Success
57256,1651.0,7,2026-01-04,Completed,0.0,0.0,Success
57257,1419.0,17,2024-09-16,Completed,0.0,121.93,Success
57258,1786.0,3,2022-09-01,Completed,0.0,0.0,Success
57259,2179.0,18,2022-07-26,Returned,0.0,4676.41,Refunded
57260,2783.0,1,2022-12-12,Cancelled,0.0,0.0,Cancelled
57261,1626.0,17,2022-05-21,Completed,0.0,163.87,Success
57262,,17,2026-06-17,Completed,0.0,0.0,Success
57263,1831.0,2,2025-04-27,Completed,0.0,0.0,Success
57264,1354.0,10,2023-03-23,Shipped,0.0,0.0,Success
57265,1433.0,7,2024-11-23,Shipped,0.0,0.0,Success
57266,1924.0,14,2022-12-21,Returned,0.0,71.0,Refunded
57267,2056.0,1,2024-10-26,Completed,0.0,0.0,Success
57268,2223.0,15,2024-03-09,Completed,0.0,35.68,Success
57269,1556.0,1,2024-07-20,Shipped,0.0,1514.84,Success
57270,2833.0,1,2023-07-19,Cancelled,0.0,0.0,Cancelled
57271,2261.0,1,2026-06-13,Completed,0.0,0.0,Success
57272,2379.0,10,2022-01-13,Completed,0.0,653.8,Success
57273,2931.0,1,2024-02-01,Processing,0.0,482.08,Success
57274,2123.0,2,2022-03-13,Completed,0.0,1845.48,Success
57275,1935.0,10,2025-01-02,Returned,0.0,0.0,Refunded
57276,2305.0,17,2023-02-11,Completed,0.0,0.0,Success
57277,1538.0,1,2024-04-11,Completed,99.0,0.0,Success
57278,1095.0,20,2026-05-20,Completed,0.0,0.0,Success
57279,2457.0,1,2025-01-12,Completed,0.0,1372.61,Success
57280,2823.0,1,2023-08-08,Shipped,0.0,0.0,Success
57281,2741.0,11,2022-08-05,Completed,0.0,0.0,Success
57282,2527.0,9,2025-11-18,Completed,0.0,0.0,Success
57283,2466.0,13,2025-02-19,Completed,0.0,958.06,Success
57284,2377.0,1,2025-12-06,Completed,0.0,0.0,Success
57285,2985.0,6,2022-03-25,Completed,0.0,0.0,Success
57286,1145.0,7,2023-07-29,Completed,0.0,0.0,Success
57287,1963.0,13,2026-06-18,Returned,0.0,0.0,Refunded
57288,2283.0,6,2025-07-28,Shipped,0.0,12692.51,Success
57289,2513.0,11,2022-02-26,Shipped,0.0,0.0,Success
57290,1308.0,19,2022-10-19,Completed,0.0,0.0,Success
57291,2337.0,9,2023-08-01,Completed,0.0,0.0,Success
57292,1249.0,18,2025-08-03,Completed,0.0,513.82,Success
57293,1722.0,19,2022-05-25,Returned,0.0,0.0,Refunded
57294,2317.0,1,2023-10-31,Completed,0.0,0.0,Success
57295,2321.0,10,2024-05-16,Cancelled,0.0,0.0,Cancelled
57296,1056.0,14,2024-12-08,Shipped,0.0,0.0,Success
57297,2406.0,19,2023-08-11,Shipped,0.0,0.0,Success
57298,2626.0,13,2023-11-22,Completed,0.0,0.0,Success
57299,1633.0,20,2025-06-06,Completed,0.0,98.46,Success
57300,2145.0,13,2022-01-16,Completed,0.0,0.0,Success
57301,2689.0,1,2024-04-03,Shipped,0.0,0.0,Success
57302,1004.0,1,2022-06-06,Completed,0.0,530.67,Success
57303,2834.0,15,2022-12-15,Completed,0.0,72.34,Success
57304,1613.0,1,2024-12-28,Shipped,0.0,568.48,Success
57305,1790.0,3,2022-09-30,Completed,0.0,0.0,Success
57306,2439.0,1,2024-08-26,Processing,0.0,1036.74,Success
57307,1954.0,1,2023-06-01,Completed,0.0,164.79,Success
57308,1291.0,16,2022-03-15,Processing,0.0,858.54,Success
57309,2761.0,12,2025-06-15,Completed,0.0,2656.42,Success
57310,2027.0,11,2022-03-29,Shipped,0.0,0.0,Success
57311,2788.0,4,2023-04-23,Shipped,0.0,336.31,Success
57312,2641.0,19,2022-11-18,Completed,0.0,364.46,Success
57313,2095.0,11,2023-08-02,Completed,0.0,0.0,Success
57314,2503.0,17,2025-07-19,Completed,0.0,0.0,Success
57315,1131.0,1,2023-03-26,Completed,0.0,0.0,Success
57316,1809.0,3,2026-01-26,Completed,0.0,0.0,Success
57317,2989.0,14,2023-07-18,Cancelled,0.0,0.0,Cancelled
57318,2960.0,1,2022-09-23,Shipped,0.0,0.0,Success
57319,2248.0,14,2022-06-15,Completed,0.0,2673.3,Success
57320,1716.0,1,2025-12-17,Processing,0.0,0.0,Success
57321,1152.0,1,2022-02-20,Completed,0.0,257.56,Success
57322,2597.0,3,2023-11-06,Processing,0.0,468.04,Success
57323,2378.0,1,2022-01-01,Processing,0.0,567.71,Success
57324,2635.0,14,2026-05-23,Completed,0.0,0.0,Success
57325,1329.0,5,2025-11-26,Completed,0.0,8072.17,Success
57326,2296.0,1,2022-07-06,Shipped,0.0,0.0,Success
57327,2695.0,1,2023-06-02,Cancelled,0.0,0.0,Cancelled
57328,1383.0,5,2022-02-06,Completed,0.0,0.0,Success
57329,2802.0,1,2023-01-10,Completed,0.0,0.0,Success
57330,1973.0,1,2022-11-10,Completed,99.0,0.0,Success
57331,1479.0,11,2023-11-22,Completed,0.0,0.0,Success
57332,1550.0,14,2024-05-30,Processing,0.0,0.0,Success
57333,1799.0,13,2024-09-07,Completed,0.0,2791.06,Success
57334,1318.0,4,2025-10-27,Completed,0.0,0.0,Success
57335,1062.0,1,2023-06-13,Completed,0.0,290.02,Success
57336,1353.0,8,2024-08-03,Returned,0.0,1177.79,Refunded
57337,2591.0,15,2024-02-19,Completed,0.0,0.0,Success
57338,1406.0,14,2024-11-17,Completed,0.0,1627.82,Success
57339,1209.0,17,2024-08-27,Completed,0.0,66.77,Success
57340,2485.0,8,2026-03-10,Completed,0.0,0.0,Success
57341,1765.0,3,2023-06-13,Completed,0.0,0.0,Success
57342,2560.0,5,2025-05-15,Shipped,0.0,0.0,Success
57343,2590.0,3,2025-09-06,Cancelled,0.0,5623.81,Cancelled
57344,2182.0,1,2022-01-05,Completed,0.0,245.23,Success
57345,1309.0,4,2024-05-20,Completed,0.0,241.71,Success
57346,1240.0,11,2024-06-24,Completed,0.0,0.0,Success
57347,2207.0,2,2025-07-09,Completed,0.0,0.0,Success
57348,1111.0,4,2026-02-10,Shipped,0.0,0.0,Success
57349,1755.0,1,2022-04-05,Completed,0.0,0.0,Success
57350,1328.0,1,2022-06-07,Completed,0.0,0.0,Success
57351,2679.0,19,2023-07-03,Completed,0.0,0.0,Success
57352,1662.0,1,2026-03-04,Completed,0.0,0.0,Success
57353,1465.0,12,2025-04-16,Completed,0.0,0.0,Success
57354,1617.0,1,2024-07-05,Completed,0.0,0.0,Success
57355,2502.0,1,2025-11-04,Processing,0.0,903.33,Success
57356,2674.0,5,2023-08-11,Completed,0.0,356.45,Success
57357,2804.0,7,2024-10-13,Processing,0.0,469.15,Success
57358,2025.0,1,2022-06-25,Completed,0.0,7384.99,Success
57359,2175.0,13,2024-11-29,Completed,0.0,166.67,Success
57360,2947.0,3,2025-06-12,Completed,0.0,0.0,Success
57361,1253.0,15,2024-10-04,Shipped,0.0,2565.04,Success
57362,1527.0,18,2022-09-05,Completed,0.0,1213.44,Success
57363,1941.0,14,2022-10-24,Processing,0.0,3306.59,Success
57364,2879.0,12,2022-12-27,Completed,0.0,1199.69,Success
57365,1526.0,12,2026-05-24,Completed,0.0,1882.88,Success
57366,1259.0,1,2022-09-28,Completed,0.0,3410.88,Success
57367,1333.0,12,2024-08-03,Shipped,0.0,0.0,Success
57368,2425.0,17,2026-04-23,Completed,0.0,0.0,Success
57369,2202.0,1,2024-04-07,Shipped,0.0,0.0,Success
57370,1642.0,1,2022-04-25,Completed,0.0,1739.46,Success
57371,1019.0,8,2026-01-10,Completed,0.0,0.0,Success
57372,1658.0,1,2023-02-16,Completed,0.0,4553.53,Success
57373,1251.0,1,2023-11-10,Processing,0.0,0.0,Success
57374,2013.0,3,2023-02-01,Processing,0.0,9143.07,Success
57375,1522.0,1,2022-08-23,Completed,0.0,2731.97,Success
57376,1294.0,20,2024-04-07,Cancelled,0.0,1216.89,Cancelled
57377,2434.0,15,2023-08-24,Completed,0.0,2309.02,Success
57378,1707.0,4,2022-03-08,Completed,0.0,0.0,Success
57379,1517.0,17,2022-02-27,Processing,0.0,60.73,Success
57380,1916.0,18,2023-04-21,Completed,0.0,14599.77,Success
57381,1348.0,1,2022-04-30,Shipped,0.0,5256.38,Success
57382,1651.0,17,2025-10-24,Returned,0.0,8932.93,Refunded
57383,1360.0,1,2022-06-14,Returned,0.0,0.0,Refunded
57384,2794.0,3,2024-01-29,Completed,0.0,207.5,Success
57385,1835.0,16,2023-08-09,Completed,0.0,285.75,Success
57386,1739.0,8,2023-07-21,Cancelled,0.0,2417.84,Cancelled
57387,1020.0,1,2023-11-11,Completed,0.0,0.0,Success
57388,1946.0,1,2022-09-13,Shipped,0.0,0.0,Success
57389,2376.0,20,2022-03-06,Completed,0.0,202.24,Success
57390,1409.0,19,2022-01-12,Completed,0.0,1620.15,Success
57391,2282.0,17,2024-03-05,Completed,0.0,0.0,Success
57392,1284.0,18,2026-05-10,Completed,0.0,415.24,Success
57393,1232.0,12,2022-12-12,Completed,0.0,0.0,Success
57394,2023.0,5,2026-03-24,Completed,0.0,661.93,Success
57395,1883.0,1,2025-08-06,Completed,0.0,4956.14,Success
57396,2797.0,18,2023-04-29,Completed,0.0,594.15,Success
57397,1873.0,1,2022-05-04,Completed,99.0,50.82,Success
57398,1870.0,1,2023-05-20,Completed,0.0,0.0,Success
57399,1358.0,1,2023-02-06,Returned,0.0,1654.75,Refunded
57400,1479.0,8,2026-01-14,Completed,0.0,3562.76,Success
57401,2412.0,7,2023-02-03,Completed,0.0,838.77,Success
57402,1011.0,17,2022-03-25,Processing,0.0,0.0,Success
57403,2286.0,1,2022-06-23,Processing,0.0,1658.7,Success
57404,1364.0,18,2025-08-20,Completed,0.0,0.0,Success
57405,2971.0,3,2025-02-24,Shipped,0.0,7521.38,Success
57406,1697.0,12,2024-03-10,Completed,0.0,821.2,Success
57407,1155.0,4,2024-08-11,Completed,0.0,0.0,Success
57408,1517.0,1,2025-11-28,Returned,0.0,0.0,Refunded
57409,1095.0,1,2025-10-05,Completed,0.0,2425.39,Success
57410,1423.0,3,2024-10-25,Processing,0.0,40.29,Success
57411,2518.0,8,2024-11-11,Cancelled,0.0,0.0,Cancelled
57412,2713.0,1,2022-08-04,Processing,0.0,1868.81,Success
57413,2286.0,7,2023-01-16,Completed,0.0,283.88,Success
57414,2377.0,13,2023-08-26,Cancelled,0.0,0.0,Cancelled
57415,2386.0,1,2022-08-30,Completed,0.0,1419.27,Success
57416,1741.0,17,2024-10-13,Completed,0.0,2654.41,Success
57417,1825.0,2,2023-12-06,Completed,0.0,2431.0,Success
57418,1931.0,10,2025-11-15,Completed,0.0,0.0,Success
57419,1193.0,17,2024-05-30,Shipped,0.0,13539.91,Success
57420,1897.0,13,2022-07-11,Completed,0.0,0.0,Success
57421,2353.0,15,2024-08-19,Shipped,0.0,0.0,Success
57422,1286.0,4,2024-07-26,Completed,0.0,5542.28,Success
57423,2492.0,1,2026-02-04,Completed,0.0,11089.49,Success
57424,2484.0,19,2025-04-24,Completed,0.0,163.87,Success
57425,2428.0,12,2025-05-03,Completed,0.0,0.0,Success
57426,1128.0,2,2026-02-15,Completed,0.0,1355.8,Success
57427,1240.0,1,2022-07-30,Completed,0.0,0.0,Success
57428,1908.0,6,2023-10-28,Completed,0.0,0.0,Success
57429,2695.0,14,2022-11-21,Shipped,0.0,0.0,Success
57430,1871.0,1,2022-07-15,Shipped,99.0,0.0,Success
57431,1801.0,7,2025-03-07,Shipped,0.0,0.0,Success
57432,1591.0,8,2024-07-14,Completed,0.0,0.0,Success
57433,2882.0,5,2026-06-26,Completed,0.0,0.0,Success
57434,2847.0,1,2024-05-08,Processing,0.0,451.67,Success
57435,2809.0,17,2025-03-23,Processing,0.0,2289.98,Success
57436,2246.0,7,2024-01-05,Processing,0.0,39.19,Success
57437,2138.0,9,2022-07-25,Completed,0.0,6840.1,Success
57438,1305.0,1,2026-06-17,Completed,0.0,197.8,Success
57439,2884.0,1,2025-10-30,Completed,0.0,5262.27,Success
57440,1747.0,15,2022-03-16,Completed,0.0,0.0,Success
57441,1581.0,19,2023-09-19,Completed,0.0,0.0,Success
57442,1166.0,12,2025-11-28,Processing,0.0,0.0,Success
57443,2050.0,1,2025-11-28,Completed,0.0,301.29,Success
57444,2218.0,14,2035-12-31,Completed,0.0,747.37,Success
57445,1488.0,14,2024-01-08,Completed,0.0,0.0,Success
57446,1163.0,11,2025-04-28,Completed,0.0,82.03,Success
57447,2142.0,20,2024-08-06,Completed,0.0,0.0,Success
57448,2925.0,8,2023-01-02,Completed,0.0,71.77,Success
57449,2920.0,19,2024-08-02,Completed,0.0,0.0,Success
57450,1564.0,1,2023-04-12,Completed,0.0,0.0,Success
57451,2661.0,20,2024-11-22,Completed,0.0,0.0,Success
57452,2250.0,3,2023-01-08,Completed,0.0,0.0,Success
57453,1956.0,1,2024-10-30,Completed,0.0,314.69,Success
57454,1115.0,14,2026-01-03,Shipped,0.0,0.0,Success
57455,1971.0,1,2023-07-30,Cancelled,0.0,171.71,Cancelled
57456,2545.0,1,2023-05-20,Completed,0.0,0.0,Success
57457,1702.0,10,2025-05-28,Completed,0.0,258.86,Success
57458,1060.0,3,2024-12-29,Completed,0.0,345.48,Success
57459,2077.0,1,2025-05-07,Processing,99.0,120.87,Success
57460,1767.0,10,2023-07-31,Completed,0.0,257.56,Success
57461,2234.0,11,2025-06-04,Processing,0.0,567.75,Success
57462,2090.0,4,2025-02-01,Completed,0.0,0.0,Success
57463,2703.0,1,2022-04-26,Completed,99.0,0.0,Success
57464,1106.0,15,2024-08-15,Processing,0.0,0.0,Success
57465,1980.0,1,2025-05-09,Completed,0.0,0.0,Success
57466,1970.0,11,2024-10-21,Completed,0.0,0.0,Success
57467,1608.0,17,2023-12-23,Completed,0.0,0.0,Success
57468,2504.0,15,2025-08-29,Shipped,0.0,0.0,Success
57469,1043.0,7,2026-01-28,Completed,0.0,5425.13,Success
57470,1056.0,1,2023-02-27,Completed,0.0,0.0,Success
57471,2061.0,15,2022-08-20,Completed,0.0,0.0,Success
57472,1834.0,19,2023-05-13,Completed,0.0,268.57,Success
57473,2420.0,1,2022-03-29,Returned,0.0,0.0,Refunded
57474,2739.0,1,2022-07-14,Completed,0.0,2419.31,Success
57475,1704.0,14,2024-03-05,Completed,0.0,0.0,Success
57476,1053.0,1,2023-06-03,Completed,0.0,0.0,Success
57477,1411.0,2,2026-02-12,Processing,0.0,0.0,Success
57478,2151.0,18,2023-03-15,Completed,0.0,0.0,Success
57479,1901.0,1,2024-08-14,Completed,0.0,0.0,Success
57480,1937.0,9,2024-12-22,Completed,0.0,0.0,Success
57481,1877.0,3,2022-10-17,Completed,0.0,0.0,Success
57482,2184.0,12,2024-02-22,Completed,0.0,429.84,Success
57483,1385.0,1,2022-12-23,Shipped,0.0,0.0,Success
57484,1722.0,2,2025-02-20,Completed,0.0,0.0,Success
57485,1237.0,16,2023-12-25,Completed,0.0,255.47,Success
57486,1945.0,11,2024-05-07,Completed,0.0,0.0,Success
57487,2281.0,7,2025-08-19,Completed,0.0,0.0,Success
57488,1719.0,1,2023-05-13,Completed,0.0,16715.64,Success
57489,2999.0,1,2023-02-26,Completed,0.0,393.85,Success
57490,1948.0,2,2023-08-11,Processing,0.0,0.0,Success
57491,2306.0,17,2026-05-04,Completed,0.0,1868.85,Success
57492,1174.0,1,2024-04-08,Completed,99.0,73.25,Success
57493,2237.0,4,2022-05-09,Completed,0.0,391.33,Success
57494,2768.0,1,2023-11-03,Processing,99.0,42.47,Success
57495,1603.0,1,2024-03-15,Completed,0.0,318.66,Success
57496,1919.0,1,2025-05-21,Completed,0.0,0.0,Success
57497,2962.0,20,2023-05-16,Shipped,0.0,836.52,Success
57498,1817.0,1,2023-07-12,Processing,0.0,129.8,Success
57499,1357.0,1,2025-11-23,Completed,99.0,66.23,Success
57500,1086.0,6,2025-11-04,Completed,0.0,859.68,Success
57501,1645.0,1,2025-02-06,Completed,99.0,141.55,Success
57502,1414.0,1,2022-11-29,Shipped,0.0,0.0,Success
57503,2394.0,10,2022-07-09,Completed,0.0,128.91,Success
57504,1747.0,1,2022-01-14,Completed,0.0,972.85,Success
57505,2453.0,1,2024-05-09,Completed,0.0,1547.45,Success
57506,1623.0,1,2026-04-29,Completed,0.0,0.0,Success
57507,1425.0,13,2022-07-31,Completed,0.0,216.09,Success
57508,1744.0,3,2023-10-07,Completed,0.0,0.0,Success
57509,2694.0,1,2025-09-08,Completed,0.0,0.0,Success
57510,1686.0,20,2025-04-11,Processing,0.0,0.0,Success
57511,1574.0,13,2025-03-11,Shipped,0.0,429.77,Success
57512,2193.0,1,2025-11-05,Shipped,0.0,200.31,Success
57513,1185.0,15,2022-01-12,Completed,0.0,0.0,Success
57514,1055.0,8,2024-08-02,Completed,0.0,5044.45,Success
57515,2358.0,19,2025-01-28,Completed,0.0,0.0,Success
57516,2578.0,3,2022-08-10,Completed,0.0,0.0,Success
57517,2236.0,1,2024-11-13,Completed,0.0,2179.32,Success
57518,1421.0,16,2023-02-20,Completed,0.0,676.1,Success
57519,2877.0,11,2023-09-05,Completed,0.0,0.0,Success
57520,2739.0,7,2022-11-30,Returned,0.0,0.0,Refunded
57521,2022.0,2,2022-12-09,Completed,0.0,0.0,Success
57522,1625.0,1,2026-02-17,Completed,0.0,0.0,Success
57523,1802.0,1,2022-12-10,Completed,0.0,87.04,Success
57524,1183.0,1,2023-07-23,Cancelled,99.0,0.0,Cancelled
57525,1100.0,1,2022-02-14,Processing,0.0,0.0,Success
57526,1568.0,1,2023-11-19,Completed,99.0,0.0,Success
57527,1295.0,1,2022-12-01,Completed,0.0,0.0,Success
57528,2271.0,1,2026-01-25,Completed,0.0,0.0,Success
57529,1183.0,2,2024-08-23,Completed,0.0,21602.04,Success
57530,2946.0,5,2022-08-08,Shipped,0.0,351.61,Success
57531,1829.0,1,2023-04-08,Completed,0.0,0.0,Success
57532,1437.0,1,2023-11-23,Completed,0.0,356.92,Success
57533,2296.0,7,2023-12-29,Completed,0.0,0.0,Success
57534,2108.0,1,2024-12-28,Completed,99.0,0.0,Success
57535,1612.0,1,2022-03-14,Shipped,0.0,0.0,Success
57536,2732.0,15,2022-01-08,Completed,0.0,65.22,Success
57537,1489.0,6,2022-03-20,Completed,0.0,0.0,Success
57538,1944.0,10,2023-04-01,Completed,0.0,191.6,Success
57539,2037.0,1,2023-07-22,Shipped,99.0,0.0,Success
57540,2118.0,11,2023-11-15,Shipped,0.0,1213.44,Success
57541,2220.0,15,2022-04-16,Completed,0.0,71.36,Success
57542,1406.0,14,2024-02-29,Shipped,0.0,4330.22,Success
57543,1358.0,1,2024-07-25,Completed,0.0,145.01,Success
57544,2996.0,2,2026-01-27,Completed,0.0,18340.24,Success
57545,1084.0,5,2022-06-25,Completed,0.0,212.44,Success
57546,2151.0,10,2025-04-15,Processing,0.0,3060.26,Success
57547,2660.0,11,2023-03-02,Completed,0.0,3211.9,Success
57548,2698.0,6,2026-03-13,Shipped,0.0,0.0,Success
57549,2032.0,17,2025-12-17,Completed,0.0,1657.07,Success
57550,1294.0,1,2022-07-18,Completed,0.0,0.0,Success
57551,2235.0,19,2026-06-20,Completed,0.0,105.75,Success
57552,1638.0,20,2025-04-12,Completed,0.0,1356.31,Success
57553,1965.0,4,2025-01-06,Completed,0.0,2138.69,Success
57554,2908.0,1,2023-01-03,Completed,0.0,1143.02,Success
57555,1545.0,1,2025-04-08,Completed,0.0,0.0,Success
57556,2328.0,11,2023-04-15,Completed,0.0,440.89,Success
57557,2679.0,20,2022-05-14,Completed,0.0,0.0,Success
57558,1996.0,1,2022-02-02,Shipped,0.0,2294.12,Success
57559,2557.0,14,2023-07-10,Shipped,0.0,0.0,Success
57560,1899.0,3,2024-12-27,Cancelled,0.0,379.96,Cancelled
57561,2877.0,17,2026-01-07,Shipped,0.0,2704.69,Success
57562,1380.0,1,2025-08-30,Completed,0.0,1006.73,Success
57563,1440.0,16,2025-03-19,Processing,0.0,7969.25,Success
57564,2783.0,1,2024-02-28,Completed,0.0,86.85,Success
57565,2252.0,10,2023-05-08,Shipped,0.0,379.26,Success
57566,1338.0,4,2025-08-03,Completed,0.0,0.0,Success
57567,1696.0,1,2024-03-08,Completed,0.0,343.44,Success
57568,1816.0,4,2024-08-29,Completed,0.0,113.66,Success
57569,1851.0,2,2024-08-26,Shipped,0.0,0.0,Success
57570,1754.0,1,2024-07-03,Completed,99.0,0.0,Success
57571,2366.0,9,2025-08-13,Shipped,0.0,48.23,Success
57572,2940.0,8,2023-12-05,Completed,0.0,0.0,Success
57573,2504.0,15,2026-05-29,Completed,0.0,1544.64,Success
57574,1491.0,11,2026-05-08,Completed,0.0,0.0,Success
57575,,12,2023-05-03,Processing,0.0,0.0,Success
57576,1927.0,20,2023-05-18,Processing,0.0,9401.73,Success
57577,2744.0,8,2023-08-04,Shipped,0.0,0.0,Success
57578,2387.0,9,2022-11-12,Shipped,0.0,138.21,Success
57579,1528.0,1,2023-04-12,Completed,99.0,0.0,Success
57580,1102.0,1,2024-01-26,Completed,99.0,6.66,Success
57581,2848.0,1,2024-01-01,Completed,0.0,0.0,Success
57582,1998.0,1,2025-03-16,Completed,99.0,69.17,Success
57583,2675.0,1,2026-04-02,Completed,0.0,0.0,Success
57584,1770.0,8,2022-07-02,Completed,0.0,910.66,Success
57585,1094.0,6,2025-10-12,Cancelled,0.0,814.16,Cancelled
57586,2289.0,19,2025-02-06,Shipped,0.0,271.3,Success
57587,1914.0,15,2025-12-11,Returned,0.0,9.99,Refunded
57588,1493.0,11,2026-02-26,Completed,0.0,1172.09,Success
57589,1144.0,18,2023-05-05,Shipped,0.0,0.0,Success
57590,2551.0,18,2023-04-06,Returned,0.0,285.75,Refunded
57591,1087.0,17,2022-01-29,Completed,0.0,2276.37,Success
57592,2697.0,19,2026-02-22,Returned,0.0,0.0,Refunded
57593,2297.0,17,2024-01-06,Completed,0.0,1307.59,Success
57594,2328.0,1,2025-06-11,Cancelled,0.0,1112.46,Cancelled
57595,1183.0,2,2026-01-03,Completed,0.0,0.0,Success
57596,1450.0,14,2022-12-30,Processing,0.0,6469.3,Success
57597,1921.0,3,2026-02-20,Completed,0.0,0.0,Success
57598,1466.0,11,2025-06-30,Completed,0.0,0.0,Success
57599,2227.0,1,2024-04-11,Completed,0.0,44.62,Success
57600,1453.0,3,2025-04-02,Completed,0.0,0.0,Success
57601,1788.0,15,2024-12-07,Shipped,0.0,0.0,Success
57602,1395.0,12,2025-01-31,Shipped,0.0,0.0,Success
57603,1858.0,8,2024-01-30,Completed,0.0,0.0,Success
57604,1947.0,7,2024-07-19,Processing,0.0,0.0,Success
57605,2793.0,1,2025-02-24,Processing,99.0,0.0,Success
57606,1143.0,13,2023-06-27,Completed,0.0,4194.98,Success
57607,1684.0,12,2024-07-30,Completed,0.0,633.73,Success
57608,2552.0,5,2025-08-27,Completed,0.0,105.94,Success
57609,2007.0,1,2025-11-05,Shipped,0.0,0.0,Success
57610,1933.0,6,2022-09-10,Shipped,0.0,388.3,Success
57611,2719.0,7,2026-03-12,Completed,0.0,0.0,Success
57612,2902.0,1,2023-02-08,Returned,0.0,278.45,Refunded
57613,2402.0,16,2023-06-08,Processing,0.0,1439.06,Success
57614,1769.0,3,2023-04-16,Completed,0.0,6456.31,Success
57615,2727.0,17,2024-02-20,Completed,0.0,376.08,Success
57616,2001.0,1,2024-12-20,Processing,99.0,0.0,Success
57617,2080.0,20,2023-02-15,Completed,0.0,0.0,Success
57618,1105.0,14,2022-02-10,Processing,0.0,1084.34,Success
57619,2436.0,1,2025-10-02,Completed,0.0,2433.78,Success
57620,1531.0,12,2023-12-31,Returned,0.0,955.81,Refunded
57621,2716.0,15,2022-01-08,Completed,0.0,2719.89,Success
57622,1765.0,2,2026-04-05,Completed,0.0,0.0,Success
57623,2390.0,1,2025-05-18,Completed,0.0,0.0,Success
57624,2947.0,9,2026-01-16,Shipped,0.0,0.0,Success
57625,2442.0,1,2026-01-25,Completed,0.0,19460.76,Success
57626,1960.0,7,2026-04-29,Completed,0.0,646.81,Success
57627,2909.0,12,2022-12-15,Cancelled,0.0,1316.58,Cancelled
57628,1027.0,15,2024-11-06,Shipped,0.0,0.0,Success
57629,2746.0,1,2023-01-21,Shipped,0.0,0.0,Success
57630,2945.0,1,2023-08-22,Completed,0.0,618.76,Success
57631,1871.0,18,2026-06-22,Completed,0.0,0.0,Success
57632,1788.0,7,2026-06-20,Completed,0.0,0.0,Success
57633,1833.0,14,2025-03-05,Shipped,0.0,0.0,Success
57634,2820.0,16,2024-07-27,Shipped,0.0,3283.42,Success
57635,2414.0,1,2022-07-09,Returned,0.0,983.93,Refunded
57636,1848.0,10,2023-07-10,Completed,0.0,0.0,Success
57637,2660.0,7,2022-03-07,Completed,0.0,28.49,Success
57638,2420.0,9,2025-02-25,Shipped,0.0,579.07,Success
57639,2751.0,5,2023-12-28,Completed,0.0,0.0,Success
57640,2893.0,1,2022-09-15,Completed,0.0,4178.91,Success
57641,2119.0,1,2024-03-19,Completed,0.0,0.0,Success
57642,1251.0,1,2025-11-23,Cancelled,0.0,384.65,Cancelled
57643,2177.0,1,2022-05-31,Completed,0.0,0.0,Success
57644,2807.0,8,2025-01-28,Shipped,0.0,0.0,Success
57645,2755.0,1,2025-06-07,Completed,0.0,87.12,Success
57646,1937.0,18,2023-11-05,Completed,0.0,889.71,Success
57647,1323.0,1,2025-12-17,Completed,0.0,39.19,Success
57648,2282.0,18,2022-04-10,Shipped,0.0,360.48,Success
57649,2235.0,1,2026-05-05,Completed,0.0,2321.11,Success
57650,2554.0,6,2024-05-10,Completed,0.0,0.0,Success
57651,1133.0,5,2025-12-15,Completed,0.0,1543.16,Success
57652,2889.0,17,2024-03-29,Completed,0.0,391.33,Success
57653,1399.0,17,2023-11-16,Returned,0.0,7878.74,Refunded
57654,2589.0,6,2022-08-20,Completed,0.0,0.0,Success
57655,2069.0,10,2025-04-26,Processing,0.0,7962.01,Success
57656,1805.0,10,2023-02-08,Completed,0.0,14064.91,Success
57657,1015.0,2,2022-03-03,Completed,0.0,0.0,Success
57658,1622.0,1,2024-05-07,Completed,0.0,855.01,Success
57659,2080.0,1,2026-02-26,Completed,0.0,0.0,Success
57660,2989.0,8,2024-07-02,Completed,0.0,0.0,Success
57661,1233.0,14,2026-06-28,Returned,0.0,0.0,Refunded
57662,2079.0,1,2024-04-18,Completed,0.0,207.13,Success
57663,2440.0,12,2023-05-17,Processing,0.0,141.78,Success
57664,2399.0,1,2026-06-23,Shipped,0.0,0.0,Success
57665,1825.0,1,2025-04-07,Shipped,0.0,2436.23,Success
57666,2550.0,7,2023-10-19,Completed,0.0,2011.27,Success
57667,1801.0,1,2024-12-27,Completed,0.0,4820.8,Success
57668,1370.0,1,2023-03-31,Completed,0.0,116.57,Success
57669,2195.0,18,2023-08-17,Completed,0.0,0.0,Success
57670,1701.0,1,2024-04-15,Cancelled,99.0,39.11,Cancelled
57671,1942.0,1,2024-05-16,Processing,0.0,86.61,Success
57672,1730.0,5,2024-12-30,Processing,0.0,1215.16,Success
57673,2913.0,6,2022-10-27,Completed,0.0,661.21,Success
57674,2500.0,1,2022-06-18,Cancelled,0.0,303.36,Cancelled
57675,1325.0,19,2025-08-02,Shipped,0.0,2439.98,Success
57676,2609.0,18,2024-05-25,Returned,0.0,342.72,Refunded
57677,2104.0,2,2023-11-21,Processing,0.0,16.17,Success
57678,1630.0,18,2025-06-20,Processing,0.0,5105.2,Success
57679,2414.0,19,2025-02-10,Completed,0.0,666.68,Success
57680,2442.0,1,2022-07-03,Completed,0.0,0.0,Success
57681,1818.0,17,2024-01-28,Completed,0.0,1511.43,Success
57682,1440.0,14,2026-03-17,Returned,0.0,2772.37,Refunded
57683,1797.0,8,2022-10-27,Completed,0.0,323.47,Success
57684,1115.0,20,2022-11-28,Processing,0.0,57.24,Success
57685,1273.0,1,2024-07-13,Completed,0.0,0.0,Success
57686,1701.0,5,2025-11-29,Completed,0.0,1136.96,Success
57687,1337.0,15,2023-11-12,Completed,0.0,344.68,Success
57688,1938.0,1,2023-03-28,Completed,0.0,1151.4,Success
57689,1971.0,1,2024-08-22,Completed,0.0,0.0,Success
57690,1380.0,15,2022-05-25,Completed,0.0,73.6,Success
57691,2912.0,1,2023-12-15,Completed,0.0,0.0,Success
57692,2319.0,1,2023-07-13,Completed,0.0,0.0,Success
57693,1319.0,20,2025-03-27,Completed,0.0,767.6,Success
57694,2819.0,11,2023-06-23,Completed,0.0,1719.71,Success
57695,1464.0,1,2024-11-12,Completed,0.0,0.0,Success
57696,1605.0,11,2024-05-18,Processing,0.0,584.08,Success
57697,2255.0,19,2025-01-17,Completed,0.0,0.0,Success
57698,,1,2022-08-24,Completed,0.0,1205.15,Success
57699,2258.0,14,2023-09-12,Completed,0.0,0.0,Success
57700,2955.0,15,2026-01-29,Completed,0.0,130.45,Success
57701,1761.0,15,2024-11-22,Completed,0.0,242.93,Success
57702,2679.0,8,2023-10-19,Processing,0.0,0.0,Success
57703,2691.0,10,2025-05-25,Completed,0.0,0.0,Success
57704,1719.0,1,2023-05-02,Completed,0.0,0.0,Success
57705,1903.0,19,2022-08-30,Completed,0.0,3024.06,Success
57706,1914.0,19,2025-03-28,Shipped,0.0,171.36,Success
57707,1319.0,4,2026-05-23,Shipped,0.0,0.0,Success
57708,2057.0,1,2024-06-12,Shipped,0.0,133.71,Success
57709,2936.0,1,2023-11-08,Completed,0.0,1143.02,Success
57710,2353.0,20,2023-11-29,Completed,0.0,3136.68,Success
57711,2138.0,1,2023-08-07,Processing,0.0,269.24,Success
57712,2629.0,19,2024-07-22,Completed,0.0,0.0,Success
57713,2343.0,1,2023-08-29,Completed,0.0,0.0,Success
57714,1069.0,1,2026-05-18,Shipped,0.0,263.11,Success
57715,2374.0,9,2024-12-14,Completed,0.0,0.0,Success
57716,1601.0,16,2024-09-04,Completed,0.0,0.0,Success
57717,1170.0,6,2023-05-07,Completed,0.0,257.56,Success
57718,1087.0,9,2023-12-08,Completed,0.0,572.55,Success
57719,2875.0,16,2026-04-07,Processing,0.0,2059.52,Success
57720,1931.0,12,2022-07-03,Completed,0.0,0.0,Success
57721,1056.0,1,2024-04-18,Completed,0.0,239.65,Success
57722,1528.0,8,2026-01-24,Completed,0.0,0.0,Success
57723,1269.0,11,2022-09-17,Completed,0.0,0.0,Success
57724,2362.0,10,2024-12-12,Shipped,0.0,3998.69,Success
57725,1420.0,13,2025-04-23,Completed,0.0,0.0,Success
57726,1063.0,4,2022-09-04,Processing,0.0,1461.48,Success
57727,2624.0,17,2022-02-12,Shipped,0.0,171.5,Success
57728,1103.0,15,2023-01-31,Shipped,0.0,1541.83,Success
57729,2758.0,16,2023-07-25,Cancelled,0.0,0.0,Cancelled
57730,2117.0,1,2024-09-15,Shipped,0.0,0.0,Success
57731,1522.0,14,2022-11-17,Completed,0.0,6460.73,Success
57732,1195.0,12,2024-03-11,Processing,0.0,174.71,Success
57733,2497.0,10,2022-05-07,Cancelled,0.0,0.0,Cancelled
57734,1033.0,9,2025-05-02,Shipped,0.0,87.02,Success
57735,1260.0,7,2022-07-13,Cancelled,0.0,177.3,Cancelled
57736,2340.0,1,2022-08-16,Completed,0.0,0.0,Success
57737,1164.0,20,2023-08-09,Returned,0.0,468.04,Refunded
57738,2947.0,1,2023-01-07,Completed,0.0,2538.53,Success
57739,2296.0,1,2023-08-11,Returned,0.0,2493.85,Refunded
57740,1402.0,7,2023-04-14,Shipped,0.0,10787.14,Success
57741,2522.0,13,2022-06-13,Completed,0.0,0.0,Success
57742,2327.0,16,2024-10-18,Completed,0.0,0.0,Success
57743,1374.0,12,2026-01-20,Completed,0.0,1940.79,Success
57744,1238.0,1,2025-08-08,Completed,0.0,934.43,Success
57745,1457.0,17,2022-06-15,Returned,0.0,521.81,Refunded
57746,2307.0,1,2025-08-22,Completed,0.0,951.73,Success
57747,1137.0,1,2022-09-23,Completed,0.0,0.0,Success
57748,1524.0,5,2025-11-12,Completed,0.0,5027.11,Success
57749,2745.0,1,2023-06-13,Completed,0.0,341.08,Success
57750,1069.0,1,2022-07-28,Processing,0.0,0.0,Success
57751,2572.0,16,2023-08-29,Completed,0.0,7196.47,Success
57752,2219.0,20,2025-02-11,Shipped,0.0,0.0,Success
57753,2190.0,14,2024-01-15,Shipped,0.0,1282.01,Success
57754,2309.0,15,2023-07-05,Completed,0.0,1547.45,Success
57755,1998.0,13,2022-07-26,Completed,0.0,0.0,Success
57756,1226.0,3,2024-10-03,Completed,0.0,0.0,Success
57757,2569.0,17,2025-08-07,Completed,0.0,0.0,Success
57758,2294.0,6,2022-09-01,Completed,0.0,438.56,Success
57759,2891.0,2,2022-11-11,Returned,0.0,95.96,Refunded
57760,2017.0,1,2023-09-30,Shipped,99.0,121.43,Success
57761,1177.0,3,2026-05-25,Completed,0.0,4898.86,Success
57762,1294.0,14,2024-01-15,Processing,0.0,80.37,Success
57763,1184.0,7,2022-09-12,Completed,0.0,0.0,Success
57764,2047.0,18,2025-10-17,Completed,0.0,0.0,Success
57765,2604.0,1,2025-03-23,Completed,0.0,2431.0,Success
57766,1860.0,6,2023-04-04,Completed,0.0,4867.57,Success
57767,1685.0,1,2022-12-10,Completed,0.0,8019.9,Success
57768,2000.0,1,2025-03-11,Completed,0.0,889.18,Success
57769,2707.0,7,2025-06-13,Shipped,0.0,0.0,Success
57770,1920.0,1,2023-12-02,Cancelled,0.0,6560.44,Cancelled
57771,1367.0,9,2024-01-16,Completed,0.0,0.0,Success
57772,2298.0,13,2023-04-05,Shipped,0.0,1937.19,Success
57773,2944.0,6,2025-06-15,Processing,0.0,0.0,Success
57774,1578.0,7,2024-03-14,Shipped,0.0,0.0,Success
57775,1205.0,6,2024-10-31,Cancelled,0.0,0.0,Cancelled
57776,1593.0,1,2025-04-13,Shipped,0.0,276.43,Success
57777,2830.0,1,2023-02-14,Completed,0.0,6059.35,Success
57778,2713.0,8,2022-11-26,Completed,0.0,163.43,Success
57779,1866.0,2,2025-08-03,Cancelled,0.0,2783.45,Cancelled
57780,2673.0,16,2022-02-15,Completed,0.0,6026.86,Success
57781,1252.0,12,2023-08-02,Completed,0.0,0.0,Success
57782,2713.0,15,2025-01-30,Processing,0.0,257.63,Success
57783,1564.0,20,2023-10-04,Completed,0.0,0.0,Success
57784,1813.0,16,2025-03-25,Shipped,0.0,0.0,Success
57785,2835.0,1,2022-08-07,Completed,0.0,1082.55,Success
57786,1937.0,6,2022-07-23,Completed,0.0,6176.98,Success
57787,2301.0,5,2025-03-10,Shipped,0.0,0.0,Success
57788,1442.0,1,2022-10-21,Returned,0.0,217.93,Refunded
57789,1681.0,1,2024-12-11,Completed,0.0,0.0,Success
57790,2462.0,8,2025-10-05,Completed,0.0,0.0,Success
57791,1579.0,13,2022-11-11,Completed,0.0,567.75,Success
57792,1557.0,13,2022-10-17,Completed,0.0,0.0,Success
57793,1827.0,15,2025-08-23,Completed,0.0,1996.22,Success
57794,2642.0,3,2025-09-21,Processing,0.0,0.0,Success
57795,2240.0,5,2024-01-31,Completed,0.0,110.03,Success
57796,2980.0,13,2024-01-14,Completed,0.0,0.0,Success
57797,2626.0,11,2022-04-10,Completed,0.0,4443.73,Success
57798,2964.0,7,2025-06-30,Processing,0.0,0.0,Success
57799,1187.0,6,2025-12-10,Completed,0.0,0.0,Success
57800,1168.0,2,2022-07-15,Completed,0.0,2349.18,Success
57801,2501.0,1,2025-01-08,Completed,0.0,0.0,Success
57802,1218.0,1,2022-12-28,Completed,0.0,3755.12,Success
57803,1725.0,1,2025-02-21,Completed,0.0,36.18,Success
57804,1133.0,1,2023-02-21,Completed,0.0,978.28,Success
57805,2234.0,7,2026-05-12,Completed,0.0,0.0,Success
57806,1567.0,11,2024-12-13,Completed,0.0,0.0,Success
57807,2825.0,1,2022-01-08,Shipped,0.0,455.78,Success
57808,1167.0,4,2025-09-11,Completed,0.0,0.0,Success
57809,2568.0,1,2024-11-10,Shipped,0.0,2282.53,Success
57810,1310.0,1,2022-11-21,Completed,0.0,2049.04,Success
57811,1946.0,4,2023-05-10,Completed,0.0,515.82,Success
57812,1307.0,7,2024-05-26,Completed,0.0,0.0,Success
57813,1709.0,11,2026-05-02,Completed,0.0,171.36,Success
57814,2566.0,16,2024-11-03,Completed,0.0,2695.5,Success
57815,2394.0,20,2024-03-21,Shipped,0.0,9.11,Success
57816,2682.0,1,2023-07-18,Completed,0.0,499.31,Success
57817,1436.0,1,2025-01-01,Completed,99.0,28.9,Success
57818,1179.0,1,2022-12-18,Completed,0.0,0.0,Success
57819,2420.0,2,2025-05-05,Completed,0.0,326.09,Success
57820,2890.0,1,2024-07-04,Shipped,0.0,361.55,Success
57821,2245.0,6,2025-08-22,Completed,0.0,2015.13,Success
57822,1893.0,4,2024-01-25,Shipped,0.0,0.0,Success
57823,1303.0,11,2023-11-07,Completed,0.0,0.0,Success
57824,2032.0,1,2023-09-18,Completed,0.0,220.22,Success
57825,1842.0,1,2023-07-02,Completed,0.0,0.0,Success
57826,2845.0,6,2024-08-16,Shipped,0.0,0.0,Success
57827,1118.0,3,2024-08-08,Completed,0.0,1407.44,Success
57828,1309.0,1,2025-08-19,Completed,0.0,0.0,Success
57829,1213.0,11,2025-02-02,Shipped,0.0,0.0,Success
57830,2683.0,20,2022-10-04,Completed,0.0,381.66,Success
57831,2629.0,19,2023-12-21,Completed,0.0,85.27,Success
57832,1748.0,18,2022-01-14,Completed,0.0,516.05,Success
57833,2606.0,1,2023-11-17,Completed,0.0,1670.6,Success
57834,1930.0,8,2024-01-23,Completed,0.0,0.0,Success
57835,1734.0,10,2026-01-30,Completed,0.0,0.0,Success
57836,1276.0,1,2026-03-22,Completed,0.0,438.96,Success
57837,1843.0,19,2024-05-18,Completed,0.0,0.0,Success
57838,2979.0,5,2023-05-23,Completed,0.0,0.0,Success
57839,2004.0,12,2024-06-10,Shipped,0.0,0.0,Success
57840,2144.0,10,2023-02-15,Completed,0.0,571.51,Success
57841,2098.0,18,2023-11-02,Shipped,0.0,0.0,Success
57842,2666.0,1,2024-04-23,Completed,0.0,0.0,Success
57843,1411.0,11,2022-10-28,Completed,0.0,394.05,Success
57844,2810.0,1,2026-05-01,Completed,0.0,0.0,Success
57845,1336.0,1,2022-05-13,Completed,0.0,285.42,Success
57846,1338.0,8,2025-09-07,Completed,0.0,1577.21,Success
57847,1223.0,9,2023-11-01,Completed,0.0,0.0,Success
57848,2120.0,19,2025-10-05,Completed,0.0,34.82,Success
57849,1896.0,19,2022-04-27,Completed,0.0,0.0,Success
57850,1725.0,1,2023-04-27,Completed,0.0,938.29,Success
57851,1763.0,15,2024-05-08,Completed,0.0,0.0,Success
57852,1614.0,12,2026-03-12,Completed,0.0,0.0,Success
57853,2328.0,1,2022-01-11,Processing,0.0,44378.98,Success
57854,2094.0,1,2022-10-31,Completed,0.0,0.0,Success
57855,2139.0,4,2022-06-08,Processing,0.0,0.0,Success
57856,1076.0,7,2026-06-19,Completed,0.0,3234.05,Success
57857,2865.0,15,2026-01-20,Returned,0.0,1068.74,Refunded
57858,1150.0,17,2025-01-20,Completed,0.0,204.43,Success
57859,1673.0,20,2025-09-11,Completed,0.0,0.0,Success
57860,1375.0,7,2024-09-30,Completed,0.0,0.0,Success
57861,2805.0,1,2023-02-02,Processing,0.0,334.04,Success
57862,2220.0,10,2024-04-02,Shipped,0.0,3923.46,Success
57863,2103.0,1,2024-05-08,Completed,0.0,533.0,Success
57864,2424.0,6,2024-05-25,Completed,0.0,0.0,Success
57865,1011.0,19,2025-11-08,Completed,0.0,0.0,Success
57866,1512.0,19,2024-07-12,Completed,0.0,1644.99,Success
57867,2523.0,17,2022-08-18,Completed,0.0,609.96,Success
57868,1161.0,1,2022-12-21,Completed,0.0,521.1,Success
57869,2678.0,1,2023-08-24,Completed,0.0,0.0,Success
57870,2728.0,1,2025-06-19,Completed,0.0,0.0,Success
57871,1467.0,1,2025-12-01,Completed,0.0,1557.34,Success
57872,2859.0,5,2022-07-19,Completed,0.0,0.0,Success
57873,2155.0,1,2023-03-05,Completed,0.0,447.43,Success
57874,1594.0,3,2024-07-16,Completed,0.0,120.87,Success
57875,2887.0,7,2023-09-20,Completed,0.0,0.0,Success
57876,2071.0,9,2026-01-05,Completed,0.0,770.73,Success
57877,1384.0,2,2025-06-11,Completed,0.0,0.0,Success
57878,1793.0,14,2024-03-03,Shipped,0.0,223.72,Success
57879,2618.0,7,2024-12-19,Processing,0.0,7969.25,Success
57880,1588.0,16,2024-05-11,Completed,0.0,0.0,Success
57881,2826.0,1,2026-06-16,Completed,0.0,291.77,Success
57882,2857.0,1,2022-01-01,Completed,99.0,0.0,Success
57883,1445.0,16,2025-10-26,Completed,0.0,81.46,Success
57884,2810.0,7,2023-05-03,Completed,0.0,1061.34,Success
57885,2117.0,5,2024-09-26,Returned,0.0,1309.74,Refunded
57886,2455.0,13,2022-01-02,Completed,0.0,0.0,Success
57887,2283.0,1,2022-01-29,Shipped,0.0,4613.34,Success
57888,2463.0,10,2025-11-17,Completed,0.0,1717.49,Success
57889,2973.0,1,2024-07-27,Shipped,0.0,0.0,Success
57890,2684.0,3,2023-11-16,Completed,0.0,825.43,Success
57891,2894.0,12,2022-10-12,Shipped,0.0,0.0,Success
57892,1895.0,1,2024-05-16,Completed,0.0,1199.69,Success
57893,1533.0,8,2025-06-12,Completed,0.0,1044.73,Success
57894,2430.0,12,2022-07-29,Completed,0.0,0.0,Success
57895,1741.0,2,2022-09-20,Completed,0.0,0.0,Success
57896,2557.0,4,2024-10-17,Completed,0.0,11557.19,Success
57897,1516.0,6,2022-07-13,Completed,0.0,3670.64,Success
57898,2925.0,18,2024-05-29,Completed,0.0,376.57,Success
57899,2728.0,5,2025-11-20,Completed,0.0,1107.77,Success
57900,1652.0,1,2024-10-06,Cancelled,0.0,645.04,Cancelled
57901,1173.0,8,2022-04-01,Completed,0.0,4098.21,Success
57902,2846.0,1,2025-05-27,Completed,0.0,4747.44,Success
57903,1974.0,1,2023-02-13,Completed,0.0,0.0,Success
57904,2242.0,20,2022-05-22,Completed,0.0,1929.03,Success
57905,2375.0,11,2024-03-02,Processing,0.0,385.56,Success
57906,1594.0,18,2023-01-05,Shipped,0.0,444.45,Success
57907,1706.0,11,2026-06-16,Completed,0.0,2586.78,Success
57908,2785.0,13,2026-05-18,Completed,0.0,82.03,Success
57909,2817.0,7,2022-08-14,Completed,0.0,0.0,Success
57910,1165.0,6,2022-05-12,Completed,0.0,0.0,Success
57911,2269.0,1,2026-02-11,Returned,0.0,0.0,Refunded
57912,1642.0,20,2025-09-12,Completed,0.0,117.43,Success
57913,2585.0,1,2023-05-31,Completed,0.0,6889.57,Success
57914,1259.0,1,2023-05-26,Completed,0.0,0.0,Success
57915,1633.0,8,2024-06-20,Processing,0.0,0.0,Success
57916,1730.0,17,2024-03-20,Completed,0.0,0.0,Success
57917,1892.0,14,2024-05-04,Completed,0.0,0.0,Success
57918,2863.0,1,2024-03-05,Completed,0.0,0.0,Success
57919,2606.0,16,2024-05-30,Completed,0.0,548.56,Success
57920,2558.0,1,2024-07-16,Completed,0.0,0.0,Success
57921,1064.0,1,2025-07-11,Processing,0.0,0.0,Success
57922,2931.0,3,2022-12-16,Processing,0.0,0.0,Success
57923,1141.0,13,2024-05-25,Completed,0.0,0.0,Success
57924,2622.0,6,2024-10-11,Completed,0.0,1463.45,Success
57925,1588.0,1,2022-09-07,Completed,0.0,259.82,Success
57926,2650.0,7,2026-06-06,Completed,0.0,234.57,Success
57927,2055.0,1,2024-08-23,Completed,0.0,0.0,Success
57928,2592.0,1,2023-08-29,Completed,0.0,358.95,Success
57929,2627.0,15,2024-02-02,Completed,0.0,1781.38,Success
57930,1531.0,1,2025-10-23,Processing,0.0,1759.87,Success
57931,2083.0,6,2026-04-29,Completed,0.0,0.0,Success
57932,1444.0,7,2025-02-01,Completed,0.0,0.0,Success
57933,2927.0,1,2025-11-04,Shipped,0.0,299.92,Success
57934,2016.0,16,2026-04-28,Completed,0.0,233.85,Success
57935,2274.0,1,2025-08-10,Shipped,0.0,545.91,Success
57936,2031.0,7,2024-09-10,Completed,0.0,289.54,Success
57937,2558.0,1,2024-03-19,Completed,0.0,0.0,Success
57938,2940.0,10,2025-03-08,Completed,0.0,727.95,Success
57939,2502.0,14,2024-04-02,Completed,0.0,2788.69,Success
57940,1377.0,15,2023-07-16,Shipped,0.0,4209.04,Success
57941,2710.0,1,2024-02-06,Shipped,0.0,0.0,Success
57942,2368.0,7,2023-12-19,Completed,0.0,290.02,Success
57943,1096.0,1,2023-11-17,Processing,0.0,2962.48,Success
57944,2902.0,20,2022-12-20,Completed,0.0,5836.3,Success
57945,1071.0,10,2023-01-28,Completed,0.0,0.0,Success
57946,2861.0,1,2025-02-14,Completed,0.0,0.0,Success
57947,2549.0,13,2025-11-19,Completed,0.0,2345.74,Success
57948,2904.0,19,2022-05-04,Completed,0.0,106.74,Success
57949,2764.0,15,2023-05-13,Completed,0.0,122.58,Success
57950,1047.0,10,2026-04-12,Completed,0.0,80.58,Success
57951,2107.0,1,2024-09-08,Completed,0.0,0.0,Success
57952,1719.0,9,2022-11-16,Processing,0.0,420.39,Success
57953,1203.0,1,2023-10-18,Completed,99.0,72.37,Success
57954,2571.0,1,2022-01-18,Completed,0.0,567.75,Success
57955,1182.0,7,2022-11-30,Completed,0.0,100.15,Success
57956,2800.0,12,2024-08-23,Cancelled,0.0,166.67,Cancelled
57957,1221.0,1,2025-10-18,Completed,0.0,814.16,Success
57958,1421.0,19,2023-07-01,Completed,0.0,146.49,Success
57959,2094.0,7,2022-07-05,Completed,0.0,2787.48,Success
57960,1793.0,1,2026-02-27,Cancelled,0.0,2914.06,Cancelled
57961,2413.0,1,2022-07-30,Completed,0.0,1824.91,Success
57962,2596.0,16,2025-03-28,Completed,0.0,311.47,Success
57963,1892.0,7,2022-01-23,Completed,0.0,0.0,Success
57964,1878.0,1,2024-06-10,Completed,0.0,105.75,Success
57965,1559.0,1,2023-05-28,Completed,0.0,0.0,Success
57966,1397.0,6,2022-07-09,Completed,0.0,1034.06,Success
57967,1623.0,7,2024-11-23,Completed,0.0,1141.28,Success
57968,2032.0,1,2026-04-25,Completed,0.0,0.0,Success
57969,2841.0,9,2026-05-28,Shipped,0.0,0.0,Success
57970,1021.0,20,2025-06-21,Completed,0.0,69.97,Success
57971,1885.0,2,2025-10-25,Completed,0.0,0.0,Success
57972,2103.0,17,2022-10-09,Completed,0.0,128.52,Success
57973,1999.0,4,2025-01-17,Shipped,0.0,0.0,Success
57974,2508.0,19,2025-08-27,Completed,0.0,1197.06,Success
57975,1549.0,6,2025-06-07,Shipped,0.0,0.0,Success
57976,2910.0,1,2024-09-01,Completed,0.0,0.0,Success
57977,1483.0,16,2023-09-25,Completed,0.0,4884.97,Success
57978,2087.0,10,2024-04-10,Shipped,0.0,119.27,Success
57979,2418.0,12,2026-03-28,Completed,0.0,133.98,Success
57980,1336.0,1,2022-01-01,Completed,0.0,0.0,Success
57981,2262.0,13,2025-07-19,Processing,0.0,0.0,Success
57982,2261.0,13,2023-09-15,Completed,0.0,0.0,Success
57983,1932.0,15,2023-03-06,Completed,0.0,0.0,Success
57984,1835.0,1,2022-10-10,Completed,0.0,856.26,Success
57985,2734.0,1,2022-11-19,Completed,0.0,1457.04,Success
57986,1744.0,9,2024-09-11,Cancelled,0.0,0.0,Cancelled
57987,2508.0,16,2026-02-09,Completed,0.0,2296.8,Success
57988,1947.0,1,2023-09-26,Completed,0.0,1284.03,Success
57989,1528.0,2,2023-09-19,Completed,0.0,2788.69,Success
57990,2018.0,2,2024-01-27,Shipped,0.0,2764.71,Success
57991,1326.0,15,2024-02-28,Processing,0.0,0.0,Success
57992,2858.0,1,2023-02-05,Completed,0.0,0.0,Success
57993,2498.0,6,2022-01-13,Completed,0.0,0.0,Success
57994,2675.0,1,2022-06-29,Completed,0.0,0.0,Success
57995,2951.0,13,2024-12-08,Returned,0.0,0.0,Refunded
57996,1956.0,1,2024-11-08,Completed,0.0,1818.82,Success
57997,1184.0,1,2025-02-20,Completed,0.0,2274.42,Success
57998,1628.0,1,2025-02-13,Completed,0.0,429.84,Success
57999,1431.0,1,2024-06-11,Shipped,0.0,103.89,Success
58000,1236.0,1,2022-07-24,Completed,99.0,0.0,Success
58001,2502.0,1,2022-08-14,Returned,0.0,0.0,Refunded
58002,1807.0,4,2023-11-09,Completed,0.0,0.0,Success
58003,2626.0,1,2023-10-23,Cancelled,0.0,362.54,Cancelled
58004,1418.0,4,2022-11-18,Cancelled,0.0,72.34,Cancelled
58005,2332.0,6,2023-12-03,Completed,0.0,361.09,Success
58006,1418.0,3,2026-02-27,Shipped,0.0,0.0,Success
58007,1199.0,16,2023-10-13,Shipped,0.0,0.0,Success
58008,1457.0,13,2024-11-24,Shipped,0.0,0.0,Success
58009,1678.0,13,2022-04-20,Completed,0.0,0.0,Success
58010,2628.0,7,2026-03-04,Completed,0.0,1217.95,Success
58011,1364.0,18,2024-04-13,Completed,0.0,0.0,Success
58012,2381.0,9,2024-11-19,Completed,0.0,4821.38,Success
58013,2157.0,1,2026-06-19,Completed,0.0,259.82,Success
58014,2237.0,14,2024-09-22,Completed,0.0,216.52,Success
58015,1020.0,16,2022-02-06,Completed,0.0,0.0,Success
58016,1572.0,18,2026-03-05,Shipped,0.0,0.0,Success
58017,1664.0,18,2024-09-30,Completed,0.0,585.75,Success
58018,1739.0,1,2024-07-10,Processing,0.0,422.99,Success
58019,2074.0,12,2025-04-24,Processing,0.0,1664.35,Success
58020,1407.0,1,2026-05-10,Completed,0.0,307.91,Success
58021,1080.0,12,2022-11-30,Returned,0.0,0.0,Refunded
58022,1819.0,7,2023-03-20,Completed,0.0,0.0,Success
58023,2178.0,1,2023-12-17,Completed,0.0,0.0,Success
58024,2977.0,14,2023-11-06,Completed,0.0,0.0,Success
58025,1133.0,7,2022-11-14,Completed,0.0,299.92,Success
58026,1156.0,1,2026-03-15,Shipped,0.0,290.02,Success
58027,1214.0,1,2026-06-19,Completed,0.0,0.0,Success
58028,1761.0,13,2025-08-01,Shipped,0.0,303.85,Success
58029,2486.0,7,2024-12-25,Completed,0.0,0.0,Success
58030,1102.0,12,2035-12-31,Cancelled,0.0,0.0,Cancelled
58031,1791.0,1,2023-12-01,Completed,0.0,0.0,Success
58032,2959.0,15,2023-01-24,Completed,0.0,24580.65,Success
58033,2952.0,7,2022-07-25,Completed,0.0,0.0,Success
58034,2553.0,1,2024-04-12,Completed,0.0,4541.39,Success
58035,2840.0,1,2024-07-22,Completed,0.0,85.68,Success
58036,2986.0,2,2022-06-09,Completed,0.0,0.0,Success
58037,1469.0,1,2025-12-05,Completed,0.0,139.47,Success
58038,1595.0,9,2026-06-16,Completed,0.0,0.0,Success
58039,1274.0,1,2025-05-16,Completed,0.0,871.18,Success
58040,1180.0,15,2022-11-28,Completed,0.0,0.0,Success
58041,1964.0,1,2023-02-27,Completed,0.0,8028.44,Success
58042,1449.0,18,2025-03-07,Completed,0.0,334.54,Success
58043,2923.0,1,2025-06-01,Completed,0.0,0.0,Success
58044,1786.0,1,2024-10-27,Processing,99.0,0.0,Success
58045,1829.0,10,2024-09-05,Completed,0.0,0.0,Success
58046,2937.0,3,2024-07-08,Completed,0.0,0.0,Success
58047,2065.0,15,2025-12-14,Completed,0.0,211.87,Success
58048,2404.0,16,2022-10-11,Shipped,0.0,0.0,Success
58049,1797.0,19,2022-10-11,Completed,0.0,0.0,Success
58050,1706.0,1,2023-07-15,Completed,0.0,3172.34,Success
58051,1714.0,1,2024-09-26,Completed,0.0,0.0,Success
58052,2107.0,16,2023-04-30,Completed,0.0,1755.85,Success
58053,2964.0,11,2025-08-03,Completed,0.0,0.0,Success
58054,2133.0,1,2022-07-01,Cancelled,0.0,36.43,Cancelled
58055,2640.0,1,2023-07-21,Completed,0.0,21251.34,Success
58056,1311.0,5,2026-03-11,Shipped,0.0,461.86,Success
58057,1504.0,3,2023-12-07,Completed,0.0,2719.89,Success
58058,2588.0,3,2024-01-23,Completed,0.0,0.0,Success
58059,2675.0,1,2024-04-29,Shipped,0.0,0.0,Success
58060,2309.0,1,2023-08-12,Completed,0.0,1069.34,Success
58061,1032.0,15,2023-11-26,Returned,0.0,6683.25,Refunded
58062,1341.0,11,2022-04-08,Completed,0.0,0.0,Success
58063,2477.0,3,2024-08-25,Completed,0.0,0.0,Success
58064,2741.0,6,2022-12-28,Completed,0.0,105.94,Success
58065,1450.0,9,2026-03-29,Shipped,0.0,5425.13,Success
58066,1879.0,6,2023-08-21,Completed,0.0,404.48,Success
58067,1383.0,1,2023-07-07,Completed,0.0,6247.39,Success
58068,1948.0,10,2022-10-27,Completed,0.0,0.0,Success
58069,1363.0,9,2023-07-20,Completed,0.0,0.0,Success
58070,1084.0,18,2022-02-09,Completed,0.0,0.0,Success
58071,1881.0,6,2022-11-20,Shipped,0.0,0.0,Success
58072,2324.0,14,2023-12-25,Completed,0.0,0.0,Success
58073,2793.0,15,2024-01-30,Completed,0.0,0.0,Success
58074,1746.0,8,2026-03-31,Shipped,0.0,0.0,Success
58075,1827.0,4,2022-12-15,Completed,0.0,15148.71,Success
58076,2036.0,13,2024-03-01,Completed,0.0,18.22,Success
58077,2173.0,6,2025-11-09,Completed,0.0,11017.97,Success
58078,2771.0,16,2025-01-09,Returned,0.0,0.0,Refunded
58079,1990.0,1,2022-11-24,Processing,99.0,104.9,Success
58080,2679.0,20,2022-01-25,Processing,0.0,0.0,Success
58081,2981.0,1,2022-08-26,Completed,0.0,432.05,Success
58082,1479.0,1,2024-04-20,Completed,0.0,0.0,Success
58083,2821.0,16,2023-11-14,Completed,0.0,111.12,Success
58084,2407.0,18,2022-09-18,Completed,0.0,482.08,Success
58085,2710.0,19,2024-12-14,Completed,0.0,0.0,Success
58086,2821.0,20,2023-09-20,Completed,0.0,0.0,Success
58087,1673.0,1,2023-08-03,Completed,99.0,32.23,Success
58088,1699.0,4,2024-11-13,Completed,0.0,0.0,Success
58089,1807.0,1,2023-02-24,Completed,0.0,0.0,Success
58090,1297.0,7,2022-07-03,Completed,0.0,0.0,Success
58091,2050.0,9,2024-01-23,Cancelled,0.0,5725.29,Cancelled
58092,1395.0,1,2025-02-09,Completed,0.0,0.0,Success
58093,2649.0,7,2022-07-09,Completed,0.0,0.0,Success
58094,1124.0,18,2022-05-29,Processing,0.0,170.64,Success
58095,1455.0,3,2024-05-31,Completed,0.0,3060.26,Success
58096,2815.0,14,2022-08-06,Returned,0.0,0.0,Refunded
58097,1175.0,17,2025-03-01,Completed,0.0,0.0,Success
58098,2417.0,7,2022-08-24,Completed,0.0,0.0,Success
58099,,6,2024-03-17,Returned,0.0,0.0,Refunded
58100,1645.0,20,2023-12-12,Shipped,0.0,0.0,Success
58101,2381.0,18,2023-05-28,Completed,0.0,0.0,Success
58102,1209.0,12,2024-10-19,Completed,0.0,0.0,Success
58103,2232.0,1,2025-12-06,Completed,0.0,162.92,Success
58104,1624.0,7,2023-05-03,Completed,0.0,0.0,Success
58105,1870.0,1,2024-04-16,Processing,0.0,0.0,Success
58106,1752.0,1,2024-06-14,Shipped,0.0,298.65,Success
58107,1282.0,5,2025-07-20,Completed,0.0,134.96,Success
58108,1338.0,11,2025-01-05,Completed,0.0,542.61,Success
58109,1241.0,13,2022-02-12,Completed,0.0,439.49,Success
58110,1860.0,1,2024-10-30,Returned,0.0,1928.37,Refunded
58111,1910.0,14,2025-07-02,Shipped,0.0,139.83,Success
58112,2506.0,1,2023-07-31,Completed,0.0,8947.94,Success
58113,2769.0,1,2024-02-20,Completed,0.0,12487.11,Success
58114,1453.0,6,2026-05-09,Completed,0.0,341.48,Success
58115,2982.0,19,2022-06-07,Completed,0.0,107.65,Success
58116,2347.0,2,2025-11-05,Completed,0.0,16056.88,Success
58117,2574.0,9,2022-05-17,Returned,0.0,5017.83,Refunded
58118,1891.0,1,2025-01-01,Completed,0.0,418.41,Success
58119,2206.0,5,2026-04-13,Returned,0.0,164.11,Refunded
58120,1703.0,17,2025-06-14,Shipped,0.0,24310.04,Success
58121,1449.0,6,2024-07-10,Returned,0.0,0.0,Refunded
58122,1117.0,3,2022-10-02,Completed,0.0,0.0,Success
58123,2167.0,20,2022-09-07,Completed,0.0,7001.96,Success
58124,1733.0,1,2025-05-16,Cancelled,0.0,1419.27,Cancelled
58125,2142.0,18,2025-10-07,Completed,0.0,0.0,Success
58126,1331.0,14,2026-03-07,Processing,0.0,0.0,Success
58127,1943.0,6,2023-01-04,Shipped,0.0,0.0,Success
58128,2722.0,1,2023-12-02,Processing,0.0,868.19,Success
58129,1244.0,10,2023-02-09,Shipped,0.0,1222.39,Success
58130,2823.0,13,2025-03-14,Completed,0.0,0.0,Success
58131,1327.0,17,2025-01-14,Processing,0.0,66.99,Success
58132,2209.0,2,2025-07-09,Completed,0.0,0.0,Success
58133,2118.0,15,2026-06-16,Shipped,0.0,0.0,Success
58134,1172.0,3,2026-04-13,Cancelled,0.0,58.01,Cancelled
58135,2506.0,1,2026-06-24,Cancelled,0.0,0.0,Cancelled
58136,2362.0,1,2022-08-10,Cancelled,0.0,0.0,Cancelled
58137,1396.0,1,2026-02-09,Cancelled,0.0,287.08,Cancelled
58138,1168.0,1,2023-11-25,Shipped,0.0,0.0,Success
58139,2123.0,16,2022-10-19,Completed,0.0,0.0,Success
58140,2561.0,1,2024-08-18,Completed,99.0,0.0,Success
58141,2492.0,5,2023-01-24,Completed,0.0,930.9,Success
58142,1886.0,2,2024-04-11,Completed,0.0,36.18,Success
58143,2512.0,1,2024-10-14,Shipped,0.0,5616.43,Success
58144,2523.0,3,2025-12-16,Completed,0.0,0.0,Success
58145,2471.0,1,2024-01-04,Completed,99.0,144.74,Success
58146,1138.0,17,2022-10-02,Completed,0.0,923.72,Success
58147,1942.0,1,2024-11-18,Processing,0.0,109.64,Success
58148,1588.0,10,2024-12-02,Returned,0.0,0.0,Refunded
58149,1629.0,5,2023-02-04,Completed,0.0,0.0,Success
58150,1113.0,14,2022-06-27,Completed,0.0,0.0,Success
58151,2951.0,18,2026-05-07,Completed,0.0,11089.49,Success
58152,2648.0,2,2023-12-07,Completed,0.0,0.0,Success
58153,2108.0,13,2024-01-13,Shipped,0.0,0.0,Success
58154,1830.0,19,2023-11-29,Returned,0.0,0.0,Refunded
58155,,1,2025-11-27,Completed,99.0,0.0,Success
58156,1017.0,1,2024-02-22,Shipped,0.0,2983.05,Success
58157,1897.0,9,2025-08-29,Shipped,0.0,0.0,Success
58158,1692.0,15,2022-06-12,Completed,0.0,3688.98,Success
58159,2031.0,2,2023-06-25,Shipped,0.0,3809.88,Success
58160,2038.0,1,2025-01-09,Completed,0.0,0.0,Success
58161,,13,2026-03-31,Completed,0.0,82.03,Success
58162,2655.0,9,2023-12-03,Shipped,0.0,0.0,Success
58163,1690.0,15,2023-10-27,Completed,0.0,361.09,Success
58164,1505.0,16,2023-09-25,Completed,0.0,888.94,Success
58165,2303.0,1,2025-03-15,Completed,0.0,536.55,Success
58166,2973.0,1,2025-09-03,Shipped,0.0,2619.15,Success
58167,1155.0,13,2023-05-06,Shipped,0.0,336.31,Success
58168,1663.0,1,2026-04-25,Completed,0.0,0.0,Success
58169,1655.0,1,2025-05-18,Shipped,0.0,0.0,Success
58170,1076.0,1,2026-04-28,Completed,0.0,1069.66,Success
58171,2764.0,16,2023-07-27,Completed,0.0,8740.67,Success
58172,2769.0,1,2025-08-15,Returned,99.0,0.0,Refunded
58173,2912.0,14,2024-03-26,Completed,0.0,0.0,Success
58174,1535.0,9,2026-05-28,Processing,0.0,606.72,Success
58175,2675.0,4,2022-11-12,Completed,0.0,0.0,Success
58176,1205.0,11,2022-06-28,Completed,0.0,1851.32,Success
58177,1891.0,1,2024-12-09,Cancelled,0.0,0.0,Cancelled
58178,1311.0,1,2022-07-02,Processing,0.0,0.0,Success
58179,1463.0,14,2022-11-27,Completed,0.0,0.0,Success
58180,2478.0,1,2022-09-21,Shipped,0.0,0.0,Success
58181,1350.0,3,2022-07-23,Completed,0.0,0.0,Success
58182,2837.0,2,2022-09-04,Cancelled,0.0,0.0,Cancelled
58183,2676.0,8,2024-03-27,Completed,0.0,209.79,Success
58184,2658.0,14,2022-03-06,Processing,0.0,682.96,Success
58185,2827.0,14,2026-06-01,Completed,0.0,164.74,Success
58186,1454.0,1,2024-06-10,Completed,99.0,0.0,Success
58187,1317.0,6,2022-04-29,Completed,0.0,103.41,Success
58188,1566.0,13,2025-10-05,Shipped,0.0,926.29,Success
58189,2344.0,8,2022-09-13,Completed,0.0,96.46,Success
58190,1832.0,1,2024-11-13,Completed,0.0,253.28,Success
58191,2706.0,2,2026-05-27,Completed,0.0,4146.74,Success
58192,2302.0,17,2024-02-02,Cancelled,0.0,57.84,Cancelled
58193,1667.0,6,2022-09-09,Completed,0.0,0.0,Success
58194,1154.0,12,2022-10-10,Shipped,0.0,0.0,Success
58195,2647.0,14,2023-01-25,Cancelled,0.0,0.0,Cancelled
58196,1886.0,16,2024-09-03,Completed,0.0,267.66,Success
58197,2976.0,16,2022-12-26,Completed,0.0,0.0,Success
58198,2087.0,11,2022-01-23,Cancelled,0.0,90.88,Cancelled
58199,1301.0,1,2025-04-09,Cancelled,0.0,0.0,Cancelled
58200,2024.0,1,2026-03-09,Completed,0.0,0.0,Success
58201,1200.0,2,2025-11-24,Processing,0.0,2419.19,Success
58202,1864.0,5,2025-03-10,Completed,0.0,0.0,Success
58203,2857.0,1,2023-08-25,Completed,0.0,157.83,Success
58204,2548.0,8,2024-10-12,Returned,0.0,1309.74,Refunded
58205,1384.0,1,2023-11-15,Completed,0.0,0.0,Success
58206,1373.0,5,2023-01-17,Completed,0.0,3123.7,Success
58207,1231.0,1,2025-02-09,Completed,0.0,0.0,Success
58208,2199.0,19,2023-09-04,Cancelled,0.0,2320.66,Cancelled
58209,2307.0,1,2025-06-27,Processing,0.0,3134.18,Success
58210,2656.0,14,2024-06-25,Processing,0.0,1690.07,Success
58211,2936.0,15,2023-09-25,Completed,0.0,17337.5,Success
58212,2325.0,15,2025-10-19,Completed,0.0,39.11,Success
58213,1398.0,1,2026-05-16,Completed,0.0,0.0,Success
58214,2469.0,1,2025-10-20,Shipped,99.0,214.58,Success
58215,2107.0,2,2022-04-05,Completed,0.0,115.83,Success
58216,2460.0,1,2023-01-09,Completed,0.0,0.0,Success
58217,2953.0,10,2024-03-04,Completed,0.0,668.08,Success
58218,2881.0,11,2022-11-28,Completed,0.0,400.42,Success
58219,2320.0,1,2022-12-24,Shipped,0.0,673.51,Success
58220,2027.0,18,2024-11-06,Completed,0.0,1261.17,Success
58221,1183.0,5,2024-03-18,Processing,0.0,0.0,Success
58222,2569.0,1,2024-08-26,Shipped,99.0,0.0,Success
58223,2195.0,1,2026-06-06,Completed,0.0,109.64,Success
58224,1880.0,1,2024-12-21,Completed,0.0,935.45,Success
58225,1162.0,1,2024-12-17,Completed,99.0,0.0,Success
58226,1921.0,20,2023-07-28,Processing,0.0,499.31,Success
58227,1436.0,2,2022-11-03,Completed,0.0,0.0,Success
58228,1701.0,4,2022-03-30,Shipped,0.0,0.0,Success
58229,2368.0,17,2024-09-23,Completed,0.0,132.97,Success
58230,1104.0,3,2026-04-28,Processing,0.0,365.86,Success
58231,2772.0,1,2022-06-04,Completed,0.0,0.0,Success
58232,1853.0,1,2025-04-06,Completed,0.0,1448.51,Success
58233,1420.0,1,2026-05-09,Shipped,0.0,182.23,Success
58234,2358.0,3,2024-02-06,Completed,0.0,1681.57,Success
58235,1621.0,16,2022-01-03,Processing,0.0,9519.38,Success
58236,1247.0,8,2025-11-09,Completed,0.0,2262.61,Success
58237,1887.0,1,2024-05-17,Shipped,0.0,0.0,Success
58238,1968.0,6,2026-02-18,Completed,0.0,0.0,Success
58239,1814.0,5,2024-09-04,Completed,0.0,1353.23,Success
58240,1909.0,3,2023-01-21,Shipped,0.0,0.0,Success
58241,1949.0,1,2023-08-29,Shipped,0.0,73.12,Success
58242,1566.0,3,2024-12-28,Completed,0.0,2719.89,Success
58243,2930.0,1,2022-06-21,Completed,0.0,757.04,Success
58244,1012.0,8,2025-10-27,Completed,0.0,273.13,Success
58245,2143.0,8,2025-02-08,Completed,0.0,1544.64,Success
58246,1826.0,16,2025-01-15,Processing,0.0,565.05,Success
58247,2502.0,16,2023-07-23,Processing,0.0,0.0,Success
58248,2738.0,2,2024-07-02,Completed,0.0,0.0,Success
58249,2764.0,7,2024-06-16,Completed,0.0,0.0,Success
58250,1396.0,1,2022-01-04,Completed,0.0,1435.62,Success
58251,2827.0,14,2023-12-19,Completed,0.0,0.0,Success
58252,1457.0,14,2024-10-20,Shipped,0.0,1586.56,Success
58253,2143.0,7,2024-06-01,Completed,0.0,3488.12,Success
58254,2058.0,2,2024-01-06,Processing,0.0,403.2,Success
58255,1871.0,5,2022-05-23,Completed,0.0,521.81,Success
58256,2728.0,4,2024-02-16,Completed,0.0,383.2,Success
58257,2800.0,3,2024-05-02,Completed,0.0,127.18,Success
58258,2346.0,18,2023-09-21,Processing,0.0,0.0,Success
58259,1313.0,3,2024-10-10,Completed,0.0,514.64,Success
58260,2732.0,17,2024-01-19,Completed,0.0,0.0,Success
58261,1098.0,9,2023-03-01,Completed,0.0,1453.09,Success
58262,1687.0,1,2026-06-05,Completed,0.0,1415.52,Success
58263,1575.0,14,2026-01-27,Completed,0.0,4525.77,Success
58264,2672.0,15,2025-10-24,Completed,0.0,126.65,Success
58265,1328.0,1,2025-08-11,Returned,0.0,1450.27,Refunded
58266,2232.0,19,2024-05-11,Completed,0.0,1416.34,Success
58267,1130.0,2,2022-04-26,Shipped,0.0,196.61,Success
58268,1442.0,1,2026-04-27,Processing,0.0,12615.81,Success
58269,2424.0,2,2024-01-30,Completed,0.0,0.0,Success
58270,2880.0,1,2023-12-17,Completed,0.0,537.14,Success
58271,1015.0,1,2026-06-01,Completed,0.0,341.48,Success
58272,1254.0,17,2022-12-28,Completed,0.0,0.0,Success
58273,1174.0,1,2022-09-19,Completed,99.0,0.0,Success
58274,2471.0,1,2022-02-10,Completed,0.0,455.33,Success
58275,1879.0,5,2024-05-09,Completed,0.0,0.0,Success
58276,2058.0,7,2025-11-12,Shipped,0.0,0.0,Success
58277,1945.0,15,2024-01-15,Completed,0.0,212.44,Success
58278,2815.0,5,2025-04-29,Completed,0.0,17653.01,Success
58279,1969.0,18,2024-09-20,Completed,0.0,0.0,Success
58280,1793.0,13,2022-02-27,Completed,0.0,870.49,Success
58281,2808.0,1,2023-04-29,Completed,0.0,211.87,Success
58282,2729.0,12,2023-07-15,Completed,0.0,329.51,Success
58283,,1,2026-01-11,Completed,0.0,455.33,Success
58284,1693.0,18,2022-12-06,Completed,0.0,129.8,Success
58285,1040.0,16,2025-11-19,Completed,0.0,6048.27,Success
58286,1255.0,18,2024-02-24,Completed,0.0,7287.24,Success
58287,1719.0,6,2022-03-19,Processing,0.0,8248.91,Success
58288,1947.0,1,2022-04-10,Completed,0.0,2987.55,Success
58289,2061.0,17,2025-09-06,Shipped,0.0,0.0,Success
58290,1022.0,1,2023-03-14,Completed,99.0,52.91,Success
58291,2289.0,8,2023-04-13,Completed,0.0,0.0,Success
58292,1158.0,3,2022-10-06,Completed,0.0,0.0,Success
58293,2640.0,9,2023-04-03,Processing,0.0,599.85,Success
58294,2868.0,2,2022-07-27,Completed,0.0,0.0,Success
58295,1917.0,1,2024-03-14,Completed,99.0,0.0,Success
58296,2068.0,10,2022-04-30,Completed,0.0,0.0,Success
58297,1493.0,15,2024-08-03,Shipped,0.0,96.68,Success
58298,1843.0,12,2022-11-10,Shipped,0.0,0.0,Success
58299,2441.0,5,2024-01-02,Returned,0.0,1465.16,Refunded
58300,1171.0,3,2025-01-11,Completed,0.0,0.0,Success
58301,2737.0,1,2026-05-06,Completed,0.0,0.0,Success
58302,2589.0,1,2024-01-24,Completed,0.0,4345.25,Success
58303,1569.0,10,2025-08-13,Completed,0.0,870.42,Success
58304,1465.0,13,2025-06-21,Completed,0.0,242.93,Success
58305,2345.0,1,2023-10-18,Processing,0.0,329.45,Success
58306,1932.0,20,2026-04-13,Completed,0.0,24482.07,Success
58307,2232.0,1,2022-10-19,Shipped,0.0,11615.12,Success
58308,1791.0,9,2024-01-24,Completed,0.0,0.0,Success
58309,2616.0,3,2023-09-25,Cancelled,0.0,60.72,Cancelled
58310,1854.0,1,2024-03-21,Completed,0.0,1352.62,Success
58311,1771.0,4,2024-01-16,Completed,0.0,0.0,Success
58312,2107.0,17,2022-07-02,Completed,0.0,102.39,Success
58313,2117.0,1,2026-01-12,Completed,0.0,211.7,Success
58314,1260.0,1,2022-10-02,Completed,0.0,0.0,Success
58315,2135.0,3,2024-11-26,Cancelled,0.0,1030.65,Cancelled
58316,2106.0,1,2024-05-09,Completed,0.0,0.0,Success
58317,1157.0,15,2022-12-15,Completed,0.0,4009.95,Success
58318,2962.0,2,2024-09-21,Completed,0.0,0.0,Success
58319,1154.0,4,2023-02-24,Processing,0.0,387.63,Success
58320,2318.0,17,2026-01-01,Returned,0.0,0.0,Refunded
58321,1302.0,6,2023-01-02,Completed,0.0,47.34,Success
58322,2885.0,1,2023-09-05,Completed,0.0,285.42,Success
58323,1462.0,19,2025-05-23,Cancelled,0.0,3134.18,Cancelled
58324,2863.0,13,2024-11-02,Completed,0.0,20922.81,Success
58325,2091.0,9,2024-04-28,Processing,0.0,0.0,Success
58326,1347.0,2,2023-11-05,Completed,0.0,0.0,Success
58327,2577.0,5,2023-05-27,Completed,0.0,8084.31,Success
58328,2600.0,1,2025-07-02,Completed,0.0,5544.75,Success
58329,1708.0,6,2025-07-17,Completed,0.0,0.0,Success
58330,1334.0,13,2024-07-29,Completed,0.0,0.0,Success
58331,1499.0,2,2025-07-17,Completed,0.0,0.0,Success
58332,1436.0,1,2026-02-25,Completed,0.0,0.0,Success
58333,2572.0,15,2025-12-06,Shipped,0.0,3048.76,Success
58334,2846.0,16,2024-06-10,Completed,0.0,0.0,Success
58335,1542.0,1,2022-10-16,Shipped,0.0,0.0,Success
58336,1182.0,5,2022-01-22,Shipped,0.0,0.0,Success
58337,2860.0,1,2024-01-15,Completed,0.0,0.0,Success
58338,1360.0,13,2024-04-11,Processing,0.0,0.0,Success
58339,2917.0,1,2022-05-01,Completed,0.0,629.38,Success
58340,1718.0,11,2025-08-29,Completed,0.0,147.45,Success
58341,1219.0,8,2024-10-12,Completed,0.0,550.75,Success
58342,1469.0,1,2026-03-15,Completed,0.0,0.0,Success
58343,2493.0,8,2025-07-23,Completed,0.0,269.91,Success
58344,2474.0,1,2024-12-27,Cancelled,0.0,0.0,Cancelled
58345,2739.0,14,2023-02-27,Completed,0.0,0.0,Success
58346,1980.0,1,2025-02-20,Shipped,0.0,1618.66,Success
58347,2696.0,12,2026-01-27,Completed,0.0,0.0,Success
58348,2088.0,7,2025-01-02,Completed,0.0,401.54,Success
58349,1803.0,11,2024-09-25,Processing,0.0,440.85,Success
58350,1032.0,13,2026-02-09,Completed,0.0,1366.06,Success
58351,2970.0,2,2023-08-05,Completed,0.0,4688.3,Success
58352,1938.0,1,2022-08-04,Completed,99.0,35.68,Success
58353,1978.0,1,2022-07-25,Completed,0.0,0.0,Success
58354,1433.0,1,2024-06-11,Completed,0.0,0.0,Success
58355,2177.0,5,2024-05-14,Completed,0.0,383.8,Success
58356,1177.0,8,2023-08-12,Completed,0.0,435.24,Success
58357,2084.0,20,2025-01-13,Completed,0.0,195.67,Success
58358,1844.0,14,2022-07-04,Completed,0.0,0.0,Success
58359,2174.0,1,2025-06-07,Returned,0.0,160.31,Refunded
58360,2736.0,13,2022-04-03,Completed,0.0,0.0,Success
58361,2082.0,1,2025-05-01,Returned,0.0,944.1,Refunded
58362,2599.0,8,2025-11-22,Completed,0.0,0.0,Success
58363,1499.0,1,2022-06-14,Completed,0.0,652.36,Success
58364,1491.0,1,2024-10-25,Completed,0.0,0.0,Success
58365,2167.0,5,2022-08-18,Completed,0.0,0.0,Success
58366,2146.0,16,2022-11-13,Completed,0.0,0.0,Success
58367,2015.0,10,2025-07-02,Completed,0.0,1543.16,Success
58368,1050.0,1,2024-04-18,Completed,0.0,1282.01,Success
58369,2866.0,1,2024-11-05,Completed,0.0,0.0,Success
58370,1779.0,1,2024-10-20,Completed,0.0,85.27,Success
58371,1538.0,10,2022-09-04,Completed,0.0,0.0,Success
58372,1247.0,1,2022-11-21,Completed,0.0,0.0,Success
58373,1814.0,1,2025-05-20,Completed,99.0,0.0,Success
58374,1891.0,20,2026-05-02,Completed,0.0,1592.01,Success
58375,1311.0,15,2022-05-27,Completed,0.0,15267.07,Success
58376,1454.0,12,2024-08-25,Completed,0.0,163.42,Success
58377,1053.0,1,2023-11-23,Cancelled,0.0,202.24,Cancelled
58378,2599.0,12,2023-12-29,Completed,0.0,3846.02,Success
58379,2308.0,16,2026-02-26,Processing,0.0,75.57,Success
58380,2315.0,18,2025-12-18,Completed,0.0,1337.74,Success
58381,1474.0,10,2025-03-26,Completed,0.0,0.0,Success
58382,2604.0,1,2025-10-13,Completed,0.0,593.14,Success
58383,1957.0,19,2023-08-08,Completed,0.0,569.96,Success
58384,1831.0,1,2025-01-01,Completed,0.0,9.11,Success
58385,2552.0,20,2022-12-02,Completed,0.0,0.0,Success
58386,2871.0,2,2024-05-30,Completed,0.0,0.0,Success
58387,2901.0,20,2024-12-27,Shipped,0.0,4064.1,Success
58388,1639.0,17,2023-03-23,Completed,0.0,3152.37,Success
58389,1235.0,1,2025-12-21,Completed,0.0,0.0,Success
58390,2675.0,16,2025-07-27,Completed,0.0,0.0,Success
58391,1571.0,15,2022-06-13,Completed,0.0,0.0,Success
58392,2339.0,18,2024-08-20,Processing,0.0,5418.19,Success
58393,2484.0,11,2022-09-07,Completed,0.0,3.33,Success
58394,2058.0,19,2023-05-07,Completed,0.0,0.0,Success
58395,1839.0,15,2024-07-11,Completed,0.0,0.0,Success
58396,1990.0,18,2022-09-29,Completed,0.0,106.68,Success
58397,1265.0,5,2025-12-20,Completed,0.0,153.58,Success
58398,2215.0,18,2025-11-28,Processing,0.0,1999.35,Success
58399,1945.0,14,2025-05-04,Cancelled,0.0,81.72,Cancelled
58400,2779.0,1,2022-01-31,Completed,0.0,2673.3,Success
58401,1234.0,15,2022-07-16,Shipped,0.0,0.0,Success
58402,2623.0,15,2023-05-08,Completed,0.0,831.79,Success
58403,1958.0,1,2023-03-05,Shipped,0.0,341.08,Success
58404,2299.0,14,2025-05-19,Processing,0.0,1918.42,Success
58405,2541.0,18,2025-06-17,Completed,0.0,0.0,Success
58406,2443.0,7,2024-11-30,Completed,0.0,0.0,Success
58407,2091.0,6,2023-03-22,Completed,0.0,438.96,Success
58408,2274.0,20,2026-02-19,Completed,0.0,0.0,Success
58409,2997.0,1,2025-05-14,Processing,0.0,107.17,Success
58410,2379.0,15,2024-06-12,Returned,0.0,0.0,Refunded
58411,2762.0,1,2024-06-25,Returned,0.0,2897.22,Refunded
58412,2604.0,10,2023-05-22,Completed,0.0,4862.01,Success
58413,1500.0,2,2022-06-23,Completed,0.0,0.0,Success
58414,2762.0,1,2024-10-29,Completed,0.0,3558.85,Success
58415,2911.0,1,2025-05-03,Completed,0.0,0.0,Success
58416,1895.0,1,2025-11-17,Shipped,0.0,0.0,Success
58417,2874.0,9,2025-10-20,Completed,0.0,1290.98,Success
58418,2505.0,13,2025-04-12,Cancelled,0.0,1199.41,Cancelled
58419,2375.0,1,2022-10-13,Completed,99.0,0.0,Success
58420,2875.0,11,2025-04-26,Completed,0.0,0.0,Success
58421,2080.0,1,2024-08-17,Processing,0.0,0.0,Success
58422,1093.0,8,2022-09-27,Completed,0.0,0.0,Success
58423,1739.0,2,2026-04-13,Cancelled,0.0,2798.71,Cancelled
58424,2465.0,1,2026-05-28,Completed,0.0,455.78,Success
58425,1989.0,14,2025-09-15,Cancelled,0.0,2034.47,Cancelled
58426,1716.0,1,2022-10-18,Completed,0.0,0.0,Success
58427,2945.0,1,2025-07-02,Completed,0.0,5997.06,Success
58428,2452.0,3,2024-12-10,Shipped,0.0,0.0,Success
58429,1402.0,15,2025-06-24,Returned,0.0,0.0,Refunded
58430,1382.0,1,2025-03-14,Completed,0.0,559.31,Success
58431,1091.0,1,2024-04-11,Completed,0.0,1080.1,Success
58432,1061.0,18,2024-05-05,Completed,0.0,103.17,Success
58433,1606.0,20,2024-08-26,Cancelled,0.0,190.83,Cancelled
58434,2907.0,1,2025-01-02,Shipped,0.0,0.0,Success
58435,2898.0,12,2024-04-13,Shipped,0.0,0.0,Success
58436,1473.0,12,2022-08-10,Completed,0.0,0.0,Success
58437,2406.0,1,2023-12-21,Completed,0.0,0.0,Success
58438,1622.0,6,2025-07-23,Completed,0.0,0.0,Success
58439,2667.0,14,2023-11-14,Shipped,0.0,2292.11,Success
58440,2287.0,3,2024-02-06,Completed,0.0,0.0,Success
58441,1168.0,1,2025-06-18,Completed,0.0,0.0,Success
58442,2822.0,6,2024-11-23,Shipped,0.0,0.0,Success
58443,1861.0,20,2023-12-30,Completed,0.0,121.31,Success
58444,2152.0,7,2022-11-11,Completed,0.0,0.0,Success
58445,1833.0,5,2024-04-04,Shipped,0.0,213.48,Success
58446,1597.0,7,2022-07-13,Completed,0.0,0.0,Success
58447,1993.0,1,2023-12-17,Processing,0.0,1514.84,Success
58448,1164.0,16,2023-04-09,Completed,0.0,343.42,Success
58449,1611.0,14,2022-12-07,Completed,0.0,10002.3,Success
58450,2119.0,2,2023-02-08,Completed,0.0,7434.21,Success
58451,1678.0,2,2022-08-31,Processing,0.0,13564.02,Success
58452,2738.0,9,2023-02-22,Completed,0.0,338.31,Success
58453,2080.0,1,2024-09-16,Shipped,0.0,0.0,Success
58454,2962.0,1,2026-06-04,Completed,0.0,932.58,Success
58455,2296.0,18,2023-09-18,Completed,0.0,0.0,Success
58456,1403.0,1,2023-07-05,Completed,0.0,171.71,Success
58457,1993.0,14,2024-01-19,Completed,0.0,6793.88,Success
58458,1303.0,14,2023-01-03,Completed,0.0,113.62,Success
58459,2871.0,1,2025-03-19,Processing,0.0,1365.99,Success
58460,1726.0,1,2022-05-31,Shipped,0.0,0.0,Success
58461,2692.0,1,2025-02-14,Shipped,0.0,0.0,Success
58462,2558.0,5,2022-01-11,Returned,0.0,0.0,Refunded
58463,1749.0,16,2022-04-18,Processing,0.0,0.0,Success
58464,1933.0,5,2026-03-19,Shipped,0.0,0.0,Success
58465,1436.0,7,2023-05-13,Completed,0.0,599.85,Success
58466,1844.0,1,2023-08-09,Returned,0.0,0.0,Refunded
58467,1822.0,1,2026-01-23,Completed,0.0,0.0,Success
58468,2747.0,10,2023-01-26,Completed,0.0,276.41,Success
58469,2343.0,19,2026-05-04,Cancelled,0.0,72.03,Cancelled
58470,2678.0,17,2026-03-26,Completed,0.0,12.65,Success
58471,1254.0,1,2024-07-29,Processing,99.0,0.0,Success
58472,2017.0,10,2022-06-26,Completed,0.0,0.0,Success
58473,2575.0,3,2026-04-16,Cancelled,0.0,5128.03,Cancelled
58474,1340.0,1,2023-09-26,Completed,0.0,0.0,Success
58475,1583.0,18,2022-08-14,Completed,0.0,0.0,Success
58476,1277.0,1,2023-04-01,Completed,0.0,0.0,Success
58477,2693.0,1,2022-05-14,Completed,0.0,830.83,Success
58478,2474.0,1,2025-03-19,Completed,0.0,0.0,Success
58479,2464.0,1,2025-04-15,Completed,0.0,7814.1,Success
58480,2143.0,19,2022-08-23,Shipped,0.0,0.0,Success
58481,2357.0,16,2025-08-08,Completed,0.0,423.68,Success
58482,2385.0,1,2023-02-17,Completed,0.0,0.0,Success
58483,2282.0,1,2024-03-13,Shipped,99.0,114.48,Success
58484,1976.0,1,2024-06-10,Completed,99.0,0.0,Success
58485,2956.0,1,2023-12-04,Completed,0.0,0.0,Success
58486,2330.0,1,2024-09-20,Completed,0.0,383.83,Success
58487,2955.0,12,2023-06-23,Completed,0.0,0.0,Success
58488,2978.0,14,2025-06-01,Completed,0.0,0.0,Success
58489,1966.0,5,2025-07-31,Completed,0.0,54.93,Success
58490,2217.0,1,2024-08-31,Completed,0.0,0.0,Success
58491,1119.0,2,2024-03-03,Shipped,0.0,607.46,Success
58492,2915.0,16,2025-01-15,Completed,0.0,9912.28,Success
58493,1101.0,6,2024-03-20,Shipped,0.0,543.81,Success
58494,2429.0,15,2023-10-23,Cancelled,0.0,44.33,Cancelled
58495,1831.0,11,2023-07-18,Shipped,0.0,0.0,Success
58496,2436.0,9,2026-06-10,Completed,0.0,0.0,Success
58497,1172.0,13,2022-05-27,Completed,0.0,214.92,Success
58498,1292.0,1,2025-04-02,Completed,0.0,1296.14,Success
58499,1681.0,11,2025-04-17,Cancelled,0.0,1427.28,Cancelled
58500,1604.0,1,2022-04-11,Completed,0.0,259.73,Success
58501,2060.0,13,2025-08-08,Completed,0.0,145.01,Success
58502,2827.0,3,2022-01-09,Completed,0.0,0.0,Success
58503,1396.0,1,2022-07-07,Completed,99.0,271.46,Success
58504,2231.0,2,2024-03-06,Completed,0.0,0.0,Success
58505,2509.0,3,2025-05-26,Completed,0.0,71.12,Success
58506,1229.0,11,2023-03-26,Completed,0.0,87.12,Success
58507,1720.0,20,2024-03-11,Completed,0.0,830.48,Success
58508,2570.0,13,2026-03-16,Shipped,0.0,1114.5,Success
58509,2390.0,3,2023-03-26,Shipped,0.0,0.0,Success
58510,1196.0,1,2024-07-10,Cancelled,0.0,14064.91,Cancelled
58511,2001.0,16,2025-04-22,Completed,0.0,0.0,Success
58512,1970.0,1,2025-10-30,Completed,0.0,0.0,Success
58513,2599.0,19,2022-03-14,Completed,0.0,0.0,Success
58514,2530.0,2,2026-06-06,Completed,0.0,1500.03,Success
58515,2105.0,5,2023-12-05,Completed,0.0,306.07,Success
58516,1667.0,8,2022-05-03,Completed,0.0,0.0,Success
58517,2056.0,13,2022-12-28,Completed,0.0,0.0,Success
58518,1027.0,20,2026-06-11,Completed,0.0,0.0,Success
58519,2784.0,18,2025-07-16,Completed,0.0,248.64,Success
58520,2736.0,6,2025-08-15,Completed,0.0,617.53,Success
58521,2508.0,19,2025-10-11,Completed,0.0,0.0,Success
58522,2371.0,13,2022-06-27,Completed,0.0,672.59,Success
58523,1679.0,1,2023-04-04,Shipped,0.0,0.0,Success
58524,1973.0,3,2022-04-25,Processing,0.0,0.0,Success
58525,1302.0,14,2023-07-25,Processing,0.0,0.0,Success
58526,1759.0,7,2025-12-07,Completed,0.0,66.23,Success
58527,1153.0,3,2024-09-08,Completed,0.0,320.33,Success
58528,1166.0,13,2026-03-14,Completed,0.0,0.0,Success
58529,1214.0,11,2023-04-01,Completed,0.0,11282.08,Success
58530,1840.0,1,2025-05-14,Completed,0.0,1494.74,Success
58531,1786.0,18,2022-12-29,Shipped,0.0,541.28,Success
58532,2890.0,18,2026-05-06,Completed,0.0,1378.31,Success
58533,1542.0,10,2024-07-07,Completed,0.0,0.0,Success
58534,2265.0,1,2026-01-06,Shipped,0.0,0.0,Success
58535,2578.0,15,2022-04-27,Shipped,0.0,534.37,Success
58536,2292.0,18,2024-07-31,Completed,0.0,0.0,Success
58537,1770.0,11,2025-01-07,Completed,0.0,0.0,Success
58538,2131.0,2,2025-04-22,Completed,0.0,639.06,Success
58539,2745.0,1,2023-09-25,Completed,0.0,6312.61,Success
58540,2760.0,1,2023-01-27,Completed,0.0,0.0,Success
58541,2330.0,1,2022-08-24,Completed,0.0,0.0,Success
58542,2434.0,19,2024-02-19,Completed,0.0,0.0,Success
58543,2601.0,1,2022-09-06,Completed,0.0,407.19,Success
58544,1049.0,16,2023-08-10,Shipped,0.0,458.34,Success
58545,1218.0,20,2023-02-21,Completed,0.0,1961.73,Success
58546,2167.0,8,2022-10-31,Completed,0.0,285.42,Success
58547,2393.0,1,2023-06-28,Completed,0.0,0.0,Success
58548,2864.0,18,2024-08-19,Completed,0.0,296.57,Success
58549,1648.0,15,2026-03-29,Completed,0.0,965.61,Success
58550,2587.0,19,2023-12-16,Shipped,0.0,0.0,Success
58551,2677.0,7,2022-07-12,Cancelled,0.0,0.0,Cancelled
58552,2724.0,10,2025-03-30,Shipped,0.0,0.0,Success
58553,1160.0,18,2022-10-20,Shipped,0.0,0.0,Success
58554,1346.0,1,2024-07-11,Shipped,0.0,2913.39,Success
58555,1027.0,9,2023-02-04,Completed,0.0,0.0,Success
58556,2963.0,2,2026-04-24,Completed,0.0,0.0,Success
58557,1265.0,13,2024-08-21,Completed,0.0,195.78,Success
58558,2895.0,1,2026-01-20,Completed,0.0,386.35,Success
58559,2515.0,1,2025-10-24,Completed,0.0,343.42,Success
58560,1896.0,7,2022-04-11,Completed,0.0,0.0,Success
58561,2425.0,8,2024-02-08,Processing,0.0,72.03,Success
58562,2975.0,13,2026-03-20,Completed,0.0,435.24,Success
58563,1155.0,1,2024-10-17,Completed,0.0,1074.29,Success
58564,1598.0,12,2022-10-05,Completed,0.0,0.0,Success
58565,2675.0,1,2025-03-28,Completed,0.0,1368.06,Success
58566,1166.0,1,2024-11-21,Completed,0.0,148.94,Success
58567,1040.0,1,2026-03-26,Completed,0.0,6793.88,Success
58568,2262.0,14,2023-04-22,Completed,0.0,978.28,Success
58569,2264.0,1,2026-01-29,Shipped,0.0,0.0,Success
58570,2915.0,20,2025-02-24,Cancelled,0.0,269.91,Cancelled
58571,1222.0,18,2024-09-06,Completed,0.0,0.0,Success
58572,2495.0,13,2025-09-22,Shipped,0.0,0.0,Success
58573,1126.0,1,2024-08-15,Completed,99.0,35.88,Success
58574,2337.0,1,2023-11-29,Completed,0.0,6.66,Success
58575,1960.0,12,2024-10-21,Shipped,0.0,2097.49,Success
58576,2782.0,1,2024-09-10,Completed,0.0,155.77,Success
58577,2613.0,8,2024-04-21,Completed,0.0,346.04,Success
58578,1457.0,1,2023-04-16,Completed,0.0,4707.72,Success
58579,2308.0,1,2022-09-08,Shipped,0.0,0.0,Success
58580,1277.0,1,2022-06-17,Completed,0.0,239.65,Success
58581,2360.0,1,2022-06-28,Completed,0.0,0.0,Success
58582,2582.0,1,2025-12-19,Processing,0.0,0.0,Success
58583,1026.0,12,2026-04-15,Processing,0.0,82.36,Success
58584,1803.0,15,2023-11-16,Returned,0.0,912.21,Refunded
58585,1107.0,5,2024-05-03,Completed,0.0,0.0,Success
58586,1707.0,2,2022-12-11,Completed,0.0,0.0,Success
58587,1083.0,8,2022-03-27,Processing,0.0,90.27,Success
58588,1178.0,11,2024-02-21,Completed,0.0,6346.25,Success
58589,1233.0,4,2024-12-17,Completed,0.0,0.0,Success
58590,2421.0,1,2025-01-27,Completed,0.0,483.42,Success
58591,1104.0,8,2024-06-18,Shipped,0.0,0.0,Success
58592,1753.0,15,2024-02-09,Completed,0.0,641.38,Success
58593,2554.0,1,2024-06-19,Completed,0.0,0.0,Success
58594,2636.0,7,2023-04-15,Completed,0.0,346.43,Success
58595,1449.0,10,2024-01-12,Completed,0.0,73.25,Success
58596,1440.0,1,2022-10-23,Processing,0.0,0.0,Success
58597,2182.0,1,2025-10-23,Completed,99.0,0.0,Success
58598,2055.0,13,2026-02-03,Completed,0.0,204.77,Success
58599,1022.0,14,2025-06-25,Shipped,0.0,0.0,Success
58600,1449.0,3,2026-06-17,Processing,0.0,2837.79,Success
58601,1136.0,1,2022-05-15,Completed,0.0,482.1,Success
58602,1094.0,12,2022-04-18,Completed,0.0,0.0,Success
58603,1375.0,2,2023-04-30,Shipped,0.0,247.13,Success
58604,2839.0,15,2022-12-03,Completed,0.0,0.0,Success
58605,1311.0,1,2025-06-01,Completed,0.0,1008.94,Success
58606,1914.0,9,2022-07-18,Completed,0.0,101.12,Success
58607,2179.0,18,2024-09-23,Returned,0.0,0.0,Refunded
58608,1564.0,1,2023-07-05,Completed,99.0,83.96,Success
58609,1456.0,14,2025-03-12,Cancelled,0.0,239.65,Cancelled
58610,1965.0,16,2026-04-04,Completed,0.0,1066.47,Success
58611,1355.0,5,2024-12-24,Completed,0.0,28.9,Success
58612,1270.0,12,2024-04-20,Completed,0.0,0.0,Success
58613,1975.0,1,2024-07-20,Completed,0.0,570.84,Success
58614,1943.0,1,2022-07-24,Completed,0.0,739.39,Success
58615,2998.0,2,2026-04-08,Shipped,0.0,269.91,Success
58616,1528.0,14,2025-02-22,Completed,0.0,9912.28,Success
58617,2009.0,1,2023-06-04,Cancelled,0.0,1500.87,Cancelled
58618,1010.0,1,2025-08-18,Completed,0.0,0.0,Success
58619,2836.0,1,2024-10-06,Completed,99.0,0.0,Success
58620,1526.0,1,2026-05-02,Completed,0.0,0.0,Success
58621,2002.0,1,2025-06-07,Completed,99.0,64.03,Success
58622,1463.0,1,2023-06-05,Completed,0.0,870.39,Success
58623,2890.0,1,2025-12-10,Shipped,0.0,11621.71,Success
58624,1582.0,20,2022-05-06,Completed,0.0,888.94,Success
58625,2336.0,15,2025-08-17,Completed,0.0,3903.18,Success
58626,1017.0,1,2025-08-17,Completed,0.0,765.78,Success
58627,2000.0,12,2025-05-29,Completed,0.0,317.8,Success
58628,1826.0,1,2022-03-20,Completed,0.0,0.0,Success
58629,2793.0,1,2025-12-13,Completed,0.0,0.0,Success
58630,1721.0,1,2026-01-04,Completed,0.0,414.27,Success
58631,2110.0,6,2023-11-21,Returned,0.0,173.21,Refunded
58632,1631.0,1,2023-04-23,Completed,0.0,0.0,Success
58633,1379.0,5,2023-11-21,Completed,0.0,567.75,Success
58634,1050.0,1,2024-08-11,Processing,99.0,118.92,Success
58635,1719.0,10,2023-08-09,Completed,0.0,0.0,Success
58636,1616.0,1,2023-06-15,Completed,99.0,0.0,Success
58637,1002.0,1,2025-07-10,Completed,0.0,0.0,Success
58638,1201.0,10,2025-11-09,Completed,0.0,0.0,Success
58639,1630.0,10,2025-04-12,Completed,0.0,580.28,Success
58640,1457.0,7,2022-01-15,Completed,0.0,0.0,Success
58641,1026.0,16,2024-10-24,Completed,0.0,0.0,Success
58642,2405.0,3,2023-05-08,Shipped,0.0,12798.85,Success
58643,2717.0,6,2022-08-14,Completed,0.0,929.56,Success
58644,2639.0,11,2025-11-05,Completed,0.0,540.39,Success
58645,2668.0,1,2022-05-24,Processing,0.0,0.0,Success
58646,2235.0,9,2024-04-16,Completed,0.0,1332.89,Success
58647,1253.0,5,2022-05-01,Completed,0.0,2754.49,Success
58648,1783.0,1,2025-03-28,Completed,0.0,0.0,Success
58649,1930.0,3,2025-06-01,Completed,0.0,829.24,Success
58650,2633.0,1,2023-11-24,Completed,99.0,118.92,Success
58651,1455.0,14,2022-04-26,Cancelled,0.0,0.0,Cancelled
58652,2941.0,11,2025-11-28,Completed,0.0,980.49,Success
58653,2463.0,19,2022-04-15,Completed,0.0,614.16,Success
58654,2180.0,1,2026-05-25,Completed,0.0,4822.42,Success
58655,1571.0,12,2024-01-13,Completed,0.0,0.0,Success
58656,2796.0,3,2024-04-22,Processing,0.0,121.31,Success
58657,1199.0,7,2022-04-30,Completed,0.0,0.0,Success
58658,2864.0,1,2022-03-06,Completed,0.0,0.0,Success
58659,1063.0,1,2025-07-30,Completed,0.0,177.67,Success
58660,2132.0,1,2023-03-25,Cancelled,0.0,271.3,Cancelled
58661,2285.0,13,2022-06-11,Shipped,0.0,0.0,Success
58662,2474.0,1,2024-12-13,Shipped,0.0,0.0,Success
58663,2189.0,15,2024-01-24,Shipped,0.0,0.0,Success
58664,2900.0,1,2022-08-23,Completed,0.0,830.83,Success
58665,2163.0,1,2025-11-23,Completed,99.0,35.68,Success
58666,2390.0,8,2024-04-23,Completed,0.0,612.12,Success
58667,2239.0,1,2026-01-24,Processing,0.0,355.33,Success
58668,1652.0,8,2022-09-20,Completed,0.0,0.0,Success
58669,2121.0,1,2022-08-03,Completed,0.0,0.0,Success
58670,1759.0,7,2025-09-30,Completed,0.0,0.0,Success
58671,2265.0,1,2023-02-09,Completed,0.0,144.74,Success
58672,2639.0,5,2024-03-12,Completed,0.0,0.0,Success
58673,1235.0,1,2022-08-02,Completed,99.0,65.22,Success
58674,1445.0,3,2035-12-31,Processing,0.0,0.0,Success
58675,2017.0,1,2022-07-29,Completed,0.0,1765.99,Success
58676,2721.0,1,2023-03-11,Processing,0.0,0.0,Success
58677,,20,2022-01-24,Cancelled,0.0,3761.14,Cancelled
58678,1632.0,3,2025-08-23,Completed,0.0,0.0,Success
58679,2891.0,9,2023-12-27,Completed,0.0,0.0,Success
58680,1310.0,12,2024-09-08,Completed,0.0,0.0,Success
58681,1098.0,16,2022-01-25,Completed,0.0,0.0,Success
58682,2295.0,3,2024-08-14,Completed,0.0,49.06,Success
58683,1712.0,20,2024-06-05,Completed,0.0,3372.91,Success
58684,2442.0,6,2023-09-27,Completed,0.0,4866.59,Success
58685,2023.0,1,2022-07-15,Completed,0.0,245.23,Success
58686,1775.0,2,2022-03-23,Returned,0.0,591.0,Refunded
58687,1181.0,11,2025-03-30,Cancelled,0.0,63.28,Cancelled
58688,2753.0,11,2022-05-15,Shipped,0.0,1667.51,Success
58689,1453.0,16,2023-05-10,Completed,0.0,0.0,Success
58690,2913.0,1,2024-06-07,Shipped,99.0,0.0,Success
58691,1052.0,10,2024-01-26,Completed,0.0,0.0,Success
58692,2622.0,2,2024-02-26,Completed,0.0,0.0,Success
58693,2999.0,7,2022-07-07,Completed,0.0,0.0,Success
58694,2047.0,1,2025-07-25,Completed,0.0,718.85,Success
58695,2467.0,1,2025-10-16,Completed,0.0,0.0,Success
58696,2354.0,1,2023-12-28,Completed,0.0,158.73,Success
58697,2437.0,1,2024-04-26,Cancelled,0.0,0.0,Cancelled
58698,1657.0,1,2022-09-25,Completed,0.0,0.0,Success
58699,1983.0,12,2026-04-22,Completed,0.0,0.0,Success
58700,2925.0,16,2025-05-13,Cancelled,0.0,540.37,Cancelled
58701,1255.0,18,2022-04-24,Processing,0.0,52.23,Success
58702,1789.0,14,2024-05-29,Completed,0.0,0.0,Success
58703,2547.0,15,2024-01-03,Completed,0.0,206.13,Success
58704,1472.0,13,2022-05-16,Completed,0.0,6346.25,Success
58705,1534.0,15,2025-05-18,Completed,0.0,806.4,Success
58706,1683.0,5,2022-09-28,Completed,0.0,0.0,Success
58707,1307.0,1,2022-05-14,Completed,0.0,0.0,Success
58708,2413.0,12,2022-12-08,Completed,0.0,3439.03,Success
58709,1026.0,6,2024-11-09,Completed,0.0,0.0,Success
58710,2328.0,1,2026-05-03,Returned,0.0,0.0,Refunded
58711,2920.0,9,2022-05-21,Completed,0.0,615.81,Success
58712,2509.0,8,2025-01-18,Completed,0.0,363.89,Success
58713,2765.0,1,2025-03-15,Completed,0.0,0.0,Success
58714,1138.0,11,2023-07-21,Shipped,0.0,0.0,Success
58715,2779.0,10,2024-09-19,Completed,0.0,0.0,Success
58716,2816.0,13,2023-06-03,Shipped,0.0,461.37,Success
58717,1774.0,1,2026-05-16,Completed,99.0,50.82,Success
58718,2584.0,20,2023-07-20,Cancelled,0.0,623.07,Cancelled
58719,1001.0,14,2023-10-26,Completed,0.0,0.0,Success
58720,2350.0,14,2024-10-11,Cancelled,0.0,0.0,Cancelled
58721,1851.0,1,2024-01-22,Completed,0.0,0.0,Success
58722,2226.0,16,2023-04-13,Processing,0.0,148.54,Success
58723,2000.0,1,2024-07-14,Completed,0.0,1508.4,Success
58724,1956.0,19,2024-04-26,Processing,0.0,107.29,Success
58725,1421.0,1,2023-12-10,Completed,0.0,1938.4,Success
58726,1991.0,9,2024-11-09,Cancelled,0.0,807.73,Cancelled
58727,2446.0,4,2026-03-11,Completed,0.0,857.26,Success
58728,1207.0,10,2025-07-21,Completed,0.0,0.0,Success
58729,1781.0,9,2024-01-08,Processing,0.0,8317.12,Success
58730,1591.0,1,2022-10-15,Completed,0.0,53.64,Success
58731,1603.0,4,2022-07-11,Processing,0.0,0.0,Success
58732,1147.0,20,2026-05-01,Completed,0.0,0.0,Success
58733,1397.0,18,2023-05-14,Completed,0.0,6172.19,Success
58734,2640.0,1,2023-12-10,Completed,0.0,458.34,Success
58735,1726.0,14,2025-06-24,Shipped,0.0,0.0,Success
58736,2868.0,18,2023-05-23,Completed,0.0,1184.55,Success
58737,2527.0,1,2023-09-25,Completed,0.0,1620.15,Success
58738,1330.0,5,2025-07-01,Returned,0.0,7185.95,Refunded
58739,1019.0,8,2024-02-01,Completed,0.0,0.0,Success
58740,2456.0,12,2024-10-10,Completed,0.0,0.0,Success
58741,1606.0,1,2023-08-06,Completed,0.0,0.0,Success
58742,2413.0,8,2024-08-21,Completed,0.0,3029.68,Success
58743,2236.0,13,2023-03-24,Completed,0.0,0.0,Success
58744,2941.0,16,2023-05-23,Completed,0.0,1863.24,Success
58745,1897.0,13,2023-04-29,Completed,0.0,0.0,Success
58746,2595.0,7,2023-05-30,Shipped,0.0,653.8,Success
58747,1064.0,1,2024-07-19,Completed,0.0,0.0,Success
58748,1707.0,15,2024-02-09,Completed,0.0,0.0,Success
58749,1795.0,15,2022-10-18,Completed,0.0,1066.0,Success
58750,1438.0,15,2023-09-16,Processing,0.0,106.87,Success
58751,2292.0,1,2022-11-12,Completed,0.0,0.0,Success
58752,1034.0,2,2022-07-26,Completed,0.0,0.0,Success
58753,2122.0,6,2024-04-15,Shipped,0.0,420.39,Success
58754,2311.0,19,2022-04-25,Completed,0.0,789.34,Success
58755,2058.0,2,2022-02-27,Completed,0.0,1011.51,Success
58756,1992.0,1,2026-05-03,Completed,0.0,6602.98,Success
58757,2262.0,1,2025-02-02,Completed,0.0,0.0,Success
58758,2216.0,1,2023-01-20,Completed,99.0,62.63,Success
58759,1913.0,6,2023-06-22,Shipped,0.0,4644.55,Success
58760,2197.0,1,2025-02-10,Processing,99.0,0.0,Success
58761,1695.0,3,2025-10-05,Completed,0.0,0.0,Success
58762,2798.0,11,2025-12-25,Processing,0.0,0.0,Success
58763,2724.0,8,2023-10-06,Completed,0.0,151.81,Success
58764,2775.0,20,2023-03-12,Completed,0.0,0.0,Success
58765,1881.0,1,2024-03-07,Returned,0.0,8159.66,Refunded
58766,2078.0,14,2025-01-21,Completed,0.0,0.0,Success
58767,2816.0,6,2024-11-29,Completed,0.0,279.92,Success
58768,2786.0,13,2026-03-13,Cancelled,0.0,0.0,Cancelled
58769,1465.0,1,2026-02-08,Shipped,0.0,0.0,Success
58770,2503.0,10,2022-08-16,Completed,0.0,1657.07,Success
58771,1292.0,1,2026-03-22,Completed,0.0,0.0,Success
58772,1733.0,1,2024-11-07,Cancelled,0.0,955.81,Cancelled
58773,2209.0,11,2022-07-23,Completed,0.0,0.0,Success
58774,1186.0,14,2022-02-08,Completed,0.0,0.0,Success
58775,2478.0,3,2025-02-28,Completed,0.0,0.0,Success
58776,2574.0,17,2023-01-11,Completed,0.0,0.0,Success
58777,1609.0,17,2025-08-21,Completed,0.0,943.0,Success
58778,1041.0,20,2024-03-29,Completed,0.0,0.0,Success
58779,1047.0,1,2024-10-12,Completed,0.0,0.0,Success
58780,2540.0,9,2023-06-07,Completed,0.0,33.38,Success
58781,1932.0,1,2026-06-14,Completed,0.0,103.07,Success
58782,2140.0,10,2024-08-16,Processing,0.0,29.73,Success
58783,2645.0,12,2025-02-06,Completed,0.0,0.0,Success
58784,1464.0,3,2024-12-01,Completed,0.0,7233.5,Success
58785,2953.0,18,2025-02-28,Completed,0.0,1744.88,Success
58786,1243.0,1,2025-04-25,Completed,0.0,0.0,Success
58787,2093.0,1,2023-10-25,Completed,0.0,0.0,Success
58788,1980.0,1,2022-11-05,Completed,0.0,922.31,Success
58789,2741.0,17,2023-12-09,Shipped,0.0,11388.5,Success
58790,1987.0,6,2023-04-10,Completed,0.0,89.23,Success
58791,2626.0,1,2026-04-04,Completed,0.0,0.0,Success
58792,1071.0,1,2025-03-13,Completed,0.0,0.0,Success
58793,1563.0,13,2024-01-11,Shipped,0.0,0.0,Success
58794,2574.0,4,2024-07-04,Completed,0.0,0.0,Success
58795,1763.0,1,2025-05-13,Completed,0.0,1399.35,Success
58796,2473.0,13,2025-06-11,Completed,0.0,0.0,Success
58797,2054.0,9,2026-02-19,Completed,0.0,0.0,Success
58798,2902.0,20,2023-09-15,Completed,0.0,0.0,Success
58799,2422.0,1,2025-07-09,Completed,0.0,851.41,Success
58800,2130.0,11,2022-09-05,Completed,0.0,802.97,Success
58801,2372.0,1,2023-09-15,Completed,0.0,0.0,Success
58802,2771.0,16,2024-09-25,Shipped,0.0,188.56,Success
58803,2244.0,14,2022-09-10,Shipped,0.0,2069.9,Success
58804,1880.0,5,2023-06-04,Completed,0.0,0.0,Success
58805,1800.0,3,2025-07-08,Completed,0.0,4776.03,Success
58806,2864.0,13,2024-03-28,Shipped,0.0,0.0,Success
58807,2879.0,2,2026-06-20,Completed,0.0,2676.58,Success
58808,1456.0,1,2023-06-03,Completed,0.0,1981.14,Success
58809,2193.0,18,2023-11-30,Completed,0.0,0.0,Success
58810,1204.0,1,2023-04-24,Completed,0.0,0.0,Success
58811,2484.0,17,2023-12-06,Completed,0.0,0.0,Success
58812,2684.0,8,2023-03-05,Completed,0.0,3225.53,Success
58813,2740.0,18,2022-06-18,Completed,0.0,0.0,Success
58814,1243.0,1,2024-01-20,Completed,0.0,2633.77,Success
58815,2257.0,18,2022-12-18,Completed,0.0,0.0,Success
58816,1432.0,1,2026-03-25,Completed,99.0,41.98,Success
58817,1139.0,1,2023-04-13,Completed,0.0,4307.16,Success
58818,1965.0,12,2022-09-13,Completed,0.0,0.0,Success
58819,1258.0,1,2024-06-01,Shipped,0.0,645.54,Success
58820,2998.0,1,2023-10-27,Completed,0.0,0.0,Success
58821,1097.0,14,2022-02-03,Processing,0.0,18.62,Success
58822,2510.0,1,2023-02-26,Completed,0.0,174.24,Success
58823,1542.0,1,2024-02-06,Completed,0.0,1029.76,Success
58824,1514.0,1,2025-02-23,Cancelled,0.0,676.1,Cancelled
58825,2638.0,1,2024-05-24,Completed,0.0,0.0,Success
58826,2576.0,1,2023-11-13,Processing,99.0,66.77,Success
58827,2254.0,17,2024-01-06,Completed,0.0,0.0,Success
58828,2776.0,1,2025-10-08,Shipped,0.0,0.0,Success
58829,1145.0,1,2026-03-09,Shipped,0.0,10879.54,Success
58830,1444.0,1,2023-03-14,Completed,0.0,0.0,Success
58831,1070.0,1,2024-06-28,Processing,0.0,24.11,Success
58832,1035.0,1,2025-08-10,Completed,0.0,0.0,Success
58833,1512.0,7,2022-07-22,Completed,0.0,0.0,Success
58834,2256.0,10,2025-03-18,Completed,0.0,0.0,Success
58835,2545.0,18,2024-11-18,Completed,0.0,0.0,Success
58836,1749.0,17,2024-12-04,Completed,0.0,0.0,Success
58837,1787.0,13,2023-04-24,Processing,0.0,0.0,Success
58838,1119.0,13,2022-06-07,Completed,0.0,14.5,Success
58839,2544.0,6,2024-05-06,Completed,0.0,0.0,Success
58840,2046.0,1,2024-10-28,Completed,0.0,0.0,Success
58841,2576.0,12,2023-03-18,Completed,0.0,54.13,Success
58842,1342.0,11,2023-04-25,Completed,0.0,1541.46,Success
58843,1452.0,7,2025-12-12,Completed,0.0,0.0,Success
58844,2183.0,12,2023-06-27,Returned,0.0,6198.63,Refunded
58845,2096.0,15,2025-08-30,Completed,0.0,5566.54,Success
58846,1600.0,1,2023-11-25,Cancelled,0.0,9850.25,Cancelled
58847,2331.0,1,2024-01-23,Completed,0.0,0.0,Success
58848,2912.0,1,2026-06-18,Completed,0.0,0.0,Success
58849,2980.0,7,2025-12-22,Completed,0.0,128.52,Success
58850,2669.0,2,2023-05-29,Completed,0.0,0.0,Success
58851,2406.0,20,2022-11-17,Completed,0.0,1407.44,Success
58852,1644.0,3,2023-04-05,Completed,0.0,0.0,Success
58853,2153.0,18,2024-05-15,Completed,0.0,754.2,Success
58854,1490.0,7,2025-08-08,Completed,0.0,0.0,Success
58855,1180.0,17,2026-03-27,Completed,0.0,0.0,Success
58856,1099.0,9,2024-10-03,Completed,0.0,294.45,Success
58857,2744.0,1,2024-08-28,Completed,99.0,0.0,Success
58858,2659.0,1,2022-02-06,Completed,0.0,0.0,Success
58859,1740.0,11,2023-08-08,Returned,0.0,1603.1,Refunded
58860,2787.0,13,2026-02-01,Processing,0.0,0.0,Success
58861,1798.0,9,2024-09-18,Processing,0.0,827.27,Success
58862,1909.0,15,2025-09-03,Completed,0.0,0.0,Success
58863,1343.0,12,2023-03-19,Processing,0.0,5212.52,Success
58864,1233.0,18,2022-11-04,Processing,0.0,0.0,Success
58865,2736.0,14,2025-10-19,Completed,0.0,2732.12,Success
58866,2630.0,10,2024-03-11,Completed,0.0,0.0,Success
58867,2296.0,1,2022-12-22,Completed,0.0,275.25,Success
58868,2299.0,11,2024-10-23,Completed,0.0,3780.6,Success
58869,1988.0,12,2025-04-13,Completed,0.0,3060.26,Success
58870,1975.0,2,2024-07-06,Completed,0.0,0.0,Success
58871,1887.0,8,2022-10-13,Completed,0.0,0.0,Success
58872,1979.0,7,2025-01-10,Completed,0.0,8962.64,Success
58873,1085.0,14,2024-12-18,Completed,0.0,0.0,Success
58874,2793.0,20,2023-11-20,Completed,0.0,20710.95,Success
58875,2469.0,1,2026-02-08,Completed,0.0,3543.24,Success
58876,1790.0,14,2022-09-22,Processing,0.0,0.0,Success
58877,1302.0,1,2023-06-19,Completed,0.0,214.92,Success
58878,2260.0,3,2025-04-22,Shipped,0.0,0.0,Success
58879,2791.0,1,2026-01-13,Completed,0.0,4226.74,Success
58880,2951.0,1,2022-02-05,Completed,0.0,3425.14,Success
58881,1782.0,1,2025-09-05,Completed,99.0,0.0,Success
58882,2924.0,13,2022-09-30,Completed,0.0,538.36,Success
58883,2947.0,14,2023-09-15,Completed,0.0,1958.79,Success
58884,2811.0,11,2025-04-19,Completed,0.0,1571.73,Success
58885,2501.0,7,2026-04-24,Completed,0.0,69.98,Success
58886,1370.0,15,2026-01-29,Completed,0.0,0.0,Success
58887,2934.0,1,2025-07-29,Completed,0.0,4209.82,Success
58888,1842.0,1,2024-04-13,Completed,0.0,0.0,Success
58889,2933.0,17,2025-01-10,Cancelled,0.0,1893.4,Cancelled
58890,1289.0,7,2023-04-04,Processing,0.0,622.94,Success
58891,2897.0,1,2022-09-12,Completed,0.0,0.0,Success
58892,2727.0,16,2022-12-10,Completed,0.0,0.0,Success
58893,2992.0,14,2025-08-14,Completed,0.0,1525.85,Success
58894,1441.0,1,2022-10-07,Completed,0.0,4307.16,Success
58895,2935.0,6,2022-03-03,Processing,0.0,0.0,Success
58896,2059.0,5,2022-02-09,Completed,0.0,81.72,Success
58897,2361.0,1,2026-03-31,Completed,0.0,4249.21,Success
58898,1111.0,3,2022-01-10,Returned,0.0,0.0,Refunded
58899,1451.0,6,2025-10-13,Completed,0.0,0.0,Success
58900,1769.0,6,2025-08-18,Completed,0.0,341.48,Success
58901,2858.0,1,2024-11-07,Shipped,99.0,195.67,Success
58902,2088.0,1,2022-05-27,Shipped,0.0,365.79,Success
58903,2635.0,1,2023-05-08,Completed,0.0,6133.77,Success
58904,1399.0,1,2024-10-17,Completed,0.0,827.24,Success
58905,2093.0,16,2025-06-28,Completed,0.0,80.85,Success
58906,2266.0,1,2023-08-26,Completed,0.0,0.0,Success
58907,2010.0,2,2025-02-02,Completed,0.0,1208.08,Success
58908,1780.0,19,2023-09-09,Processing,0.0,3522.17,Success
58909,1538.0,2,2022-12-18,Completed,0.0,429.84,Success
58910,1924.0,16,2024-04-04,Completed,0.0,622.51,Success
58911,1307.0,1,2023-01-24,Completed,0.0,0.0,Success
58912,1114.0,5,2023-11-06,Completed,0.0,39.76,Success
58913,1752.0,20,2022-12-17,Cancelled,0.0,4759.31,Cancelled
58914,1451.0,6,2025-12-08,Processing,0.0,69.17,Success
58915,1349.0,10,2026-01-26,Completed,0.0,1097.59,Success
58916,1698.0,17,2024-10-19,Processing,0.0,5729.69,Success
58917,1917.0,2,2026-03-16,Completed,0.0,0.0,Success
58918,1687.0,9,2024-10-13,Returned,0.0,4544.52,Refunded
58919,1761.0,15,2023-10-09,Completed,0.0,0.0,Success
58920,1668.0,1,2023-11-25,Completed,0.0,1213.44,Success
58921,1174.0,17,2023-05-05,Completed,0.0,0.0,Success
58922,1528.0,2,2025-07-12,Processing,0.0,1031.63,Success
58923,1633.0,15,2024-07-23,Completed,0.0,0.0,Success
58924,2541.0,1,2025-04-11,Completed,99.0,0.0,Success
58925,2843.0,8,2022-11-10,Completed,0.0,177.3,Success
58926,1603.0,15,2022-03-08,Completed,0.0,26.79,Success
58927,2807.0,1,2022-11-22,Returned,0.0,0.0,Refunded
58928,2149.0,14,2025-01-14,Completed,0.0,446.76,Success
58929,1355.0,7,2022-01-22,Completed,0.0,400.33,Success
58930,2210.0,11,2026-05-23,Completed,0.0,1118.63,Success
58931,1047.0,1,2022-04-04,Completed,0.0,0.0,Success
58932,2193.0,1,2025-01-02,Completed,0.0,0.0,Success
58933,1357.0,13,2023-02-12,Completed,0.0,0.0,Success
58934,1210.0,14,2023-02-27,Cancelled,0.0,0.0,Cancelled
58935,1672.0,1,2024-06-19,Completed,99.0,0.0,Success
58936,1658.0,1,2023-06-02,Shipped,0.0,137.7,Success
58937,1638.0,19,2023-08-26,Completed,0.0,11.83,Success
58938,2388.0,7,2024-07-25,Processing,0.0,0.0,Success
58939,2755.0,1,2022-11-24,Completed,0.0,1768.4,Success
58940,2597.0,2,2022-03-07,Completed,0.0,0.0,Success
58941,2009.0,13,2023-02-18,Completed,0.0,0.0,Success
58942,2932.0,1,2023-06-13,Completed,0.0,0.0,Success
58943,2936.0,15,2024-11-27,Completed,0.0,290.02,Success
58944,1844.0,16,2024-02-04,Shipped,0.0,0.0,Success
58945,1940.0,12,2026-04-28,Cancelled,0.0,728.35,Cancelled
58946,1181.0,2,2022-05-21,Completed,0.0,513.82,Success
58947,2958.0,1,2024-02-19,Processing,0.0,1021.52,Success
58948,1267.0,1,2025-10-31,Completed,0.0,0.0,Success
58949,1422.0,9,2023-11-13,Completed,0.0,3317.21,Success
58950,2319.0,1,2025-03-27,Completed,0.0,2657.43,Success
58951,1707.0,20,2025-12-02,Completed,0.0,83.96,Success
58952,1988.0,11,2026-03-08,Cancelled,0.0,0.0,Cancelled
58953,1882.0,15,2025-09-12,Completed,0.0,0.0,Success
58954,2879.0,1,2022-02-01,Processing,0.0,3123.7,Success
58955,2614.0,1,2022-08-12,Completed,0.0,0.0,Success
58956,2580.0,17,2024-07-22,Completed,0.0,559.31,Success
58957,1052.0,10,2023-10-10,Completed,0.0,6438.64,Success
58958,1104.0,20,2022-01-25,Completed,0.0,219.8,Success
58959,1961.0,1,2022-10-19,Cancelled,0.0,0.0,Cancelled
58960,2915.0,4,2023-03-30,Completed,0.0,23540.78,Success
58961,2793.0,20,2022-09-25,Completed,0.0,576.23,Success
58962,2184.0,1,2026-06-25,Shipped,0.0,538.49,Success
58963,1233.0,12,2024-04-04,Completed,0.0,0.0,Success
58964,1645.0,4,2023-06-15,Completed,0.0,0.0,Success
58965,1203.0,2,2022-03-08,Shipped,0.0,0.0,Success
58966,1918.0,5,2024-07-31,Processing,0.0,202.24,Success
58967,2070.0,17,2024-11-29,Completed,0.0,3616.11,Success
58968,2494.0,1,2023-03-25,Processing,0.0,0.0,Success
58969,1582.0,1,2025-01-01,Completed,0.0,0.0,Success
58970,1063.0,14,2023-03-15,Completed,0.0,2238.98,Success
58971,1476.0,1,2022-05-29,Completed,0.0,910.66,Success
58972,2693.0,10,2024-07-14,Completed,0.0,0.0,Success
58973,2240.0,1,2022-02-20,Processing,0.0,329.58,Success
58974,1023.0,13,2025-12-29,Completed,0.0,4994.83,Success
58975,2743.0,9,2025-01-20,Cancelled,0.0,580.04,Cancelled
58976,2345.0,13,2024-12-10,Completed,0.0,205.8,Success
58977,2825.0,1,2024-03-25,Completed,0.0,4667.97,Success
58978,2693.0,9,2023-08-20,Completed,0.0,724.45,Success
58979,2269.0,10,2023-04-12,Completed,0.0,0.0,Success
58980,1786.0,1,2022-05-06,Returned,0.0,267.66,Refunded
58981,2406.0,13,2025-04-07,Shipped,0.0,0.0,Success
58982,2484.0,1,2023-01-16,Completed,0.0,211.5,Success
58983,2969.0,1,2022-11-27,Cancelled,0.0,0.0,Cancelled
58984,1509.0,1,2024-07-26,Processing,0.0,0.0,Success
58985,2866.0,10,2023-10-05,Completed,0.0,1763.62,Success
58986,1666.0,1,2022-02-25,Completed,99.0,66.99,Success
58987,1793.0,14,2025-04-22,Completed,0.0,1771.62,Success
58988,2693.0,5,2035-12-31,Completed,0.0,257.04,Success
58989,2107.0,8,2022-01-14,Completed,0.0,2838.76,Success
58990,2253.0,16,2024-03-15,Completed,0.0,98.13,Success
58991,2525.0,5,2023-10-30,Completed,0.0,313.64,Success
58992,2008.0,1,2026-03-01,Completed,0.0,0.0,Success
58993,1196.0,1,2026-01-15,Completed,0.0,6129.17,Success
58994,1222.0,1,2024-11-16,Completed,0.0,2029.85,Success
58995,1909.0,9,2024-07-03,Processing,0.0,302.29,Success
58996,1724.0,8,2024-04-22,Completed,0.0,484.36,Success
58997,2598.0,2,2022-03-31,Completed,0.0,0.0,Success
58998,1123.0,1,2025-02-20,Completed,0.0,0.0,Success
58999,2186.0,1,2024-09-01,Shipped,0.0,2244.44,Success
59000,2724.0,13,2023-04-08,Processing,0.0,0.0,Success
59001,1598.0,1,2022-06-03,Completed,0.0,11690.43,Success
59002,1138.0,1,2024-02-05,Completed,0.0,1407.82,Success
59003,1102.0,4,2022-11-04,Completed,0.0,71.34,Success
59004,1594.0,8,2022-05-25,Processing,0.0,0.0,Success
59005,1434.0,17,2024-12-04,Completed,0.0,121.31,Success
59006,2090.0,13,2024-03-04,Cancelled,0.0,376.48,Cancelled
59007,1577.0,5,2023-09-07,Shipped,0.0,0.0,Success
59008,2392.0,1,2024-12-02,Completed,0.0,72.37,Success
59009,1279.0,19,2026-06-27,Cancelled,0.0,533.38,Cancelled
59010,2941.0,1,2024-12-31,Completed,0.0,5494.41,Success
59011,2922.0,1,2024-09-26,Completed,0.0,0.0,Success
59012,1827.0,1,2024-03-06,Completed,0.0,975.96,Success
59013,1705.0,13,2026-03-18,Completed,0.0,0.0,Success
59014,1516.0,1,2026-03-30,Completed,99.0,66.99,Success
59015,1047.0,17,2025-06-27,Processing,0.0,0.0,Success
59016,1063.0,1,2026-06-05,Completed,0.0,0.0,Success
59017,2111.0,1,2024-12-08,Completed,0.0,0.0,Success
59018,2819.0,1,2022-10-23,Completed,0.0,201.6,Success
59019,2185.0,1,2022-03-28,Completed,0.0,0.0,Success
59020,2014.0,1,2024-07-25,Completed,0.0,0.0,Success
59021,2934.0,5,2025-08-27,Completed,0.0,309.19,Success
59022,2796.0,1,2024-09-28,Completed,0.0,903.86,Success
59023,1187.0,17,2023-07-07,Returned,0.0,7047.16,Refunded
59024,1934.0,12,2023-03-27,Processing,0.0,4119.03,Success
59025,2694.0,14,2022-04-26,Completed,0.0,0.0,Success
59026,1170.0,1,2023-01-23,Shipped,0.0,111.86,Success
59027,2651.0,6,2024-11-30,Completed,0.0,3184.02,Success
59028,2461.0,18,2022-05-03,Returned,0.0,0.0,Refunded
59029,1561.0,15,2022-11-27,Completed,0.0,0.0,Success
59030,2092.0,11,2022-09-10,Completed,0.0,259.6,Success
59031,2680.0,3,2023-03-22,Completed,0.0,48.23,Success
59032,1343.0,6,2023-10-24,Completed,0.0,0.0,Success
59033,1641.0,3,2022-06-12,Completed,0.0,241.5,Success
59034,2476.0,20,2023-09-03,Shipped,0.0,103.99,Success
59035,2463.0,1,2025-10-08,Completed,0.0,341.48,Success
59036,1912.0,16,2022-04-07,Returned,0.0,206.44,Refunded
59037,2684.0,16,2025-11-18,Completed,0.0,485.33,Success
59038,1573.0,2,2023-06-12,Completed,0.0,0.0,Success
59039,2705.0,19,2024-03-05,Completed,0.0,0.0,Success
59040,1237.0,1,2023-09-18,Completed,0.0,217.76,Success
59041,1298.0,10,2024-06-20,Completed,0.0,0.0,Success
59042,2052.0,3,2022-09-29,Completed,0.0,0.0,Success
59043,1706.0,3,2025-05-19,Shipped,0.0,0.0,Success
59044,1534.0,1,2022-12-22,Returned,0.0,0.0,Refunded
59045,1821.0,5,2025-08-11,Completed,0.0,1031.63,Success
59046,2332.0,17,2022-11-05,Completed,0.0,0.0,Success
59047,1466.0,10,2022-08-30,Completed,0.0,658.22,Success
59048,1881.0,19,2025-05-23,Completed,0.0,2752.12,Success
59049,1782.0,5,2022-09-01,Completed,0.0,0.0,Success
59050,1031.0,20,2025-03-24,Completed,0.0,233.85,Success
59051,2925.0,13,2024-08-22,Completed,0.0,0.0,Success
59052,2230.0,2,2024-08-07,Completed,0.0,1777.88,Success
59053,2522.0,8,2024-03-25,Completed,0.0,725.05,Success
59054,1335.0,7,2025-04-24,Completed,0.0,72.34,Success
59055,1314.0,9,2025-06-22,Completed,0.0,1029.06,Success
59056,1725.0,1,2024-09-13,Completed,0.0,0.0,Success
59057,2777.0,1,2026-02-22,Completed,99.0,0.0,Success
59058,1696.0,1,2024-12-05,Completed,99.0,0.0,Success
59059,1998.0,7,2022-07-03,Completed,0.0,0.0,Success
59060,2229.0,8,2025-01-05,Completed,0.0,4358.64,Success
59061,1548.0,1,2025-07-08,Processing,0.0,641.77,Success
59062,2159.0,1,2025-08-21,Completed,0.0,622.94,Success
59063,2703.0,1,2023-02-09,Completed,0.0,2579.56,Success
59064,2307.0,14,2022-06-25,Completed,0.0,1356.31,Success
59065,2709.0,1,2026-04-30,Completed,0.0,832.73,Success
59066,1565.0,1,2023-11-26,Cancelled,0.0,276.41,Cancelled
59067,2389.0,13,2022-10-30,Shipped,0.0,1497.93,Success
59068,1855.0,1,2023-02-08,Completed,99.0,0.0,Success
59069,2230.0,4,2024-09-27,Completed,0.0,0.0,Success
59070,2941.0,14,2023-03-25,Completed,0.0,2394.11,Success
59071,2694.0,11,2026-06-01,Returned,0.0,258.86,Refunded
59072,1917.0,3,2025-03-25,Completed,0.0,0.0,Success
59073,2778.0,1,2024-11-10,Completed,0.0,276.41,Success
59074,2306.0,2,2024-05-09,Cancelled,0.0,209.9,Cancelled
59075,2790.0,14,2022-03-30,Completed,0.0,35.39,Success
59076,2059.0,4,2025-01-27,Completed,0.0,0.0,Success
59077,1301.0,8,2024-05-08,Completed,0.0,4862.01,Success
59078,2114.0,1,2025-10-22,Processing,0.0,0.0,Success
59079,1630.0,20,2023-05-30,Completed,0.0,455.35,Success
59080,1260.0,19,2025-06-12,Completed,0.0,196.61,Success
59081,2521.0,11,2024-09-05,Completed,0.0,0.0,Success
59082,2801.0,1,2024-03-23,Completed,0.0,301.29,Success
59083,1089.0,17,2022-05-01,Completed,0.0,435.03,Success
59084,2736.0,1,2024-06-15,Completed,0.0,83.84,Success
59085,2691.0,9,2022-02-19,Shipped,0.0,0.0,Success
59086,1527.0,19,2023-06-20,Completed,0.0,151.93,Success
59087,1605.0,9,2022-02-17,Completed,0.0,482.81,Success
59088,1234.0,17,2025-05-14,Completed,0.0,0.0,Success
59089,1106.0,14,2022-09-02,Cancelled,0.0,1417.91,Cancelled
59090,2804.0,1,2025-05-15,Completed,0.0,0.0,Success
59091,1831.0,2,2023-04-24,Completed,0.0,0.0,Success
59092,2064.0,7,2022-03-14,Completed,0.0,2390.0,Success
59093,2729.0,1,2025-04-26,Completed,99.0,0.0,Success
59094,2275.0,11,2022-04-19,Completed,0.0,0.0,Success
59095,2644.0,12,2024-07-22,Returned,0.0,0.0,Refunded
59096,1218.0,20,2024-10-10,Returned,0.0,934.6,Refunded
59097,1302.0,9,2026-05-21,Completed,0.0,3573.4,Success
59098,1197.0,6,2024-01-11,Completed,0.0,699.68,Success
59099,1447.0,17,2022-03-05,Completed,0.0,173.7,Success
59100,2252.0,1,2022-11-21,Completed,0.0,3861.11,Success
59101,1187.0,10,2023-01-29,Completed,0.0,0.0,Success
59102,1524.0,1,2023-02-11,Completed,0.0,480.5,Success
59103,2318.0,5,2025-01-08,Completed,0.0,0.0,Success
59104,2971.0,1,2026-02-24,Completed,0.0,0.0,Success
59105,1036.0,12,2024-02-25,Shipped,0.0,10625.67,Success
59106,2077.0,7,2023-06-05,Completed,0.0,0.0,Success
59107,,17,2022-10-21,Completed,0.0,0.0,Success
59108,2055.0,9,2025-05-01,Completed,0.0,0.0,Success
59109,2010.0,13,2025-04-23,Completed,0.0,0.0,Success
59110,1768.0,1,2024-06-12,Completed,0.0,2625.89,Success
59111,2600.0,1,2025-12-30,Completed,0.0,2698.73,Success
59112,1645.0,13,2022-06-18,Completed,0.0,0.0,Success
59113,1899.0,1,2022-04-27,Completed,0.0,0.0,Success
59114,,20,2024-02-04,Completed,0.0,139.99,Success
59115,2952.0,10,2024-02-20,Completed,0.0,0.0,Success
59116,2698.0,17,2024-01-29,Completed,0.0,3454.21,Success
59117,1788.0,5,2025-04-03,Completed,0.0,0.0,Success
59118,2367.0,1,2025-06-12,Completed,0.0,0.0,Success
59119,1347.0,18,2022-01-24,Completed,0.0,0.0,Success
59120,1417.0,4,2024-06-20,Completed,0.0,0.0,Success
59121,2882.0,9,2022-01-19,Processing,0.0,0.0,Success
59122,2307.0,7,2023-07-09,Processing,0.0,0.0,Success
59123,1346.0,1,2026-04-26,Completed,0.0,0.0,Success
59124,2343.0,6,2024-05-22,Shipped,0.0,548.68,Success
59125,1077.0,4,2025-01-30,Processing,0.0,0.0,Success
59126,1989.0,15,2023-01-04,Processing,0.0,0.0,Success
59127,1739.0,10,2023-12-05,Completed,0.0,3240.31,Success
59128,1399.0,19,2022-11-05,Shipped,0.0,0.0,Success
59129,2000.0,1,2022-03-12,Shipped,0.0,0.0,Success
59130,2764.0,14,2022-12-08,Completed,0.0,859.85,Success
59131,1321.0,19,2025-10-15,Completed,0.0,200.96,Success
59132,2707.0,17,2022-11-12,Cancelled,0.0,1467.33,Cancelled
59133,2977.0,1,2022-05-02,Completed,0.0,164.11,Success
59134,1678.0,6,2025-07-08,Completed,0.0,0.0,Success
59135,1516.0,13,2022-06-17,Completed,0.0,754.2,Success
59136,1149.0,1,2025-01-01,Processing,0.0,549.24,Success
59137,1751.0,13,2024-11-25,Processing,0.0,0.0,Success
59138,2072.0,1,2022-08-02,Shipped,0.0,3994.49,Success
59139,2968.0,15,2022-10-21,Shipped,0.0,32.23,Success
59140,1611.0,1,2024-08-15,Completed,0.0,955.4,Success
59141,1872.0,1,2024-11-08,Cancelled,0.0,0.0,Cancelled
59142,1894.0,1,2025-01-23,Completed,0.0,1813.38,Success
59143,1521.0,1,2023-08-24,Completed,0.0,28.9,Success
59144,1436.0,11,2026-05-30,Completed,0.0,0.0,Success
59145,2177.0,1,2026-02-08,Completed,99.0,0.0,Success
59146,1060.0,1,2026-06-14,Shipped,0.0,703.22,Success
59147,2142.0,1,2022-12-09,Completed,0.0,0.0,Success
59148,2442.0,1,2026-02-10,Completed,0.0,419.97,Success
59149,1072.0,1,2026-04-18,Completed,0.0,0.0,Success
59150,2184.0,14,2023-11-27,Completed,0.0,2962.48,Success
59151,2161.0,19,2026-02-05,Returned,0.0,912.02,Refunded
59152,1164.0,1,2025-07-26,Shipped,0.0,2896.84,Success
59153,1138.0,8,2024-05-09,Cancelled,0.0,0.0,Cancelled
59154,1815.0,1,2024-10-21,Completed,0.0,1821.31,Success
59155,2579.0,9,2024-07-23,Completed,0.0,2840.06,Success
59156,2291.0,1,2023-10-18,Completed,0.0,0.0,Success
59157,2345.0,7,2023-05-18,Completed,0.0,3032.75,Success
59158,2628.0,18,2022-02-26,Completed,0.0,968.73,Success
59159,1079.0,19,2024-04-22,Completed,0.0,68.6,Success
59160,1980.0,5,2025-06-19,Completed,0.0,553.89,Success
59161,1918.0,1,2026-05-01,Completed,0.0,1143.33,Success
59162,1850.0,1,2024-03-26,Completed,0.0,0.0,Success
59163,1417.0,1,2025-03-18,Completed,0.0,703.22,Success
59164,2815.0,18,2023-07-31,Shipped,0.0,142.71,Success
59165,,5,2022-08-18,Cancelled,0.0,0.0,Cancelled
59166,2018.0,1,2022-09-11,Completed,0.0,485.8,Success
59167,1964.0,1,2024-02-28,Shipped,0.0,615.81,Success
59168,1239.0,13,2024-04-09,Completed,0.0,313.94,Success
59169,1829.0,1,2026-01-01,Cancelled,0.0,16.11,Cancelled
59170,1605.0,14,2025-02-20,Completed,0.0,259.82,Success
59171,2243.0,1,2023-02-06,Cancelled,0.0,202.24,Cancelled
59172,2898.0,11,2023-11-26,Completed,0.0,0.0,Success
59173,1440.0,1,2023-04-20,Cancelled,0.0,0.0,Cancelled
59174,1244.0,20,2026-03-29,Completed,0.0,5754.18,Success
59175,1066.0,12,2026-05-24,Shipped,0.0,0.0,Success
59176,1709.0,3,2022-04-08,Completed,0.0,567.75,Success
59177,1118.0,10,2025-05-07,Completed,0.0,4481.32,Success
59178,1986.0,17,2026-06-22,Cancelled,0.0,0.0,Cancelled
59179,1192.0,1,2024-02-08,Cancelled,0.0,0.0,Cancelled
59180,2025.0,19,2025-08-07,Completed,0.0,92.36,Success
59181,2550.0,20,2025-02-09,Returned,0.0,0.0,Refunded
59182,1398.0,1,2024-12-14,Completed,0.0,4041.79,Success
59183,2062.0,20,2026-01-01,Completed,0.0,0.0,Success
59184,2298.0,10,2025-06-16,Completed,0.0,489.03,Success
59185,1904.0,1,2024-06-10,Completed,0.0,0.0,Success
59186,1594.0,20,2023-10-20,Completed,0.0,0.0,Success
59187,1439.0,1,2024-08-03,Completed,0.0,550.29,Success
59188,1067.0,9,2023-03-17,Completed,0.0,0.0,Success
59189,1796.0,14,2025-04-09,Completed,0.0,0.0,Success
59190,2365.0,1,2022-07-02,Completed,0.0,4473.57,Success
59191,1007.0,8,2024-01-02,Completed,0.0,0.0,Success
59192,2690.0,5,2023-05-05,Completed,0.0,0.0,Success
59193,1544.0,13,2023-12-17,Processing,0.0,482.08,Success
59194,2505.0,3,2026-03-11,Completed,0.0,4667.97,Success
59195,2517.0,1,2025-02-23,Completed,0.0,0.0,Success
59196,1727.0,1,2022-10-05,Completed,99.0,0.0,Success
59197,2269.0,18,2024-03-18,Completed,0.0,25.41,Success
59198,1359.0,6,2024-02-12,Completed,0.0,0.0,Success
59199,1552.0,2,2025-09-13,Completed,0.0,325.66,Success
59200,2092.0,1,2022-01-11,Completed,0.0,1838.99,Success
59201,2338.0,1,2022-12-05,Completed,0.0,0.0,Success
59202,1751.0,11,2024-09-11,Processing,0.0,0.0,Success
59203,2264.0,20,2025-01-24,Completed,0.0,4625.36,Success
59204,2856.0,1,2022-05-22,Completed,0.0,0.0,Success
59205,,5,2026-01-02,Shipped,0.0,0.0,Success
59206,1048.0,1,2023-02-02,Completed,0.0,0.0,Success
59207,2586.0,12,2025-10-25,Completed,0.0,1378.88,Success
59208,1072.0,10,2025-10-31,Processing,0.0,0.0,Success
59209,1100.0,10,2025-11-25,Completed,0.0,0.0,Success
59210,1692.0,5,2026-02-02,Completed,0.0,610.79,Success
59211,2370.0,1,2026-05-22,Completed,0.0,0.0,Success
59212,2059.0,11,2025-02-14,Processing,0.0,0.0,Success
59213,2694.0,9,2023-12-18,Completed,0.0,934.77,Success
59214,2254.0,1,2024-12-03,Completed,0.0,102.39,Success
59215,1440.0,13,2023-05-16,Completed,0.0,766.69,Success
59216,2911.0,1,2026-02-04,Processing,0.0,163.87,Success
59217,1973.0,1,2023-09-11,Completed,0.0,1810.61,Success
59218,2133.0,4,2024-03-31,Completed,0.0,352.55,Success
59219,1520.0,1,2023-01-06,Completed,0.0,0.0,Success
59220,2115.0,5,2023-12-29,Processing,0.0,0.0,Success
59221,2288.0,1,2024-12-31,Completed,0.0,1771.62,Success
59222,2072.0,1,2022-06-27,Completed,0.0,144.77,Success
59223,2338.0,1,2023-12-12,Completed,0.0,0.0,Success
59224,2912.0,1,2024-03-10,Completed,0.0,539.82,Success
59225,1383.0,4,2025-07-18,Completed,0.0,330.6,Success
59226,1804.0,16,2022-03-16,Shipped,0.0,0.0,Success
59227,1755.0,1,2035-12-31,Returned,0.0,438.96,Refunded
59228,2731.0,6,2022-03-06,Completed,0.0,0.0,Success
59229,1956.0,1,2025-07-27,Completed,0.0,0.0,Success
59230,1530.0,1,2026-03-13,Completed,0.0,0.0,Success
59231,1300.0,12,2022-11-22,Processing,0.0,347.91,Success
59232,1910.0,2,2025-03-11,Completed,0.0,1180.5,Success
59233,2233.0,12,2022-04-11,Returned,0.0,0.0,Refunded
59234,1809.0,11,2025-04-27,Completed,0.0,280.64,Success
59235,1870.0,14,2024-06-17,Completed,0.0,0.0,Success
59236,2945.0,13,2023-05-11,Returned,0.0,0.0,Refunded
59237,1379.0,1,2022-05-31,Completed,0.0,0.0,Success
59238,2432.0,5,2022-07-11,Completed,0.0,0.0,Success
59239,1203.0,14,2025-09-18,Processing,0.0,19913.4,Success
59240,2765.0,1,2025-03-13,Completed,0.0,0.0,Success
59241,1165.0,14,2023-10-26,Cancelled,0.0,4274.94,Cancelled
59242,1576.0,4,2022-12-06,Completed,0.0,1547.1,Success
59243,1055.0,1,2025-10-24,Completed,0.0,871.73,Success
59244,1604.0,13,2022-01-10,Completed,0.0,109.91,Success
59245,1852.0,1,2022-05-15,Completed,0.0,0.0,Success
59246,1588.0,12,2026-01-11,Cancelled,0.0,483.42,Cancelled
59247,1723.0,1,2024-04-06,Shipped,0.0,0.0,Success
59248,2374.0,1,2026-05-10,Completed,0.0,656.61,Success
59249,2597.0,4,2026-03-18,Completed,0.0,0.0,Success
59250,2113.0,7,2026-03-10,Completed,0.0,0.0,Success
59251,1775.0,1,2024-09-07,Completed,0.0,0.0,Success
59252,2012.0,5,2026-04-22,Completed,0.0,771.58,Success
59253,1445.0,1,2024-12-15,Completed,0.0,736.61,Success
59254,1339.0,14,2024-09-09,Processing,0.0,717.41,Success
59255,1565.0,1,2025-11-28,Processing,0.0,0.0,Success
59256,2252.0,3,2022-12-24,Completed,0.0,2433.78,Success
59257,1563.0,17,2023-01-28,Completed,0.0,0.0,Success
59258,2467.0,6,2025-03-01,Cancelled,0.0,0.0,Cancelled
59259,2327.0,11,2025-04-29,Completed,0.0,0.0,Success
59260,2464.0,7,2022-05-15,Processing,0.0,259.19,Success
59261,1573.0,18,2026-05-08,Completed,0.0,0.0,Success
59262,1290.0,10,2022-11-16,Completed,0.0,1860.53,Success
59263,,3,2022-08-17,Completed,0.0,0.0,Success
59264,2630.0,1,2022-07-04,Processing,0.0,0.0,Success
59265,1932.0,2,2026-02-04,Completed,0.0,1174.22,Success
59266,1817.0,10,2024-05-31,Completed,0.0,0.0,Success
59267,2103.0,2,2024-01-02,Completed,0.0,115.67,Success
59268,2157.0,1,2026-01-05,Shipped,0.0,0.0,Success
59269,2783.0,4,2024-01-24,Completed,0.0,0.0,Success
59270,2961.0,1,2024-12-25,Completed,0.0,9397.37,Success
59271,2152.0,6,2023-10-16,Completed,0.0,206.13,Success
59272,1480.0,13,2023-06-30,Cancelled,0.0,1061.34,Cancelled
59273,1302.0,1,2024-08-03,Completed,0.0,859.85,Success
59274,2047.0,14,2023-09-20,Completed,0.0,19853.51,Success
59275,2643.0,1,2022-08-26,Completed,0.0,0.0,Success
59276,2997.0,19,2023-10-14,Completed,0.0,0.0,Success
59277,2467.0,1,2026-01-19,Processing,0.0,0.0,Success
59278,1282.0,14,2023-06-24,Completed,0.0,1144.99,Success
59279,1784.0,4,2024-12-27,Completed,0.0,1376.46,Success
59280,1850.0,16,2025-12-09,Completed,0.0,870.06,Success
59281,1440.0,5,2023-04-28,Processing,0.0,0.0,Success
59282,1874.0,18,2022-11-19,Processing,0.0,129.43,Success
59283,2642.0,7,2022-09-18,Completed,0.0,220.22,Success
59284,1545.0,1,2025-12-08,Completed,0.0,77.88,Success
59285,1655.0,1,2022-05-05,Completed,99.0,0.0,Success
59286,2113.0,6,2024-03-30,Completed,0.0,0.0,Success
59287,1212.0,1,2026-06-19,Completed,99.0,0.0,Success
59288,2238.0,1,2024-09-03,Completed,0.0,206.13,Success
59289,2764.0,10,2023-08-12,Shipped,0.0,640.64,Success
59290,2525.0,1,2023-02-19,Completed,0.0,351.61,Success
59291,1855.0,4,2022-03-01,Processing,0.0,0.0,Success
59292,1366.0,1,2026-06-15,Completed,0.0,0.0,Success
59293,2881.0,20,2025-05-03,Completed,0.0,0.0,Success
59294,1355.0,1,2023-11-03,Completed,0.0,330.6,Success
59295,1998.0,20,2026-01-18,Completed,0.0,0.0,Success
59296,1109.0,1,2023-03-15,Completed,0.0,236.74,Success
59297,2985.0,20,2026-01-19,Cancelled,0.0,245.23,Cancelled
59298,2154.0,8,2022-11-10,Completed,0.0,0.0,Success
59299,1702.0,2,2022-03-23,Completed,0.0,69.97,Success
59300,1594.0,10,2023-06-05,Completed,0.0,159.77,Success
59301,2611.0,1,2023-08-26,Completed,99.0,0.0,Success
59302,1752.0,20,2023-09-23,Completed,0.0,348.47,Success
59303,1119.0,14,2022-01-08,Completed,0.0,0.0,Success
59304,1851.0,6,2026-06-10,Completed,0.0,1740.98,Success
59305,1429.0,1,2023-10-27,Completed,0.0,0.0,Success
59306,1754.0,6,2026-01-28,Processing,0.0,0.0,Success
59307,2300.0,1,2022-09-06,Completed,99.0,0.0,Success
59308,2605.0,6,2025-03-21,Completed,0.0,0.0,Success
59309,2844.0,17,2022-08-27,Completed,0.0,419.59,Success
59310,1743.0,5,2023-07-27,Completed,0.0,2436.23,Success
59311,1035.0,1,2023-01-08,Shipped,0.0,0.0,Success
59312,2652.0,1,2023-07-22,Processing,0.0,0.0,Success
59313,1574.0,14,2023-10-28,Completed,0.0,0.0,Success
59314,2611.0,1,2025-08-09,Completed,0.0,2222.21,Success
59315,2213.0,6,2023-07-27,Completed,0.0,160.54,Success
59316,2190.0,10,2023-04-11,Completed,0.0,851.63,Success
59317,1424.0,7,2023-04-26,Cancelled,0.0,0.0,Cancelled
59318,1673.0,1,2022-09-22,Completed,0.0,0.0,Success
59319,1427.0,15,2023-07-16,Completed,0.0,0.0,Success
59320,2116.0,19,2023-03-01,Completed,0.0,3700.29,Success
59321,1364.0,3,2025-05-15,Completed,0.0,0.0,Success
59322,2945.0,4,2023-11-01,Completed,0.0,0.0,Success
59323,2491.0,1,2024-03-21,Completed,99.0,0.0,Success
59324,2115.0,14,2026-04-10,Completed,0.0,3883.41,Success
59325,1879.0,6,2026-04-12,Completed,0.0,0.0,Success
59326,2500.0,2,2025-11-06,Completed,0.0,1396.55,Success
59327,1402.0,18,2024-03-02,Completed,0.0,2273.92,Success
59328,1550.0,14,2023-12-19,Cancelled,0.0,590.25,Cancelled
59329,1217.0,7,2023-12-23,Completed,0.0,1719.71,Success
59330,2472.0,2,2023-01-26,Completed,0.0,111.78,Success
59331,1413.0,16,2025-12-07,Returned,0.0,81.46,Refunded
59332,2287.0,1,2023-05-22,Completed,0.0,0.0,Success
59333,2411.0,1,2026-05-02,Shipped,0.0,0.0,Success
59334,2999.0,6,2022-08-16,Shipped,0.0,703.72,Success
59335,1105.0,1,2025-10-18,Processing,0.0,0.0,Success
59336,1781.0,11,2023-02-12,Completed,0.0,0.0,Success
59337,1977.0,1,2024-01-16,Completed,0.0,0.0,Success
59338,2352.0,1,2025-12-25,Completed,0.0,678.16,Success
59339,2543.0,14,2035-12-31,Completed,0.0,170.74,Success
59340,1203.0,1,2022-12-03,Completed,0.0,259.08,Success
59341,2706.0,1,2023-05-15,Completed,0.0,0.0,Success
59342,1517.0,1,2025-02-17,Completed,0.0,419.49,Success
59343,1035.0,10,2024-07-09,Completed,0.0,68.6,Success
59344,2739.0,1,2026-04-15,Completed,0.0,3123.7,Success
59345,1174.0,1,2022-12-07,Completed,0.0,147.45,Success
59346,2310.0,6,2026-01-12,Cancelled,0.0,182.2,Cancelled
59347,1298.0,12,2023-12-26,Cancelled,0.0,0.0,Cancelled
59348,2977.0,10,2023-07-10,Completed,0.0,435.86,Success
59349,2159.0,1,2023-08-30,Completed,99.0,0.0,Success
59350,2650.0,20,2023-11-08,Shipped,0.0,0.0,Success
59351,2786.0,14,2025-01-12,Completed,0.0,485.26,Success
59352,1383.0,10,2024-05-18,Completed,0.0,0.0,Success
59353,2034.0,11,2024-09-28,Completed,0.0,404.86,Success
59354,2427.0,17,2023-05-21,Completed,0.0,0.0,Success
59355,1356.0,8,2024-11-07,Completed,0.0,642.85,Success
59356,1817.0,1,2023-11-13,Completed,0.0,699.48,Success
59357,1646.0,15,2022-03-23,Completed,0.0,0.0,Success
59358,1056.0,1,2024-07-12,Completed,0.0,573.15,Success
59359,2854.0,17,2023-12-28,Completed,0.0,742.84,Success
59360,1628.0,13,2025-03-30,Completed,0.0,966.9,Success
59361,1764.0,20,2022-05-07,Shipped,0.0,0.0,Success
59362,2567.0,15,2025-04-24,Returned,0.0,173.21,Refunded
59363,2071.0,18,2025-12-29,Shipped,0.0,0.0,Success
59364,1430.0,1,2022-01-06,Completed,0.0,0.0,Success
59365,2933.0,1,2022-10-24,Completed,0.0,753.22,Success
59366,2277.0,1,2022-11-26,Processing,0.0,0.0,Success
59367,1066.0,1,2025-07-17,Completed,0.0,110.11,Success
59368,2883.0,4,2025-08-17,Completed,0.0,1687.1,Success
59369,1445.0,18,2023-07-02,Shipped,0.0,0.0,Success
59370,2706.0,13,2025-12-14,Completed,0.0,0.0,Success
59371,1563.0,1,2026-05-14,Processing,0.0,701.55,Success
59372,1407.0,6,2024-03-22,Completed,0.0,0.0,Success
59373,1895.0,13,2022-09-01,Completed,0.0,1254.78,Success
59374,1866.0,1,2024-04-22,Completed,0.0,0.0,Success
59375,2307.0,18,2025-10-01,Completed,0.0,278.31,Success
59376,2352.0,1,2025-01-01,Processing,0.0,260.9,Success
59377,1916.0,1,2023-09-17,Cancelled,0.0,47.34,Cancelled
59378,1727.0,9,2025-11-16,Completed,0.0,0.0,Success
59379,1521.0,4,2026-05-24,Completed,0.0,53.58,Success
59380,2616.0,1,2024-10-01,Cancelled,0.0,209.79,Cancelled
59381,2064.0,5,2022-10-07,Completed,0.0,1571.42,Success
59382,2265.0,3,2022-01-18,Processing,0.0,0.0,Success
59383,2148.0,8,2023-08-01,Shipped,0.0,489.7,Success
59384,1561.0,7,2024-12-09,Completed,0.0,54.93,Success
59385,2300.0,13,2022-08-14,Returned,0.0,550.29,Refunded
59386,1403.0,1,2026-05-03,Completed,0.0,0.0,Success
59387,2869.0,18,2023-05-11,Completed,0.0,910.71,Success
59388,1309.0,20,2025-03-31,Completed,0.0,518.37,Success
59389,2573.0,4,2023-08-11,Completed,0.0,3984.44,Success
59390,1511.0,3,2023-04-01,Completed,0.0,0.0,Success
59391,1689.0,15,2022-01-22,Completed,0.0,0.0,Success
59392,2882.0,16,2025-11-15,Completed,0.0,6059.35,Success
59393,2539.0,7,2024-10-16,Returned,0.0,2666.83,Refunded
59394,1580.0,12,2025-11-22,Processing,0.0,0.0,Success
59395,1516.0,10,2024-11-17,Returned,0.0,316.85,Refunded
59396,1131.0,14,2023-02-02,Shipped,0.0,128.38,Success
59397,1071.0,14,2022-01-04,Completed,0.0,0.0,Success
59398,1424.0,1,2024-09-08,Completed,0.0,2775.21,Success
59399,2767.0,16,2024-04-10,Completed,0.0,5635.41,Success
59400,2717.0,1,2023-03-14,Shipped,0.0,146.25,Success
59401,1216.0,9,2024-08-01,Completed,0.0,0.0,Success
59402,2404.0,9,2023-05-02,Processing,0.0,157.35,Success
59403,2373.0,1,2025-08-02,Completed,0.0,3085.41,Success
59404,2164.0,14,2022-09-16,Completed,0.0,467.21,Success
59405,2591.0,20,2022-10-26,Cancelled,0.0,3562.76,Cancelled
59406,2548.0,5,2025-06-05,Completed,0.0,10198.4,Success
59407,2478.0,15,2025-11-26,Completed,0.0,4841.15,Success
59408,2832.0,1,2024-02-21,Completed,0.0,1717.54,Success
59409,1054.0,4,2023-04-15,Completed,0.0,90.27,Success
59410,1161.0,16,2022-09-21,Completed,0.0,1160.08,Success
59411,1672.0,1,2025-02-20,Processing,0.0,12692.51,Success
59412,1636.0,14,2023-05-07,Cancelled,0.0,537.14,Cancelled
59413,1414.0,19,2023-06-22,Completed,0.0,1205.44,Success
59414,2915.0,14,2023-08-17,Processing,0.0,0.0,Success
59415,1594.0,11,2022-08-26,Completed,0.0,583.53,Success
59416,1037.0,15,2025-04-12,Completed,0.0,0.0,Success
59417,2823.0,11,2024-08-11,Completed,0.0,4837.48,Success
59418,1192.0,13,2026-02-19,Returned,0.0,281.53,Refunded
59419,1081.0,15,2022-06-10,Completed,0.0,2789.76,Success
59420,2548.0,2,2025-03-30,Completed,0.0,5352.29,Success
59421,1589.0,1,2023-02-28,Completed,0.0,0.0,Success
59422,2084.0,1,2022-11-25,Completed,0.0,105.82,Success
59423,1343.0,18,2025-01-01,Completed,0.0,73.12,Success
59424,1987.0,14,2022-04-25,Completed,0.0,1150.55,Success
59425,2662.0,7,2024-06-19,Completed,0.0,0.0,Success
59426,1619.0,7,2024-10-23,Shipped,0.0,543.81,Success
59427,1281.0,2,2022-10-09,Completed,0.0,0.0,Success
59428,1602.0,13,2025-12-29,Completed,0.0,0.0,Success
59429,1397.0,4,2022-07-29,Completed,0.0,0.0,Success
59430,2796.0,17,2022-07-29,Completed,0.0,0.0,Success
59431,1160.0,10,2022-12-26,Completed,0.0,191.02,Success
59432,2342.0,1,2024-10-28,Completed,0.0,2509.55,Success
59433,2896.0,7,2026-06-13,Completed,0.0,0.0,Success
59434,1476.0,1,2025-10-17,Completed,0.0,1918.42,Success
59435,2193.0,3,2022-07-09,Completed,0.0,0.0,Success
59436,1315.0,11,2026-05-24,Completed,0.0,2334.13,Success
59437,2304.0,14,2022-09-11,Cancelled,0.0,3092.91,Cancelled
59438,1904.0,5,2024-12-24,Completed,0.0,0.0,Success
59439,1838.0,13,2025-12-27,Shipped,0.0,0.0,Success
59440,2286.0,1,2022-08-06,Completed,0.0,0.0,Success
59441,1131.0,11,2026-03-14,Shipped,0.0,0.0,Success
59442,2630.0,20,2024-11-02,Completed,0.0,4747.44,Success
59443,2882.0,12,2023-01-30,Returned,0.0,0.0,Refunded
59444,2050.0,8,2023-11-23,Shipped,0.0,0.0,Success
59445,1288.0,1,2022-05-21,Completed,0.0,0.0,Success
59446,1474.0,1,2025-02-16,Processing,0.0,0.0,Success
59447,2028.0,1,2025-05-15,Completed,0.0,1308.89,Success
59448,2483.0,20,2025-06-13,Completed,0.0,432.05,Success
59449,2118.0,8,2025-10-27,Completed,0.0,1852.58,Success
59450,1465.0,1,2023-09-20,Completed,99.0,142.67,Success
59451,2726.0,1,2023-08-01,Processing,99.0,27.95,Success
59452,2254.0,1,2023-10-23,Shipped,0.0,6881.62,Success
59453,1209.0,1,2023-11-04,Completed,0.0,4027.43,Success
59454,1235.0,13,2025-11-02,Cancelled,0.0,0.0,Cancelled
59455,1962.0,7,2026-03-11,Processing,0.0,1047.01,Success
59456,2087.0,7,2025-04-16,Completed,0.0,0.0,Success
59457,2628.0,19,2024-04-07,Cancelled,0.0,0.0,Cancelled
59458,1439.0,1,2026-02-01,Completed,0.0,0.0,Success
59459,2906.0,8,2023-09-17,Completed,0.0,3555.77,Success
59460,2412.0,1,2024-06-11,Processing,0.0,829.35,Success
59461,1068.0,1,2022-01-12,Completed,0.0,2633.77,Success
59462,2230.0,1,2023-12-03,Shipped,0.0,5879.2,Success
59463,2849.0,19,2026-06-07,Completed,0.0,5169.05,Success
59464,1325.0,15,2023-11-13,Completed,0.0,223.72,Success
59465,2952.0,5,2025-07-08,Completed,0.0,69.63,Success
59466,1210.0,10,2025-10-04,Completed,0.0,53128.36,Success
59467,1366.0,7,2022-05-14,Completed,0.0,0.0,Success
59468,2402.0,1,2024-06-08,Completed,0.0,0.0,Success
59469,1824.0,1,2025-09-30,Completed,0.0,2892.48,Success
59470,1931.0,8,2026-04-20,Completed,0.0,34014.53,Success
59471,2488.0,9,2024-10-24,Completed,0.0,26.64,Success
59472,1643.0,1,2022-04-21,Completed,0.0,4759.69,Success
59473,2117.0,1,2023-11-16,Completed,0.0,4691.92,Success
59474,2654.0,11,2026-01-21,Processing,0.0,2049.85,Success
59475,1481.0,2,2025-06-09,Completed,0.0,1432.22,Success
59476,2916.0,11,2025-07-31,Processing,0.0,0.0,Success
59477,1627.0,1,2024-08-19,Completed,0.0,0.0,Success
59478,1164.0,9,2025-08-09,Completed,0.0,283.37,Success
59479,1747.0,1,2022-04-20,Processing,0.0,0.0,Success
59480,2849.0,1,2025-09-20,Shipped,0.0,163.42,Success
59481,1167.0,2,2024-11-02,Processing,0.0,0.0,Success
59482,1797.0,3,2024-05-10,Completed,0.0,42.47,Success
59483,1582.0,15,2025-06-15,Completed,0.0,0.0,Success
59484,2766.0,15,2026-01-18,Completed,0.0,7971.25,Success
59485,1097.0,6,2025-01-06,Completed,0.0,0.0,Success
59486,2060.0,11,2024-01-29,Completed,0.0,355.33,Success
59487,2434.0,1,2023-06-11,Completed,99.0,0.0,Success
59488,1893.0,18,2026-03-22,Completed,0.0,1616.17,Success
59489,1252.0,2,2025-10-11,Completed,0.0,39.19,Success
59490,2675.0,1,2023-10-19,Completed,0.0,0.0,Success
59491,1276.0,7,2026-04-17,Completed,0.0,0.0,Success
59492,1997.0,1,2025-05-21,Processing,0.0,1218.12,Success
59493,1180.0,1,2022-12-22,Returned,0.0,426.58,Refunded
59494,1568.0,16,2024-12-10,Cancelled,0.0,0.0,Cancelled
59495,1954.0,1,2023-11-07,Shipped,0.0,0.0,Success
59496,1772.0,10,2024-06-07,Completed,0.0,848.23,Success
59497,2595.0,1,2022-07-15,Completed,0.0,0.0,Success
59498,2079.0,1,2022-09-28,Completed,0.0,526.62,Success
59499,1340.0,20,2025-06-30,Completed,0.0,290.14,Success
59500,1550.0,3,2024-11-10,Completed,0.0,269.91,Success
59501,2857.0,13,2025-09-16,Completed,0.0,0.0,Success
59502,2489.0,3,2024-03-26,Completed,0.0,4481.32,Success
59503,2197.0,9,2022-11-15,Shipped,0.0,0.0,Success
59504,2384.0,19,2026-05-23,Completed,0.0,0.0,Success
59505,1360.0,11,2023-08-10,Completed,0.0,41.98,Success
59506,1322.0,16,2024-09-09,Shipped,0.0,1366.06,Success
59507,2362.0,19,2025-01-13,Completed,0.0,0.0,Success
59508,1282.0,8,2025-06-15,Processing,0.0,0.0,Success
59509,2108.0,2,2023-03-02,Processing,0.0,0.0,Success
59510,2121.0,1,2022-02-02,Completed,0.0,110.11,Success
59511,2653.0,1,2025-04-05,Returned,0.0,2656.42,Refunded
59512,2842.0,19,2023-01-28,Processing,0.0,445.61,Success
59513,1796.0,3,2025-11-18,Shipped,0.0,5216.45,Success
59514,1325.0,1,2024-03-04,Completed,0.0,82.36,Success
59515,1725.0,15,2025-03-28,Completed,0.0,5981.56,Success
59516,1781.0,5,2024-10-14,Completed,0.0,7759.87,Success
59517,2838.0,1,2025-01-31,Completed,99.0,37.23,Success
59518,2101.0,8,2022-07-28,Completed,0.0,0.0,Success
59519,1858.0,1,2022-05-22,Completed,0.0,8159.66,Success
59520,2922.0,1,2025-07-06,Completed,0.0,171.71,Success
59521,1520.0,18,2022-10-02,Processing,0.0,480.34,Success
59522,1632.0,1,2022-10-31,Completed,0.0,0.0,Success
59523,2479.0,19,2025-07-31,Shipped,0.0,303.81,Success
59524,1359.0,4,2025-04-15,Completed,0.0,158.11,Success
59525,1318.0,1,2025-03-05,Completed,0.0,61.09,Success
59526,1748.0,19,2025-01-15,Completed,0.0,221.63,Success
59527,2967.0,6,2025-11-14,Shipped,0.0,0.0,Success
59528,2450.0,16,2026-03-02,Completed,0.0,0.0,Success
59529,2701.0,2,2024-10-28,Processing,0.0,0.0,Success
59530,1149.0,14,2026-06-10,Shipped,0.0,3760.69,Success
59531,2086.0,14,2025-07-15,Completed,0.0,0.0,Success
59532,1912.0,18,2022-01-08,Completed,0.0,0.0,Success
59533,2295.0,1,2022-05-23,Processing,0.0,389.01,Success
59534,1637.0,1,2022-11-03,Shipped,0.0,0.0,Success
59535,1064.0,1,2024-11-14,Processing,0.0,0.0,Success
59536,1133.0,14,2024-05-29,Processing,0.0,1006.75,Success
59537,1922.0,1,2023-05-29,Completed,0.0,6120.52,Success
59538,1470.0,18,2022-02-17,Completed,0.0,0.0,Success
59539,2261.0,19,2024-03-14,Completed,0.0,0.0,Success
59540,2769.0,7,2025-04-25,Completed,0.0,0.0,Success
59541,2102.0,1,2023-06-04,Completed,99.0,0.0,Success
59542,2236.0,1,2026-04-11,Completed,0.0,283.57,Success
59543,1533.0,17,2022-01-24,Completed,0.0,8028.44,Success
59544,1852.0,1,2022-01-21,Completed,0.0,0.0,Success
59545,1019.0,1,2023-11-03,Shipped,0.0,246.51,Success
59546,2820.0,20,2022-09-23,Completed,0.0,0.0,Success
59547,1421.0,3,2022-01-15,Cancelled,0.0,0.0,Cancelled
59548,2239.0,3,2024-05-05,Completed,0.0,81.72,Success
59549,1623.0,1,2023-12-09,Completed,0.0,0.0,Success
59550,1141.0,4,2026-06-06,Completed,0.0,40.87,Success
59551,1483.0,17,2023-04-28,Completed,0.0,15351.17,Success
59552,2777.0,13,2023-09-12,Completed,0.0,0.0,Success
59553,2658.0,11,2025-04-20,Shipped,0.0,28.9,Success
59554,1996.0,20,2024-09-30,Completed,0.0,383.83,Success
59555,2070.0,18,2022-10-30,Completed,0.0,2433.3,Success
59556,2703.0,9,2022-09-02,Processing,0.0,27.33,Success
59557,1298.0,1,2024-12-28,Processing,0.0,0.0,Success
59558,1209.0,12,2024-04-29,Shipped,0.0,987.33,Success
59559,2776.0,10,2023-11-10,Completed,0.0,2482.85,Success
59560,1701.0,12,2024-12-23,Completed,0.0,294.38,Success
59561,1567.0,12,2024-10-21,Completed,0.0,0.0,Success
59562,1080.0,1,2025-01-17,Processing,0.0,763.4,Success
59563,2140.0,3,2025-09-27,Completed,0.0,0.0,Success
59564,1983.0,2,2022-10-27,Completed,0.0,0.0,Success
59565,1681.0,6,2025-03-10,Shipped,0.0,4672.13,Success
59566,1787.0,17,2022-03-07,Completed,0.0,2919.21,Success
59567,1413.0,1,2025-07-13,Completed,0.0,0.0,Success
59568,1416.0,1,2026-02-05,Processing,0.0,1080.1,Success
59569,1209.0,13,2024-02-28,Completed,0.0,1040.12,Success
59570,1412.0,5,2025-07-21,Completed,0.0,0.0,Success
59571,2822.0,12,2024-01-27,Completed,0.0,53.64,Success
59572,2486.0,19,2022-09-06,Completed,0.0,1814.48,Success
59573,1584.0,6,2022-12-18,Completed,0.0,1514.84,Success
59574,1994.0,19,2022-09-14,Completed,0.0,1675.02,Success
59575,1144.0,10,2022-07-23,Completed,0.0,223.72,Success
59576,1821.0,1,2025-06-02,Completed,0.0,0.0,Success
59577,1736.0,1,2026-03-13,Returned,0.0,0.0,Refunded
59578,1213.0,1,2023-01-15,Completed,99.0,0.0,Success
59579,1536.0,13,2022-05-31,Completed,0.0,567.14,Success
59580,2352.0,1,2023-07-18,Completed,0.0,617.53,Success
59581,1178.0,1,2024-06-01,Completed,0.0,3722.7,Success
59582,1766.0,1,2023-01-08,Returned,0.0,12334.24,Refunded
59583,1210.0,5,2022-08-11,Completed,0.0,541.28,Success
59584,2876.0,15,2025-06-12,Completed,0.0,0.0,Success
59585,2068.0,7,2023-02-10,Shipped,0.0,0.0,Success
59586,1491.0,14,2025-03-14,Completed,0.0,899.77,Success
59587,2966.0,15,2026-06-30,Shipped,0.0,394.05,Success
59588,1244.0,4,2025-03-23,Completed,0.0,0.0,Success
59589,1113.0,5,2024-09-09,Completed,0.0,0.0,Success
59590,2260.0,20,2023-07-20,Completed,0.0,1172.87,Success
59591,2241.0,11,2022-02-18,Completed,0.0,0.0,Success
59592,1070.0,1,2023-04-07,Completed,0.0,284.04,Success
59593,2625.0,8,2025-04-28,Completed,0.0,0.0,Success
59594,1136.0,1,2024-07-22,Completed,0.0,1757.14,Success
59595,1795.0,1,2025-10-15,Shipped,99.0,0.0,Success
59596,1840.0,14,2024-09-03,Processing,0.0,0.0,Success
59597,2770.0,1,2023-11-02,Completed,0.0,0.0,Success
59598,1792.0,14,2026-05-05,Processing,0.0,2450.06,Success
59599,2067.0,10,2022-07-18,Shipped,0.0,4641.31,Success
59600,1828.0,11,2022-01-05,Returned,0.0,0.0,Refunded
59601,1601.0,1,2023-10-11,Completed,0.0,7333.48,Success
59602,1553.0,19,2023-12-14,Completed,0.0,0.0,Success
59603,2119.0,18,2022-03-09,Completed,0.0,0.0,Success
59604,1549.0,1,2022-02-03,Returned,0.0,3952.32,Refunded
59605,2687.0,20,2023-02-08,Completed,0.0,0.0,Success
59606,2701.0,3,2023-07-13,Completed,0.0,461.58,Success
59607,2390.0,13,2025-01-04,Completed,0.0,0.0,Success
59608,1944.0,14,2024-07-27,Completed,0.0,0.0,Success
59609,1283.0,1,2023-04-08,Completed,99.0,0.0,Success
59610,1455.0,13,2024-04-18,Completed,0.0,602.58,Success
59611,2073.0,5,2024-01-30,Completed,0.0,2262.61,Success
59612,1582.0,1,2025-03-08,Completed,0.0,0.0,Success
59613,1122.0,13,2022-07-21,Completed,0.0,0.0,Success
59614,1927.0,1,2022-08-28,Shipped,0.0,1443.3,Success
59615,1309.0,1,2022-09-24,Completed,99.0,0.0,Success
59616,2523.0,2,2024-08-27,Cancelled,0.0,580.04,Cancelled
59617,1127.0,19,2022-12-12,Processing,0.0,464.58,Success
59618,2308.0,1,2024-01-26,Completed,0.0,1000.02,Success
59619,2493.0,1,2025-08-06,Completed,0.0,0.0,Success
59620,1678.0,19,2023-03-10,Completed,0.0,1877.44,Success
59621,2824.0,1,2022-11-27,Completed,0.0,5713.34,Success
59622,1042.0,8,2022-02-06,Shipped,0.0,0.0,Success
59623,1274.0,1,2022-01-20,Cancelled,0.0,0.0,Cancelled
59624,2655.0,20,2024-02-23,Completed,0.0,0.0,Success
59625,1078.0,2,2025-06-03,Completed,0.0,479.3,Success
59626,1299.0,16,2025-07-03,Shipped,0.0,0.0,Success
59627,2237.0,20,2022-01-18,Returned,0.0,0.0,Refunded
59628,1144.0,20,2026-06-14,Completed,0.0,1481.24,Success
59629,2565.0,12,2023-02-11,Returned,0.0,1285.7,Refunded
59630,2598.0,1,2022-12-22,Returned,0.0,609.06,Refunded
59631,2762.0,1,2022-07-19,Shipped,99.0,288.11,Success
59632,2002.0,9,2025-04-03,Completed,0.0,25078.2,Success
59633,1948.0,1,2025-05-06,Completed,0.0,466.08,Success
59634,2471.0,3,2025-12-09,Completed,0.0,1024.44,Success
59635,1987.0,5,2022-07-08,Completed,0.0,0.0,Success
59636,1459.0,1,2024-08-12,Shipped,0.0,0.0,Success
59637,2317.0,1,2025-08-08,Completed,0.0,9376.6,Success
59638,2469.0,18,2025-04-12,Returned,0.0,0.0,Refunded
59639,1376.0,6,2022-10-10,Completed,0.0,767.43,Success
59640,1916.0,4,2023-05-18,Completed,0.0,171.71,Success
59641,2196.0,1,2025-10-05,Shipped,0.0,1302.91,Success
59642,2230.0,1,2025-03-24,Completed,0.0,0.0,Success
59643,2378.0,18,2025-11-20,Returned,0.0,0.0,Refunded
59644,2642.0,1,2023-10-25,Completed,0.0,4747.44,Success
59645,2033.0,1,2023-05-20,Completed,0.0,0.0,Success
59646,1719.0,11,2023-11-23,Completed,0.0,573.81,Success
59647,2238.0,19,2023-06-23,Completed,0.0,209.79,Success
59648,2915.0,12,2025-12-04,Processing,0.0,0.0,Success
59649,2867.0,9,2026-01-30,Completed,0.0,341.08,Success
59650,2780.0,1,2022-10-31,Returned,0.0,477.91,Refunded
59651,2739.0,1,2025-09-30,Processing,99.0,0.0,Success
59652,2723.0,1,2023-09-26,Shipped,0.0,0.0,Success
59653,2689.0,8,2022-05-04,Processing,0.0,0.0,Success
59654,2388.0,4,2024-08-18,Completed,0.0,326.98,Success
59655,1125.0,1,2025-12-20,Completed,0.0,607.58,Success
59656,2623.0,9,2022-06-12,Completed,0.0,0.0,Success
59657,2978.0,1,2026-06-12,Completed,0.0,0.0,Success
59658,1747.0,1,2026-05-28,Completed,0.0,1703.26,Success
59659,1809.0,8,2024-03-17,Returned,0.0,362.54,Refunded
59660,1801.0,1,2024-10-11,Processing,0.0,289.54,Success
59661,2080.0,1,2035-12-31,Completed,0.0,0.0,Success
59662,2662.0,5,2023-09-24,Completed,0.0,345.48,Success
59663,1406.0,16,2022-07-02,Shipped,0.0,0.0,Success
59664,1652.0,1,2025-02-09,Completed,0.0,802.97,Success
59665,2940.0,1,2022-08-25,Completed,0.0,0.0,Success
59666,2402.0,15,2023-06-08,Returned,0.0,827.27,Refunded
59667,2758.0,1,2024-08-07,Returned,0.0,0.0,Refunded
59668,1879.0,1,2022-01-08,Completed,0.0,2509.55,Success
59669,1519.0,14,2025-12-10,Shipped,0.0,284.47,Success
59670,1411.0,1,2025-01-05,Shipped,0.0,2332.35,Success
59671,1413.0,12,2022-04-13,Completed,0.0,0.0,Success
59672,2429.0,1,2024-09-01,Completed,0.0,267.42,Success
59673,2793.0,1,2023-07-18,Returned,0.0,0.0,Refunded
59674,2835.0,1,2023-11-11,Completed,0.0,619.74,Success
59675,1438.0,1,2023-06-18,Processing,0.0,823.19,Success
59676,2447.0,14,2024-06-09,Cancelled,0.0,0.0,Cancelled
59677,2833.0,16,2026-06-13,Completed,0.0,0.0,Success
59678,2428.0,6,2023-10-25,Completed,0.0,4029.29,Success
59679,2940.0,11,2022-09-09,Shipped,0.0,63.28,Success
59680,1230.0,1,2024-05-17,Completed,99.0,0.0,Success
59681,2446.0,13,2022-05-14,Processing,0.0,662.26,Success
59682,2587.0,15,2022-01-02,Completed,0.0,1536.66,Success
59683,2837.0,18,2022-12-17,Completed,0.0,0.0,Success
59684,2159.0,13,2024-02-14,Completed,0.0,593.14,Success
59685,2774.0,16,2022-11-29,Completed,0.0,2615.18,Success
59686,1145.0,6,2025-01-28,Completed,0.0,174.71,Success
59687,1192.0,1,2024-12-05,Completed,0.0,0.0,Success
59688,1999.0,1,2022-11-06,Completed,99.0,0.0,Success
59689,2146.0,12,2024-12-09,Completed,0.0,25891.92,Success
59690,2275.0,6,2023-05-25,Shipped,0.0,34.98,Success
59691,1715.0,12,2022-06-18,Shipped,0.0,499.31,Success
59692,1690.0,7,2026-06-12,Processing,0.0,0.0,Success
59693,2679.0,1,2023-08-09,Processing,0.0,0.0,Success
59694,2049.0,1,2022-06-07,Completed,0.0,0.0,Success
59695,1585.0,13,2022-09-22,Completed,0.0,653.66,Success
59696,2799.0,17,2025-05-26,Cancelled,0.0,0.0,Cancelled
59697,1967.0,9,2024-04-20,Completed,0.0,9733.18,Success
59698,1717.0,4,2022-10-21,Completed,0.0,552.83,Success
59699,1202.0,13,2022-11-04,Shipped,0.0,351.61,Success
59700,1800.0,1,2023-09-19,Completed,0.0,1876.93,Success
59701,1016.0,19,2022-02-26,Completed,0.0,408.59,Success
59702,2777.0,17,2026-04-23,Completed,0.0,0.0,Success
59703,2164.0,12,2024-02-25,Completed,0.0,1893.86,Success
59704,1701.0,2,2026-02-14,Completed,0.0,0.0,Success
59705,1051.0,11,2024-12-26,Completed,0.0,350.77,Success
59706,1190.0,12,2022-06-14,Completed,0.0,180.54,Success
59707,1211.0,1,2023-05-22,Completed,0.0,0.0,Success
59708,,9,2025-03-15,Completed,0.0,106.74,Success
59709,1551.0,1,2024-07-26,Returned,0.0,0.0,Refunded
59710,2952.0,9,2022-02-22,Shipped,0.0,0.0,Success
59711,2719.0,1,2025-05-29,Completed,0.0,0.0,Success
59712,2307.0,1,2026-02-18,Completed,0.0,128.38,Success
59713,1466.0,10,2023-03-11,Shipped,0.0,0.0,Success
59714,1282.0,1,2024-08-28,Completed,0.0,0.0,Success
59715,2217.0,9,2023-08-05,Completed,0.0,1923.01,Success
59716,1645.0,19,2025-12-24,Completed,0.0,488.13,Success
59717,2147.0,18,2023-12-23,Completed,0.0,0.0,Success
59718,2024.0,17,2025-02-10,Completed,0.0,1076.97,Success
59719,1913.0,2,2024-08-15,Processing,0.0,17893.63,Success
59720,2238.0,3,2022-07-05,Processing,0.0,0.0,Success
59721,2245.0,1,2022-02-28,Completed,0.0,439.48,Success
59722,1178.0,18,2024-07-01,Returned,0.0,2689.77,Refunded
59723,1747.0,9,2025-08-04,Shipped,0.0,69.98,Success
59724,1643.0,1,2026-05-09,Processing,0.0,57.84,Success
59725,1577.0,7,2024-03-16,Completed,0.0,0.0,Success
59726,1673.0,13,2024-10-05,Completed,0.0,0.0,Success
59727,2188.0,7,2022-04-19,Completed,0.0,16424.78,Success
59728,2599.0,8,2024-03-18,Processing,0.0,0.0,Success
59729,1094.0,19,2022-04-20,Completed,0.0,1526.65,Success
59730,1097.0,13,2024-02-11,Shipped,0.0,0.0,Success
59731,2148.0,6,2023-06-20,Completed,0.0,0.0,Success
59732,1472.0,8,2022-12-24,Completed,0.0,0.0,Success
59733,1939.0,10,2026-01-31,Completed,0.0,1093.39,Success
59734,2132.0,15,2023-09-08,Completed,0.0,1896.34,Success
59735,1568.0,17,2022-10-31,Completed,0.0,0.0,Success
59736,1817.0,17,2025-06-28,Completed,0.0,0.0,Success
59737,2895.0,12,2026-03-05,Completed,0.0,0.0,Success
59738,1344.0,8,2025-04-13,Completed,0.0,64607.32,Success
59739,1715.0,7,2024-12-19,Completed,0.0,0.0,Success
59740,2748.0,11,2022-03-22,Returned,0.0,0.0,Refunded
59741,1562.0,1,2023-09-16,Completed,0.0,0.0,Success
59742,1945.0,13,2025-06-08,Completed,0.0,6346.25,Success
59743,2387.0,4,2024-05-21,Completed,0.0,0.0,Success
59744,1026.0,3,2026-03-17,Processing,0.0,0.0,Success
59745,2114.0,1,2022-08-11,Completed,0.0,351.61,Success
59746,2351.0,10,2025-02-22,Processing,0.0,104.9,Success
59747,1529.0,11,2025-04-05,Shipped,0.0,203.6,Success
59748,2364.0,1,2022-06-25,Completed,0.0,0.0,Success
59749,1618.0,1,2025-01-04,Shipped,0.0,120.37,Success
59750,2285.0,1,2022-06-01,Completed,0.0,0.0,Success
59751,2713.0,11,2022-05-20,Returned,0.0,0.0,Refunded
59752,2057.0,16,2022-05-23,Completed,0.0,0.0,Success
59753,2182.0,17,2024-01-31,Shipped,0.0,217.62,Success
59754,2327.0,6,2024-03-07,Processing,0.0,0.0,Success
59755,1590.0,9,2035-12-31,Completed,0.0,146.25,Success
59756,2498.0,10,2023-11-14,Shipped,0.0,1969.62,Success
59757,2798.0,11,2024-10-31,Completed,0.0,8601.27,Success
59758,2943.0,5,2025-05-01,Completed,0.0,0.0,Success
59759,1410.0,20,2023-05-06,Completed,0.0,0.0,Success
59760,2794.0,20,2026-01-21,Shipped,0.0,0.0,Success
59761,1085.0,1,2023-03-14,Completed,0.0,0.0,Success
59762,1667.0,15,2026-05-16,Completed,0.0,0.0,Success
59763,2278.0,17,2022-04-07,Completed,0.0,0.0,Success
59764,1717.0,2,2026-04-25,Processing,0.0,0.0,Success
59765,1133.0,1,2024-10-01,Completed,0.0,381.7,Success
59766,2828.0,20,2025-08-04,Cancelled,0.0,0.0,Cancelled
59767,2283.0,1,2022-08-22,Completed,0.0,0.0,Success
59768,1264.0,7,2024-10-18,Completed,0.0,245.23,Success
59769,1224.0,8,2025-05-11,Completed,0.0,43.26,Success
59770,1714.0,1,2023-01-12,Completed,0.0,0.0,Success
59771,1953.0,8,2024-09-29,Completed,0.0,0.0,Success
59772,2893.0,19,2026-01-14,Completed,0.0,644.76,Success
59773,1785.0,18,2023-09-27,Cancelled,0.0,0.0,Cancelled
59774,2137.0,5,2023-10-01,Completed,0.0,521.81,Success
59775,2415.0,13,2024-04-15,Completed,0.0,3625.43,Success
59776,1943.0,9,2022-08-12,Completed,0.0,0.0,Success
59777,1415.0,1,2023-12-21,Completed,99.0,0.0,Success
59778,2901.0,12,2026-06-19,Completed,0.0,0.0,Success
59779,1637.0,1,2023-03-11,Shipped,0.0,1448.42,Success
59780,1203.0,2,2025-12-05,Completed,0.0,0.0,Success
59781,1090.0,11,2025-07-06,Completed,0.0,0.0,Success
59782,2193.0,6,2024-10-01,Cancelled,0.0,0.0,Cancelled
59783,1807.0,1,2024-05-19,Completed,0.0,233.65,Success
59784,1209.0,15,2026-04-26,Completed,0.0,0.0,Success
59785,2084.0,1,2024-01-01,Completed,0.0,0.0,Success
59786,1123.0,20,2026-04-09,Completed,0.0,3184.02,Success
59787,1762.0,11,2025-06-16,Completed,0.0,0.0,Success
59788,2476.0,1,2026-02-24,Completed,0.0,279.34,Success
59789,2372.0,9,2024-09-09,Completed,0.0,391.08,Success
59790,1023.0,1,2026-04-26,Completed,0.0,4529.25,Success
59791,2647.0,12,2024-02-06,Completed,0.0,0.0,Success
59792,2097.0,1,2023-07-07,Completed,0.0,0.0,Success
59793,2987.0,6,2024-03-22,Processing,0.0,0.0,Success
59794,2882.0,1,2025-04-07,Returned,0.0,267.95,Refunded
59795,1910.0,1,2023-06-03,Completed,0.0,806.4,Success
59796,1920.0,19,2024-04-14,Completed,0.0,6944.24,Success
59797,1944.0,9,2025-01-26,Completed,0.0,2128.9,Success
59798,1119.0,15,2023-01-12,Completed,0.0,291.1,Success
59799,2274.0,1,2026-06-25,Shipped,0.0,0.0,Success
59800,2894.0,12,2024-05-17,Completed,0.0,1990.33,Success
59801,2800.0,20,2025-12-19,Completed,0.0,383.83,Success
59802,1889.0,19,2022-03-22,Completed,0.0,5960.74,Success
59803,1202.0,8,2025-11-27,Completed,0.0,1284.55,Success
59804,2056.0,3,2023-05-03,Completed,0.0,483.41,Success
59805,1344.0,9,2023-10-09,Completed,0.0,0.0,Success
59806,2470.0,2,2022-10-26,Completed,0.0,0.0,Success
59807,1544.0,1,2023-06-20,Completed,0.0,0.0,Success
59808,2617.0,4,2025-01-07,Returned,0.0,48.34,Refunded
59809,1663.0,17,2022-03-01,Completed,0.0,586.3,Success
59810,1259.0,14,2022-01-14,Completed,0.0,32.23,Success
59811,2815.0,11,2022-08-27,Cancelled,0.0,279.28,Cancelled
59812,2140.0,16,2025-03-05,Shipped,0.0,1208.92,Success
59813,1137.0,14,2022-11-07,Completed,0.0,0.0,Success
59814,1898.0,18,2025-09-18,Shipped,0.0,1931.22,Success
59815,2042.0,1,2022-03-27,Shipped,0.0,599.85,Success
59816,2917.0,3,2024-01-08,Completed,0.0,3149.38,Success
59817,2064.0,1,2023-11-24,Completed,0.0,20.36,Success
59818,1700.0,17,2022-12-27,Completed,0.0,27.95,Success
59819,2472.0,19,2023-08-15,Completed,0.0,778.8,Success
59820,1410.0,13,2023-08-12,Shipped,0.0,537.14,Success
59821,1620.0,1,2025-08-15,Completed,0.0,31731.27,Success
59822,1135.0,3,2022-03-22,Processing,0.0,802.97,Success
59823,2806.0,4,2022-09-03,Completed,0.0,987.33,Success
59824,2391.0,4,2023-07-24,Completed,0.0,391.33,Success
59825,2616.0,1,2022-01-11,Completed,0.0,0.0,Success
59826,1384.0,18,2023-01-18,Completed,0.0,0.0,Success
59827,1134.0,1,2022-05-14,Processing,0.0,346.43,Success
59828,2822.0,13,2022-04-25,Processing,0.0,732.58,Success
59829,2601.0,1,2023-03-01,Completed,0.0,888.94,Success
59830,1890.0,1,2023-09-09,Completed,0.0,15241.2,Success
59831,2794.0,7,2025-12-01,Completed,0.0,1557.52,Success
59832,1702.0,1,2025-05-13,Cancelled,0.0,0.0,Cancelled
59833,1186.0,4,2026-04-12,Completed,0.0,75.57,Success
59834,1722.0,13,2025-05-05,Completed,0.0,327.74,Success
59835,2810.0,2,2025-10-31,Completed,0.0,60.97,Success
59836,1367.0,3,2025-03-11,Shipped,0.0,0.0,Success
59837,1034.0,1,2023-03-27,Completed,0.0,341.48,Success
59838,1016.0,18,2023-08-29,Shipped,0.0,3465.29,Success
59839,2542.0,1,2022-08-29,Shipped,0.0,0.0,Success
59840,2272.0,15,2023-08-18,Completed,0.0,45.14,Success
59841,2537.0,1,2026-03-26,Completed,0.0,678.16,Success
59842,2004.0,18,2025-10-29,Completed,0.0,0.0,Success
59843,2263.0,1,2024-09-12,Completed,0.0,0.0,Success
59844,1233.0,14,2024-06-23,Completed,0.0,2384.2,Success
59845,1609.0,5,2024-09-17,Returned,0.0,17925.27,Refunded
59846,2974.0,2,2024-01-08,Completed,0.0,1029.08,Success
59847,2572.0,16,2026-03-11,Processing,0.0,0.0,Success
59848,2452.0,1,2024-10-29,Completed,0.0,0.0,Success
59849,1066.0,18,2022-03-22,Completed,0.0,0.0,Success
59850,2742.0,10,2025-09-09,Completed,0.0,0.0,Success
59851,1964.0,4,2022-04-15,Completed,0.0,541.63,Success
59852,2587.0,6,2025-04-07,Completed,0.0,2104.49,Success
59853,2399.0,14,2022-05-24,Returned,0.0,213.75,Refunded
59854,2353.0,6,2022-02-14,Completed,0.0,0.0,Success
59855,1386.0,7,2026-03-10,Completed,0.0,106.87,Success
59856,1906.0,14,2026-04-24,Completed,0.0,0.0,Success
59857,1849.0,1,2025-04-11,Completed,0.0,0.0,Success
59858,1448.0,1,2026-02-01,Processing,0.0,590.77,Success
59859,1686.0,17,2025-10-15,Returned,0.0,0.0,Refunded
59860,2860.0,7,2024-01-05,Shipped,0.0,1429.86,Success
59861,1772.0,1,2025-09-01,Shipped,0.0,825.43,Success
59862,1613.0,16,2023-07-24,Completed,0.0,2435.75,Success
59863,1806.0,5,2023-04-10,Completed,0.0,173.51,Success
59864,,1,2023-09-20,Completed,0.0,536.55,Success
59865,2184.0,10,2023-05-24,Completed,0.0,127.73,Success
59866,2105.0,12,2023-01-31,Completed,0.0,0.0,Success
59867,2805.0,12,2025-03-22,Completed,0.0,0.0,Success
59868,1369.0,1,2026-01-02,Completed,0.0,604.15,Success
59869,2618.0,11,2024-10-25,Shipped,0.0,1024.44,Success
59870,2951.0,18,2024-04-01,Completed,0.0,53.64,Success
59871,2532.0,17,2022-09-16,Completed,0.0,0.0,Success
59872,1615.0,1,2022-08-21,Cancelled,0.0,830.48,Cancelled
59873,1504.0,1,2026-02-17,Completed,0.0,2361.0,Success
59874,1129.0,15,2024-11-21,Completed,0.0,1842.48,Success
59875,,15,2026-05-16,Shipped,0.0,16259.79,Success
59876,2673.0,6,2024-10-20,Returned,0.0,0.0,Refunded
59877,2508.0,1,2025-02-01,Completed,0.0,0.0,Success
59878,2277.0,8,2026-03-31,Completed,0.0,0.0,Success
59879,1995.0,11,2022-05-14,Processing,0.0,0.0,Success
59880,1288.0,1,2023-03-06,Completed,0.0,7969.25,Success
59881,1256.0,17,2024-12-22,Completed,0.0,0.0,Success
59882,1808.0,6,2024-10-07,Completed,0.0,0.0,Success
59883,1098.0,1,2026-04-09,Returned,0.0,0.0,Refunded
59884,2402.0,14,2022-12-10,Completed,0.0,2289.42,Success
59885,2317.0,16,2023-11-30,Completed,0.0,0.0,Success
59886,2134.0,1,2023-01-02,Completed,0.0,2068.17,Success
59887,2931.0,3,2026-03-01,Processing,0.0,0.0,Success
59888,1620.0,18,2022-12-03,Completed,0.0,108.26,Success
59889,1503.0,7,2025-02-20,Completed,0.0,5207.6,Success
59890,2837.0,18,2024-06-20,Completed,0.0,0.0,Success
59891,2889.0,9,2022-09-26,Completed,0.0,0.0,Success
59892,2692.0,18,2026-01-11,Completed,0.0,0.0,Success
59893,1582.0,1,2022-04-20,Completed,0.0,0.0,Success
59894,2116.0,4,2023-08-07,Completed,0.0,3079.38,Success
59895,2656.0,3,2024-10-01,Completed,0.0,1371.4,Success
59896,1777.0,12,2024-01-13,Completed,0.0,0.0,Success
59897,2208.0,9,2024-07-03,Completed,0.0,0.0,Success
59898,1133.0,20,2022-09-02,Shipped,0.0,1095.02,Success
59899,1825.0,1,2022-07-14,Completed,0.0,938.29,Success
59900,1066.0,6,2026-03-06,Completed,0.0,18.62,Success
59901,1230.0,1,2024-04-02,Completed,0.0,2433.3,Success
59902,2310.0,15,2026-06-14,Completed,0.0,1036.74,Success
59903,2029.0,1,2023-10-05,Completed,0.0,0.0,Success
59904,1910.0,5,2024-08-19,Completed,0.0,0.0,Success
59905,2623.0,16,2022-02-23,Completed,0.0,877.92,Success
59906,1726.0,15,2024-09-13,Completed,0.0,7723.18,Success
59907,1058.0,17,2024-06-20,Completed,0.0,173.7,Success
59908,1346.0,7,2024-11-15,Completed,0.0,6059.35,Success
59909,1329.0,2,2024-09-19,Completed,0.0,0.0,Success
59910,1316.0,15,2023-11-26,Shipped,0.0,0.0,Success
59911,1305.0,20,2023-08-16,Completed,0.0,0.0,Success
59912,2716.0,1,2022-02-26,Cancelled,0.0,0.0,Cancelled
59913,1389.0,16,2023-08-26,Completed,0.0,0.0,Success
59914,1331.0,4,2025-12-23,Completed,0.0,662.09,Success
59915,1022.0,13,2024-07-07,Completed,0.0,0.0,Success
59916,2173.0,3,2022-05-25,Shipped,0.0,1182.31,Success
59917,2636.0,20,2026-06-09,Completed,0.0,0.0,Success
59918,1980.0,19,2022-11-18,Returned,0.0,0.0,Refunded
59919,1718.0,11,2025-04-07,Completed,0.0,0.0,Success
59920,1275.0,20,2025-10-15,Shipped,0.0,0.0,Success
59921,2490.0,11,2026-06-23,Shipped,0.0,5853.79,Success
59922,1774.0,1,2023-07-11,Completed,99.0,0.0,Success
59923,1551.0,1,2025-04-11,Completed,0.0,0.0,Success
59924,1739.0,1,2023-04-09,Processing,0.0,4243.92,Success
59925,1593.0,1,2026-06-08,Shipped,0.0,1292.26,Success
59926,1974.0,10,2024-12-31,Returned,0.0,1923.01,Refunded
59927,2723.0,1,2025-01-03,Completed,0.0,0.0,Success
59928,2804.0,12,2022-05-23,Completed,0.0,0.0,Success
59929,2946.0,7,2024-09-22,Processing,0.0,1670.68,Success
59930,1272.0,18,2023-09-23,Completed,0.0,0.0,Success
59931,2208.0,1,2023-02-26,Cancelled,0.0,198.43,Cancelled
59932,2349.0,1,2024-08-12,Completed,0.0,0.0,Success
59933,1610.0,1,2024-06-12,Completed,0.0,2556.25,Success
59934,1298.0,1,2022-07-27,Completed,0.0,0.0,Success
59935,2199.0,1,2025-07-25,Completed,0.0,857.26,Success
59936,2126.0,15,2022-04-02,Completed,0.0,5220.32,Success
59937,2039.0,3,2026-01-11,Shipped,0.0,5352.29,Success
59938,2564.0,4,2025-01-02,Completed,0.0,0.0,Success
59939,1889.0,8,2022-08-30,Completed,0.0,267.92,Success
59940,2285.0,1,2025-02-15,Shipped,0.0,0.0,Success
59941,1496.0,19,2024-04-25,Completed,0.0,0.0,Success
59942,1875.0,2,2025-08-01,Shipped,0.0,12241.03,Success
59943,2922.0,1,2023-12-05,Shipped,0.0,0.0,Success
59944,2179.0,6,2022-02-08,Processing,0.0,1547.45,Success
59945,1654.0,1,2023-10-18,Completed,0.0,822.84,Success
59946,2015.0,11,2024-05-31,Returned,0.0,9619.1,Refunded
59947,2876.0,5,2022-07-23,Completed,0.0,0.0,Success
59948,2302.0,10,2026-01-05,Returned,0.0,0.0,Refunded
59949,2610.0,1,2023-09-14,Cancelled,0.0,0.0,Cancelled
59950,2853.0,1,2022-06-25,Shipped,0.0,0.0,Success
59951,1804.0,20,2022-12-20,Completed,0.0,113.95,Success
59952,2218.0,1,2025-05-29,Completed,0.0,151.14,Success
59953,1539.0,1,2023-05-07,Returned,0.0,266.5,Refunded
59954,1750.0,1,2025-07-07,Processing,0.0,0.0,Success
59955,1174.0,1,2023-07-08,Completed,0.0,5608.62,Success
59956,1555.0,4,2024-06-15,Completed,0.0,0.0,Success
59957,1341.0,9,2023-09-13,Completed,0.0,190.77,Success
59958,2672.0,12,2025-01-23,Completed,0.0,333.34,Success
59959,2560.0,18,2025-08-19,Completed,0.0,209.79,Success
59960,1292.0,16,2024-08-23,Completed,0.0,0.0,Success
59961,2628.0,1,2024-04-06,Cancelled,0.0,527.42,Cancelled
59962,1049.0,4,2025-03-10,Completed,0.0,362.58,Success
59963,1358.0,1,2023-10-06,Completed,99.0,228.96,Success
59964,2081.0,15,2023-12-19,Cancelled,0.0,106.68,Cancelled
59965,1779.0,7,2024-08-31,Completed,0.0,5306.14,Success
59966,2179.0,1,2024-11-27,Completed,0.0,203.28,Success
59967,1838.0,18,2025-02-20,Returned,0.0,2426.17,Refunded
59968,2732.0,5,2022-11-29,Processing,0.0,0.0,Success
59969,1105.0,4,2023-07-01,Completed,0.0,1362.36,Success
59970,2104.0,18,2023-11-27,Cancelled,0.0,929.56,Cancelled
59971,2458.0,13,2025-12-31,Completed,0.0,0.0,Success
59972,2037.0,5,2022-05-12,Completed,0.0,0.0,Success
59973,2892.0,7,2024-06-12,Completed,0.0,5508.99,Success
59974,2800.0,15,2023-02-24,Completed,0.0,0.0,Success
59975,1652.0,7,2024-10-30,Completed,0.0,207.24,Success
59976,1157.0,1,2023-12-19,Completed,0.0,8272.67,Success
59977,2244.0,15,2022-02-12,Shipped,0.0,0.0,Success
59978,2119.0,1,2024-12-20,Shipped,0.0,911.37,Success
59979,1863.0,9,2026-06-17,Completed,0.0,0.0,Success
59980,1811.0,6,2022-12-09,Completed,0.0,397.36,Success
59981,1491.0,15,2023-08-03,Completed,0.0,190.77,Success
59982,2310.0,2,2023-08-18,Completed,0.0,223.5,Success
59983,1925.0,1,2022-03-19,Completed,0.0,2584.53,Success
59984,2179.0,2,2022-07-06,Completed,0.0,0.0,Success
59985,1429.0,11,2023-02-01,Completed,0.0,489.7,Success
59986,1048.0,13,2026-04-05,Shipped,0.0,0.0,Success
59987,1356.0,1,2022-08-12,Returned,0.0,0.0,Refunded
59988,1655.0,1,2025-04-20,Completed,99.0,0.0,Success
59989,2805.0,3,2022-01-25,Completed,0.0,1205.24,Success
59990,2516.0,1,2023-08-14,Completed,99.0,0.0,Success
59991,2784.0,1,2022-07-01,Completed,0.0,0.0,Success
59992,2104.0,18,2022-12-28,Shipped,0.0,0.0,Success
59993,2215.0,19,2024-03-18,Completed,0.0,0.0,Success
59994,1947.0,13,2023-07-25,Completed,0.0,35.88,Success
59995,1217.0,6,2024-07-03,Completed,0.0,0.0,Success
59996,2180.0,8,2023-12-04,Shipped,0.0,390.5,Success
59997,2345.0,12,2022-02-24,Completed,0.0,0.0,Success
59998,1184.0,1,2025-03-24,Completed,0.0,151.93,Success
59999,2073.0,12,2023-06-05,Processing,0.0,0.0,Success
60000,2542.0,11,2024-01-01,Completed,0.0,0.0,Success
50001,1341.0,18,2025-05-07,Returned,0.0,163.49,Refunded
50002,2349.0,1,2022-12-19,Completed,0.0,0.0,Success
50003,1316.0,11,2026-05-08,Completed,0.0,0.0,Success
50004,1436.0,18,2025-09-30,Completed,0.0,0.0,Success
50005,2563.0,19,2024-03-29,Shipped,0.0,88.83,Success
50006,1742.0,1,2022-01-04,Completed,0.0,0.0,Success
50007,1638.0,3,2024-09-11,Completed,0.0,573.22,Success
50008,1654.0,1,2024-11-04,Completed,0.0,160.17,Success
50009,1112.0,1,2023-06-14,Shipped,0.0,157.83,Success
50010,2729.0,7,2024-01-18,Completed,0.0,0.0,Success
50011,1308.0,1,2025-12-20,Completed,0.0,0.0,Success
50012,2778.0,6,2024-01-22,Completed,0.0,90.27,Success
50013,1601.0,2,2022-02-05,Completed,0.0,0.0,Success
50014,2513.0,3,2022-12-25,Completed,0.0,0.0,Success
50015,2991.0,5,2025-06-18,Completed,0.0,453.31,Success
50016,2050.0,20,2022-06-11,Completed,0.0,90.28,Success
50017,1163.0,16,2024-06-06,Returned,0.0,526.23,Refunded
50018,2916.0,4,2026-03-10,Completed,0.0,1309.74,Success
50019,1584.0,1,2024-04-13,Completed,0.0,973.85,Success
50020,2253.0,1,2025-12-29,Completed,0.0,0.0,Success
50021,2905.0,8,2023-12-04,Completed,0.0,249.12,Success
50022,2091.0,12,2025-10-10,Completed,0.0,612.12,Success
50023,1171.0,1,2024-12-20,Completed,0.0,0.0,Success
50024,2198.0,1,2023-12-22,Completed,0.0,0.0,Success
50025,1481.0,2,2025-01-05,Completed,0.0,0.0,Success
50026,2593.0,20,2024-04-01,Completed,0.0,0.0,Success
50027,1744.0,10,2025-09-22,Processing,0.0,133.98,Success
50028,2091.0,16,2026-04-12,Completed,0.0,172.34,Success
50029,1387.0,10,2025-06-21,Completed,0.0,129.8,Success
50030,2166.0,10,2025-11-02,Completed,0.0,672.59,Success
50031,1756.0,12,2023-05-06,Completed,0.0,0.0,Success
50032,2314.0,1,2025-05-22,Processing,0.0,23.67,Success
50033,1790.0,1,2024-05-04,Returned,0.0,355.33,Refunded
50034,1082.0,2,2026-01-07,Cancelled,0.0,911.56,Cancelled
50035,2479.0,1,2024-04-25,Completed,0.0,0.0,Success
50036,2315.0,12,2024-07-27,Processing,0.0,0.0,Success
50037,1678.0,14,2025-12-03,Completed,0.0,0.0,Success
50038,1453.0,17,2025-02-28,Completed,0.0,0.0,Success
50039,2379.0,1,2026-03-04,Shipped,0.0,0.0,Success
50040,2743.0,1,2023-09-13,Completed,0.0,170.54,Success
