payment_id,order_id,payment_method,payment_status,payment_amount,payment_date,transaction_ref
200001,50001,NetBanking,Refunded,23018.55,2025-05-07 00:01:00,TXN-55F58DA56CF814
200002,50002,Cash on Delivery,Success,3913.32,2022-12-19 00:32:00,TXN-17A81E0182A249
200003,50003,NetBanking,Success,3625.43,2026-05-08 01:30:00,TXN-4DAFA7A26FC7A5
200004,50004,Debit Card,Success,108795.44,2025-09-30 00:41:00,TXN-9D294D5081B40C
200005,50005,Debit Card,Success,9593.51,2024-03-29 00:48:00,TXN-768D22FF6E45CB
200006,50006,Debit Card,Success,44989.96,2022-01-04 00:37:00,TXN-661932F2C17671
200007,50007,Credit Card,Success,9424.39,2024-09-11 00:21:00,TXN-B99297DD150627
200008,50008,NetBanking,Success,3043.15,2024-11-04 01:39:00,TXN-F15217DFDFEEE7
200009,50009,Cash on Delivery,Success,1420.43,2023-06-14 00:43:00,TXN-DAEC9BB9A1683A
200010,50010,Cash on Delivery,Success,6766.17,2024-01-18 00:11:00,TXN-86B3314C6AB671
200011,50011,Credit Card,Success,1597.66,2025-12-20 00:16:00,TXN-467626B29AA0E0
200012,50012,UPI,Success,6489.22,2024-01-22 00:23:00,TXN-4C80D4D0CE93A3
200013,50013,Credit Card,Success,849.44,2022-02-05 01:09:00,TXN-99FD53D9784EE7
200014,50014,UPI,Success,506.02,2022-12-25 00:45:00,TXN-1591DAF5B5157B
200015,50015,Credit Card,Success,6881.09,2025-06-18 00:49:00,TXN-6EE35B5829B2CA
200016,50016,Cash on Delivery,Success,6868.03,2022-06-11 01:54:00,TXN-28AC99D8A47008
200017,50017,Debit Card,Refunded,24002.35,2024-06-06 01:38:00,TXN-2B594CFBA8F02F
200018,50018,Debit Card,Success,24885.1,2026-03-10 01:27:00,TXN-FB139CE17DF4A1
200019,50019,Debit Card,Success,17189.43,2024-04-13 00:09:00,TXN-40192EF1F78D17
200020,50020,NetBanking,Success,2234.96,2025-12-29 01:01:00,TXN-3D3790F42C8BFA
200021,50021,NetBanking,Success,2242.12,2023-12-04 00:27:00,TXN-5FB9564CFA2B1D
200022,50022,PayPal,Success,11630.33,2025-10-10 00:45:00,TXN-C2BBE3ABDD2DD9
200023,50023,Debit Card,Success,9986.23,2024-12-20 01:20:00,TXN-17D7C8D0ABA3D3
200024,50024,Cash on Delivery,Success,2438.6,2023-12-22 01:03:00,TXN-276AD6548B24BC
200025,50025,Debit Card,Success,4537.73,2025-01-05 01:39:00,TXN-C2424DE9CF9FD6
200026,50026,UPI,Success,2192.78,2024-04-01 01:39:00,TXN-2D71B5F186C55B
200027,50027,UPI,Success,36999.81,2025-09-22 00:01:00,TXN-2D847034F9C03F
200028,50028,NetBanking,Success,3274.45,2026-04-12 00:53:00,TXN-C632D7E0BB7C0D
200029,50029,Debit Card,Success,9435.69,2025-06-21 00:22:00,TXN-4560D6BDF6BFEB
200030,50030,Debit Card,Success,6053.34,2025-11-02 00:59:00,TXN-C9592090165F60
200031,50031,NetBanking,Success,38599.0,2023-05-06 01:05:00,TXN-6495E9C6A47AD2
200032,50032,NetBanking,Success,17719.74,2025-05-22 01:51:00,TXN-34070DAD42A623
200033,50033,Cash on Delivery,Refunded,9452.78,2024-05-04 01:39:00,TXN-352EF06CDCC7C9
200034,50034,PayPal,Refunded,10170.09,2026-01-07 00:15:00,TXN-F5275DA8A066F1
200035,50035,Credit Card,Success,108795.44,2024-04-25 00:43:00,TXN-5807FB6B63648A
200036,50036,Cash on Delivery,Success,473.36,2024-07-27 00:57:00,TXN-4EADE3A171BCE1
200037,50037,UPI,Success,1698.88,2025-12-03 00:04:00,TXN-E24CA4992B5750
200038,50038,Cash on Delivery,Success,8407.83,2025-02-28 00:57:00,TXN-2A38EEFD827C2D
200039,50039,Debit Card,Success,18605.28,2026-03-04 00:04:00,TXN-BEDB454C3A8049
200040,50040,PayPal,Success,3240.24,2023-09-13 00:52:00,TXN-8968AEFDC27DAA
200041,50041,PayPal,Refunded,74973.73,2022-12-15 01:02:00,TXN-012BBCE646B6C0
200042,50042,Credit Card,Success,2910.42,2024-02-17 01:48:00,TXN-3924E0DC3A7D1F
200043,50043,Cash on Delivery,Success,19637.24,2026-05-23 01:09:00,TXN-1E4040763250DC
200044,50044,Debit Card,Success,879.45,2026-06-23 00:30:00,TXN-FD7E506E7987CB
200045,50045,Debit Card,Success,205577.01,2022-12-30 01:07:00,TXN-DF0E30BCAF96DF
200046,50046,Credit Card,Success,11901.55,2023-04-12 01:01:00,TXN-F1A8CE672C80A8
200047,50047,Credit Card,Success,2835.7,2025-04-22 01:33:00,TXN-DF71BD315A6345
200048,50048,Cash on Delivery,Success,47605.39,2025-08-09 00:39:00,TXN-DD4A8F11A19029
200049,50049,Credit Card,Success,5920.5,2023-05-25 00:41:00,TXN-C3AE010211E6A8
200050,50050,NetBanking,Success,106256.72,2024-08-21 00:44:00,TXN-CE79F97C718363
200051,50051,UPI,Success,577.92,2023-01-10 01:39:00,TXN-ACF274360B9485
200052,50052,Debit Card,Success,3472.35,2025-11-03 01:19:00,TXN-B23216B9095925
200053,50053,UPI,Refunded,79618.99,2024-11-23 00:19:00,TXN-AE1747EDECD1C5
200054,50054,NetBanking,Success,810.18,2023-12-26 00:01:00,TXN-A26906F6E99603
200055,50055,Credit Card,Refunded,4943.66,2022-04-24 01:45:00,TXN-6D756E05CC750F
200056,50056,NetBanking,Success,7325.8,2025-09-17 00:42:00,TXN-3B92A37732FD1A
200057,50057,Cash on Delivery,Success,4316.42,2023-02-13 01:16:00,TXN-EECEF2441714EA
200058,50058,PayPal,Success,145.74,2022-04-05 00:49:00,TXN-E81B5706D0CEFF
200059,50059,Cash on Delivery,Success,19590.98,2025-08-02 00:53:00,TXN-358F5CAAE26C9D
200060,50060,PayPal,Success,20461.52,2022-11-05 01:08:00,TXN-F8B39A7EB5BE99
200061,50061,Cash on Delivery,Success,44952.83,2022-02-14 00:34:00,TXN-4A4D13B333ADF7
200062,50062,PayPal,Success,35674.99,2022-02-17 00:48:00,TXN-7B2AED9DF1B1D0
200063,50063,Credit Card,Refunded,17095.62,2022-03-07 01:09:00,TXN-66278DA15FAD17
200064,50064,NetBanking,Success,1042.85,2022-06-29 01:45:00,TXN-9BC676479B48AE
200065,50065,PayPal,Success,110179.74,2026-02-22 01:40:00,TXN-1A2AAF4C606584
200066,50066,Credit Card,Success,4222.32,2024-06-04 00:02:00,TXN-E2C3C5CE8FD56F
200067,50067,Debit Card,Success,1197.87,2022-11-05 01:39:00,TXN-06B8FE5D363458
200068,50068,PayPal,Success,18562.72,2023-12-28 01:18:00,TXN-25740C5B783B8A
200069,50069,Debit Card,Success,1067.42,2026-05-16 01:25:00,TXN-B825A728017BC7
200070,50070,NetBanking,Success,4385.56,2022-12-01 00:16:00,TXN-0654DF6A909ECB
200071,50071,PayPal,Success,32195.35,2022-02-22 01:45:00,TXN-E3DD4264B1D5DA
200072,50072,UPI,Success,58226.02,2022-12-25 01:36:00,TXN-C969EC15605BE5
200073,50073,Credit Card,Refunded,14690.16,2023-03-07 00:46:00,TXN-9CE6C62C6709C1
200074,50074,UPI,Success,36962.18,2022-05-14 00:06:00,TXN-3F5C4076C919F9
200075,50075,Credit Card,Success,1023.86,2022-12-30 00:08:00,TXN-22D78717313CD7
200076,50076,Debit Card,Success,16238.31,2026-02-24 02:00:00,TXN-CD548BA9290AEC
200077,50077,UPI,Success,4194.54,2026-02-28 01:57:00,TXN-45B2309D21CD11
200078,50078,Debit Card,Success,3434.43,2023-10-20 01:57:00,TXN-5C09D03E8A63C4
200079,50079,Credit Card,Success,3690.75,2024-02-12 00:15:00,TXN-9820DCF9AF742D
200080,50080,Cash on Delivery,Success,182760.58,2024-04-30 01:10:00,TXN-B158466B880E22
200081,50081,Debit Card,Success,2448.49,2025-09-30 01:44:00,TXN-0E5B0570B0DDE3
200082,50082,Debit Card,Success,693.98,2025-09-12 00:29:00,TXN-8A7763F28EAB82
200083,50083,UPI,Success,2713.02,2025-09-12 00:55:00,TXN-55955052B51B43
200084,50084,Credit Card,Success,54481.45,2025-04-01 01:14:00,TXN-EC035DD5A1A1F7
200085,50085,PayPal,Success,31149.38,2023-12-06 01:59:00,TXN-482797175B15F8
200086,50086,Cash on Delivery,Success,10546.4,2023-01-17 00:04:00,TXN-C4779917FCB868
200087,50087,Debit Card,Success,744.57,2022-07-13 01:52:00,TXN-4B0670D839D741
200088,50088,PayPal,Success,66668.58,2024-06-12 01:08:00,TXN-A0A18F3A0A346E
200089,50089,PayPal,Success,10397.52,2024-01-13 00:29:00,TXN-F5311F898F732F
200090,50090,UPI,Success,269185.64,2026-01-06 00:01:00,TXN-3F80068BC8CAF6
200091,50091,Debit Card,Success,2114.96,2025-02-12 01:02:00,TXN-F98CCC0E47CC19
200092,50092,UPI,Success,61205.17,2023-05-12 00:10:00,TXN-F8340306D64B49
200093,50093,NetBanking,Success,8808.72,2023-07-20 00:19:00,TXN-0967B3C04CAFEB
200094,50094,PayPal,Success,2941.48,2023-11-02 01:01:00,TXN-4DD9163D6CF2EA
200095,50095,UPI,Success,52578.85,2023-09-04 00:06:00,TXN-4827A7FC857706
200096,50096,NetBanking,Success,2092.07,2023-06-08 01:38:00,TXN-B7B4C1B65E7902
200097,50097,NetBanking,Success,12858.9,2022-07-31 00:08:00,TXN-28F9EA8F6EE181
200098,50098,UPI,Success,14659.52,2026-04-26 00:11:00,TXN-DE29BCAFE7C316
200099,50099,Cash on Delivery,Success,7289.24,2024-09-21 01:03:00,TXN-80AF6C31093FAD
200100,50100,PayPal,Success,72696.34,2025-03-04 00:13:00,TXN-861F53EE2D3CAE
200101,50101,NetBanking,Success,3374.46,2023-05-04 01:14:00,TXN-57D792318AEDE3
200102,50102,UPI,Success,70762.44,2024-03-27 01:58:00,TXN-4CAF52435FB582
200103,50103,UPI,Success,306135.11,2026-02-02 01:39:00,TXN-C093BAB6E7186E
200104,50104,Credit Card,Success,19232.77,2025-02-17 00:43:00,TXN-D63ABCF0F3D883
200105,50105,NetBanking,Success,23706.5,2026-02-24 01:55:00,TXN-8900181EBD1473
200106,50106,Cash on Delivery,Success,3816.99,2022-12-12 01:12:00,TXN-1D91EF5D55A94E
200107,50107,UPI,Success,3358.15,2025-01-07 00:19:00,TXN-688F4B3F6DDA8E
200108,50108,Cash on Delivery,Success,26066.86,2023-12-26 00:29:00,TXN-BE7F21A64B1DFE
200109,50109,PayPal,Success,4307.88,2024-06-20 01:02:00,TXN-3A6C03F970815B
200110,50110,NetBanking,Success,39530.15,2025-02-13 01:36:00,TXN-C119363DCFEB4F
200111,50111,Debit Card,Success,1534.62,2024-01-16 00:41:00,TXN-0E34EE3ED6A0D9
200112,50112,PayPal,Success,4299.85,2025-11-20 00:30:00,TXN-5E50963FDEC45E
200113,50113,PayPal,Success,31809.76,2025-12-08 00:56:00,TXN-14B972C72A9D8F
200114,50114,Cash on Delivery,Success,10244.43,2022-12-17 00:19:00,TXN-4AD19CE516D0C3
200115,50115,Cash on Delivery,Refunded,9070.71,2022-05-14 01:17:00,TXN-AB15C2780F7244
200116,50116,Cash on Delivery,Refunded,35548.85,2026-04-15 01:16:00,TXN-1DCEDCA90A7585
200117,50117,Debit Card,Success,22098.12,2022-05-26 00:04:00,TXN-3D87A75D2E0B27
200118,50118,NetBanking,Success,532.35,2026-02-01 01:44:00,TXN-1AE7537CEC9BAB
200119,50119,NetBanking,Success,3272.22,2024-08-29 01:53:00,TXN-4D3A30E0BBF0B5
200120,50120,UPI,Success,6148.02,2023-01-13 00:58:00,TXN-B1CF89246AD5AC
200121,50121,Credit Card,Success,19521.06,2023-06-12 00:01:00,TXN-4C7AD01C5AB2B2
200122,50122,Debit Card,Success,31438.04,2022-02-26 00:45:00,TXN-FEB26F8A625E68
200123,50123,PayPal,Success,9535.97,2022-11-13 01:54:00,TXN-8A02FD5368D2C8
200124,50124,PayPal,Success,5891.67,2022-09-04 01:07:00,TXN-C2A4DA74448E13
200125,50125,PayPal,Success,3532.26,2024-10-16 01:47:00,TXN-03835E28187E93
200126,50126,NetBanking,Success,348.17,2022-08-27 00:25:00,TXN-4C3F7000A0A138
200127,50127,Cash on Delivery,Success,23225.09,2024-01-04 00:55:00,TXN-06690A131AC7AD
200128,50128,UPI,Success,2406.4,2022-06-18 01:04:00,TXN-153723DD9D0425
200129,50129,PayPal,Success,39986.91,2026-04-28 01:36:00,TXN-9DED8434B6C51E
200130,50130,Credit Card,Success,2692.52,2022-12-22 01:46:00,TXN-88A25C0407728D
200131,50131,Debit Card,Success,5757.57,2024-06-07 01:55:00,TXN-BDBF3DCBF3609B
200132,50132,NetBanking,Success,4896.98,2022-05-30 00:27:00,TXN-197C93C8B1C4A6
200133,50133,Debit Card,Success,8474.8,2023-08-18 00:48:00,TXN-4470F48FC835D3
200134,50134,Cash on Delivery,Success,5780.75,2022-04-02 01:35:00,TXN-6BBF8AC30A6791
200135,50135,NetBanking,Success,109841.04,2025-11-14 00:17:00,TXN-7B884FB350DCBC
200136,50136,Debit Card,Success,25845.26,2022-05-25 01:35:00,TXN-65BD4ED547D725
200137,50137,UPI,Failed,2168.62,2026-01-04 00:16:00,TXN-FA7836BAF15402
200138,50138,NetBanking,Success,8272.67,2022-06-27 00:14:00,TXN-EF20D49B04C98E
200139,50139,Debit Card,Success,6803.42,2024-03-05 01:39:00,TXN-7B68397206573D
200140,50140,UPI,Success,24135.82,2022-03-31 01:25:00,TXN-DE1DDF8FF41321
200141,50141,PayPal,Success,1072.89,2024-06-21 00:41:00,TXN-90787E5C02EFFB
200142,50142,NetBanking,Success,3323.61,2022-05-14 00:01:00,TXN-76944A674484BF
200143,50143,PayPal,Success,48675.66,2024-03-04 00:10:00,TXN-FE5EE8BEA153B5
200144,50144,UPI,Refunded,4981.17,2024-09-02 01:22:00,TXN-2399D17C67CF95
200145,50145,Credit Card,Success,278251.59,2022-11-10 00:56:00,TXN-09EA7B9EF1C75A
200146,50146,NetBanking,Success,12989.61,2022-03-29 00:54:00,TXN-7414A9D2DF9DEE
200147,50147,PayPal,Success,13971.07,2026-02-11 00:47:00,TXN-2D6D27A9A423AE
200148,50148,Credit Card,Success,711.18,2026-04-14 01:10:00,TXN-57A128E6FFD4C6
200149,50149,Debit Card,Success,18106.09,2026-05-06 01:25:00,TXN-CB9FE2F4401300
200150,50150,UPI,Success,275.56,2024-06-03 01:36:00,TXN-385DD1C5A2AFAA
200151,50151,NetBanking,Success,20382.96,2022-11-16 00:41:00,TXN-381CE30008BF58
200152,50152,Credit Card,Success,4643.88,2025-06-08 00:43:00,TXN-55F9CDB4961B3E
200153,50153,PayPal,Success,26733.01,2024-01-01 01:57:00,TXN-3E4A256867A7DE
200154,50154,NetBanking,Success,28020.86,2024-07-03 00:16:00,TXN-BEFFE684CAFA16
200155,50155,Debit Card,Success,175143.4,2024-04-19 01:57:00,TXN-209E280FF250D2
200156,50156,PayPal,Success,21879.04,2022-03-22 01:29:00,TXN-1F8CCDF8F42E35
200157,50157,PayPal,Success,3641.4,2024-06-22 00:45:00,TXN-97BCD7164B6CB4
200158,50158,Debit Card,Success,8524.48,2022-06-24 00:15:00,TXN-BAECF6A0F21F57
200159,50159,PayPal,Success,9096.23,2025-10-01 00:54:00,TXN-9EC8D25C286C73
200160,50160,UPI,Success,8292.39,2023-06-02 01:56:00,TXN-C5EAC9871A2ACC
200161,50161,Cash on Delivery,Success,53128.36,2023-05-05 00:59:00,TXN-601C6C431B2C81
200162,50162,NetBanking,Success,3068.02,2025-02-03 00:43:00,TXN-EE19326B6F7DB5
200163,50163,NetBanking,Success,49482.85,2026-05-25 01:58:00,TXN-F5ACEEF1AB91F2
200164,50164,Credit Card,Refunded,19670.4,2025-09-26 00:02:00,TXN-5C3A95F0147636
200165,50165,Cash on Delivery,Success,3736.95,2023-11-30 00:14:00,TXN-4C6F8D0527D92B
200166,50166,Cash on Delivery,Success,17830.39,2025-12-13 01:04:00,TXN-FF24285B2BD2FD
200167,50167,Debit Card,Success,12174.54,2024-08-18 01:53:00,TXN-BA547BB4AF0D60
200168,50168,Cash on Delivery,Success,6440.88,2023-01-23 01:48:00,TXN-44577B4EF3B6BD
200169,50169,Debit Card,Success,15471.04,2024-04-24 01:08:00,TXN-9F5D9F8D8BA1E4
200170,50170,Cash on Delivery,Success,50676.96,2025-10-31 00:58:00,TXN-7303B11FAC9B0A
200171,50171,NetBanking,Success,50653.19,2025-10-13 00:48:00,TXN-30A030DFF88FD2
200172,50172,NetBanking,Success,128693.33,2024-09-28 00:54:00,TXN-6EDC6C9CA7779E
200173,50173,Cash on Delivery,Success,894.1,2022-10-13 01:56:00,TXN-E8D76F44D532B0
200174,50174,Credit Card,Success,31236.95,2023-01-12 01:04:00,TXN-56F96F79A1A539
200175,50175,Debit Card,Success,415.49,2025-01-30 01:03:00,TXN-0A08F4D0FD528B
200176,50176,Debit Card,Refunded,7972.17,2023-12-25 00:31:00,TXN-FE7DC0A32E9F7C
200177,50177,UPI,Success,1422.36,2023-03-20 01:28:00,TXN-DB6EBE9BBE3738
200178,50178,Credit Card,Success,35717.2,2022-09-07 00:03:00,TXN-88C2D7A5AF8FFF
200179,50179,Cash on Delivery,Success,1548.23,2023-05-20 01:58:00,TXN-87E52478EEBC22
200180,50180,UPI,Success,3601.79,2026-05-31 01:41:00,TXN-FABF745101A0A9
200181,50181,NetBanking,Success,27715.35,2023-04-14 01:37:00,TXN-B3E7CAB91A2789
200182,50182,Debit Card,Success,3516.12,2022-06-16 01:42:00,TXN-59D4F346771DA7
200183,50183,UPI,Success,27166.96,2022-10-21 01:03:00,TXN-6B6BFA0C553C0F
200184,50184,NetBanking,Success,14278.12,2025-01-03 01:30:00,TXN-FAF4F6ED71FE77
200185,50185,NetBanking,Success,1329.6,2023-09-03 00:11:00,TXN-DCD0FFAA0198B1
200186,50186,Credit Card,Success,2610.17,2022-10-30 02:00:00,TXN-E4C5020E754CB4
200187,50187,Credit Card,Success,1377.03,2023-02-10 00:16:00,TXN-E5B9C70A92BDF3
200188,50188,Cash on Delivery,Success,1152.48,2025-02-05 00:42:00,TXN-2EEA6E58A2E190
200189,50189,Credit Card,Success,3434.96,2025-06-09 01:54:00,TXN-FAA60B6CAF4D6B
200190,50190,Debit Card,Success,2114.96,2026-01-08 01:32:00,TXN-1E0B261DDE5243
200191,50191,NetBanking,Refunded,12089.2,2024-01-08 01:10:00,TXN-AC7E05FA7E4395
200192,50192,UPI,Success,11370.37,2025-08-07 00:30:00,TXN-927F3F70D61B61
200193,50193,Debit Card,Success,693.6,2025-10-31 00:20:00,TXN-D86D3DE56CDAD1
200194,50194,NetBanking,Success,2348.14,2024-10-22 00:04:00,TXN-CFFBBBE7A930AE
200195,50195,Credit Card,Success,849.44,2024-04-29 00:45:00,TXN-F4B0915A20AAE4
200196,50196,Debit Card,Success,14690.78,2024-01-24 01:47:00,TXN-6AF9BF41049309
200197,50197,NetBanking,Success,4999.16,2023-06-09 00:04:00,TXN-2B1E973CC03D32
200198,50198,Cash on Delivery,Success,14091.52,2025-08-27 00:39:00,TXN-ABCD27908EB111
200199,50199,Credit Card,Success,31211.99,2023-03-15 00:28:00,TXN-9A9144F0C1C997
200200,50200,PayPal,Success,39244.63,2023-11-15 00:14:00,TXN-ADB17C66C9F459
200201,50201,NetBanking,Success,238281.03,2022-03-05 01:35:00,TXN-BA3F177B29588D
200202,50202,UPI,Success,148684.26,2023-07-28 00:59:00,TXN-C71118B608DF5A
200203,50203,Debit Card,Failed,31211.51,2026-06-28 00:12:00,TXN-390C3E1E62F03C
200204,50204,Cash on Delivery,Success,2438.6,2025-04-02 01:29:00,TXN-D37079C353B13C
200205,50205,Debit Card,Success,1022.61,2024-03-25 00:02:00,TXN-8A8DC4BE734B7D
200206,50206,Credit Card,Success,43919.62,2025-09-06 01:24:00,TXN-34ECEC55BF9F8B
200207,50207,PayPal,Success,4180.9,2024-06-10 00:21:00,TXN-11E3E772AF3D18
200208,50208,UPI,Success,32834.88,2024-01-31 00:19:00,TXN-5C288E2DA1883B
200209,50209,Debit Card,Success,53128.36,2024-10-09 00:43:00,TXN-5D89B4D9B8237E
200210,50210,UPI,Success,225115.66,2024-08-13 01:10:00,TXN-18FD4066E7CA59
200211,50211,Credit Card,Success,2899.1,2022-11-23 01:07:00,TXN-5FD0F939D8805D
200212,50212,UPI,Refunded,54649.24,2023-06-06 00:51:00,TXN-36B694ABAC264D
200213,50213,Debit Card,Success,9084.03,2024-03-15 01:22:00,TXN-42683BB20B84B4
200214,50214,Credit Card,Success,108702.05,2025-11-22 01:04:00,TXN-FA0BC1850E5F24
200215,50215,Cash on Delivery,Refunded,10297.58,2025-11-24 00:13:00,TXN-C669156F374DF5
200216,50216,Credit Card,Success,9284.68,2022-02-18 00:09:00,TXN-E774D4EEDE9DA3
200217,50217,UPI,Success,626.29,2022-09-01 00:50:00,TXN-9CEE9498626DFB
200218,50218,PayPal,Success,78657.63,2024-05-27 01:53:00,TXN-F5CD80A7CDE651
200219,50219,Credit Card,Success,7816.45,2025-11-03 01:01:00,TXN-62C363FE0A7916
200220,50220,NetBanking,Success,57854.42,2022-06-19 00:28:00,TXN-7663A303CC8057
200221,50221,NetBanking,Success,11880.84,2022-01-22 01:43:00,TXN-D4137B623B87F3
200222,50222,PayPal,Success,81307.71,2026-01-23 00:43:00,TXN-BF782A20CD0D57
200223,50223,Cash on Delivery,Refunded,904.8,2022-11-14 01:44:00,TXN-CB19C14D549F44
200224,50224,NetBanking,Success,23120.94,2026-05-02 00:30:00,TXN-A34D37A1D42191
200225,50225,PayPal,Refunded,28143.6,2025-12-06 00:57:00,TXN-2AFF0C421FB5DC
200226,50226,NetBanking,Success,20616.76,2025-12-02 00:09:00,TXN-DB16D2C5391E7F
200227,50227,Credit Card,Success,138714.19,2025-09-23 00:04:00,TXN-61E286060401AC
200228,50228,Credit Card,Success,3012.88,2023-01-18 01:42:00,TXN-5C1F059F9AE527
200229,50229,Cash on Delivery,Success,5835.32,2024-04-26 00:51:00,TXN-5E73A54654E5A8
200230,50230,Debit Card,Success,3516.12,2024-11-10 00:41:00,TXN-13979FB972C9B8
200231,50231,Debit Card,Success,6141.59,2024-09-10 00:50:00,TXN-E11F58D6CD7FBB
200232,50232,Credit Card,Success,24818.01,2025-01-13 01:02:00,TXN-B08A7FB10FE116
200233,50233,Debit Card,Success,36267.6,2022-05-29 01:46:00,TXN-3E4327B096673B
200234,50234,Debit Card,Success,13493.16,2026-03-21 01:02:00,TXN-DD803129C0266A
200235,50235,Credit Card,Success,3682.29,2024-11-09 00:54:00,TXN-50D55C162C84CC
200236,50236,NetBanking,Success,3815.32,2025-12-13 01:24:00,TXN-773C39146302F2
200237,50237,Cash on Delivery,Success,4110.19,2023-12-01 01:16:00,TXN-E39AE81A3B0200
200238,50238,PayPal,Success,12476.4,2025-10-29 01:19:00,TXN-ADE7B5D7BB2FD7
200239,50239,UPI,Success,1302.65,2025-07-12 01:57:00,TXN-B5837045CF31CD
200240,50240,UPI,Refunded,9227.41,2023-12-15 01:17:00,TXN-AD05956BEEE929
200241,50241,Debit Card,Success,16919.01,2023-01-21 00:16:00,TXN-1BF2FA644FFB5C
200242,50242,NetBanking,Success,986.95,2023-08-20 00:48:00,TXN-3AE3C73F3A3228
200243,50243,PayPal,Success,14572.96,2026-01-08 00:51:00,TXN-583599B9DE626E
200244,50244,PayPal,Failed,4919.02,2023-06-06 00:35:00,TXN-2F820DCA9A1BF0
200245,50245,Credit Card,Success,713.36,2024-09-29 00:47:00,TXN-68032FC2E0C361
200246,50246,Credit Card,Success,3671.69,2022-04-22 01:59:00,TXN-334E6722E507AF
200247,50247,Debit Card,Success,11160.22,2023-02-24 00:30:00,TXN-CBD80022A94C1E
200248,50248,Credit Card,Success,24737.62,2025-03-14 01:14:00,TXN-4923D86859238F
200249,50249,NetBanking,Success,1044.51,2023-07-07 01:19:00,TXN-A9CD484471D942
200250,50250,NetBanking,Success,640.06,2023-03-28 00:58:00,TXN-2D8C17B3A478DC
200251,50251,PayPal,Success,1590.2,2022-06-17 01:37:00,TXN-A42F9D8A673D8A
200252,50252,Debit Card,Success,18517.88,2026-04-16 01:31:00,TXN-0D1A9336F379D7
200253,50253,NetBanking,Success,626.29,2025-12-02 00:36:00,TXN-30F1FDAEC13708
200254,50254,Credit Card,Success,62796.48,2023-04-18 01:03:00,TXN-3A89F9F7787BF7
200255,50255,UPI,Success,137.45,2024-05-18 01:02:00,TXN-DF13DB4B72FA18
200256,50256,Debit Card,Success,90767.93,2025-04-14 00:12:00,TXN-06F023ACE80B50
200257,50257,Debit Card,Success,4433.02,2022-04-13 00:30:00,TXN-AB1BF428E4CC1C
200258,50258,PayPal,Success,50839.1,2024-12-02 01:32:00,TXN-6592D32B81C5F0
200259,50259,UPI,Success,3451.13,2022-07-27 01:50:00,TXN-1C62343EA44567
200260,50260,PayPal,Success,3984.56,2024-11-17 01:47:00,TXN-25ACFF4B06BD3D
200261,50261,PayPal,Success,1567.52,2023-07-26 01:37:00,TXN-5E382685FF646A
200262,50262,NetBanking,Success,2038.49,2024-02-12 01:11:00,TXN-F7F853940851E7
200263,50263,UPI,Success,7651.51,2024-12-11 01:08:00,TXN-F83BE294A1A4A7
200264,50264,UPI,Success,849.44,2024-10-27 01:48:00,TXN-0BBFF7C95F6EBE
200265,50265,Credit Card,Success,1498.58,2024-04-24 00:28:00,TXN-473D24427A3327
200266,50266,NetBanking,Success,8860.32,2026-03-17 00:48:00,TXN-6130FA6B158C89
200267,50267,UPI,Success,744.18,2022-09-25 00:48:00,TXN-356445751F7AF1
200268,50268,UPI,Success,104378.88,2024-03-02 00:25:00,TXN-9637F0BE6F5373
200269,50269,Debit Card,Success,8889.42,2022-12-06 01:21:00,TXN-D54C106E2B372E
200270,50270,PayPal,Success,45109.78,2024-07-07 00:05:00,TXN-98706E8E73376E
200271,50271,Debit Card,Success,19988.69,2026-02-01 00:19:00,TXN-188C59BA90EF00
200272,50272,Debit Card,Success,11372.12,2022-07-10 00:25:00,TXN-A7BA46833057A1
200273,50273,NetBanking,Success,47767.37,2024-05-05 01:41:00,TXN-48FF5AFB7E2BD9
200274,50274,UPI,Refunded,3823.88,2022-12-06 00:48:00,TXN-3A761E0CDDF1C6
200275,50275,Cash on Delivery,Success,5482.89,2023-06-13 00:36:00,TXN-7232D23AA707F6
200276,50276,UPI,Success,1799.42,2023-05-18 01:04:00,TXN-36817FF2E06F60
200277,50277,Debit Card,Success,35689.86,2024-04-08 01:00:00,TXN-D34109B41F43C5
200278,50278,NetBanking,Success,29286.28,2022-07-21 01:59:00,TXN-8E949D8F74BA1D
200279,50279,NetBanking,Refunded,20595.16,2023-10-05 00:43:00,TXN-A40A7CE340E51B
200280,50280,UPI,Success,42321.84,2023-09-23 01:16:00,TXN-F07AA03D88ADAE
200281,50281,Credit Card,Success,12083.65,2022-07-26 00:01:00,TXN-2E8951A81B2BAD
200282,50282,PayPal,Success,4362.95,2022-10-01 00:01:00,TXN-F80513CFA71027
200283,50283,PayPal,Success,14566.93,2026-06-05 01:48:00,TXN-8291B1CF0288DB
200284,50284,PayPal,Success,4736.04,2025-06-08 00:13:00,TXN-9801019109D8B8
200285,50285,NetBanking,Success,14584.46,2025-11-12 00:46:00,TXN-EC69EB5BD0949C
200286,50286,Credit Card,Success,124013.8,2023-08-25 00:19:00,TXN-D4AED1261FA223
200287,50287,Cash on Delivery,Success,7128.96,2022-09-16 01:02:00,TXN-53CB5B13BA0973
200288,50288,UPI,Success,15352.86,2025-08-12 00:09:00,TXN-A0E2F82D8FFC63
200289,50289,PayPal,Success,12557.07,2023-06-01 01:52:00,TXN-17573ECF15B9C3
200290,50290,Debit Card,Success,6628.29,2026-05-24 00:06:00,TXN-D898CD9B589275
200291,50291,PayPal,Success,59649.93,2024-11-16 00:26:00,TXN-227E488F5EA289
200292,50292,PayPal,Success,38726.24,2025-10-25 00:26:00,TXN-9009CA8C749F0F
200293,50293,NetBanking,Success,406.55,2026-02-06 00:06:00,TXN-7FCFD8F6E1A784
200294,50294,Credit Card,Success,80318.79,2024-04-14 01:45:00,TXN-B33E3D4E9EDEDD
200295,50295,NetBanking,Success,6175.25,2025-04-01 00:31:00,TXN-C1236B5C84A63E
200296,50296,PayPal,Refunded,28602.98,2022-04-08 01:25:00,TXN-DF0BDEA30BD6DF
200297,50297,Debit Card,Success,3456.24,2025-04-03 01:10:00,TXN-198EFF381BEE14
200298,50298,Debit Card,Success,1045.72,2025-11-04 02:00:00,TXN-B02BB9891AEA4B
200299,50299,UPI,Success,25879.91,2022-12-13 00:40:00,TXN-C6F888BAAFCD67
200300,50300,Credit Card,Success,105485.52,2025-08-01 00:46:00,TXN-A850A0A60E5FF4
200301,50301,PayPal,Success,1319.07,2022-12-28 01:43:00,TXN-4FCAF185DC07DD
200302,50302,PayPal,Refunded,778.6,2022-06-26 00:25:00,TXN-05ED98596B11FC
200303,50303,PayPal,Success,13451.86,2026-03-31 01:40:00,TXN-3DB7FFE848F3D9
200304,50304,NetBanking,Success,8042.21,2022-12-10 00:50:00,TXN-23C6DA0F5A5B13
200305,50305,Cash on Delivery,Success,535.83,2023-02-12 02:00:00,TXN-C2BDF1F461F102
200306,50306,Credit Card,Success,29958.69,2024-05-01 01:17:00,TXN-669046F975D589
200307,50307,UPI,Success,15590.83,2022-08-27 00:16:00,TXN-302CB3359D8172
200308,50308,Credit Card,Success,3268.31,2026-05-30 01:50:00,TXN-34E38DBB324067
200309,50309,Credit Card,Success,194430.74,2023-09-07 01:52:00,TXN-1BCDD846966FB9
200310,50310,UPI,Success,5502.85,2025-05-19 00:41:00,TXN-59C7FF79A1705E
200311,50311,PayPal,Success,16268.78,2025-03-26 01:52:00,TXN-F42E62C5B1AB65
200312,50312,NetBanking,Success,1252.58,2025-02-05 00:12:00,TXN-DE4897E4CEF782
200313,50313,NetBanking,Success,1475.24,2026-02-26 01:44:00,TXN-5DE5FF8FC2190E
200314,50314,Credit Card,Success,9585.76,2022-08-07 01:21:00,TXN-C5CCA593AF7214
200315,50315,Cash on Delivery,Success,1539.57,2023-03-24 01:07:00,TXN-090820E324877E
200316,50316,NetBanking,Success,4877.87,2026-06-16 01:16:00,TXN-15DBE39C7BA026
200317,50317,PayPal,Success,2319.71,2023-08-13 00:25:00,TXN-B62203A9BCE727
200318,50318,Debit Card,Success,27780.53,2022-09-20 00:28:00,TXN-F112E862EBD0F7
200319,50319,Credit Card,Success,2351.28,2025-03-22 00:44:00,TXN-053E6E67F12039
200320,50320,NetBanking,Success,29775.14,2022-10-29 00:46:00,TXN-5D5255800D26CA
200321,50321,NetBanking,Success,3333.39,2025-09-18 01:00:00,TXN-8DC15A287A18F2
200322,50322,Credit Card,Success,13138.17,2022-05-03 01:01:00,TXN-2019A12A723AD1
200323,50323,UPI,Success,23120.94,2022-05-14 01:48:00,TXN-4FC68FFDD1A8AC
200324,50324,NetBanking,Success,46883.02,2023-07-07 00:50:00,TXN-4AFB08559C81C8
200325,50325,Credit Card,Success,39970.09,2025-02-03 00:31:00,TXN-D3FA835FF3393C
200326,50326,PayPal,Success,20773.77,2023-05-16 00:01:00,TXN-1B02FABF15CFCA
200327,50327,UPI,Success,105748.73,2023-11-02 01:16:00,TXN-1889298484CF01
200328,50328,Credit Card,Success,3673.35,2025-10-03 01:50:00,TXN-B12A37ED5D8E19
200329,50329,Cash on Delivery,Success,1324.53,2026-04-04 00:10:00,TXN-482D3940EC2E01
200330,50330,Debit Card,Success,43520.75,2022-10-08 01:35:00,TXN-D287DBF47ECD31
200331,50331,PayPal,Success,10731.06,2022-07-18 01:54:00,TXN-A83E2A10FD02EB
200332,50332,PayPal,Success,2177.62,2022-07-11 01:09:00,TXN-300EF859BBED3D
200333,50333,Cash on Delivery,Success,6281.47,2026-04-08 01:34:00,TXN-FF1DDF42557938
200334,50334,PayPal,Success,17794.26,2024-09-29 01:15:00,TXN-6043B5E5BF76DE
200335,50335,PayPal,Success,6117.34,2023-07-23 00:03:00,TXN-81351B89EC0255
200336,50336,Debit Card,Success,2714.62,2022-12-19 00:26:00,TXN-AC416D3014BF12
200337,50337,Cash on Delivery,Success,44538.87,2022-05-06 00:27:00,TXN-C51C7E17BAB3A3
200338,50338,Credit Card,Success,62101.74,2026-04-08 01:09:00,TXN-CEC2DD4CBC6C14
200339,50339,Cash on Delivery,Success,53361.36,2024-05-10 01:08:00,TXN-B7CF64145A8B10
200340,50340,Cash on Delivery,Success,27768.33,2025-04-26 01:43:00,TXN-C80EE6F3693110
200341,50341,PayPal,Success,3454.82,2023-02-06 00:15:00,TXN-DCA9977008D17A
200342,50342,Debit Card,Success,34141.25,2022-04-21 00:07:00,TXN-D0F1C87FB099E1
200343,50343,Credit Card,Success,5290.48,2023-04-20 00:31:00,TXN-A718F04F05ED8B
200344,50344,Debit Card,Success,5262.27,2023-11-26 00:06:00,TXN-3601A13AFA9F60
200345,50345,Debit Card,Success,39972.26,2023-02-25 01:28:00,TXN-95F90C55A0E5BA
200346,50346,NetBanking,Success,24959.26,2023-11-23 01:44:00,TXN-750B4B2AB136A5
200347,50347,UPI,Success,14107.26,2025-01-08 00:49:00,TXN-8E22EFB0B36382
200348,50348,Credit Card,Success,28660.13,2024-10-29 00:20:00,TXN-0B293400F818B2
200349,50349,Debit Card,Success,42562.53,2023-08-15 00:49:00,TXN-AD664FD4C8E7E6
200350,50350,UPI,Success,6970.35,2022-07-01 01:06:00,TXN-14B561C1BD6D1E
200351,50351,Credit Card,Success,981.28,2024-01-27 01:11:00,TXN-24936F6924A27D
200352,50352,NetBanking,Success,11269.7,2024-08-20 01:20:00,TXN-C96D96DB629A8B
200353,50353,Credit Card,Success,5316.6,2022-02-04 01:54:00,TXN-D3B1A39C73EFD7
200354,50354,Debit Card,Success,28936.72,2026-02-21 00:49:00,TXN-714608467773C0
200355,50355,Cash on Delivery,Success,54397.72,2024-12-18 00:52:00,TXN-4A04F080097DCD
200356,50356,Debit Card,Success,16040.48,2026-01-26 00:48:00,TXN-9E1F4C15EAFDD6
200357,50357,NetBanking,Success,610.04,2024-12-18 00:38:00,TXN-D0B6F614661E02
200358,50358,Credit Card,Success,95224.09,2024-03-09 01:26:00,TXN-59EF1EB3C430D6
200359,50359,PayPal,Success,559.74,2023-09-23 01:05:00,TXN-CE52DC00CC25F1
200360,50360,Debit Card,Success,391.05,2026-05-01 01:47:00,TXN-95B58CA0D2E459
200361,50361,UPI,Success,168386.03,2022-10-02 00:25:00,TXN-3EE06311680B88
200362,50362,NetBanking,Success,33478.2,2025-04-17 01:08:00,TXN-E18768DACE4C15
200363,50363,Cash on Delivery,Success,817.44,2026-06-01 00:26:00,TXN-3620DDD91AF970
200364,50364,PayPal,Success,102731.44,2024-04-09 01:55:00,TXN-F06E5A7E34DF09
200365,50365,NetBanking,Success,14192.65,2023-01-14 00:15:00,TXN-2AAF37E62953FA
200366,50366,NetBanking,Success,1871.73,2025-05-08 00:34:00,TXN-C48F88763F5E71
200367,50367,UPI,Success,29756.23,2025-05-05 00:18:00,TXN-BFDD4190E8C803
200368,50368,Debit Card,Success,69956.73,2023-09-30 01:37:00,TXN-AEE9DC43FADA4A
200369,50369,UPI,Success,8304.75,2026-01-20 00:43:00,TXN-A948ADCE551E54
200370,50370,Cash on Delivery,Success,4691.47,2022-07-08 00:06:00,TXN-DF81D03A8375E7
200371,50371,Cash on Delivery,Success,4274.96,2022-02-13 00:06:00,TXN-D6746C44B8DD5D
200372,50372,Credit Card,Success,2176.95,2022-08-27 01:07:00,TXN-D217BCBF8196F2
200373,50373,Credit Card,Success,17644.07,2024-03-10 00:23:00,TXN-95D4F7B0C1124D
200374,50374,Debit Card,Success,124832.74,2023-11-29 01:20:00,TXN-D9C1D2912013DC
200375,50375,PayPal,Success,13187.68,2023-06-25 00:18:00,TXN-BA9A97113F8C4F
200376,50376,Credit Card,Success,3167.75,2023-04-24 01:05:00,TXN-950A54AE61F653
200377,50377,PayPal,Success,295592.49,2025-04-04 01:31:00,TXN-DCBC31E1C23F26
200378,50378,Cash on Delivery,Success,29227.36,2025-07-05 01:27:00,TXN-804B10D854ED87
200379,50379,Debit Card,Success,7415.66,2024-07-23 00:43:00,TXN-99DA4DB1A69FF8
200380,50380,NetBanking,Success,27794.37,2022-02-13 00:52:00,TXN-22D05BB6FABFA5
200381,50381,Credit Card,Success,6103.62,2022-04-23 01:23:00,TXN-182BA55713C870
200382,50382,UPI,Success,52278.3,2023-03-19 01:46:00,TXN-74FE8997749BED
200383,50383,NetBanking,Success,1862.28,2024-04-14 00:44:00,TXN-F919FE48C8F469
200384,50384,NetBanking,Success,127541.02,2026-05-25 01:14:00,TXN-30DE201E995572
200385,50385,UPI,Success,35196.16,2025-07-14 01:14:00,TXN-C84344DBBF1592
200386,50386,Credit Card,Success,36228.75,2026-03-17 01:47:00,TXN-0ABF2B878BCB34
200387,50387,NetBanking,Success,38368.4,2026-03-21 00:09:00,TXN-796881E00D627A
200388,50388,UPI,Success,3136.27,2026-04-13 01:46:00,TXN-97AE8A0F634523
200389,50389,Credit Card,Success,1019.25,2022-02-22 00:38:00,TXN-25C9432A88F6EE
200390,50390,PayPal,Success,27319.71,2026-02-19 00:57:00,TXN-1F1B0E0B0C4C65
200391,50391,NetBanking,Success,30742.38,2022-10-22 00:57:00,TXN-EC5864DAE40F18
200392,50392,Credit Card,Success,38979.4,2022-11-29 00:21:00,TXN-F1F7EFFA56D6C3
200393,50393,Debit Card,Success,9650.56,2025-05-17 02:00:00,TXN-9B8837BE45C403
200394,50394,NetBanking,Success,181375.5,2022-12-17 00:15:00,TXN-DB3AA5F9EF3BA7
200395,50395,PayPal,Success,55707.87,2023-05-03 00:42:00,TXN-662E7269FAC2D3
200396,50396,Credit Card,Success,13993.54,2024-03-21 00:31:00,TXN-ECB1430015FD9B
200397,50397,NetBanking,Success,1776.67,2023-05-28 01:35:00,TXN-E10B34A71D630A
200398,50398,NetBanking,Success,15785.72,2024-11-17 01:55:00,TXN-6FC65E5F9C55CF
200399,50399,PayPal,Success,19336.88,2023-01-09 01:10:00,TXN-A622B586F40EAE
200400,50400,Debit Card,Success,11759.28,2024-10-03 01:53:00,TXN-6399883C8AC586
200401,50401,Cash on Delivery,Success,30468.78,2022-12-29 00:08:00,TXN-804FE2BE7DA0E1
200402,50402,Credit Card,Success,8912.25,2024-10-13 00:49:00,TXN-A34B23062DE40F
200403,50403,NetBanking,Success,53522.92,2025-09-11 01:27:00,TXN-B388BDD2DCEC02
200404,50404,Cash on Delivery,Success,6798.55,2022-01-31 01:39:00,TXN-A18780205CBAEC
200405,50405,PayPal,Success,8470.21,2025-03-14 01:18:00,TXN-9EBDCBE64FF921
200406,50406,UPI,Success,103923.52,2025-01-24 01:23:00,TXN-A0DA047719D539
200407,50407,PayPal,Success,1767.66,2025-05-25 01:05:00,TXN-F0D3CA7E70A695
200408,50408,NetBanking,Failed,3038.03,2026-03-19 01:10:00,TXN-0F2D461C3B1F31
200409,50409,Cash on Delivery,Success,164170.75,2025-06-14 01:25:00,TXN-DC3C17DE1A1833
200410,50410,NetBanking,Success,2385.3,2025-06-04 01:05:00,TXN-EFED639DE1C1E8
200411,50411,Cash on Delivery,Success,37606.92,2022-11-12 00:05:00,TXN-D24470F9FE486E
200412,50412,UPI,Success,3454.47,2023-10-14 00:07:00,TXN-BCCD5E85701E2A
200413,50413,Cash on Delivery,Success,19929.2,2022-03-03 00:44:00,TXN-8FAB0366CE422A
200414,50414,Cash on Delivery,Success,7215.28,2023-05-30 00:32:00,TXN-CE280559C937E2
200415,50415,PayPal,Success,76224.92,2025-10-31 02:00:00,TXN-DA18563BD7F273
200416,50416,UPI,Success,10752.46,2022-12-03 00:50:00,TXN-2B327C008E19D9
200417,50417,PayPal,Success,28132.2,2022-12-18 00:14:00,TXN-981B2A3784F225
200418,50418,Debit Card,Success,139015.21,2024-01-27 00:40:00,TXN-D10D1D2992DDC3
200419,50419,Credit Card,Success,10298.21,2025-10-15 00:12:00,TXN-3FE4850DF10AB4
200420,50420,Debit Card,Success,1437.89,2024-03-18 00:14:00,TXN-808FFAF5901716
200421,50421,PayPal,Success,55084.65,2024-01-20 00:13:00,TXN-2B2D2EBD5499ED
200422,50422,Cash on Delivery,Success,14064.48,2024-07-05 01:43:00,TXN-838B65B21204C7
200423,50423,PayPal,Success,806.75,2026-04-26 00:16:00,TXN-6844EFF1A95D57
200424,50424,PayPal,Success,10940.97,2024-08-26 01:50:00,TXN-BB8688527033AA
200425,50425,Debit Card,Success,115486.34,2022-11-30 01:04:00,TXN-FC83B36BB756FB
200426,50426,UPI,Refunded,88013.17,2023-11-22 00:23:00,TXN-06F73EA5A47487
200427,50427,Credit Card,Refunded,27908.37,2025-06-12 00:17:00,TXN-8436BFDAD50F67
200428,50428,Cash on Delivery,Success,12175.34,2022-08-26 00:13:00,TXN-B00D8AA19591F5
200429,50429,Cash on Delivery,Success,11653.54,2024-11-30 02:00:00,TXN-C5BBE56E0D5BE6
200430,50430,Cash on Delivery,Success,18290.96,2025-07-29 01:31:00,TXN-C01BB44D462DEB
200431,50431,Cash on Delivery,Success,50196.55,2023-08-13 00:40:00,TXN-022B64E06939EF
200432,50432,NetBanking,Success,8650.26,2024-02-12 00:52:00,TXN-ACD6F27EF00A75
200433,50433,PayPal,Success,6907.11,2025-09-24 00:05:00,TXN-2547CAEB6FC89A
200434,50434,Cash on Delivery,Success,8146.26,2022-07-04 01:01:00,TXN-35AC454068D884
200435,50435,Debit Card,Success,8332.56,2025-11-08 01:48:00,TXN-C361E2C1D68A21
200436,50436,UPI,Success,120913.76,2023-01-08 01:25:00,TXN-C6442C4C095FBF
200437,50437,PayPal,Success,64917.85,2025-08-04 01:50:00,TXN-317D60BCAD5A1C
200438,50438,NetBanking,Success,42572.52,2023-10-18 01:35:00,TXN-9246A50C0220E3
200439,50439,UPI,Success,1392.68,2023-03-25 01:51:00,TXN-956C07D0A9886F
200440,50440,Credit Card,Success,4804.7,2026-05-07 00:24:00,TXN-4365DFFD672219
200441,50441,Cash on Delivery,Success,65958.91,2022-05-24 00:15:00,TXN-7971FFAC853312
200442,50442,Debit Card,Success,285752.67,2023-11-01 00:23:00,TXN-F8E527335CBE9C
200443,50443,PayPal,Success,9905.71,2023-06-28 00:57:00,TXN-06146342F3E095
200444,50444,Credit Card,Success,45433.21,2025-11-20 00:26:00,TXN-74FA22A50D6083
200445,50445,PayPal,Success,3136.27,2023-09-11 00:42:00,TXN-CB4E5C230B7310
200446,50446,Credit Card,Success,2003.07,2023-12-12 00:03:00,TXN-2E5A27C546026E
200447,50447,NetBanking,Success,92499.66,2025-03-28 00:11:00,TXN-15029028CC27C1
200448,50448,Debit Card,Success,20235.42,2024-10-20 00:07:00,TXN-EF4F519B10D6B7
200449,50449,Debit Card,Success,4358.64,2026-03-08 00:06:00,TXN-76B03C5D4A2198
200450,50450,Credit Card,Success,16127.34,2022-03-07 00:38:00,TXN-C3F71B2A36740C
200451,50451,Debit Card,Success,3711.29,2024-02-18 01:38:00,TXN-E61490F926ADDA
200452,50452,Debit Card,Success,10422.62,2022-07-25 01:59:00,TXN-7717C7BF8673A0
200453,50453,Debit Card,Success,136687.49,2025-03-26 01:32:00,TXN-0093C4CFB129D7
200454,50454,Debit Card,Success,5210.35,2023-12-09 00:55:00,TXN-38CB0078BB9C95
200455,50455,Credit Card,Success,7980.38,2023-10-31 01:54:00,TXN-133046503CB30C
200456,50456,Debit Card,Success,951.12,2022-02-22 01:02:00,TXN-03FB1EA35CEFB0
200457,50457,Credit Card,Success,11531.26,2023-07-24 00:53:00,TXN-8C3C5496DBDF50
200458,50458,Credit Card,Success,74245.52,2023-07-31 00:16:00,TXN-408F207CA79FC9
200459,50459,PayPal,Refunded,25849.45,2024-04-10 01:27:00,TXN-2894F3E9A629BB
200460,50460,Credit Card,Success,4212.02,2024-02-01 01:39:00,TXN-B01140DB9F6AD8
200461,50461,NetBanking,Success,12089.2,2024-11-19 00:36:00,TXN-4E486D21058A13
200462,50462,Debit Card,Success,19019.86,2024-09-28 01:16:00,TXN-8D9E146D0E93F1
200463,50463,NetBanking,Refunded,10614.19,2022-08-10 01:32:00,TXN-D055B5AA62682E
200464,50464,Debit Card,Success,24701.0,2022-04-08 01:43:00,TXN-D550B92FB813C7
200465,50465,PayPal,Success,3644.62,2025-12-12 01:27:00,TXN-E1B853E666C305
200466,50466,UPI,Success,14192.65,2025-12-11 00:26:00,TXN-DBD341C9C8DFC8
200467,50467,NetBanking,Success,3538.91,2026-05-11 00:56:00,TXN-EBC5A18B12974B
200468,50468,Credit Card,Success,18135.7,2023-12-25 00:40:00,TXN-E05D304BA3874A
200469,50469,Cash on Delivery,Success,506.29,2025-04-21 01:00:00,TXN-A4075DA331B561
200470,50470,Cash on Delivery,Success,3111.07,2022-03-18 01:50:00,TXN-A60DF70717903D
200471,50471,UPI,Success,46679.73,2023-07-07 01:19:00,TXN-FEC4230A0F3E1B
200472,50472,NetBanking,Success,10624.48,2025-04-22 00:49:00,TXN-F99B80D397EDF6
200473,50473,Cash on Delivery,Success,21275.2,2023-08-23 01:29:00,TXN-973ABDFDAE5C5D
200474,50474,NetBanking,Success,19103.0,2025-04-25 01:49:00,TXN-75F6587F1621AD
200475,50475,Debit Card,Success,12151.56,2022-02-23 00:14:00,TXN-CA3827960EC74E
200476,50476,Credit Card,Success,15318.21,2022-11-21 00:31:00,TXN-C2D1B23F05857D
200477,50477,Credit Card,Success,10066.49,2026-03-18 01:34:00,TXN-7E86E712628692
200478,50478,Credit Card,Success,1296.51,2025-07-05 01:10:00,TXN-6BF3D4D3239EC5
200479,50479,UPI,Success,994.73,2023-06-17 01:07:00,TXN-0E68EF7B938ABD
200480,50480,PayPal,Success,9605.92,2023-04-23 00:23:00,TXN-9E623CA5CC7F00
200481,50481,Debit Card,Success,18695.4,2023-06-16 01:48:00,TXN-876139BF3CBD01
200482,50482,NetBanking,Success,26328.8,2022-06-24 01:27:00,TXN-821499C55D2E68
200483,50483,Cash on Delivery,Success,33257.67,2026-06-09 02:00:00,TXN-C1E6D6286226E4
200484,50484,Credit Card,Success,707.75,2025-07-25 01:42:00,TXN-4609A0707832C9
200485,50485,UPI,Success,78469.26,2023-12-28 01:27:00,TXN-FD85F6D367F45F
200486,50486,NetBanking,Success,1773.22,2025-02-06 01:15:00,TXN-32BB65B71526CF
200487,50487,NetBanking,Success,10542.99,2025-09-10 01:30:00,TXN-2D17792FEC04F9
200488,50488,Credit Card,Success,4755.62,2025-06-02 00:20:00,TXN-0F5D820A072DF2
200489,50489,NetBanking,Success,119790.58,2024-03-01 00:18:00,TXN-57E7A7145E38DB
200490,50490,PayPal,Refunded,22771.57,2022-11-06 01:55:00,TXN-7A7D4751E59D32
200491,50491,Credit Card,Success,7702.3,2023-05-24 01:58:00,TXN-AD571CF028CF12
200492,50492,UPI,Success,3657.9,2024-11-12 01:37:00,TXN-824089E3516D49
200493,50493,Cash on Delivery,Success,2277.59,2023-06-21 00:38:00,TXN-E9AC56ED2F74EE
200494,50494,PayPal,Success,94746.95,2025-03-07 01:10:00,TXN-D0D6A27D1DBF92
200495,50495,NetBanking,Success,39234.63,2022-01-06 00:35:00,TXN-D87DC77FBD28B7
200496,50496,PayPal,Success,12514.46,2022-08-03 00:51:00,TXN-AFEFFB48A7D26E
200497,50497,UPI,Success,23733.59,2024-06-20 01:43:00,TXN-9956C19488A05B
200498,50498,NetBanking,Success,37427.63,2022-09-12 01:54:00,TXN-CF143F5A2C307E
200499,50499,PayPal,Success,919.25,2022-08-21 01:44:00,TXN-D65907096F825D
200500,50500,UPI,Success,52745.1,2023-10-06 00:23:00,TXN-0CAA30D3E0F662
200501,50501,NetBanking,Refunded,12152.37,2024-02-10 00:34:00,TXN-74915FB95B12CB
200502,50502,PayPal,Refunded,1705.39,2026-06-07 01:14:00,TXN-EBBAF9C6420F0A
200503,50503,NetBanking,Success,36077.38,2023-09-24 00:44:00,TXN-C1AAF6931C00DC
200504,50504,Cash on Delivery,Success,37877.29,2022-08-11 02:00:00,TXN-3D2A62ECC0599B
200505,50505,NetBanking,Success,5465.88,2023-01-18 01:53:00,TXN-CE22967CEAEAB8
200506,50506,Credit Card,Success,19972.46,2024-08-28 00:11:00,TXN-C0C685D0B6759D
200507,50507,NetBanking,Success,36625.87,2022-07-24 01:32:00,TXN-CC13EA193906D7
200508,50508,NetBanking,Success,1243.11,2022-09-19 02:00:00,TXN-9E8A34C37E1556
200509,50509,Cash on Delivery,Success,63280.69,2023-07-14 00:50:00,TXN-099625268AAE01
200510,50510,PayPal,Success,790.56,2022-04-09 00:23:00,TXN-F5ACCF471C6DBE
200511,50511,UPI,Success,9346.15,2025-10-07 01:24:00,TXN-6E2B31937CFEFC
200512,50512,Debit Card,Success,53441.43,2024-08-14 00:25:00,TXN-FB6448CF6E2DFA
200513,50513,Cash on Delivery,Success,18964.09,2024-07-05 00:38:00,TXN-AE3409A8058964
200514,50514,NetBanking,Success,8389.71,2026-03-01 01:28:00,TXN-CEC837CCF8DC0F
200515,50515,PayPal,Success,1861.3,2024-08-30 01:41:00,TXN-D72937A191998E
200516,50516,PayPal,Success,65658.09,2022-03-27 01:05:00,TXN-85E1E4B98A4FD2
200517,50517,Cash on Delivery,Success,584.1,2025-07-02 01:41:00,TXN-1A8E5F81EA2738
200518,50518,Cash on Delivery,Success,11817.26,2024-11-20 00:47:00,TXN-C07E507AD30BFF
200519,50519,NetBanking,Success,5063.51,2022-04-20 01:18:00,TXN-E0FB03665ACEF9
200520,50520,Debit Card,Success,2533.05,2025-12-13 01:09:00,TXN-C72FF2C5DDED2C
200521,50521,Credit Card,Success,24301.66,2024-11-15 00:40:00,TXN-77C637064D49D9
200522,50522,UPI,Success,9500.16,2025-12-10 00:49:00,TXN-08CCB8FE0A7C98
200523,50523,Cash on Delivery,Success,20295.41,2022-07-03 01:25:00,TXN-78A9343EC51125
200524,50524,PayPal,Refunded,11369.6,2024-03-13 01:32:00,TXN-7850050B7CA09B
200525,50525,Credit Card,Success,407.29,2023-03-11 00:03:00,TXN-CDD1125662A490
200526,50526,Cash on Delivery,Success,4071.93,2024-03-01 01:17:00,TXN-83AEA84EDD25FE
200527,50527,Debit Card,Success,1174.65,2025-10-17 00:48:00,TXN-6777AD940288AE
200528,50528,PayPal,Success,7635.69,2023-08-15 01:37:00,TXN-CC2D5B1D920629
200529,50529,Credit Card,Success,82269.86,2023-07-20 00:26:00,TXN-2F75DB468DBB9D
200530,50530,UPI,Success,126134.47,2022-02-04 00:03:00,TXN-24178DE5D89125
200531,50531,Credit Card,Success,17928.99,2024-06-11 01:31:00,TXN-396A6A85AD4D0F
200532,50532,PayPal,Refunded,2699.1,2023-04-06 01:45:00,TXN-279EA2781E82A0
200533,50533,PayPal,Success,20940.16,2023-07-05 01:38:00,TXN-B481BA8DB241C0
200534,50534,NetBanking,Success,5717.15,2025-01-27 01:41:00,TXN-D33BE6E4A7073A
200535,50535,PayPal,Success,4934.18,2025-01-10 00:10:00,TXN-8C978840A80156
200536,50536,Credit Card,Success,27909.03,2025-04-26 01:29:00,TXN-3B1FF70A601786
200537,50537,PayPal,Refunded,47716.34,2022-02-15 01:47:00,TXN-55C40ABBBC49FB
200538,50538,PayPal,Success,2201.98,2022-01-31 00:48:00,TXN-CBE7779620B2BE
200539,50539,NetBanking,Success,808.2,2022-05-30 01:03:00,TXN-E50AF57E602DB9
200540,50540,Credit Card,Success,13563.11,2022-07-04 00:13:00,TXN-C0E9AD5ACE065E
200541,50541,Debit Card,Success,2505.16,2025-08-13 00:21:00,TXN-3EBEA1141FA418
200542,50542,Cash on Delivery,Success,5536.4,2024-09-04 00:47:00,TXN-C1E960C88FF651
200543,50543,Credit Card,Success,4222.32,2022-08-04 00:41:00,TXN-49880F73F20325
200544,50544,Credit Card,Success,8529.97,2022-09-16 00:09:00,TXN-16CF52C84D2CDD
200545,50545,Debit Card,Success,951.12,2025-12-13 00:36:00,TXN-8F20F7B5EADB40
200546,50546,Debit Card,Success,139496.8,2022-12-30 00:54:00,TXN-736002C2752A51
200547,50547,Credit Card,Refunded,23065.97,2025-01-15 00:01:00,TXN-1F92CC861C0947
200548,50548,Cash on Delivery,Success,1563.92,2024-08-07 01:53:00,TXN-3CF4649C88F31C
200549,50549,Credit Card,Refunded,4532.96,2023-04-11 00:33:00,TXN-1C1DE7FE528331
200550,50550,PayPal,Success,14654.74,2025-08-31 01:07:00,TXN-1E508F133E1BC8
200551,50551,PayPal,Success,33122.97,2025-02-11 01:42:00,TXN-EDABEBE077CEA8
200552,50552,Cash on Delivery,Refunded,6536.62,2022-10-17 01:40:00,TXN-F206F9CA56109A
200553,50553,Cash on Delivery,Success,17778.84,2023-11-12 00:24:00,TXN-66860850E1004C
200554,50554,NetBanking,Success,15867.61,2023-08-31 01:51:00,TXN-EBA8EB6D92D64A
200555,50555,Cash on Delivery,Success,6469.3,2024-06-10 00:33:00,TXN-23F4616B52F5C7
200556,50556,UPI,Success,23907.12,2025-01-14 00:52:00,TXN-70180D235B0997
200557,50557,NetBanking,Success,9466.71,2022-04-08 00:47:00,TXN-1CAEF4234E3C30
200558,50558,UPI,Success,71568.63,2023-12-23 01:34:00,TXN-3EDD7B42A4DF6E
200559,50559,PayPal,Success,43524.4,2025-05-13 00:50:00,TXN-320E0CDD8D939F
200560,50560,NetBanking,Success,27126.22,2025-11-07 00:07:00,TXN-7B9DA6E95A5AEE
200561,50561,UPI,Success,5416.29,2022-12-11 01:30:00,TXN-CFF7B2CC1757F0
200562,50562,NetBanking,Refunded,208530.15,2022-12-29 01:38:00,TXN-380B1E2B3C7471
200563,50563,UPI,Success,68169.18,2022-04-14 01:43:00,TXN-9FF4AD22BB7792
200564,50564,NetBanking,Success,43965.62,2025-04-19 01:31:00,TXN-C40D52ADC1601B
200565,50565,UPI,Success,1415.5,2024-08-07 01:23:00,TXN-268686D7AD1FE7
200566,50566,Cash on Delivery,Success,29992.3,2025-09-26 01:20:00,TXN-9F4983DEC43F97
200567,50567,Debit Card,Success,1277.35,2026-05-02 00:05:00,TXN-0D9F9464C79F05
200568,50568,Debit Card,Success,28282.85,2022-04-04 01:24:00,TXN-A3D519B84C4EF6
200569,50569,Credit Card,Success,217792.8,2025-06-16 01:23:00,TXN-735A34ECC78083
200570,50570,Debit Card,Refunded,33727.27,2024-05-27 00:28:00,TXN-E88EDA549CCA3D
200571,50571,Debit Card,Success,7860.94,2023-08-15 00:43:00,TXN-52FB2E37B49A8E
200572,50572,UPI,Success,47862.43,2022-11-26 00:24:00,TXN-0A00BE8A1FDD9E
200573,50573,Cash on Delivery,Success,35706.56,2023-01-18 01:41:00,TXN-937735ED1F76B9
200574,50574,PayPal,Success,1357.31,2025-08-10 01:12:00,TXN-548B493C06B793
200575,50575,Debit Card,Success,407.29,2023-06-03 01:42:00,TXN-FDB9D38333139E
200576,50576,NetBanking,Success,8725.24,2022-01-14 00:42:00,TXN-7257A89034EF24
200577,50577,Cash on Delivery,Success,13976.05,2023-01-17 01:43:00,TXN-EF3ACA603E98F8
200578,50578,UPI,Success,1805.43,2022-01-18 01:00:00,TXN-0060551C83CA91
200579,50579,Debit Card,Success,2242.12,2025-11-24 00:29:00,TXN-47ED8A4DAE4057
200580,50580,Cash on Delivery,Success,711.5,2022-01-13 01:25:00,TXN-CAD5D100B03007
200581,50581,PayPal,Success,52929.14,2024-12-10 00:56:00,TXN-00A6E4CF54160E
200582,50582,NetBanking,Success,16283.24,2023-11-12 00:22:00,TXN-212D556ECC53B8
200583,50583,Debit Card,Success,10024.07,2024-02-21 01:02:00,TXN-2B21E04E4594D6
200584,50584,Debit Card,Success,2413.9,2025-12-03 01:06:00,TXN-A795C6F8AB2147
200585,50585,PayPal,Success,9314.68,2022-12-20 00:18:00,TXN-7BBBE478C63D20
200586,50586,Debit Card,Success,39234.63,2024-09-03 01:21:00,TXN-BAFB604D28192D
200587,50587,UPI,Success,167832.34,2023-04-14 01:14:00,TXN-EA515E38A8223F
200588,50588,Credit Card,Success,5115.61,2025-12-06 00:36:00,TXN-58A9F88115D5CB
200589,50589,Debit Card,Success,5606.42,2022-11-02 01:30:00,TXN-0F5010BE02F96A
200590,50590,Credit Card,Success,7980.38,2024-02-03 00:53:00,TXN-EA44ABBD08D003
200591,50591,Credit Card,Success,6342.22,2022-01-06 01:28:00,TXN-A346C48599F104
200592,50592,PayPal,Success,9450.7,2025-05-10 01:36:00,TXN-B31CE498D1BFF5
200593,50593,UPI,Failed,690.57,2022-09-02 00:50:00,TXN-9FF9EC716AE403
200594,50594,Credit Card,Success,76551.4,2026-06-30 00:50:00,TXN-11D78E92084145
200595,50595,UPI,Success,4334.08,2022-11-10 00:39:00,TXN-60AFBE76D5FCBE
200596,50596,Debit Card,Success,17558.46,2024-06-02 01:13:00,TXN-BBB4ADACB0DC8F
200597,50597,NetBanking,Success,1437.89,2023-09-12 00:18:00,TXN-5C9F371115AB8C
200598,50598,PayPal,Success,84050.25,2022-08-29 01:22:00,TXN-8A779EB4899E09
200599,50599,Debit Card,Success,22291.74,2024-12-29 01:54:00,TXN-39B1AC66F1DA32
200600,50600,NetBanking,Failed,44589.85,2023-07-31 00:48:00,TXN-3C36EBBA855367
200601,50601,NetBanking,Success,5599.6,2024-08-14 00:52:00,TXN-492EE2203CEE96
200602,50602,Debit Card,Success,36909.64,2026-01-15 00:56:00,TXN-C180A4E387D8F8
200603,50603,PayPal,Success,34900.94,2023-07-09 01:58:00,TXN-69FC6D2C2FEC9A
200604,50604,UPI,Success,17197.08,2022-06-29 01:14:00,TXN-1962DA52E10A62
200605,50605,Debit Card,Success,14466.5,2024-07-03 00:50:00,TXN-4D0BAF9149ABED
200606,50606,Credit Card,Success,25092.56,2023-08-09 00:39:00,TXN-AB35D271F7E637
200607,50607,PayPal,Success,36223.71,2023-09-25 01:23:00,TXN-B93578A565B159
200608,50608,Debit Card,Failed,3787.03,2024-10-12 01:25:00,TXN-BAF23C5E86A394
200609,50609,Cash on Delivery,Success,471.34,2024-11-01 00:21:00,TXN-D64F1463E81421
200610,50610,NetBanking,Success,19557.73,2025-10-17 01:28:00,TXN-C0FC798668D05C
200611,50611,Cash on Delivery,Success,1640.5,2023-02-04 01:30:00,TXN-67BC82C5F15A43
200612,50612,Credit Card,Failed,6595.05,2024-06-18 01:58:00,TXN-B287B3F46CB189
200613,50613,Debit Card,Success,16825.86,2026-02-02 00:16:00,TXN-B5C147A9F4581A
200614,50614,Debit Card,Success,6916.58,2023-09-09 01:57:00,TXN-B71C237008B4FB
200615,50615,Cash on Delivery,Success,17100.24,2023-02-10 00:04:00,TXN-5681F1BD77ABBC
200616,50616,Debit Card,Success,20184.03,2025-03-24 00:19:00,TXN-7B2486E9C11BBF
200617,50617,Debit Card,Success,1651.18,2025-11-20 00:01:00,TXN-660E4CC09098EB
200618,50618,Credit Card,Success,31599.12,2024-08-28 01:11:00,TXN-03EA0ADCBA1CAC
200619,50619,Credit Card,Success,10411.24,2024-11-13 01:03:00,TXN-F45659518701C7
200620,50620,Cash on Delivery,Success,49048.87,2022-07-24 00:56:00,TXN-231DF37C7A2294
200621,50621,UPI,Success,626.29,2023-06-21 00:17:00,TXN-14C34465D38049
200622,50622,Debit Card,Refunded,131978.07,2023-03-20 00:23:00,TXN-A9448459704741
200623,50623,NetBanking,Success,986.95,2024-04-09 00:32:00,TXN-00364E5587A1F3
200624,50624,NetBanking,Success,9969.45,2026-06-07 01:26:00,TXN-7A75AC3FD588DF
200625,50625,UPI,Refunded,13435.93,2025-02-18 00:30:00,TXN-C91EEB6C28060E
200626,50626,Credit Card,Success,29309.83,2024-08-27 00:47:00,TXN-11C77C14F63ADF
200627,50627,Cash on Delivery,Success,26848.09,2022-05-29 00:12:00,TXN-5D2F6D549AFEE6
200628,50628,Debit Card,Refunded,1877.8,2025-04-28 00:03:00,TXN-596428D5555576
200629,50629,Credit Card,Success,976.43,2022-11-21 00:20:00,TXN-26A556A0C4F091
200630,50630,Debit Card,Success,6510.02,2023-02-18 00:55:00,TXN-389259A5548BCE
200631,50631,UPI,Success,13842.73,2023-04-19 01:30:00,TXN-077B18D566E83B
200632,50632,PayPal,Success,6147.11,2024-12-31 01:56:00,TXN-6A76EB20A718AF
200633,50633,PayPal,Success,9283.16,2023-09-25 01:22:00,TXN-BB15BF475600F0
200634,50634,UPI,Success,1166.42,2022-09-13 01:03:00,TXN-D2D99CE9EB5387
200635,50635,Credit Card,Success,6346.77,2023-08-03 00:18:00,TXN-BCB1C44E05A4B8
200636,50636,NetBanking,Success,3644.62,2024-08-08 01:16:00,TXN-331BBD5924DDED
200637,50637,UPI,Success,30301.83,2022-07-02 01:50:00,TXN-081AC9F176D859
200638,50638,Cash on Delivery,Success,11372.12,2024-04-12 00:50:00,TXN-A640DA874D2979
200639,50639,Debit Card,Success,7646.89,2024-05-23 00:48:00,TXN-16F2B486312AD7
200640,50640,Credit Card,Success,389.06,2024-12-19 01:50:00,TXN-0B7255B5C8E9EE
200641,50641,Debit Card,Success,14437.44,2024-12-10 00:39:00,TXN-1DEC995D71E0E2
200642,50642,Cash on Delivery,Success,44357.13,2023-06-21 01:50:00,TXN-12134990BC9433
200643,50643,PayPal,Success,26277.94,2024-07-12 00:22:00,TXN-F90088211E5629
200644,50644,PayPal,Success,10276.38,2025-04-30 01:26:00,TXN-50960D9182421E
200645,50645,PayPal,Success,14910.33,2026-04-28 00:58:00,TXN-18620BB062BEA1
200646,50646,PayPal,Success,6428.51,2022-12-21 00:45:00,TXN-CD0DEB38387B2A
200647,50647,Debit Card,Success,62473.9,2025-12-24 00:05:00,TXN-C0B384EF142A7C
200648,50648,Cash on Delivery,Success,9107.06,2023-09-11 01:19:00,TXN-33A332D5F386B6
200649,50649,NetBanking,Success,19989.81,2022-02-26 01:51:00,TXN-831C3DA08F5AB6
200650,50650,Credit Card,Success,1870.02,2025-05-03 01:12:00,TXN-31F6F2540E4A19
200651,50651,NetBanking,Failed,3825.53,2022-06-11 00:11:00,TXN-A590D1D4A77D13
200652,50652,Cash on Delivery,Success,55089.87,2024-01-30 01:35:00,TXN-072381035E345E
200653,50653,Credit Card,Success,55089.87,2023-05-25 00:03:00,TXN-92A84B869A14CD
200654,50654,Credit Card,Success,5218.08,2024-07-12 00:05:00,TXN-85F7DCD8221A25
200655,50655,Cash on Delivery,Success,4697.98,2025-08-26 00:12:00,TXN-4E4860DFFF7CEE
200656,50656,UPI,Success,7924.57,2024-09-24 00:27:00,TXN-20F04817B2763B
200657,50657,UPI,Success,27046.39,2022-11-14 01:34:00,TXN-E5157DC2C502E4
200658,50658,Debit Card,Success,26259.23,2026-04-03 00:02:00,TXN-A34CC1DD320807
200659,50659,NetBanking,Success,23999.34,2023-11-08 00:19:00,TXN-05FCF6D0D766B1
200660,50660,PayPal,Success,27051.79,2025-06-03 01:12:00,TXN-CCCFD0AB001A11
200661,50661,Debit Card,Success,9422.29,2024-09-25 00:06:00,TXN-61D5B11BBD9929
200662,50662,PayPal,Success,27402.38,2024-07-27 01:00:00,TXN-2486D2C1B051EC
200663,50663,Credit Card,Success,9295.64,2022-07-28 01:20:00,TXN-23396DF80742EE
200664,50664,NetBanking,Failed,14232.13,2023-01-10 01:27:00,TXN-823FDEAB0186FA
200665,50665,Cash on Delivery,Success,7630.64,2022-05-12 00:44:00,TXN-63AEB45A17C161
200666,50666,Debit Card,Success,22602.16,2024-12-29 01:03:00,TXN-6DF9DEBCFB6A2A
200667,50667,Cash on Delivery,Success,50902.24,2024-07-13 01:19:00,TXN-78F964F0351E10
200668,50668,Cash on Delivery,Success,1601.66,2022-06-01 02:00:00,TXN-6F20307404783C
200669,50669,UPI,Success,5060.39,2023-12-23 00:20:00,TXN-00EBFB3CC20FC8
200670,50670,Debit Card,Success,4999.16,2022-12-27 01:57:00,TXN-981879C2D445EE
200671,50671,PayPal,Success,21133.47,2022-01-04 01:15:00,TXN-4D30A815C059DB
200672,50672,NetBanking,Success,10846.26,2023-07-09 01:04:00,TXN-A42ACC866E8B62
200673,50673,Debit Card,Success,11078.59,2023-01-08 00:58:00,TXN-1579ED299877E7
200674,50674,Credit Card,Success,59645.43,2023-10-16 01:54:00,TXN-C11AEA7E9EC636
200675,50675,Credit Card,Success,12423.0,2022-06-21 00:42:00,TXN-8500595FA569C2
200676,50676,PayPal,Success,1272.77,2026-04-24 00:52:00,TXN-A253DFC0D120CD
200677,50677,PayPal,Success,48120.97,2024-08-06 00:04:00,TXN-AE594BDB46A819
200678,50678,Credit Card,Success,9558.13,2023-11-27 00:06:00,TXN-9A07C668CC0389
200679,50679,Debit Card,Success,4352.44,2023-04-05 01:41:00,TXN-C14CA7572B60F0
200680,50680,UPI,Success,73861.3,2023-08-30 00:34:00,TXN-E319FD02B1778A
200681,50681,Credit Card,Success,133616.61,2024-03-08 01:42:00,TXN-2548B8266F39F9
200682,50682,PayPal,Failed,1316.98,2024-10-26 01:35:00,TXN-4B0E97416B11ED
200683,50683,Debit Card,Success,34442.73,2024-03-28 00:10:00,TXN-EEAA01A6AFC17C
200684,50684,Credit Card,Success,2754.06,2023-09-18 00:37:00,TXN-E66C2858F82B2D
200685,50685,PayPal,Refunded,9612.5,2024-11-12 01:19:00,TXN-74ADD28587D9A2
200686,50686,Credit Card,Success,817.44,2024-12-14 00:29:00,TXN-E5EBFF61C28C02
200687,50687,UPI,Success,15874.6,2024-04-19 00:25:00,TXN-F82C90114AD6AD
200688,50688,Credit Card,Success,5517.49,2022-07-17 02:00:00,TXN-4E7FFFCA80479F
200689,50689,Debit Card,Refunded,2758.25,2022-11-28 00:23:00,TXN-39B36E8045DBDA
200690,50690,UPI,Success,12438.52,2023-02-28 01:22:00,TXN-57CFBC5EB8A807
200691,50691,Debit Card,Failed,7920.37,2025-01-15 01:05:00,TXN-97EBBA7C95518E
200692,50692,Debit Card,Success,5874.7,2026-01-08 00:45:00,TXN-1A88FCB602EC5E
200693,50693,NetBanking,Success,24719.64,2026-02-18 00:13:00,TXN-187A4E2B788704
200694,50694,PayPal,Success,3626.14,2026-03-28 01:07:00,TXN-E7A985814809DC
200695,50695,NetBanking,Success,8272.67,2023-06-30 00:15:00,TXN-1EC685F59EE33B
200696,50696,NetBanking,Success,67647.05,2025-11-23 00:49:00,TXN-EE6F2AD3C52F6C
200697,50697,UPI,Success,30404.01,2024-03-28 00:42:00,TXN-F27F6290623CDD
200698,50698,Cash on Delivery,Success,16070.54,2025-10-06 01:01:00,TXN-3D59CDFC52459E
200699,50699,NetBanking,Success,31526.34,2024-04-23 00:36:00,TXN-548FCDE1E3CE28
200700,50700,PayPal,Success,19026.73,2023-02-01 01:09:00,TXN-BE4AEB56A41069
200701,50701,PayPal,Success,4407.28,2024-02-19 01:44:00,TXN-27E78A849F32BA
200702,50702,NetBanking,Refunded,12096.53,2023-11-01 00:06:00,TXN-5523A2E20E0DEF
200703,50703,UPI,Success,9166.85,2025-02-06 00:46:00,TXN-D6363C9A766C95
200704,50704,PayPal,Success,3597.07,2023-03-30 01:17:00,TXN-BA07B7752135A9
200705,50705,Credit Card,Refunded,7393.6,2026-03-03 00:07:00,TXN-CEA29BEF173F0B
200706,50706,PayPal,Success,631.35,2025-10-23 00:46:00,TXN-D4B651286A9BC6
200707,50707,NetBanking,Success,10524.54,2024-01-03 01:10:00,TXN-CF7DD7D99930C6
200708,50708,Debit Card,Success,10084.09,2023-08-26 00:54:00,TXN-4DE640C0849442
200709,50709,UPI,Success,16467.56,2022-03-13 00:39:00,TXN-258E86A1DF516F
200710,50710,Debit Card,Success,14098.56,2022-09-27 00:15:00,TXN-4334064613B0BB
200711,50711,Cash on Delivery,Success,60713.08,2025-06-05 01:23:00,TXN-9FD2D1C171900A
200712,50712,UPI,Success,5196.39,2026-06-13 01:28:00,TXN-8D0263867D0BF8
200713,50713,Debit Card,Success,540.58,2025-05-08 01:09:00,TXN-65333B8A42F3C1
200714,50714,Credit Card,Success,67552.61,2024-09-28 02:00:00,TXN-27C92FDA40B96C
200715,50715,Debit Card,Success,41789.1,2026-01-08 00:55:00,TXN-002D032A6D0C96
200716,50716,UPI,Success,35983.43,2025-08-08 01:11:00,TXN-9B68F6410D13B6
200717,50717,Credit Card,Success,34089.56,2025-04-11 00:52:00,TXN-A60B75BD5909F1
200718,50718,UPI,Success,2615.73,2023-11-03 00:40:00,TXN-8D8AAB3C6591AE
200719,50719,UPI,Success,406.23,2024-07-06 01:39:00,TXN-9326B63072CCFE
200720,50720,PayPal,Success,28968.32,2024-12-19 00:27:00,TXN-0B42AC18684014
200721,50721,Credit Card,Success,6469.3,2024-09-27 01:52:00,TXN-AAF616F06EF624
200722,50722,PayPal,Success,233509.86,2023-02-16 00:09:00,TXN-1BD9B61E8E2680
200723,50723,UPI,Success,145997.73,2024-09-09 01:28:00,TXN-B380A1237C2F10
200724,50724,UPI,Success,3470.13,2022-09-08 01:34:00,TXN-18B93468309A5A
200725,50725,Cash on Delivery,Success,2171.04,2026-05-26 01:02:00,TXN-A7C4ABD28834E1
200726,50726,UPI,Success,47091.86,2024-02-21 00:29:00,TXN-21643A483FD333
200727,50727,PayPal,Success,6746.26,2022-10-07 01:42:00,TXN-97581CA4D243CD
200728,50728,Cash on Delivery,Success,21263.73,2022-08-18 01:31:00,TXN-92102256703DEC
200729,50729,PayPal,Success,32109.92,2025-12-13 01:40:00,TXN-ABCE7576C93979
200730,50730,Cash on Delivery,Refunded,13315.42,2026-03-19 01:37:00,TXN-9C550F81A60AB0
200731,50731,Cash on Delivery,Success,82129.05,2024-11-27 01:48:00,TXN-852D7C4AEF520F
200732,50732,UPI,Success,9832.11,2023-09-05 01:37:00,TXN-5E931B2BE2BAA2
200733,50733,Cash on Delivery,Failed,6076.78,2023-06-22 00:04:00,TXN-9BB5D87A443F64
200734,50734,NetBanking,Success,1655.25,2024-06-08 01:47:00,TXN-948F515042E5CA
200735,50735,NetBanking,Success,8140.24,2023-11-21 01:15:00,TXN-378419AF3739BC
200736,50736,Credit Card,Success,29570.84,2026-06-05 01:39:00,TXN-4B716148270033
200737,50737,PayPal,Success,5426.08,2023-02-04 00:11:00,TXN-629D995297EF0B
200738,50738,NetBanking,Success,1514.26,2024-12-26 00:06:00,TXN-A44FF04D19ECFE
200739,50739,UPI,Success,23433.43,2024-12-23 00:28:00,TXN-5BCD9226B0ED9C
200740,50740,NetBanking,Success,6175.25,2024-03-31 00:18:00,TXN-E5EC66D01E339F
200741,50741,Credit Card,Success,37412.48,2023-03-21 01:21:00,TXN-A1B541324F0944
200742,50742,Cash on Delivery,Success,19312.24,2026-03-19 00:32:00,TXN-B774629763D2DC
200743,50743,Credit Card,Success,182.17,2024-03-01 00:13:00,TXN-F99DF1F33A233B
200744,50744,Debit Card,Refunded,142089.63,2024-03-15 01:10:00,TXN-FE4716F3ABC05C
200745,50745,PayPal,Success,2595.33,2026-04-18 00:11:00,TXN-946C59A9C6E28E
200746,50746,UPI,Success,340430.7,2023-06-10 01:22:00,TXN-FB00BE22F89811
200747,50747,Debit Card,Success,19417.11,2025-01-01 01:26:00,TXN-4F885897E6CCD1
200748,50748,NetBanking,Success,1717.09,2022-10-05 00:18:00,TXN-99CE332D25FE79
200749,50749,PayPal,Success,5888.93,2022-07-29 00:30:00,TXN-EE9DE9B4E7733A
200750,50750,Cash on Delivery,Refunded,30072.75,2023-03-09 01:21:00,TXN-DFA936A8BAEE0E
200751,50751,PayPal,Success,6909.64,2022-01-08 01:06:00,TXN-1FE19BA6002F63
200752,50752,PayPal,Success,7540.42,2023-10-18 01:36:00,TXN-834F5B535BCE48
200753,50753,PayPal,Success,14251.05,2024-10-02 01:12:00,TXN-1BBA5A3FF9BDA4
200754,50754,PayPal,Success,61285.67,2026-04-01 01:01:00,TXN-C9486E94440541
200755,50755,NetBanking,Refunded,607.15,2024-01-06 00:58:00,TXN-820D9C1E5CA513
200756,50756,UPI,Success,10769.7,2022-07-13 00:25:00,TXN-8ED1DE7E5B1175
200757,50757,Debit Card,Refunded,8272.67,2024-05-08 00:06:00,TXN-3AC651B0DB1CC3
200758,50758,Credit Card,Success,106919.34,2025-09-03 01:31:00,TXN-A88B46C8823015
200759,50759,Debit Card,Success,723.68,2025-04-26 01:48:00,TXN-1CFC191D4753B3
200760,50760,NetBanking,Success,4685.21,2022-05-02 00:04:00,TXN-EA3CF5D0ADB728
200761,50761,UPI,Success,16448.4,2025-02-16 01:42:00,TXN-68551F19621EE5
200762,50762,Credit Card,Success,122714.5,2022-01-29 01:29:00,TXN-54E8A6CF95C12F
200763,50763,UPI,Success,2187.64,2024-08-30 01:40:00,TXN-CFE6133261B546
200764,50764,PayPal,Success,7749.8,2024-04-28 00:04:00,TXN-7B546EFA1890C7
200765,50765,PayPal,Success,3272.22,2024-09-01 00:02:00,TXN-588C8D1835D3CB
200766,50766,Credit Card,Success,99122.84,2023-03-19 00:14:00,TXN-A94E76F1439C2C
200767,50767,UPI,Success,63556.48,2024-02-19 00:41:00,TXN-19FC214DB89218
200768,50768,Debit Card,Success,93442.6,2026-05-04 01:11:00,TXN-6FE15DE1A06AD5
200769,50769,Debit Card,Success,2338.49,2022-05-21 01:46:00,TXN-7E58C8AC09B221
200770,50770,Cash on Delivery,Success,53817.34,2023-08-24 01:34:00,TXN-CAC755CF232FA3
200771,50771,Credit Card,Success,2676.93,2023-09-17 00:27:00,TXN-5B5E52C94444B7
200772,50772,Credit Card,Success,2378.4,2025-08-06 01:24:00,TXN-82EAFC2FCBF558
200773,50773,Cash on Delivery,Success,46883.02,2023-09-07 00:46:00,TXN-B7DD0F679166F6
200774,50774,PayPal,Success,9558.13,2022-08-18 01:15:00,TXN-C3B5CDCC00FBDA
200775,50775,PayPal,Success,164533.37,2022-12-16 00:55:00,TXN-710154FB06D08F
200776,50776,Credit Card,Success,4031.99,2024-11-18 01:05:00,TXN-04177E28436F9E
200777,50777,PayPal,Success,7963.12,2024-07-23 00:05:00,TXN-5F754D8A85FD47
200778,50778,Cash on Delivery,Success,6428.51,2025-03-07 01:38:00,TXN-7C6490F52B3D20
200779,50779,NetBanking,Success,12832.8,2026-04-23 00:24:00,TXN-018067C5E489A4
200780,50780,NetBanking,Success,134057.96,2022-01-20 00:59:00,TXN-5FB84CF74F5543
200781,50781,Credit Card,Success,34717.54,2025-06-07 01:15:00,TXN-AB74A13C65E8B3
200782,50782,PayPal,Success,16085.28,2022-07-09 01:34:00,TXN-2CA2D0C59A376D
200783,50783,Credit Card,Success,831.12,2025-06-19 01:50:00,TXN-D0AEA4CC9F2226
200784,50784,PayPal,Success,236.68,2024-05-20 01:45:00,TXN-40E46328CAB1D6
200785,50785,Debit Card,Success,3644.62,2024-11-20 00:58:00,TXN-DA2CEDBB2CDEC1
200786,50786,UPI,Success,2158.72,2024-12-07 01:05:00,TXN-546C89B397E086
200787,50787,Credit Card,Success,9998.31,2023-09-25 00:47:00,TXN-8493D4D63FEF88
200788,50788,PayPal,Success,2294.24,2023-05-05 01:17:00,TXN-45435943F62078
200789,50789,Credit Card,Success,11354.29,2025-12-12 01:11:00,TXN-E63EA315B7A067
200790,50790,Credit Card,Success,48082.79,2025-08-11 00:20:00,TXN-5F309A6A26AD69
200791,50791,Debit Card,Success,1014.05,2022-10-16 01:00:00,TXN-72E22C76B8E2B8
200792,50792,UPI,Success,2778.06,2024-01-05 00:59:00,TXN-675A93FD441C48
200793,50793,UPI,Success,110310.04,2022-06-28 00:14:00,TXN-A159BE3D32D5B9
200794,50794,Credit Card,Failed,67317.36,2024-05-07 01:18:00,TXN-639A7DA366D37D
200795,50795,Credit Card,Success,8889.42,2024-04-16 00:04:00,TXN-E9C2D3D0A877E0
200796,50796,Cash on Delivery,Failed,3605.47,2026-03-08 00:45:00,TXN-F7CF24F8F0DB72
200797,50797,Cash on Delivery,Refunded,3349.23,2023-06-26 01:37:00,TXN-53E90CE4DE4182
200798,50798,Credit Card,Success,55810.82,2026-01-25 00:43:00,TXN-D5623CEEAC8F80
200799,50799,PayPal,Success,15091.84,2024-10-19 00:22:00,TXN-34BB73EAA08C3D
200800,50800,Cash on Delivery,Success,50827.02,2026-03-31 01:44:00,TXN-397817E4CFA9BE
200801,50801,Credit Card,Success,130559.7,2025-12-02 01:25:00,TXN-D19284B1BC6D16
200802,50802,PayPal,Success,60446.0,2025-08-01 00:39:00,TXN-AA556364DF696B
200803,50803,UPI,Refunded,43964.75,2023-09-10 00:07:00,TXN-B3EED7BC44A87F
200804,50804,Cash on Delivery,Success,7227.22,2026-02-22 01:37:00,TXN-D6DC5F32E3DB6A
200805,50805,UPI,Success,34394.16,2023-06-10 01:23:00,TXN-AB68B1DA48D71E
200806,50806,Cash on Delivery,Success,18882.55,2022-09-11 00:55:00,TXN-4AA83E69729385
200807,50807,NetBanking,Success,29740.39,2023-11-22 00:34:00,TXN-2B891CEC494BF8
200808,50808,Debit Card,Success,58535.06,2023-12-13 00:32:00,TXN-190B5FE06B8EDC
200809,50809,Debit Card,Success,1064.6,2025-12-21 01:04:00,TXN-71EEFA200CB390
200810,50810,NetBanking,Success,7780.74,2026-02-04 01:11:00,TXN-F578D3B1832F14
200811,50811,Credit Card,Failed,23592.31,2025-05-22 01:58:00,TXN-4414A26005B122
200812,50812,Cash on Delivery,Success,3446.79,2022-08-08 01:12:00,TXN-9E8E51BBA47F60
200813,50813,Credit Card,Success,3158.04,2026-03-15 01:33:00,TXN-8FBF9AC994C766
200814,50814,UPI,Success,48761.12,2025-04-06 01:08:00,TXN-79DA2169614926
200815,50815,PayPal,Success,1931.2,2022-02-16 01:36:00,TXN-13D1C8816B793F
200816,50816,Debit Card,Success,51034.56,2026-05-16 00:17:00,TXN-F66971E34352C0
200817,50817,Debit Card,Success,16662.27,2025-05-05 00:06:00,TXN-D6572CE3201477
200818,50818,PayPal,Success,157694.35,2025-02-20 00:05:00,TXN-CF04BEA7BD9822
200819,50819,Debit Card,Success,4486.57,2023-06-11 00:21:00,TXN-6B9E5C7C590578
200820,50820,Cash on Delivery,Success,61309.47,2024-03-11 00:46:00,TXN-4172FB28A0106B
200821,50821,UPI,Success,2326.15,2025-11-14 01:46:00,TXN-F4C7A720CF7765
200822,50822,Cash on Delivery,Success,653.95,2022-01-10 01:07:00,TXN-ECA69159CC57BB
200823,50823,Credit Card,Success,43756.97,2026-05-21 01:35:00,TXN-A50203B9999F40
200824,50824,Credit Card,Success,161.7,2022-06-02 00:49:00,TXN-E81B3E06453EEA
200825,50825,PayPal,Success,1271.73,2026-04-13 01:51:00,TXN-14B87206508317
200826,50826,UPI,Success,8575.98,2025-01-31 01:57:00,TXN-F4214E5AEAB34D
200827,50827,Credit Card,Refunded,3963.92,2026-04-24 00:41:00,TXN-6E11FD66055B3E
200828,50828,UPI,Success,40327.6,2023-11-22 01:38:00,TXN-CDD535F9D53669
200829,50829,Cash on Delivery,Success,3457.45,2022-07-21 01:44:00,TXN-BB5BCBC525A199
200830,50830,Cash on Delivery,Success,27126.22,2023-04-11 01:48:00,TXN-29FB6ED6E5BD9B
200831,50831,Credit Card,Success,849.44,2024-05-15 00:59:00,TXN-D9FDDBAFF0A3DB
200832,50832,Cash on Delivery,Success,6158.14,2024-10-21 01:37:00,TXN-1CED8A23B0A4AD
200833,50833,Credit Card,Success,1339.76,2026-01-20 01:40:00,TXN-E095D8CFB119CD
200834,50834,Cash on Delivery,Success,11219.14,2023-08-31 01:08:00,TXN-0C75B193D4EA05
200835,50835,NetBanking,Success,4252.66,2024-07-12 01:28:00,TXN-055A53570598C4
200836,50836,Debit Card,Success,22597.96,2022-05-19 00:46:00,TXN-FC7A39E8F2A34A
200837,50837,PayPal,Success,48906.06,2024-12-19 00:51:00,TXN-8B7A77A92DB7BA
200838,50838,UPI,Success,3610.86,2022-12-28 01:41:00,TXN-44FA240122F9E7
200839,50839,UPI,Success,1462.48,2025-05-21 01:17:00,TXN-2329D76D031A09
200840,50840,NetBanking,Success,2533.05,2023-06-12 01:05:00,TXN-AC3E810BFB689B
200841,50841,Cash on Delivery,Success,8407.83,2024-10-20 01:51:00,TXN-8520950925DA81
200842,50842,Cash on Delivery,Success,1192.18,2026-05-20 01:48:00,TXN-EE5AA1B93A316E
200843,50843,UPI,Success,4993.15,2023-02-27 01:24:00,TXN-BEE0EC0C2D836B
200844,50844,Debit Card,Success,812.53,2025-05-27 01:19:00,TXN-3586CABB5FE1D4
200845,50845,PayPal,Success,12455.78,2022-08-22 01:50:00,TXN-4D3BC80D05FD30
200846,50846,NetBanking,Success,30350.69,2022-03-02 00:35:00,TXN-057B2408BC3AF6
200847,50847,Credit Card,Success,6219.65,2022-05-05 01:58:00,TXN-886BD66FB827FF
200848,50848,Credit Card,Success,10873.66,2022-06-14 00:38:00,TXN-0322377FA56638
200849,50849,Debit Card,Success,7161.09,2023-01-14 01:50:00,TXN-7582E0E34FFD77
200850,50850,PayPal,Success,2491.24,2024-06-21 00:01:00,TXN-F1265514519997
200851,50851,UPI,Success,657.92,2025-02-26 01:19:00,TXN-A3F3D8BF3194A0
200852,50852,PayPal,Success,16749.51,2025-01-31 01:51:00,TXN-0595483F13737F
200853,50853,PayPal,Success,107045.84,2025-03-18 01:45:00,TXN-F868171AF5A2F7
200854,50854,Debit Card,Success,6356.1,2024-05-31 01:11:00,TXN-77B37D5512A4FD
200855,50855,PayPal,Success,6959.51,2023-02-25 01:50:00,TXN-B9C522CE01D514
200856,50856,Credit Card,Success,3069.7,2022-01-06 00:22:00,TXN-3480ECD9A6C443
200857,50857,Credit Card,Success,490.64,2025-09-24 01:56:00,TXN-7A133788CA0429
200858,50858,Credit Card,Success,12096.53,2023-09-05 01:15:00,TXN-8B88E4B9E419F8
200859,50859,Debit Card,Success,331.05,2022-11-18 00:46:00,TXN-943EBD7808CA39
200860,50860,Credit Card,Failed,55948.26,2024-02-06 00:52:00,TXN-989DBF929A5A4C
200861,50861,PayPal,Success,22405.65,2025-02-21 00:04:00,TXN-9CA070872F9427
200862,50862,PayPal,Success,15294.96,2026-02-25 00:08:00,TXN-37DFA876FFF4E3
200863,50863,Debit Card,Success,187532.08,2026-03-19 01:04:00,TXN-B845835A066835
200864,50864,UPI,Success,63014.51,2024-09-12 01:23:00,TXN-9F457E41E92FB6
200865,50865,PayPal,Success,20673.27,2024-07-06 01:21:00,TXN-F11D757FE67B53
200866,50866,Debit Card,Success,28530.36,2024-02-24 00:35:00,TXN-0A6EBB5D7528B3
200867,50867,UPI,Success,584.1,2025-12-15 00:13:00,TXN-1B233853F7940D
200868,50868,PayPal,Success,7729.66,2026-04-30 01:00:00,TXN-866AA69669E3E4
200869,50869,Credit Card,Success,2153.07,2024-08-12 01:05:00,TXN-081659486102E7
200870,50870,PayPal,Success,5877.03,2023-06-05 01:02:00,TXN-3C674970F598F7
200871,50871,Credit Card,Success,54325.2,2024-10-06 00:22:00,TXN-0F3425BFD21493
200872,50872,Cash on Delivery,Success,15248.86,2025-01-16 00:56:00,TXN-5F589B51EC2B46
200873,50873,Cash on Delivery,Success,1440.57,2022-10-04 01:15:00,TXN-22EFB3DCB1311B
200874,50874,Credit Card,Refunded,49943.71,2023-09-17 00:46:00,TXN-8904EEC13473C4
200875,50875,Debit Card,Success,42260.14,2025-07-25 01:42:00,TXN-AFB20106CDBF97
200876,50876,Cash on Delivery,Success,6452.9,2023-07-15 00:57:00,TXN-F78E28B2C71535
200877,50877,Credit Card,Success,66937.3,2024-03-27 01:14:00,TXN-256D6F4A324162
200878,50878,NetBanking,Success,56524.62,2026-04-12 01:50:00,TXN-14C47E0B1CE95B
200879,50879,Debit Card,Refunded,24504.7,2024-05-09 00:51:00,TXN-545A9CA8FC72D2
200880,50880,Debit Card,Success,5538.85,2024-12-12 00:26:00,TXN-9BB16CA7B956E5
200881,50881,Credit Card,Success,22687.81,2024-06-29 01:23:00,TXN-8DDEC45DFC2F9E
200882,50882,Cash on Delivery,Success,3097.93,2023-06-15 00:13:00,TXN-08BA54951BD84B
200883,50883,NetBanking,Success,7283.42,2023-08-13 01:55:00,TXN-9E1C87F2C169F7
200884,50884,Credit Card,Success,1435.38,2024-05-14 01:45:00,TXN-23D13BCA7B523A
200885,50885,UPI,Success,29871.65,2022-05-23 01:30:00,TXN-85802B086E1D07
200886,50886,NetBanking,Success,810.18,2022-12-12 00:22:00,TXN-ABB7D8A8EBEF84
200887,50887,UPI,Success,81658.9,2024-05-27 01:36:00,TXN-B95196C5FAC8FA
200888,50888,UPI,Success,114332.95,2026-04-08 00:09:00,TXN-1EDF5A713A0CE8
200889,50889,Cash on Delivery,Success,2077.8,2022-01-07 00:35:00,TXN-B33759DF24EA56
200890,50890,Debit Card,Success,10089.39,2026-01-27 01:02:00,TXN-E3004BC6A2FBE1
200891,50891,NetBanking,Success,11862.84,2025-10-08 01:05:00,TXN-B6517C270299D8
200892,50892,NetBanking,Success,5218.08,2023-06-21 01:48:00,TXN-3F59216DFA0C74
200893,50893,NetBanking,Success,16238.31,2023-12-21 01:37:00,TXN-8122E2617F0E38
200894,50894,Credit Card,Success,11133.36,2026-05-21 00:20:00,TXN-DE1EF7F63D4EB5
200895,50895,Debit Card,Success,69643.55,2025-11-25 00:47:00,TXN-F9D1210CEF910E
200896,50896,Cash on Delivery,Success,4039.38,2024-05-27 00:28:00,TXN-1264BCC20C30A7
200897,50897,Credit Card,Success,14414.36,2024-08-22 01:19:00,TXN-E10F103044435C
200898,50898,NetBanking,Success,7157.21,2024-07-14 01:01:00,TXN-61A31322C6830C
200899,50899,NetBanking,Success,39791.41,2024-04-29 00:04:00,TXN-EDF2139922D754
200900,50900,PayPal,Refunded,3475.01,2026-06-24 00:18:00,TXN-4B3C84AC3DE432
200901,50901,Credit Card,Success,8444.95,2025-11-23 01:10:00,TXN-F04A89CAA15852
200902,50902,Credit Card,Success,290.06,2026-01-21 00:52:00,TXN-4A81AEBA059484
200903,50903,Debit Card,Success,11186.28,2025-10-16 01:39:00,TXN-D67B573EA9EF36
200904,50904,UPI,Success,106920.62,2025-06-14 01:19:00,TXN-4040C264073DED
200905,50905,Credit Card,Success,6564.16,2025-04-17 01:27:00,TXN-E8955F0F6119D7
200906,50906,PayPal,Success,134265.15,2023-11-01 01:08:00,TXN-1CDCED5C15D921
200907,50907,Credit Card,Success,110636.13,2023-07-11 00:50:00,TXN-8F3D9A8A89DBEE
200908,50908,PayPal,Success,5227.71,2025-08-05 01:51:00,TXN-37E3B685E65E64
200909,50909,Credit Card,Success,19949.13,2022-04-17 00:43:00,TXN-5ECDA894F99D9A
200910,50910,NetBanking,Success,3043.58,2024-07-08 01:21:00,TXN-816004397CDA9B
200911,50911,Debit Card,Success,62234.76,2022-04-09 00:52:00,TXN-656479A76BCD54
200912,50912,Credit Card,Failed,38966.27,2025-05-15 01:07:00,TXN-DBFB94070367EC
200913,50913,Credit Card,Success,18793.23,2025-03-03 01:33:00,TXN-22BEF039232B3C
200914,50914,PayPal,Success,31236.95,2024-02-28 00:05:00,TXN-462B78523BECA1
200915,50915,NetBanking,Success,6146.66,2022-02-04 00:25:00,TXN-2C6EB0BE43B212
200916,50916,UPI,Success,8717.28,2023-06-26 00:43:00,TXN-10897014EF740C
200917,50917,Cash on Delivery,Success,2610.34,2024-09-19 02:00:00,TXN-AC94ED605C65CE
200918,50918,Debit Card,Success,5677.52,2022-11-29 00:29:00,TXN-D7329721EA7F28
200919,50919,Cash on Delivery,Success,50970.53,2022-01-19 00:40:00,TXN-385D9470C8C396
200920,50920,NetBanking,Success,24885.1,2023-04-01 01:42:00,TXN-62DF94A91B9F87
200921,50921,Debit Card,Success,31372.87,2023-07-25 00:30:00,TXN-9FA4F59AE559AB
200922,50922,NetBanking,Success,6750.41,2024-04-05 01:57:00,TXN-908430039C33FE
200923,50923,Debit Card,Success,2338.49,2022-12-23 00:22:00,TXN-A8B61BECC4D567
200924,50924,PayPal,Success,1165.72,2025-06-23 01:15:00,TXN-A7014BB6A5BC6E
200925,50925,UPI,Success,26831.46,2023-12-08 00:16:00,TXN-F635B59BF13733
200926,50926,Credit Card,Success,13382.58,2022-12-20 00:38:00,TXN-2EB3F76B6D4953
200927,50927,NetBanking,Success,21776.64,2025-09-10 00:42:00,TXN-A2AD997FF2E27A
200928,50928,Cash on Delivery,Success,2061.3,2025-01-18 00:50:00,TXN-6B21B85AD5F6D8
200929,50929,Debit Card,Success,13460.83,2026-05-29 00:30:00,TXN-663D2404DF94FF
200930,50930,Credit Card,Success,13150.38,2022-03-05 01:20:00,TXN-A3A7CE41EB1CC3
200931,50931,NetBanking,Success,54647.09,2025-06-24 00:13:00,TXN-4ACA892D976322
200932,50932,Debit Card,Success,2099.04,2025-03-17 01:42:00,TXN-ACA905C431C07D
200933,50933,NetBanking,Success,2824.35,2023-06-12 01:25:00,TXN-757B3A542DBC26
200934,50934,Credit Card,Success,24553.0,2024-04-08 01:04:00,TXN-1E7E299A89600E
200935,50935,PayPal,Success,11376.69,2023-04-08 01:02:00,TXN-9AEFF939DB363C
200936,50936,UPI,Success,5055.71,2022-03-24 01:04:00,TXN-765B77D61AEBEC
200937,50937,Credit Card,Refunded,16545.34,2026-03-16 01:59:00,TXN-C1E15A0ECDD1CB
200938,50938,NetBanking,Success,62384.88,2025-11-17 01:21:00,TXN-0B4D21DDBB64C8
200939,50939,NetBanking,Success,15695.8,2025-11-10 00:25:00,TXN-F838258086D96A
200940,50940,Credit Card,Success,3444.83,2025-05-24 00:42:00,TXN-C100240F3C6364
200941,50941,UPI,Success,53066.47,2023-06-18 00:02:00,TXN-F2373F43DA032E
200942,50942,Credit Card,Success,3268.31,2026-06-29 01:38:00,TXN-BED031DEA44D49
200943,50943,Debit Card,Success,3484.74,2026-06-03 01:16:00,TXN-2A4753CDA2FF62
200944,50944,UPI,Success,5917.18,2022-11-25 01:21:00,TXN-62E9737A4FD5BA
200945,50945,NetBanking,Success,18428.53,2022-02-13 00:37:00,TXN-7FDB224ADDA3C6
200946,50946,Debit Card,Success,2792.75,2025-05-14 00:08:00,TXN-3E5F3A86D52693
200947,50947,Credit Card,Success,20729.5,2024-08-17 01:17:00,TXN-7A0669C0F9DEAE
200948,50948,Debit Card,Success,25668.55,2025-10-23 00:11:00,TXN-99DA9843F6534A
200949,50949,UPI,Success,3272.22,2022-10-25 01:12:00,TXN-AFF81B162A269C
200950,50950,Credit Card,Success,1210.76,2026-06-28 00:38:00,TXN-B1DADD7F89FF27
200951,50951,Cash on Delivery,Refunded,13840.75,2025-10-08 00:01:00,TXN-925A77820DBE4E
200952,50952,Credit Card,Success,2771.41,2023-07-13 01:51:00,TXN-DCBD51DF1776CE
200953,50953,NetBanking,Success,37999.66,2025-10-22 00:53:00,TXN-FE893186F33510
200954,50954,NetBanking,Success,11915.62,2023-01-04 00:10:00,TXN-6817A5F3F64162
200955,50955,NetBanking,Success,3408.51,2022-02-03 01:07:00,TXN-0DCC9DB38FFE9B
200956,50956,UPI,Success,2348.14,2022-04-17 00:06:00,TXN-FBEF2392E9D21C
200957,50957,Credit Card,Success,13030.7,2025-08-05 01:16:00,TXN-57B3064FCCD940
200958,50958,PayPal,Success,1144.81,2022-05-01 00:34:00,TXN-075CA171A48338
200959,50959,UPI,Success,1715.16,2023-02-14 00:30:00,TXN-51EDB376A59BFD
200960,50960,UPI,Success,58192.67,2025-08-22 01:21:00,TXN-17D2085F19A6DE
200961,50961,Cash on Delivery,Success,63932.39,2022-03-31 01:12:00,TXN-C24EDFC436A9AC
200962,50962,NetBanking,Success,9146.76,2025-05-04 00:21:00,TXN-2873B669B72511
200963,50963,Cash on Delivery,Success,2137.48,2026-06-15 00:53:00,TXN-A1910583E16C85
200964,50964,NetBanking,Success,1197.59,2024-04-16 00:02:00,TXN-7F762694929E3F
200965,50965,Credit Card,Success,10297.58,2025-08-04 00:47:00,TXN-C52FF945313F4F
200966,50966,Cash on Delivery,Success,1376.24,2022-05-26 01:22:00,TXN-842A2FA0FD7274
200967,50967,Credit Card,Success,1050.12,2024-10-14 00:48:00,TXN-818C2DA2CC5F28
200968,50968,Credit Card,Success,1255.71,2023-09-11 01:31:00,TXN-BF1DADD56EBEE3
200969,50969,NetBanking,Success,29912.64,2026-02-07 01:15:00,TXN-E35262FCF0F004
200970,50970,PayPal,Success,30033.16,2024-07-31 00:31:00,TXN-5ED589A5E96007
200971,50971,Credit Card,Success,27577.51,2026-01-01 00:48:00,TXN-F1D9DA92D9F865
200972,50972,Credit Card,Success,13873.11,2026-05-01 01:10:00,TXN-0645CCF06FBBFB
200973,50973,NetBanking,Success,1823.19,2022-01-13 01:03:00,TXN-9AFCA6048D9603
200974,50974,UPI,Success,6694.4,2022-10-22 00:34:00,TXN-7445BEB08245DC
200975,50975,NetBanking,Failed,1865.43,2025-02-22 01:51:00,TXN-97B08ABE7394DD
200976,50976,UPI,Success,8407.83,2024-06-18 01:24:00,TXN-548FED0641F211
200977,50977,Credit Card,Success,11194.83,2023-05-04 00:55:00,TXN-48AD83E7CF7767
200978,50978,PayPal,Success,27480.28,2026-04-08 00:20:00,TXN-66ED6C4B3E6D3C
200979,50979,UPI,Success,7599.15,2026-06-26 01:29:00,TXN-B547A1F7FF7B43
200980,50980,Debit Card,Success,18917.78,2024-03-07 00:24:00,TXN-0C8C06695B1CE4
200981,50981,Debit Card,Success,8272.67,2025-07-04 00:27:00,TXN-4DD521ECEEEDE7
200982,50982,Debit Card,Success,24902.12,2026-01-26 01:20:00,TXN-F221BE8D761B6F
200983,50983,UPI,Success,3126.58,2022-10-05 01:34:00,TXN-81D584C317748F
200984,50984,Debit Card,Success,8181.55,2024-10-12 00:48:00,TXN-F6CB383DC26490
200985,50985,PayPal,Success,3815.32,2024-05-30 01:25:00,TXN-C7BF58EC6BF4CA
200986,50986,UPI,Success,11700.47,2026-06-14 01:14:00,TXN-10E497B00DD58A
200987,50987,NetBanking,Success,38128.8,2025-05-03 01:36:00,TXN-0A2809E7BFB879
200988,50988,NetBanking,Success,232192.08,2025-12-21 00:38:00,TXN-A7C9C31FFEE445
200989,50989,PayPal,Success,14441.38,2026-03-07 01:44:00,TXN-4D9C2A77104F04
200990,50990,Cash on Delivery,Success,7676.03,2022-08-02 00:10:00,TXN-EB1FDFD71A38B7
200991,50991,PayPal,Success,53261.27,2024-06-13 01:08:00,TXN-C03D241FA010C2
200992,50992,NetBanking,Success,13447.04,2022-09-21 01:07:00,TXN-BBB75488ABDA56
200993,50993,UPI,Refunded,1647.26,2022-06-07 01:00:00,TXN-54399826B2EC66
200994,50994,NetBanking,Success,24842.5,2025-05-12 00:25:00,TXN-172ADA1F0BDB20
200995,50995,NetBanking,Refunded,71297.92,2023-05-10 00:52:00,TXN-D6D324F9132E60
200996,50996,Debit Card,Success,184252.58,2024-05-07 00:33:00,TXN-C7428A4EC47059
200997,50997,NetBanking,Success,2429.19,2022-01-12 01:44:00,TXN-1B42B1AC16334D
200998,50998,Credit Card,Success,5412.77,2023-08-20 00:20:00,TXN-18BDA828807DB9
200999,50999,Credit Card,Success,44979.34,2023-09-12 01:06:00,TXN-E25F1B8E9F1ACC
201000,51000,Debit Card,Success,48031.18,2023-10-14 01:06:00,TXN-4701BC098C3B03
201001,51001,UPI,Success,9964.85,2022-12-22 01:36:00,TXN-47A1DCBCD1B0B0
201002,51002,PayPal,Success,201396.84,2025-09-30 01:53:00,TXN-BBEDAF6F739F87
201003,51003,PayPal,Success,9668.28,2023-07-13 00:35:00,TXN-E416A42C0304ED
201004,51004,Cash on Delivery,Failed,1494.57,2023-10-13 01:06:00,TXN-8F29587523214D
201005,51005,Debit Card,Success,6455.07,2024-10-17 01:24:00,TXN-D47FE63770738B
201006,51006,NetBanking,Success,26058.36,2022-04-01 01:26:00,TXN-57F069C665E84B
201007,51007,UPI,Success,38624.48,2024-12-26 00:09:00,TXN-DACCD1A111BB63
201008,51008,UPI,Success,44165.19,2026-02-20 00:14:00,TXN-AFB12A87AE31FE
201009,51009,Cash on Delivery,Success,2886.6,2023-05-17 01:11:00,TXN-8393B398DD2A83
201010,51010,Credit Card,Success,805.8,2026-03-30 01:49:00,TXN-E210DBD4CCDB9A
201011,51011,Cash on Delivery,Success,50792.72,2022-01-06 00:12:00,TXN-A7C7FFDDBB1578
201012,51012,UPI,Failed,33211.39,2024-12-20 01:11:00,TXN-9473D55CD893C3
201013,51013,NetBanking,Success,20894.55,2022-11-09 01:20:00,TXN-9C57C6A1B662B2
201014,51014,Cash on Delivery,Refunded,51719.71,2022-02-25 01:10:00,TXN-626BD33E05F9F6
201015,51015,NetBanking,Success,11839.61,2022-04-24 01:04:00,TXN-99E6E5573FC2D5
201016,51016,NetBanking,Success,23404.77,2025-04-30 00:22:00,TXN-5BA8636AF90E9E
201017,51017,NetBanking,Success,17285.71,2023-03-07 00:52:00,TXN-80E6F4D3FBDAEF
201018,51018,PayPal,Success,19810.26,2025-04-30 00:04:00,TXN-1C37984A321A8A
201019,51019,Credit Card,Success,24296.1,2026-02-20 01:06:00,TXN-A2493B4D79802D
201020,51020,PayPal,Success,13205.95,2022-02-24 00:05:00,TXN-2E1C8399A67FB5
201021,51021,PayPal,Success,2970.75,2024-07-20 01:18:00,TXN-03BC38D3C92BF7
201022,51022,Credit Card,Failed,10066.1,2023-07-17 00:42:00,TXN-6FD802682F200F
201023,51023,Cash on Delivery,Success,9542.5,2024-11-28 01:56:00,TXN-3BF39B39B38BA6
201024,51024,NetBanking,Success,3662.55,2023-10-24 01:20:00,TXN-F6C1E5CD21872C
201025,51025,PayPal,Success,36167.51,2026-02-22 01:09:00,TXN-94E5601E09C88A
201026,51026,Cash on Delivery,Success,8044.45,2022-06-06 00:14:00,TXN-0700C08B312F76
201027,51027,PayPal,Refunded,32716.53,2023-04-10 00:10:00,TXN-105FC74E556F7D
201028,51028,NetBanking,Success,12743.5,2025-08-01 01:06:00,TXN-A1864C1A18E7B6
201029,51029,NetBanking,Success,1254.84,2024-08-26 00:39:00,TXN-A45DB861B6E69B
201030,51030,PayPal,Success,16825.86,2024-06-03 01:25:00,TXN-36BD94D1C10E5E
201031,51031,Cash on Delivery,Success,6554.74,2023-12-29 01:26:00,TXN-80A2873C92226D
201032,51032,Credit Card,Success,55155.02,2023-04-24 00:18:00,TXN-BD915B95D11D45
201033,51033,NetBanking,Success,26158.06,2023-11-10 01:43:00,TXN-5686BE6A9B54A2
201034,51034,NetBanking,Failed,33964.83,2024-08-13 00:16:00,TXN-F8FA58EEBCBA35
201035,51035,PayPal,Success,154.84,2025-01-20 00:15:00,TXN-AD66DFDDBE1620
201036,51036,UPI,Success,113629.74,2022-01-07 01:26:00,TXN-254277FB685299
201037,51037,NetBanking,Success,8889.42,2022-04-30 00:37:00,TXN-6A9AE97D64B4B9
201038,51038,Credit Card,Success,27944.72,2022-09-21 01:44:00,TXN-616A7A52B2F69C
201039,51039,NetBanking,Success,66805.11,2025-07-23 00:53:00,TXN-D0D48F3BFAD301
201040,51040,Credit Card,Success,1709.25,2022-01-04 00:18:00,TXN-216055346AB353
201041,51041,Cash on Delivery,Success,30478.86,2022-09-20 00:57:00,TXN-D7464B83845D74
201042,51042,PayPal,Success,3026.82,2023-03-29 00:10:00,TXN-D4398A6F3A18A3
201043,51043,Debit Card,Success,3166.72,2023-09-16 00:32:00,TXN-CFEF123B365D95
201044,51044,Debit Card,Success,16718.94,2022-05-09 00:49:00,TXN-65C6AB8D166C62
201045,51045,UPI,Success,12422.12,2025-04-12 01:15:00,TXN-1AE2E7563B9AA4
201046,51046,Credit Card,Success,6158.14,2023-01-10 00:04:00,TXN-EFD5C056AD9070
201047,51047,Debit Card,Refunded,31603.94,2026-06-12 01:41:00,TXN-D2B0FDFC6339E8
201048,51048,PayPal,Refunded,9360.71,2023-08-14 00:30:00,TXN-C357201492BA3F
201049,51049,UPI,Success,61944.01,2024-08-18 01:30:00,TXN-AC6E6A665F14CD
201050,51050,UPI,Success,27871.81,2024-12-13 00:37:00,TXN-DDB8622C521CB2
201051,51051,UPI,Success,6469.3,2025-08-25 01:05:00,TXN-98E6CB9620ABEF
201052,51052,Credit Card,Success,54397.72,2026-01-20 00:42:00,TXN-21614EAD1ACE6A
201053,51053,Credit Card,Success,12089.2,2023-05-28 01:03:00,TXN-96856388A535BD
201054,51054,UPI,Success,20595.16,2025-01-28 00:17:00,TXN-1D4031813A3939
201055,51055,Cash on Delivery,Success,82516.01,2022-04-19 00:10:00,TXN-0B1B0278F85C7D
201056,51056,Credit Card,Success,626.29,2023-01-03 00:24:00,TXN-8255D9E4A8759A
201057,51057,Credit Card,Refunded,16326.88,2023-11-18 00:13:00,TXN-6C094802E984B7
201058,51058,Cash on Delivery,Success,31731.27,2022-02-25 01:16:00,TXN-CA5ED5033549CC
201059,51059,Debit Card,Refunded,6422.99,2022-07-15 00:17:00,TXN-3851F050E0D7B3
201060,51060,Debit Card,Success,42312.15,2023-07-24 00:29:00,TXN-A22FA673E14B67
201061,51061,Debit Card,Success,30085.54,2023-04-12 00:21:00,TXN-FF0C197EFBE5B6
201062,51062,Credit Card,Success,10211.11,2023-06-05 00:23:00,TXN-E2F413A7770065
201063,51063,UPI,Success,1902.24,2024-05-30 00:32:00,TXN-ACD8E826723B2D
201064,51064,NetBanking,Success,122019.58,2025-07-27 01:47:00,TXN-79954DD62B9600
201065,51065,NetBanking,Success,19595.07,2026-05-05 00:21:00,TXN-69372BCA6CDF26
201066,51066,NetBanking,Success,73766.68,2025-08-02 01:49:00,TXN-C9D6A29A55464A
201067,51067,Cash on Delivery,Success,23555.72,2022-11-23 00:41:00,TXN-69A5E68DBEEA77
201068,51068,Cash on Delivery,Success,16683.55,2023-03-03 00:32:00,TXN-B53F0C90D92462
201069,51069,Credit Card,Success,6521.84,2025-12-19 00:21:00,TXN-A81498E60EA03C
201070,51070,Debit Card,Success,35627.62,2025-08-13 00:42:00,TXN-64F0683830B4CC
201071,51071,Cash on Delivery,Success,16135.95,2025-09-12 01:09:00,TXN-6D95E425C8A96C
201072,51072,Credit Card,Success,6025.76,2024-08-21 00:46:00,TXN-FDFDF9CF5CD602
201073,51073,Credit Card,Success,72899.96,2024-10-21 00:04:00,TXN-7674F43E05DF3C
201074,51074,Credit Card,Success,56226.51,2023-03-03 00:13:00,TXN-2993B39EBD3D16
201075,51075,NetBanking,Success,16044.9,2024-05-17 00:51:00,TXN-9A4C0D55EAC292
201076,51076,Debit Card,Success,90301.24,2023-07-24 01:17:00,TXN-0CC2B565AE1A1D
201077,51077,Cash on Delivery,Failed,109590.6,2026-03-13 01:57:00,TXN-06179F22514F60
201078,51078,Debit Card,Success,7494.48,2022-07-01 00:28:00,TXN-47BA3441E44616
201079,51079,Debit Card,Success,11444.11,2022-08-16 00:30:00,TXN-7B477B2337FF7E
201080,51080,PayPal,Success,3803.32,2023-03-18 01:10:00,TXN-5EECE57C0954CD
201081,51081,Cash on Delivery,Success,23618.99,2022-07-01 00:11:00,TXN-A3988CAE860C40
201082,51082,PayPal,Success,44332.25,2023-10-01 01:18:00,TXN-C2993E41522600
201083,51083,UPI,Success,60884.96,2022-10-23 00:26:00,TXN-87639232ED760A
201084,51084,PayPal,Success,36700.93,2025-11-25 01:28:00,TXN-0E8A19975E3504
201085,51085,PayPal,Refunded,8063.98,2022-02-03 01:12:00,TXN-883D2C6D581A3D
201086,51086,UPI,Success,1687.84,2023-08-16 00:18:00,TXN-74736F0AF9217F
201087,51087,Cash on Delivery,Success,45009.87,2025-11-28 01:04:00,TXN-D55DA83A4B6B2D
201088,51088,Cash on Delivery,Success,14624.8,2022-08-16 00:20:00,TXN-7AF23D98DD8F36
201089,51089,PayPal,Success,9227.41,2022-04-09 01:25:00,TXN-513153AA33B231
201090,51090,UPI,Success,4774.06,2023-01-15 00:23:00,TXN-39C146B7AC5038
201091,51091,Cash on Delivery,Success,2197.18,2026-02-23 01:44:00,TXN-1347AD72CFCC14
201092,51092,PayPal,Success,8246.18,2024-08-13 01:13:00,TXN-E3C5E8EE22679F
201093,51093,Cash on Delivery,Success,16586.98,2022-04-30 01:58:00,TXN-E1B208F7005536
201094,51094,Cash on Delivery,Success,858.03,2024-01-16 01:33:00,TXN-329592970899CE
201095,51095,Cash on Delivery,Success,24136.29,2024-03-09 01:58:00,TXN-94AD79002ED778
201096,51096,Cash on Delivery,Success,3516.88,2023-04-01 01:45:00,TXN-B0183B226160EC
201097,51097,Credit Card,Success,10613.41,2025-05-12 01:01:00,TXN-C2F0C3CC8D940F
201098,51098,Debit Card,Success,9641.6,2024-10-24 00:24:00,TXN-4923CC478881AB
201099,51099,UPI,Success,3470.13,2023-08-05 01:18:00,TXN-E49FE527D6C402
201100,51100,Credit Card,Success,1559.08,2022-03-07 00:30:00,TXN-D0893F56202E1C
201101,51101,NetBanking,Success,86671.06,2022-07-28 00:38:00,TXN-DC7E43B6B819F1
201102,51102,Debit Card,Success,3815.32,2025-09-23 00:04:00,TXN-BE25DACBC83DAC
201103,51103,Cash on Delivery,Success,2895.35,2022-02-05 00:43:00,TXN-CDE3AE32341F03
201104,51104,Credit Card,Success,38110.79,2025-06-09 00:23:00,TXN-0A6BDF5D5BA4BE
201105,51105,Cash on Delivery,Success,47677.35,2025-10-12 00:04:00,TXN-D2B076B81D2D60
201106,51106,Cash on Delivery,Success,113546.76,2024-08-09 00:52:00,TXN-86845FB6430277
201107,51107,PayPal,Success,8212.73,2023-10-16 01:38:00,TXN-6008017FDB9039
201108,51108,UPI,Success,5715.09,2026-02-17 00:46:00,TXN-1ADA04BEF11A14
201109,51109,UPI,Success,1970.24,2025-05-29 00:54:00,TXN-E08C6C236D86C4
201110,51110,NetBanking,Success,6428.51,2024-07-15 00:54:00,TXN-DD2D6CEF2EEA5D
201111,51111,Cash on Delivery,Success,39234.63,2024-05-06 00:03:00,TXN-95C3B8E28348A5
201112,51112,Debit Card,Success,11973.04,2024-09-07 00:42:00,TXN-EF1B1FAA1AD589
201113,51113,Credit Card,Success,1793.91,2022-01-19 00:36:00,TXN-2CEB03736E1E82
201114,51114,UPI,Success,3808.61,2022-09-16 00:59:00,TXN-9503789652909C
201115,51115,Debit Card,Failed,270.35,2025-04-12 00:48:00,TXN-59FD6BE56D5F77
201116,51116,Debit Card,Success,15352.06,2023-03-13 02:00:00,TXN-1079A99C97521A
201117,51117,NetBanking,Success,6777.27,2023-10-22 00:21:00,TXN-9CD3FE61F028CE
201118,51118,Debit Card,Success,19041.53,2022-11-18 01:56:00,TXN-D2E0B3216BC5AF
201119,51119,Credit Card,Success,36089.47,2023-03-06 00:54:00,TXN-C421140BEAB001
201120,51120,NetBanking,Success,51677.83,2022-04-10 01:18:00,TXN-8982BDC71BE5FB
201121,51121,UPI,Success,8291.33,2022-05-07 00:49:00,TXN-D45053EA560A6E
201122,51122,Credit Card,Success,11449.91,2023-07-30 01:34:00,TXN-037FC0E5064864
201123,51123,Cash on Delivery,Success,40763.27,2025-06-27 01:43:00,TXN-7EFBDFF8CCA658
201124,51124,Credit Card,Success,34919.42,2023-04-25 00:37:00,TXN-3994D1FEBF9DBA
201125,51125,Credit Card,Success,13705.96,2024-06-22 01:26:00,TXN-EBC9B2584E78C4
201126,51126,Credit Card,Refunded,21904.29,2024-05-26 00:17:00,TXN-B2CB45F6A32EFC
201127,51127,Cash on Delivery,Success,12677.15,2022-11-24 00:15:00,TXN-78289FFE9ED6E2
201128,51128,NetBanking,Success,18583.22,2025-01-25 00:27:00,TXN-062E5FFD1DCE95
201129,51129,Debit Card,Success,2061.3,2022-11-06 00:49:00,TXN-0A0AF9C542C68D
201130,51130,UPI,Success,27610.43,2026-01-15 00:25:00,TXN-A2CA3B72429274
201131,51131,NetBanking,Success,9678.58,2026-03-09 00:45:00,TXN-F1DDA38DD13F0B
201132,51132,PayPal,Success,10316.31,2024-10-25 01:32:00,TXN-7DE13AB55C9248
201133,51133,Credit Card,Success,13739.38,2025-09-11 01:40:00,TXN-CBA4BFE6A3C740
201134,51134,Debit Card,Success,10834.53,2022-03-04 01:03:00,TXN-55E32621142811
201135,51135,Cash on Delivery,Failed,5328.49,2023-10-10 02:00:00,TXN-8EAABEF7964572
201136,51136,UPI,Success,4691.47,2024-04-21 01:45:00,TXN-6427DC87B08CF6
201137,51137,Credit Card,Success,711.18,2025-12-21 00:53:00,TXN-4EA8AD4F36E148
201138,51138,Cash on Delivery,Success,10693.44,2025-03-08 00:07:00,TXN-9C8B01CC09E61D
201139,51139,UPI,Success,5602.49,2022-09-16 01:51:00,TXN-4D9CAF5889C724
201140,51140,Debit Card,Success,38460.21,2025-03-24 00:38:00,TXN-8415E971224415
201141,51141,Debit Card,Refunded,106717.81,2025-01-31 00:48:00,TXN-2A34B26C81A93C
201142,51142,PayPal,Success,1329.6,2023-08-20 00:18:00,TXN-A57F00EFFB2116
201143,51143,NetBanking,Success,135707.55,2025-02-11 00:52:00,TXN-55D0F79E975DE8
201144,51144,PayPal,Success,20469.82,2022-01-25 00:55:00,TXN-9D87216467B87E
201145,51145,UPI,Refunded,32973.21,2022-05-18 01:39:00,TXN-DF71BA52D8AD44
201146,51146,NetBanking,Success,6331.86,2023-02-21 01:33:00,TXN-862424BB6560F3
201147,51147,UPI,Success,18454.82,2025-11-29 01:55:00,TXN-834AE0DE1EF598
201148,51148,Debit Card,Success,56799.81,2025-05-12 00:34:00,TXN-A9FAE2373BDF63
201149,51149,Credit Card,Refunded,165864.65,2022-07-11 00:07:00,TXN-1495C9AD78D9B6
201150,51150,Credit Card,Success,49515.35,2026-02-11 00:45:00,TXN-3006BBF4C65FB1
201151,51151,NetBanking,Success,2563.15,2024-11-08 00:40:00,TXN-5F24C953057E50
201152,51152,UPI,Success,5384.85,2024-11-01 00:49:00,TXN-F7DD9F1CA03C87
201153,51153,PayPal,Success,2463.26,2024-09-24 00:05:00,TXN-7BD46A05223F01
201154,51154,Debit Card,Failed,3805.1,2026-06-07 00:14:00,TXN-014541B74517BC
201155,51155,Debit Card,Success,35188.68,2024-03-08 01:25:00,TXN-109DC2E3029F58
201156,51156,PayPal,Success,7599.15,2022-05-15 00:27:00,TXN-EB33F61CDA1CBE
201157,51157,Debit Card,Success,53522.92,2024-01-01 01:10:00,TXN-D15E63D07B149A
201158,51158,Cash on Delivery,Refunded,4194.63,2023-05-06 01:02:00,TXN-0C64E1B482D8AD
201159,51159,Debit Card,Success,29966.79,2022-05-17 00:01:00,TXN-9CDCEC8D385900
201160,51160,UPI,Success,40641.78,2023-11-30 00:17:00,TXN-0036E86E8F30F7
201161,51161,Debit Card,Success,66319.18,2023-09-07 01:12:00,TXN-5654A77FD54678
201162,51162,PayPal,Refunded,3426.47,2022-12-08 01:58:00,TXN-A13A83FFCBEDD2
201163,51163,Debit Card,Success,4352.44,2026-05-17 01:32:00,TXN-1110B23C58F766
201164,51164,UPI,Success,37035.96,2023-02-01 01:35:00,TXN-92914CC72ABB10
201165,51165,Cash on Delivery,Success,48640.8,2025-11-17 00:49:00,TXN-FBFAEA363746F1
201166,51166,Debit Card,Success,6726.26,2023-02-03 02:00:00,TXN-888CA03627B939
201167,51167,Debit Card,Refunded,1705.39,2022-10-11 01:29:00,TXN-575C8AE12FE77F
201168,51168,NetBanking,Success,58620.35,2022-06-30 01:41:00,TXN-121DB6C1B9F25F
201169,51169,Debit Card,Failed,2460.58,2022-06-19 00:04:00,TXN-7214C5FEAD0D09
201170,51170,PayPal,Success,13418.79,2025-02-21 00:59:00,TXN-3DC0BCC325420F
201171,51171,Credit Card,Success,26194.84,2023-02-21 01:17:00,TXN-AD97B70FA76C63
201172,51172,Cash on Delivery,Success,19745.18,2025-03-14 00:50:00,TXN-84D3C3FACD68A8
201173,51173,NetBanking,Success,8253.05,2023-05-07 01:29:00,TXN-C8550D4AA7106B
201174,51174,UPI,Success,4834.22,2024-04-14 00:34:00,TXN-1EBC78931B7972
201175,51175,Credit Card,Refunded,8272.67,2022-12-07 01:29:00,TXN-5E5EE691F6422C
201176,51176,PayPal,Success,8220.32,2025-09-09 00:04:00,TXN-F2FE33079151F7
201177,51177,Cash on Delivery,Success,5227.71,2023-07-28 00:08:00,TXN-D2F9AE83F28001
201178,51178,NetBanking,Success,2849.57,2026-01-25 01:17:00,TXN-00277153808022
201179,51179,Credit Card,Success,3414.81,2023-02-16 01:08:00,TXN-753B24EF4897ED
201180,51180,UPI,Success,9905.13,2023-04-26 01:50:00,TXN-9AC29D3B66CAE9
201181,51181,PayPal,Success,8999.14,2022-04-02 01:37:00,TXN-F139E350774CBD
201182,51182,NetBanking,Success,5850.23,2022-04-14 00:55:00,TXN-3FC24CCD3C5EE0
201183,51183,NetBanking,Success,3115.46,2024-05-05 01:07:00,TXN-DCBE9DBEEAEFDF
201184,51184,UPI,Success,52461.41,2026-04-08 01:28:00,TXN-601EA1D467F777
201185,51185,NetBanking,Success,53128.36,2025-10-13 01:20:00,TXN-8E925DFCAE1E7B
201186,51186,Cash on Delivery,Success,1834.45,2022-10-13 01:51:00,TXN-8C0B42E642760A
201187,51187,Credit Card,Success,1521.58,2026-04-01 01:06:00,TXN-E5055BAFC616F1
201188,51188,UPI,Success,71921.11,2022-09-14 00:04:00,TXN-E20D462B97992F
201189,51189,Credit Card,Success,29657.0,2024-03-23 01:13:00,TXN-9E09CF33E59AC7
201190,51190,Debit Card,Success,13045.2,2024-07-05 01:11:00,TXN-86DB183D4CE580
201191,51191,Credit Card,Success,53356.5,2025-10-16 00:18:00,TXN-C5F12743BCDE12
201192,51192,NetBanking,Success,18881.46,2024-09-03 00:38:00,TXN-2E3E308A51F204
201193,51193,Credit Card,Refunded,5708.39,2023-01-20 02:00:00,TXN-5273C1A169C32F
201194,51194,Credit Card,Success,146773.15,2024-06-21 01:09:00,TXN-792F828DBB9A25
201195,51195,Cash on Delivery,Success,91816.53,2025-08-20 01:00:00,TXN-76AB2D92BDC606
201196,51196,Debit Card,Success,17813.81,2025-08-08 00:44:00,TXN-C67D9CA01E986A
201197,51197,Debit Card,Success,8446.58,2025-08-11 00:21:00,TXN-5A022DB7C8E0CD
201198,51198,UPI,Success,30674.45,2024-04-15 01:41:00,TXN-DFF36829A488D8
201199,51199,Cash on Delivery,Success,482.29,2025-08-26 01:22:00,TXN-2A6B0086B281C6
201200,51200,UPI,Success,14913.65,2025-11-29 00:51:00,TXN-48CB364E211935
201201,51201,PayPal,Success,8830.86,2025-05-08 01:56:00,TXN-D878F0350B13C6
201202,51202,Credit Card,Success,12820.07,2024-01-12 00:36:00,TXN-747C4A74DBF335
201203,51203,PayPal,Refunded,246023.86,2025-01-29 00:26:00,TXN-934600D573658B
201204,51204,Debit Card,Success,21714.12,2026-02-27 00:56:00,TXN-3DF2FEC3D0F23F
201205,51205,Credit Card,Success,6075.78,2024-11-26 01:59:00,TXN-4477A376B62B7B
201206,51206,Cash on Delivery,Success,31453.47,2023-08-19 00:44:00,TXN-D5E49B080838EF
201207,51207,PayPal,Success,54949.26,2023-12-31 00:35:00,TXN-2D552499C53C6C
201208,51208,PayPal,Success,15141.74,2026-02-09 01:38:00,TXN-4F06D9E7456448
201209,51209,PayPal,Success,69782.2,2025-11-28 00:41:00,TXN-5D6E6C25A839A4
201210,51210,UPI,Success,12387.38,2023-12-09 00:44:00,TXN-F8FB088E92ED96
201211,51211,NetBanking,Success,3973.59,2025-02-25 01:17:00,TXN-8820BE91CA5B65
201212,51212,UPI,Success,46241.88,2025-11-07 00:25:00,TXN-7489878B3BA0EF
201213,51213,UPI,Refunded,5348.32,2026-01-24 00:22:00,TXN-A8F43AE0DD5B03
201214,51214,Debit Card,Success,10933.86,2024-08-01 01:44:00,TXN-D55096EE389F59
201215,51215,Cash on Delivery,Success,24337.83,2025-11-18 00:45:00,TXN-84D3B570AD4115
201216,51216,UPI,Success,7278.29,2022-06-14 01:37:00,TXN-0F05514B530846
201217,51217,Cash on Delivery,Success,55373.76,2024-07-18 00:41:00,TXN-B8F2615F405A20
201218,51218,Cash on Delivery,Success,22438.16,2024-05-16 00:57:00,TXN-055F4BE7A865D1
201219,51219,NetBanking,Success,2326.07,2025-04-21 00:31:00,TXN-755910EF107F3F
201220,51220,UPI,Refunded,17257.17,2023-04-27 01:46:00,TXN-3B1CA49C0B51A3
201221,51221,Debit Card,Failed,53216.27,2022-09-14 00:30:00,TXN-B254DC10E9833E
201222,51222,UPI,Refunded,10876.29,2024-12-22 01:24:00,TXN-3B17C9F7F4B034
201223,51223,Debit Card,Success,3868.57,2024-01-27 01:11:00,TXN-AD86874EDF2A95
201224,51224,NetBanking,Success,31236.95,2023-05-02 01:00:00,TXN-AAF29EF11E2217
201225,51225,Debit Card,Success,2659.2,2022-05-11 01:55:00,TXN-B67C7B43F5680A
201226,51226,Credit Card,Success,7702.77,2025-12-19 01:54:00,TXN-2BADD7387E1C32
201227,51227,PayPal,Success,6411.54,2022-11-18 00:15:00,TXN-A9433A834CAA3F
201228,51228,Debit Card,Success,13049.25,2024-08-15 01:50:00,TXN-67CCD938726E80
201229,51229,PayPal,Success,3452.02,2024-05-25 00:32:00,TXN-021330D7558875
201230,51230,Credit Card,Success,6075.78,2022-06-04 00:46:00,TXN-CB8A23FAA2E3B9
201231,51231,PayPal,Success,6201.76,2025-10-29 01:48:00,TXN-7C168B86098112
201232,51232,Credit Card,Success,34457.24,2023-02-07 00:17:00,TXN-10DAC26662CF5C
201233,51233,Debit Card,Success,9295.64,2026-03-01 01:36:00,TXN-C9071EB0A0D803
201234,51234,NetBanking,Success,9986.23,2023-12-11 00:07:00,TXN-1CE313ECB30A50
201235,51235,Credit Card,Success,2392.0,2022-04-08 01:09:00,TXN-CA6F98BB662BDC
201236,51236,Debit Card,Success,9700.73,2023-05-07 00:10:00,TXN-A878E34D30FC75
201237,51237,Debit Card,Success,1213.14,2023-10-05 00:20:00,TXN-12E160F3ED475A
201238,51238,Cash on Delivery,Success,1273.0,2025-01-01 00:26:00,TXN-A3235EED3B30E8
201239,51239,Cash on Delivery,Success,34713.35,2026-03-21 00:12:00,TXN-948CED0184BEDA
201240,51240,NetBanking,Refunded,20675.41,2024-09-07 00:24:00,TXN-F25A89B9EB2C28
201241,51241,Credit Card,Success,16981.46,2023-12-26 00:59:00,TXN-02800A999D5B43
201242,51242,PayPal,Success,11159.38,2023-07-05 01:37:00,TXN-DB7E61ECCCFB48
201243,51243,PayPal,Success,1705.39,2026-06-24 00:51:00,TXN-95073AFF0CB234
201244,51244,Cash on Delivery,Success,471.34,2022-08-24 01:28:00,TXN-8B1FE7D7A1D134
201245,51245,NetBanking,Success,7048.62,2026-03-27 01:59:00,TXN-4E3DD567B5D02E
201246,51246,PayPal,Refunded,9295.64,2023-03-25 01:08:00,TXN-E5DAA264D36A84
201247,51247,UPI,Success,1925.84,2022-04-06 00:39:00,TXN-E024664115A718
201248,51248,Credit Card,Success,1754.22,2024-02-20 00:10:00,TXN-CF90E3B7732AC9
201249,51249,Debit Card,Success,31731.27,2026-05-15 00:15:00,TXN-7AD5EA63877C94
201250,51250,UPI,Success,5412.77,2024-12-25 00:50:00,TXN-3B4D8BE2CC6616
201251,51251,Credit Card,Success,4555.56,2025-03-03 00:36:00,TXN-453D1E0342AAF8
201252,51252,Cash on Delivery,Success,30406.18,2025-10-30 00:19:00,TXN-24B35366902F29
201253,51253,UPI,Success,5531.77,2025-05-01 00:07:00,TXN-8ABFDCC4B6DE33
201254,51254,Debit Card,Success,9166.85,2025-11-05 00:36:00,TXN-F34179BF83EACB
201255,51255,NetBanking,Success,8816.11,2023-01-30 00:43:00,TXN-5601459547E2CC
201256,51256,Debit Card,Success,8761.97,2025-06-09 00:14:00,TXN-9766B2E5222A45
201257,51257,Cash on Delivery,Success,46137.05,2023-07-26 00:13:00,TXN-E061DFD84132F7
201258,51258,Credit Card,Success,179464.65,2025-09-19 00:22:00,TXN-2121308C11A519
201259,51259,Credit Card,Success,2720.57,2024-01-21 00:54:00,TXN-ACDCB206B6F54E
201260,51260,Debit Card,Success,75947.63,2024-04-20 01:30:00,TXN-7505A65980FDDB
201261,51261,Debit Card,Success,32834.15,2023-03-01 01:42:00,TXN-EFCA96B538D725
201262,51262,Credit Card,Success,15114.6,2022-08-24 00:40:00,TXN-9A78E822C18E35
201263,51263,NetBanking,Success,14349.3,2022-04-26 01:56:00,TXN-4568898E99BC99
201264,51264,NetBanking,Success,23551.13,2023-04-26 01:44:00,TXN-A2853BE4284C1F
201265,51265,Cash on Delivery,Success,16456.77,2025-05-14 01:48:00,TXN-2762874EC9C346
201266,51266,UPI,Success,67192.95,2023-06-05 00:46:00,TXN-BA8B4A36E50DEE
201267,51267,Credit Card,Success,2493.34,2023-03-02 01:55:00,TXN-61E0768CC51FA6
201268,51268,PayPal,Success,4792.42,2025-05-09 01:09:00,TXN-326526A0E79AA0
201269,51269,Cash on Delivery,Refunded,18213.14,2023-07-23 00:25:00,TXN-B1C3B328D4EACD
201270,51270,Debit Card,Refunded,1224.48,2026-04-07 01:01:00,TXN-52FC5E597398BD
201271,51271,Debit Card,Success,10451.13,2024-07-16 00:40:00,TXN-B28EA61298C678
201272,51272,Debit Card,Success,29670.16,2025-08-16 01:34:00,TXN-AA9A0244429362
201273,51273,UPI,Failed,7263.36,2023-09-24 00:38:00,TXN-41B71704541592
201274,51274,NetBanking,Success,143678.96,2023-07-09 00:36:00,TXN-FDDE1C655CDE91
201275,51275,Cash on Delivery,Success,1294.32,2025-03-25 00:09:00,TXN-00FF7A9D5BB034
201276,51276,Credit Card,Success,452856.15,2022-03-21 01:26:00,TXN-26BA6135A786D8
201277,51277,Cash on Delivery,Success,17716.2,2022-05-25 01:14:00,TXN-CD7E1DFAD99062
201278,51278,PayPal,Success,1732.13,2022-03-14 01:25:00,TXN-855328AF50BBA7
201279,51279,Credit Card,Success,37877.29,2025-05-13 01:13:00,TXN-53CABA04C9B0B6
201280,51280,UPI,Success,14277.0,2022-05-14 01:24:00,TXN-C1E54964DC030C
201281,51281,NetBanking,Success,9106.57,2023-08-26 00:25:00,TXN-A5B9961A56D383
201282,51282,NetBanking,Success,11679.01,2025-10-13 00:56:00,TXN-D7E0E5F8401B15
201283,51283,Debit Card,Success,8365.18,2026-02-07 01:34:00,TXN-90E7EF218B3B0B
201284,51284,UPI,Failed,3182.25,2025-06-24 01:38:00,TXN-859E91939F380E
201285,51285,NetBanking,Success,21014.98,2024-12-07 00:16:00,TXN-FB2AC5436E12C9
201286,51286,Cash on Delivery,Success,21694.56,2023-02-17 00:52:00,TXN-09FC7709F393A5
201287,51287,Cash on Delivery,Success,2813.51,2024-06-07 00:03:00,TXN-94ECFE83DA7E8D
201288,51288,Credit Card,Success,8945.86,2024-06-06 00:04:00,TXN-CEAD6E3C97C233
201289,51289,PayPal,Success,31825.8,2026-06-24 01:34:00,TXN-CBB492F3DF9F5A
201290,51290,Cash on Delivery,Success,5271.5,2022-02-10 00:24:00,TXN-D7865A20320563
201291,51291,UPI,Refunded,3644.62,2023-03-01 00:42:00,TXN-8282122412E9E8
201292,51292,UPI,Success,2924.96,2025-08-15 00:40:00,TXN-2AFD384615258A
201293,51293,NetBanking,Success,3022.86,2025-12-29 01:47:00,TXN-48F00F15EBE86D
201294,51294,Cash on Delivery,Success,67110.86,2022-12-10 01:03:00,TXN-95A859E15C3A9C
201295,51295,PayPal,Success,103234.12,2026-03-28 01:52:00,TXN-CD40F5E4473E0D
201296,51296,Credit Card,Success,1280.56,2023-02-06 01:49:00,TXN-7698B7EB1506AC
201297,51297,Debit Card,Success,43720.92,2025-01-29 01:57:00,TXN-149804E6D4C893
201298,51298,Debit Card,Success,22428.08,2024-09-29 01:36:00,TXN-9E189EA2B7F5C0
201299,51299,NetBanking,Success,1455.31,2023-09-15 01:36:00,TXN-D04740005F0DF4
201300,51300,Cash on Delivery,Success,6521.84,2023-04-22 00:54:00,TXN-8DAA604455343C
201301,51301,UPI,Failed,21183.47,2026-03-02 00:46:00,TXN-06A65475F47984
201302,51302,UPI,Success,946.72,2025-10-14 01:30:00,TXN-82C16288556645
201303,51303,Cash on Delivery,Failed,19183.11,2025-02-09 00:31:00,TXN-9DC3E213C64377
201304,51304,UPI,Success,579.36,2023-11-16 01:53:00,TXN-EA528BB98E44F0
201305,51305,Credit Card,Success,9905.71,2026-03-23 00:34:00,TXN-18F8855AE616F8
201306,51306,UPI,Success,810.18,2024-09-10 00:12:00,TXN-B16E87411C070E
201307,51307,PayPal,Success,30785.6,2024-08-22 01:49:00,TXN-F7DCFBBEF2AE77
201308,51308,Cash on Delivery,Success,10736.03,2026-06-19 00:34:00,TXN-7A76F15791AD9E
201309,51309,NetBanking,Success,9880.97,2026-06-28 00:56:00,TXN-C35E341EC481B5
201310,51310,PayPal,Success,29034.37,2025-10-06 01:37:00,TXN-584EAD3E7E412F
201311,51311,PayPal,Success,24467.02,2024-05-13 00:14:00,TXN-023EAAACEE9F7B
201312,51312,Credit Card,Success,65842.45,2024-10-25 00:36:00,TXN-31DE9981F3CFF1
201313,51313,Debit Card,Success,50999.36,2025-04-10 00:48:00,TXN-705947006793F3
201314,51314,Debit Card,Success,2114.96,2025-05-14 01:29:00,TXN-AA0661706B8637
201315,51315,UPI,Success,2437.59,2023-01-05 00:36:00,TXN-E734B083FBE745
201316,51316,Credit Card,Success,1023.86,2023-05-11 00:28:00,TXN-4F147C631D508D
201317,51317,PayPal,Success,810.18,2024-03-06 01:16:00,TXN-ED6172C28CF1EC
201318,51318,UPI,Success,19786.86,2024-07-18 01:18:00,TXN-D88823B213A85E
201319,51319,Credit Card,Refunded,9483.6,2022-02-04 01:36:00,TXN-5AAE7031F4A957
201320,51320,UPI,Success,30234.2,2024-04-12 01:56:00,TXN-045F5FB53B5F47
201321,51321,PayPal,Success,110502.92,2026-05-01 01:44:00,TXN-238792CC75DEEB
201322,51322,PayPal,Success,5903.54,2025-03-28 01:48:00,TXN-E4EEE38D0B69CA
201323,51323,Credit Card,Success,1511.43,2022-08-15 01:16:00,TXN-E91C78DF3D9C54
201324,51324,PayPal,Refunded,63979.06,2026-04-10 00:09:00,TXN-2FF6C0A7022001
201325,51325,Cash on Delivery,Success,17388.16,2024-02-28 01:18:00,TXN-FF735D6F82F165
201326,51326,Credit Card,Success,122753.92,2024-08-06 00:23:00,TXN-5A126745F89B8B
201327,51327,NetBanking,Success,8171.7,2022-11-13 00:12:00,TXN-99F5EF599EE2E9
201328,51328,UPI,Success,42753.14,2023-11-12 00:29:00,TXN-0DCCE840C36FD5
201329,51329,Credit Card,Success,5422.97,2023-09-22 01:19:00,TXN-6EC24A60FF0252
201330,51330,Cash on Delivery,Success,16283.24,2024-01-09 00:56:00,TXN-525C6A3BDF215C
201331,51331,Debit Card,Success,13093.09,2023-09-18 00:08:00,TXN-55A366AD4997F5
201332,51332,Cash on Delivery,Refunded,232638.16,2022-06-18 01:22:00,TXN-58035B41187512
201333,51333,Credit Card,Success,23087.1,2023-05-28 01:22:00,TXN-5349FCDDE6063F
201334,51334,UPI,Success,9809.52,2025-07-30 01:04:00,TXN-5816FB26FD8393
201335,51335,Cash on Delivery,Success,3625.43,2025-12-21 01:22:00,TXN-CF39A2408DB7A2
201336,51336,Cash on Delivery,Success,5802.78,2025-07-21 00:26:00,TXN-81BC9B68131EB5
201337,51337,PayPal,Refunded,28335.88,2022-04-06 01:00:00,TXN-EF54AFA145A735
201338,51338,UPI,Success,5181.7,2025-06-03 01:27:00,TXN-5F5B89BA070EA4
201339,51339,NetBanking,Success,99345.64,2025-08-08 00:34:00,TXN-A8DFE47CEF60EA
201340,51340,Cash on Delivery,Success,147136.65,2024-03-28 01:15:00,TXN-2D60CD5CF901E6
201341,51341,Cash on Delivery,Refunded,948.44,2024-03-14 01:48:00,TXN-E453FC806C29B9
201342,51342,Cash on Delivery,Success,29022.71,2022-10-03 01:57:00,TXN-8052BCA0A89285
201343,51343,Debit Card,Success,43071.55,2023-05-02 01:48:00,TXN-47AC1447B22F9C
201344,51344,Credit Card,Refunded,17287.5,2022-06-30 01:37:00,TXN-6D71B8C1F087A3
201345,51345,PayPal,Success,10309.55,2023-03-15 01:16:00,TXN-FB62E5D218AC62
201346,51346,PayPal,Success,4235.06,2023-10-23 01:34:00,TXN-8EC35DA1FBAA6F
201347,51347,Cash on Delivery,Success,2273.04,2023-04-23 00:53:00,TXN-F2DD1CA23E99F6
201348,51348,NetBanking,Success,28781.93,2022-04-26 00:02:00,TXN-52FEA9AE9FE0C1
201349,51349,UPI,Success,2145.78,2024-11-11 00:49:00,TXN-AA69BD975EB922
201350,51350,Debit Card,Success,3020.34,2025-04-29 01:08:00,TXN-ADB4FE12BC5CC2
201351,51351,Cash on Delivery,Failed,3803.17,2025-01-03 01:47:00,TXN-1B4E401A8C73D8
201352,51352,UPI,Success,72644.54,2024-10-11 01:14:00,TXN-D1CC9657FAA667
201353,51353,NetBanking,Success,1747.1,2024-08-30 00:42:00,TXN-72874B9A550CDD
201354,51354,UPI,Success,19411.67,2026-06-01 00:12:00,TXN-A68FE210042010
201355,51355,Credit Card,Success,34289.83,2025-12-16 01:39:00,TXN-65DCD2E0C892C4
201356,51356,Debit Card,Success,626.29,2024-06-11 02:00:00,TXN-FFDB0495B12443
201357,51357,Credit Card,Success,16609.5,2022-04-13 00:51:00,TXN-B6B6EA5F2ECC3C
201358,51358,PayPal,Success,61569.22,2022-03-19 00:36:00,TXN-59466031F13EE9
201359,51359,Credit Card,Success,11703.04,2026-03-06 01:43:00,TXN-9C079C83FA0E63
201360,51360,PayPal,Success,22210.06,2022-03-10 00:52:00,TXN-4673A78FC53F92
201361,51361,UPI,Success,4472.93,2024-09-22 00:32:00,TXN-07EB393C8DC56E
201362,51362,Cash on Delivery,Success,7796.21,2024-03-15 01:50:00,TXN-64EC159D6BBB02
201363,51363,Cash on Delivery,Success,57167.21,2025-03-20 00:20:00,TXN-4228B4A6AB702C
201364,51364,UPI,Success,12522.26,2026-02-20 00:51:00,TXN-B8F1A98B38A420
201365,51365,Credit Card,Success,2429.19,2023-07-01 01:47:00,TXN-416F0E27D09424
201366,51366,Credit Card,Success,30058.61,2022-06-18 01:42:00,TXN-3019DFFB42119D
201367,51367,PayPal,Success,17978.79,2022-12-05 01:40:00,TXN-A95BADC4551A89
201368,51368,PayPal,Success,3280.16,2025-03-14 01:55:00,TXN-3E20BCF646D1E0
201369,51369,NetBanking,Success,9496.59,2024-01-11 01:25:00,TXN-C8F47A6A2EB419
201370,51370,UPI,Success,1216.37,2024-04-20 01:39:00,TXN-EF01960EC4E75B
201371,51371,NetBanking,Success,166452.0,2022-04-21 00:59:00,TXN-A65E9674C54A1D
201372,51372,Cash on Delivery,Success,13902.76,2023-08-13 01:09:00,TXN-696E747028D8DF
201373,51373,Debit Card,Failed,12877.41,2023-12-23 01:23:00,TXN-B071A92A516F31
201374,51374,UPI,Success,6959.51,2022-07-15 00:20:00,TXN-3088661B11781D
201375,51375,Cash on Delivery,Success,35311.17,2025-01-03 01:15:00,TXN-01FC9CBA945B5E
201376,51376,PayPal,Success,4911.27,2023-12-06 01:39:00,TXN-ECBEABD9945FFA
201377,51377,Cash on Delivery,Success,4222.27,2025-08-04 01:41:00,TXN-0264B4DE984552
201378,51378,NetBanking,Success,28558.14,2024-06-28 01:22:00,TXN-DC1B5638E29507
201379,51379,UPI,Refunded,129462.98,2026-02-03 00:06:00,TXN-AEFE7358197C6C
201380,51380,Debit Card,Refunded,626.29,2024-10-19 00:50:00,TXN-472FAB66E69FED
201381,51381,Cash on Delivery,Success,9186.77,2024-07-31 00:35:00,TXN-61DAB4EDB9C2BF
201382,51382,Cash on Delivery,Success,49922.61,2025-01-17 01:43:00,TXN-707FA38946DED3
201383,51383,NetBanking,Success,8858.24,2026-05-18 01:03:00,TXN-0EA0AC23BBB31F
201384,51384,UPI,Success,7034.83,2025-10-11 01:40:00,TXN-93CC32B02F2E4E
201385,51385,PayPal,Success,11017.5,2023-04-18 00:30:00,TXN-025D63BC5851C1
201386,51386,Credit Card,Refunded,10232.64,2025-10-09 00:35:00,TXN-B23CFD0A87A4C4
201387,51387,Debit Card,Success,46047.02,2023-02-06 00:50:00,TXN-29E20475F31F74
201388,51388,PayPal,Refunded,5142.13,2022-12-23 00:34:00,TXN-AEB43571691AD8
201389,51389,Debit Card,Success,17196.01,2022-05-20 00:26:00,TXN-62E4218C622CE0
201390,51390,Cash on Delivery,Success,16799.59,2022-06-04 01:10:00,TXN-2F6B0A99B63373
201391,51391,UPI,Success,28614.13,2022-10-28 01:28:00,TXN-4B9E0F6837B0A8
201392,51392,Cash on Delivery,Refunded,6217.22,2023-08-10 01:56:00,TXN-0ED8F3C486D362
201393,51393,Debit Card,Success,4210.88,2023-03-14 00:08:00,TXN-9A790E40E8B8A9
201394,51394,NetBanking,Success,12345.32,2025-08-20 01:06:00,TXN-1545EFC0431DDF
201395,51395,Cash on Delivery,Success,3694.44,2025-01-04 00:18:00,TXN-4A5E6988B31CEF
201396,51396,NetBanking,Success,163847.11,2022-06-02 00:22:00,TXN-942060D6896F30
201397,51397,UPI,Success,2417.4,2024-03-08 01:00:00,TXN-85AEB857E7A68E
201398,51398,NetBanking,Success,35579.17,2026-02-08 00:19:00,TXN-49D655A7A055EE
201399,51399,NetBanking,Success,11137.86,2024-12-08 01:45:00,TXN-8C0678F37F0AFF
201400,51400,UPI,Success,5582.46,2023-04-09 00:14:00,TXN-A4552511904684
201401,51401,PayPal,Success,2204.83,2024-04-01 01:33:00,TXN-167F69B6B1143A
201402,51402,Cash on Delivery,Success,1662.24,2025-08-14 01:17:00,TXN-D76CCD86DAC92F
201403,51403,NetBanking,Success,283100.9,2022-09-10 01:00:00,TXN-A3799AA75CFF6F
201404,51404,Credit Card,Success,17429.47,2023-07-22 01:11:00,TXN-A9462C3CDC7795
201405,51405,UPI,Success,1016.74,2024-01-22 00:25:00,TXN-123A83C59EE0B8
201406,51406,Credit Card,Success,642.19,2025-08-01 01:02:00,TXN-3281DB8FCB35DF
201407,51407,Cash on Delivery,Success,3081.62,2023-06-04 00:11:00,TXN-80EB7B3678BD56
201408,51408,PayPal,Success,4923.32,2026-04-17 00:59:00,TXN-79ADA3A44619FC
201409,51409,PayPal,Success,8817.04,2024-10-06 00:58:00,TXN-1ADEDBD2586798
201410,51410,NetBanking,Success,4358.64,2025-03-19 00:33:00,TXN-39CFC64B5397F6
201411,51411,NetBanking,Success,11817.73,2026-04-08 01:38:00,TXN-A51722CDE88EDE
201412,51412,UPI,Success,820.25,2024-08-09 00:42:00,TXN-640E223C8834CF
201413,51413,NetBanking,Refunded,5926.85,2026-01-03 01:33:00,TXN-2E13A7E80B8229
201414,51414,NetBanking,Refunded,20428.45,2026-03-27 01:33:00,TXN-A33F95C2944E90
201415,51415,Credit Card,Success,64778.78,2022-08-28 00:14:00,TXN-9B255A6E0317BE
201416,51416,UPI,Success,1499.35,2025-03-25 00:54:00,TXN-872310958C134B
201417,51417,UPI,Success,4444.5,2024-11-14 01:05:00,TXN-8E5C73A120DDE1
201418,51418,Cash on Delivery,Success,2610.34,2025-10-25 00:49:00,TXN-84BE06A81C8457
201419,51419,NetBanking,Success,228027.21,2026-02-27 01:54:00,TXN-B8FC2D99252479
201420,51420,NetBanking,Success,246.55,2024-06-18 00:19:00,TXN-C1B6F1C4E47A4C
201421,51421,Debit Card,Success,10140.86,2024-08-17 00:24:00,TXN-86C237F1AF3D58
201422,51422,NetBanking,Success,17681.24,2024-04-13 00:03:00,TXN-FB9F11D8D38C87
201423,51423,NetBanking,Success,7664.98,2025-12-21 01:09:00,TXN-BC13DDADEEA749
201424,51424,Cash on Delivery,Success,4486.57,2026-05-14 01:47:00,TXN-EA6617C264C07C
201425,51425,UPI,Success,18525.75,2024-02-23 01:09:00,TXN-3BE946C6E06E2E
201426,51426,PayPal,Success,2299.23,2023-11-29 01:41:00,TXN-2DA0E9C3418DA9
201427,51427,Debit Card,Success,20894.55,2024-01-12 00:57:00,TXN-ACADC7C6C63644
201428,51428,NetBanking,Refunded,12773.38,2023-09-12 01:11:00,TXN-56195317F509E6
201429,51429,Debit Card,Success,1153.91,2024-07-03 00:22:00,TXN-F12576AE6FFB02
201430,51430,UPI,Refunded,15742.18,2022-06-03 00:54:00,TXN-54440276E09AF8
201431,51431,NetBanking,Success,28406.58,2025-04-27 00:26:00,TXN-0A1F9227446DD9
201432,51432,Debit Card,Success,327.82,2022-06-06 01:14:00,TXN-74D727006767DE
201433,51433,Debit Card,Success,5502.85,2025-09-27 01:10:00,TXN-6C2919FD29BD2A
201434,51434,UPI,Success,39986.91,2024-08-22 01:28:00,TXN-3320C945572FA6
201435,51435,UPI,Success,12821.43,2022-02-13 00:39:00,TXN-412120F5744F9E
201436,51436,NetBanking,Success,12309.95,2022-05-17 00:41:00,TXN-712983069884A7
201437,51437,Credit Card,Success,2448.49,2026-05-17 00:30:00,TXN-F94892FA8FF146
201438,51438,Cash on Delivery,Success,24152.33,2022-04-24 01:23:00,TXN-46212BE22097E5
201439,51439,Debit Card,Success,13495.5,2026-06-18 00:52:00,TXN-7920494B1AC631
201440,51440,Credit Card,Success,21226.82,2026-02-27 00:47:00,TXN-C5D992EEDD2FDE
201441,51441,Credit Card,Success,7919.74,2025-03-04 01:49:00,TXN-5D4095FB212921
201442,51442,NetBanking,Success,2119.25,2026-01-22 01:48:00,TXN-04B561CB33FD5A
201443,51443,PayPal,Success,5138.19,2025-03-24 01:57:00,TXN-3A4019D0B8D0B1
201444,51444,NetBanking,Failed,27623.54,2025-07-17 01:50:00,TXN-9A2F08419F60EE
201445,51445,Debit Card,Success,13124.98,2023-01-11 00:39:00,TXN-A4C755893776A1
201446,51446,UPI,Failed,3526.22,2026-06-10 00:40:00,TXN-5216FF00476A46
201447,51447,NetBanking,Success,7436.51,2023-09-16 00:47:00,TXN-A0D5E92BF165C1
201448,51448,Cash on Delivery,Success,79177.85,2024-04-11 00:03:00,TXN-83C397A879349B
201449,51449,UPI,Success,30852.73,2023-08-24 01:53:00,TXN-AE9D976718061A
201450,51450,PayPal,Success,13283.19,2025-11-23 00:30:00,TXN-23BB7A0D44B182
201451,51451,Debit Card,Success,30458.95,2022-06-23 01:00:00,TXN-87E676256CBACA
201452,51452,UPI,Success,46826.39,2025-12-26 01:03:00,TXN-15400B69F4EB26
201453,51453,Cash on Delivery,Success,104938.93,2024-05-12 00:35:00,TXN-58CA26B38D3513
201454,51454,NetBanking,Success,115943.31,2022-12-02 01:43:00,TXN-81E7800EE2D130
201455,51455,Debit Card,Success,9560.98,2023-12-24 00:52:00,TXN-73E79D653BB77E
201456,51456,NetBanking,Success,21191.93,2026-01-13 00:53:00,TXN-A63FA4C3558011
201457,51457,Cash on Delivery,Success,2336.41,2025-08-13 00:42:00,TXN-4A6FA27A1154F8
201458,51458,PayPal,Success,6422.99,2022-04-18 00:19:00,TXN-0FBF847B215D95
201459,51459,PayPal,Success,3410.78,2022-05-06 00:29:00,TXN-39492C789FE5FD
201460,51460,Cash on Delivery,Success,675.25,2023-04-19 01:40:00,TXN-640BB2BE08B670
201461,51461,PayPal,Success,1987.87,2023-01-11 00:13:00,TXN-97883B4CF9977F
201462,51462,Cash on Delivery,Failed,13998.55,2022-02-10 00:24:00,TXN-63804070130722
201463,51463,UPI,Success,7661.33,2023-01-02 01:58:00,TXN-390FBBED52D689
201464,51464,Credit Card,Success,6544.44,2022-09-15 00:47:00,TXN-971A698FAB0474
201465,51465,UPI,Success,6680.63,2024-12-30 00:20:00,TXN-3C27E2A0F74F39
201466,51466,NetBanking,Success,27938.36,2025-11-08 01:39:00,TXN-C7BA949DD6E516
201467,51467,Credit Card,Success,57049.41,2022-07-06 01:19:00,TXN-56744F19874F90
201468,51468,NetBanking,Success,13840.75,2022-08-14 00:56:00,TXN-5CBAA58B157730
201469,51469,NetBanking,Success,55447.46,2024-11-20 00:16:00,TXN-3B80A2875F7F81
201470,51470,UPI,Success,119133.11,2022-06-02 00:20:00,TXN-88F226491D429D
201471,51471,Debit Card,Success,60762.91,2025-02-25 01:29:00,TXN-376B8E67F15AAB
201472,51472,PayPal,Success,27034.45,2024-10-31 00:20:00,TXN-C69383BEE31E84
201473,51473,NetBanking,Success,9284.68,2024-12-10 01:25:00,TXN-46DDB4B38305E8
201474,51474,UPI,Success,1440.57,2023-05-13 00:12:00,TXN-AE8BDB4B0FD67F
201475,51475,Debit Card,Refunded,7730.28,2023-12-25 00:21:00,TXN-7D96B7F3539C71
201476,51476,NetBanking,Refunded,763.7,2025-07-31 00:27:00,TXN-F11A6085C64721
201477,51477,NetBanking,Success,4579.24,2022-02-06 01:18:00,TXN-5CBAF9F896CCF7
201478,51478,Debit Card,Success,63731.03,2024-12-01 00:53:00,TXN-A43C07915E8066
201479,51479,PayPal,Success,3397.76,2023-06-17 01:33:00,TXN-8C8F6B7AC53A94
201480,51480,UPI,Success,43700.79,2022-05-21 00:46:00,TXN-D4DE25DF126D22
201481,51481,Credit Card,Success,14673.28,2025-10-01 01:05:00,TXN-DCE7543EEB8298
201482,51482,NetBanking,Success,8632.0,2025-09-05 00:43:00,TXN-FF508A77ECE3D4
201483,51483,NetBanking,Success,1177.3,2023-05-07 00:14:00,TXN-EC487D1C711E56
201484,51484,Credit Card,Success,1611.6,2024-05-01 00:19:00,TXN-62FF6BD7523E3C
201485,51485,PayPal,Refunded,5756.59,2022-10-11 01:48:00,TXN-4CFE7A31BE699D
201486,51486,NetBanking,Success,2764.13,2024-10-12 00:13:00,TXN-A019E8E57C3CD4
201487,51487,UPI,Success,27683.59,2023-02-19 01:20:00,TXN-1E4CC7DFED7CC7
201488,51488,NetBanking,Success,391105.06,2022-02-06 00:21:00,TXN-B4F7C00EBB0808
201489,51489,UPI,Success,48644.19,2024-07-15 00:05:00,TXN-367132EA440F0F
201490,51490,Cash on Delivery,Success,42202.6,2024-08-16 00:22:00,TXN-FC35BD2DD81504
201491,51491,Credit Card,Success,5715.09,2022-01-25 01:49:00,TXN-045599CD2DA2FB
201492,51492,NetBanking,Success,14665.63,2022-09-18 00:11:00,TXN-DCD5CBF1966656
201493,51493,NetBanking,Success,48099.02,2024-03-11 00:25:00,TXN-8035C2EC8BEE95
201494,51494,Credit Card,Success,8207.7,2024-08-03 01:57:00,TXN-E6A81E0A9E414D
201495,51495,PayPal,Success,19533.89,2022-11-09 01:38:00,TXN-8CA4DE8F32DD1F
201496,51496,Credit Card,Success,1545.38,2024-04-17 01:52:00,TXN-73102EFFCC1155
201497,51497,Cash on Delivery,Success,7252.28,2026-03-05 00:41:00,TXN-007D946547AA54
201498,51498,PayPal,Success,18214.12,2025-09-09 01:26:00,TXN-09358AC53405B8
201499,51499,Credit Card,Refunded,2124.38,2022-05-10 01:07:00,TXN-08326CA8B5AA3E
201500,51500,Debit Card,Success,3287.42,2025-02-25 00:21:00,TXN-CAD7D9A05D4FBF
201501,51501,UPI,Success,3632.55,2024-06-30 01:42:00,TXN-4163960C3975B9
201502,51502,Credit Card,Success,2596.01,2024-03-02 00:26:00,TXN-E10D347F21891F
201503,51503,Debit Card,Success,8488.3,2023-12-26 00:59:00,TXN-337D8D1CEA0634
201504,51504,PayPal,Success,57745.09,2024-08-25 00:58:00,TXN-EF1A6FA2A685E1
201505,51505,PayPal,Success,129.36,2023-04-16 00:37:00,TXN-7EF670082865D9
201506,51506,Debit Card,Success,4128.72,2025-07-14 00:55:00,TXN-930846401CBC56
201507,51507,NetBanking,Success,1136.17,2023-12-20 00:31:00,TXN-78F2795229E9CE
201508,51508,PayPal,Success,46561.56,2022-03-16 00:49:00,TXN-AF75A283AD2E62
201509,51509,Credit Card,Success,8601.66,2025-04-10 00:04:00,TXN-58743E48FC3E81
201510,51510,Debit Card,Success,6219.65,2024-07-22 01:24:00,TXN-7A611AC83E4F68
201511,51511,Credit Card,Success,5359.04,2023-09-27 00:05:00,TXN-1CFA8375C603A1
201512,51512,UPI,Failed,2670.15,2022-12-15 01:16:00,TXN-446144276E08A1
201513,51513,PayPal,Success,8753.16,2023-04-23 00:14:00,TXN-6D0F5961D4E68A
201514,51514,Cash on Delivery,Success,133497.93,2022-02-24 01:43:00,TXN-34B3E4AACF73C1
201515,51515,Debit Card,Success,56234.44,2024-02-27 01:42:00,TXN-4FD69EDBC341DB
201516,51516,PayPal,Success,25918.55,2023-12-16 00:20:00,TXN-A5331A62C3ACCF
201517,51517,Credit Card,Success,44222.54,2024-03-05 01:55:00,TXN-AE368234420856
201518,51518,Debit Card,Success,31046.62,2025-06-01 00:44:00,TXN-A58ECAB9B1AA8A
201519,51519,NetBanking,Success,3610.86,2025-04-18 00:27:00,TXN-1C197F9980C14C
201520,51520,UPI,Success,25769.91,2025-11-22 00:47:00,TXN-1B91B43050FEF6
201521,51521,Credit Card,Success,5222.5,2023-04-18 01:33:00,TXN-12A705766CEE1B
201522,51522,Credit Card,Refunded,18743.52,2024-03-25 01:20:00,TXN-4F4B7934E374B7
201523,51523,PayPal,Success,48258.15,2022-04-20 00:59:00,TXN-74B8092D5F8543
201524,51524,Debit Card,Success,140880.08,2026-06-02 01:08:00,TXN-432A989B049D20
201525,51525,UPI,Success,50079.74,2024-02-08 01:26:00,TXN-2C20F37FFF70A3
201526,51526,Debit Card,Success,105872.79,2024-10-08 00:03:00,TXN-9C0E6F51917590
201527,51527,PayPal,Success,57321.47,2022-06-17 00:25:00,TXN-990352EAD696C2
201528,51528,Debit Card,Success,454.39,2025-06-02 00:19:00,TXN-8AB12508725DDD
201529,51529,Cash on Delivery,Success,11156.94,2025-09-26 01:44:00,TXN-EEBC9C6C764193
201530,51530,Debit Card,Success,3109.58,2022-07-28 01:57:00,TXN-DB620F129C3F15
201531,51531,PayPal,Success,111773.16,2023-06-11 00:56:00,TXN-F748CE729C85A0
201532,51532,UPI,Success,45610.28,2022-08-26 00:41:00,TXN-57486DD9EF647F
201533,51533,UPI,Success,19204.72,2025-10-14 01:14:00,TXN-5855277490C2C9
201534,51534,Credit Card,Success,26903.72,2022-02-02 00:53:00,TXN-C0BC4E8B0BDB5C
201535,51535,Credit Card,Success,253.01,2024-03-23 01:09:00,TXN-2D368724A15AC5
201536,51536,PayPal,Success,33338.07,2025-06-28 00:26:00,TXN-2E8FD199194839
201537,51537,Debit Card,Success,30301.83,2024-09-28 00:33:00,TXN-4DAC4D2C18C970
201538,51538,NetBanking,Success,61726.6,2025-10-29 00:02:00,TXN-0E59ECC0B626F6
201539,51539,Debit Card,Success,12095.97,2024-05-21 00:47:00,TXN-E9FCC7FFF59585
201540,51540,UPI,Success,28385.3,2026-02-04 00:51:00,TXN-F925FD344D358E
201541,51541,Debit Card,Refunded,6784.47,2026-03-02 01:48:00,TXN-E9291D35EBC209
201542,51542,Cash on Delivery,Success,10470.08,2022-08-15 00:57:00,TXN-1DF64AC820C58E
201543,51543,Debit Card,Success,53522.92,2023-12-25 00:01:00,TXN-2CBC6DA250A83B
201544,51544,NetBanking,Success,1870.79,2022-02-16 01:28:00,TXN-40FD9EF03DC404
201545,51545,Credit Card,Success,6951.26,2025-06-09 00:47:00,TXN-76C4F0CB726FAC
201546,51546,Debit Card,Success,2606.76,2024-11-17 00:55:00,TXN-46A97B2509BD7B
201547,51547,Debit Card,Success,13051.7,2025-11-14 00:42:00,TXN-B491A118A20CCD
201548,51548,Cash on Delivery,Success,1199.78,2025-09-01 00:36:00,TXN-0B1A5862A754BF
201549,51549,NetBanking,Success,3373.88,2023-11-09 01:31:00,TXN-1533DCC15528CB
201550,51550,UPI,Success,54757.2,2024-05-14 00:09:00,TXN-D3F3B86C22A777
201551,51551,UPI,Success,3830.39,2022-07-23 00:38:00,TXN-CC9969E971794D
201552,51552,PayPal,Success,13993.54,2025-02-05 00:53:00,TXN-E8ACD23ABC2D0C
201553,51553,Credit Card,Success,3272.22,2024-11-22 01:24:00,TXN-91BEFDD02F5C39
201554,51554,PayPal,Success,47675.31,2024-04-15 00:25:00,TXN-F70E904EF4F603
201555,51555,Cash on Delivery,Success,9422.29,2025-07-26 00:40:00,TXN-D9CB43F9BCA86D
201556,51556,Debit Card,Refunded,2522.83,2022-12-24 00:41:00,TXN-9970C839BEBBE6
201557,51557,PayPal,Success,40606.61,2023-01-07 01:16:00,TXN-2ADEF42BD26047
201558,51558,Debit Card,Success,51616.93,2022-02-10 00:48:00,TXN-5FC62C9F6ECECB
201559,51559,UPI,Success,2834.76,2025-11-18 00:57:00,TXN-D9F32FB781D3EB
201560,51560,Debit Card,Success,3210.97,2022-06-30 00:03:00,TXN-32FAD6981D1431
201561,51561,UPI,Success,122207.43,2023-11-10 01:25:00,TXN-3C5DDDF5E7655C
201562,51562,NetBanking,Success,48620.08,2023-01-07 00:08:00,TXN-6F62D596D2411D
201563,51563,PayPal,Success,7317.24,2023-02-05 01:54:00,TXN-FE5DE3BD29E025
201564,51564,PayPal,Success,45463.15,2026-01-17 01:18:00,TXN-68B92C8C0F3B10
201565,51565,Debit Card,Success,31890.49,2025-03-28 00:28:00,TXN-DCB5A6118ABFCA
201566,51566,PayPal,Success,6350.55,2026-03-13 01:06:00,TXN-544410CBFE9398
201567,51567,Debit Card,Success,71556.23,2022-08-03 01:04:00,TXN-41206940CE52F0
201568,51568,Credit Card,Refunded,31838.62,2025-04-07 00:58:00,TXN-8DDF03FC432DF3
201569,51569,NetBanking,Success,865.11,2022-12-15 01:47:00,TXN-4718CA7CB03DDB
201570,51570,PayPal,Success,1617.01,2022-08-12 00:27:00,TXN-37DD5541C20437
201571,51571,UPI,Refunded,12322.91,2023-11-06 01:05:00,TXN-0B0C78F6928C04
201572,51572,Debit Card,Success,462701.86,2024-11-05 00:08:00,TXN-8E90E969993EBC
201573,51573,NetBanking,Success,43665.21,2022-07-20 01:06:00,TXN-DC2C527575B03F
201574,51574,Debit Card,Success,13097.42,2025-04-10 00:53:00,TXN-C21643CA0E4CF1
201575,51575,Cash on Delivery,Success,13942.05,2023-11-28 01:43:00,TXN-A2376108A2CF52
201576,51576,NetBanking,Success,4237.4,2022-11-21 00:20:00,TXN-708412B1B5F732
201577,51577,NetBanking,Success,17620.44,2022-04-20 00:06:00,TXN-ECBDF55835CA07
201578,51578,UPI,Success,717.69,2022-03-17 00:34:00,TXN-9313B555858880
201579,51579,Cash on Delivery,Success,48571.38,2024-01-09 01:34:00,TXN-CD2B5441FC8C26
201580,51580,Debit Card,Success,10297.58,2024-05-07 01:57:00,TXN-5BA397523F58BC
201581,51581,Cash on Delivery,Success,9291.61,2025-09-05 00:46:00,TXN-1B2511D3E0F36A
201582,51582,NetBanking,Success,16586.98,2023-06-10 00:28:00,TXN-79E64841BE17DB
201583,51583,Debit Card,Success,2606.76,2022-01-14 00:30:00,TXN-B5AF0F5F508D22
201584,51584,Credit Card,Success,837.22,2024-04-19 00:04:00,TXN-E427F15D2CF2CF
201585,51585,Debit Card,Success,3152.38,2026-02-28 00:55:00,TXN-5F1449215D5306
201586,51586,Credit Card,Success,1615.35,2022-02-05 00:59:00,TXN-06502973782A72
201587,51587,Debit Card,Success,23773.21,2024-06-03 01:57:00,TXN-2571F727E4F5EE
201588,51588,Debit Card,Success,4300.18,2026-01-31 01:14:00,TXN-261947FC000FED
201589,51589,Debit Card,Success,1038.9,2025-08-21 00:23:00,TXN-95EE1EB4B726A9
201590,51590,NetBanking,Success,240.36,2022-04-24 01:36:00,TXN-273E88A3B88576
201591,51591,PayPal,Success,26198.63,2026-05-16 01:54:00,TXN-8815BBA2043E30
201592,51592,PayPal,Refunded,6145.83,2025-01-26 01:36:00,TXN-E8A72AD9C0E4A8
201593,51593,UPI,Refunded,1342.11,2022-06-12 00:54:00,TXN-FFFA73ED7B648F
201594,51594,PayPal,Success,5888.93,2024-10-27 00:54:00,TXN-2303D43F89D62D
201595,51595,PayPal,Success,6424.1,2022-02-09 01:00:00,TXN-2B2C930F188A3C
201596,51596,NetBanking,Success,27970.49,2024-10-10 01:00:00,TXN-9570CD203F895A
201597,51597,Debit Card,Refunded,38368.4,2022-04-19 01:10:00,TXN-58DE361C9F60FB
201598,51598,NetBanking,Success,3011.99,2024-12-05 00:33:00,TXN-6A6586AB37672D
201599,51599,Cash on Delivery,Success,83062.59,2022-01-03 01:48:00,TXN-B864758D7BB3DF
201600,51600,Debit Card,Success,4168.07,2024-02-14 01:00:00,TXN-6FFF5197F384E3
201601,51601,Credit Card,Success,56182.6,2022-09-10 00:11:00,TXN-CDAD9BB658068F
201602,51602,Cash on Delivery,Success,856.8,2025-06-17 00:16:00,TXN-DC9B890DC94A65
201603,51603,Credit Card,Success,33332.93,2024-11-19 01:01:00,TXN-6C70023F536605
201604,51604,PayPal,Success,581.78,2023-08-07 00:49:00,TXN-10BDAE56D3D12D
201605,51605,Credit Card,Refunded,951.12,2025-08-20 01:14:00,TXN-237D81DA1B2919
201606,51606,Debit Card,Success,10424.96,2025-10-17 01:28:00,TXN-FF7B1739E92C75
201607,51607,UPI,Success,14453.73,2023-04-16 01:56:00,TXN-5ABD77DD057A42
201608,51608,NetBanking,Success,6416.06,2024-08-27 00:42:00,TXN-F4335270A204E2
201609,51609,Cash on Delivery,Success,4444.5,2024-07-13 01:28:00,TXN-0B28ED1AC47618
201610,51610,UPI,Success,3816.62,2023-06-13 01:40:00,TXN-EECA868C8A4A8C
201611,51611,NetBanking,Success,46938.56,2023-08-21 01:35:00,TXN-6F67701708E3CC
201612,51612,Credit Card,Success,9354.84,2025-11-07 01:48:00,TXN-4795B713429003
201613,51613,PayPal,Success,14778.03,2024-10-13 01:19:00,TXN-24B41F3F939CBD
201614,51614,PayPal,Refunded,17759.93,2023-03-10 01:12:00,TXN-D7E1F187F6EB28
201615,51615,Credit Card,Success,1300.8,2023-06-14 00:13:00,TXN-7B7AB8D5449ECC
201616,51616,Credit Card,Refunded,56631.47,2025-11-17 00:32:00,TXN-11F9024C37B3B3
201617,51617,PayPal,Success,87501.11,2024-04-23 00:02:00,TXN-93B9119CAD08CB
201618,51618,PayPal,Success,42844.06,2022-11-16 01:46:00,TXN-88ACEEBBD25790
201619,51619,UPI,Success,43559.36,2024-11-24 00:23:00,TXN-12A450902B0FD5
201620,51620,Debit Card,Refunded,1448.34,2024-07-22 00:11:00,TXN-850343E4519785
201621,51621,Debit Card,Success,8006.62,2024-07-27 01:20:00,TXN-50492BEEF6937E
201622,51622,UPI,Success,12066.42,2024-05-17 00:09:00,TXN-461E7AF36C2EE8
201623,51623,Cash on Delivery,Refunded,73969.61,2022-08-25 00:33:00,TXN-FB6B5AA7AAA3A8
201624,51624,UPI,Success,166342.38,2024-11-22 01:02:00,TXN-397D197F49709C
201625,51625,UPI,Success,8710.48,2026-01-12 00:53:00,TXN-1D83994B1C67FA
201626,51626,PayPal,Success,12853.97,2022-10-06 00:33:00,TXN-F13AB00D6A9A8B
201627,51627,Cash on Delivery,Refunded,49561.42,2023-10-10 01:59:00,TXN-0A5CB7F18FD1BC
201628,51628,Cash on Delivery,Success,15481.17,2022-04-19 01:37:00,TXN-7A1B378905EBB8
201629,51629,Credit Card,Success,9547.26,2025-01-04 00:17:00,TXN-F1385A076D7C79
201630,51630,Credit Card,Success,1919.15,2025-01-18 01:56:00,TXN-143308B919C0CB
201631,51631,Debit Card,Success,886.5,2023-10-16 00:46:00,TXN-6960DDD693DC1B
201632,51632,UPI,Success,95578.48,2023-08-31 01:47:00,TXN-AFE618BA96D576
201633,51633,PayPal,Success,3135.42,2024-03-09 00:37:00,TXN-2624213316FF60
201634,51634,PayPal,Success,34116.36,2023-11-04 01:10:00,TXN-1EF3CE0DCD9662
201635,51635,NetBanking,Success,8223.34,2024-07-31 01:07:00,TXN-DA16725F491381
201636,51636,Cash on Delivery,Success,20736.0,2022-09-17 00:32:00,TXN-B9678C8F797A6F
201637,51637,Cash on Delivery,Success,9668.28,2024-09-16 00:01:00,TXN-5B02A7B9D40165
201638,51638,Cash on Delivery,Success,68179.12,2025-01-04 01:31:00,TXN-715034CC13F7BA
201639,51639,NetBanking,Success,21547.03,2023-12-02 01:04:00,TXN-BBB1B32EC295CD
201640,51640,NetBanking,Success,7292.23,2022-03-16 00:28:00,TXN-4997DFF0822011
201641,51641,Credit Card,Success,1124.13,2026-05-09 00:40:00,TXN-5C836AF8BC84B4
201642,51642,Cash on Delivery,Success,19113.0,2023-06-06 01:28:00,TXN-FA62EF20B7E5BD
201643,51643,UPI,Success,12177.59,2026-06-18 00:52:00,TXN-BC76F686921000
201644,51644,NetBanking,Success,22595.53,2023-04-22 01:36:00,TXN-585024EEC0CC4B
201645,51645,NetBanking,Success,17809.34,2025-12-28 01:55:00,TXN-BFF993349952F5
201646,51646,Credit Card,Success,221789.84,2025-06-13 01:03:00,TXN-F842819F26DF3D
201647,51647,Debit Card,Success,6253.09,2025-02-10 01:51:00,TXN-2D924C74E929BB
201648,51648,NetBanking,Success,7474.27,2024-11-13 00:19:00,TXN-0E7661F17585B4
201649,51649,Credit Card,Success,5574.29,2023-12-30 00:47:00,TXN-F19E7899C69C8F
201650,51650,UPI,Success,4272.6,2024-07-25 01:59:00,TXN-8DA373202B4522
201651,51651,NetBanking,Success,7633.98,2024-06-02 00:44:00,TXN-BB256DDC15747B
201652,51652,Cash on Delivery,Success,920.85,2025-03-13 01:21:00,TXN-327A55A89BE062
201653,51653,UPI,Success,2461.05,2025-12-25 01:55:00,TXN-FC312658F1F613
201654,51654,UPI,Success,14654.92,2025-07-02 00:19:00,TXN-92857EBE8A8B3E
201655,51655,UPI,Success,19187.12,2024-07-17 01:03:00,TXN-7602DA8ECBE2B2
201656,51656,PayPal,Success,21174.98,2023-10-17 00:19:00,TXN-DCBA2E4C8426D1
201657,51657,Debit Card,Success,332.39,2023-01-22 01:35:00,TXN-3F29F5549A63CA
201658,51658,Credit Card,Success,39782.38,2023-08-09 01:14:00,TXN-2C9930A800A708
201659,51659,NetBanking,Success,31100.69,2026-06-21 01:18:00,TXN-50EC31EDA2733F
201660,51660,Credit Card,Success,17659.16,2022-10-07 00:27:00,TXN-0E2AE83DF2DADF
201661,51661,Debit Card,Refunded,5192.02,2026-02-03 00:28:00,TXN-1DDFA3D506B4BE
201662,51662,Debit Card,Success,454.39,2025-06-30 01:04:00,TXN-912A92B0CA2322
201663,51663,Cash on Delivery,Success,16752.38,2022-09-21 01:31:00,TXN-CFF681A38CDEBE
201664,51664,PayPal,Success,8779.23,2023-04-04 01:18:00,TXN-3CA90463695C6C
201665,51665,UPI,Success,48620.08,2025-08-13 00:21:00,TXN-BE37BE013D9B24
201666,51666,PayPal,Success,972.56,2025-03-18 01:34:00,TXN-58157E61639EC1
201667,51667,NetBanking,Success,16288.01,2022-07-12 00:07:00,TXN-80C5D454BB6ED5
201668,51668,Debit Card,Success,17999.7,2025-12-28 00:03:00,TXN-30B65E4E41DCEB
201669,51669,Cash on Delivery,Success,64089.72,2023-05-25 01:04:00,TXN-80BF607EA7F8B1
201670,51670,NetBanking,Success,18511.88,2025-12-11 00:04:00,TXN-60C483E18DF494
201671,51671,UPI,Refunded,74015.12,2024-10-15 01:39:00,TXN-E22D6E018E4055
201672,51672,Debit Card,Refunded,59998.65,2024-06-19 01:51:00,TXN-6EF0EF12A59589
201673,51673,Credit Card,Success,11183.31,2026-04-18 01:15:00,TXN-721464306CF811
201674,51674,UPI,Success,1117.48,2022-05-15 00:28:00,TXN-5A84F063317860
201675,51675,NetBanking,Success,194389.99,2026-03-22 00:43:00,TXN-E3961A9B04FBCB
201676,51676,Debit Card,Success,1509.08,2025-03-29 01:28:00,TXN-3F89DE84565C85
201677,51677,PayPal,Success,8409.83,2023-11-23 00:54:00,TXN-A09D8E2F94CB91
201678,51678,NetBanking,Failed,26203.24,2023-03-16 01:53:00,TXN-DD248B022D1358
201679,51679,PayPal,Success,1403.44,2023-05-08 00:40:00,TXN-333D1EC530C5D5
201680,51680,NetBanking,Success,6928.52,2026-06-26 00:30:00,TXN-2C8F5051C62921
201681,51681,PayPal,Success,1324.02,2022-09-24 00:57:00,TXN-48865B90BDC94C
201682,51682,UPI,Success,1367.36,2022-09-07 00:57:00,TXN-3F58E4F62F1D19
201683,51683,PayPal,Success,72930.12,2025-12-18 00:49:00,TXN-8C406E99BF22DF
201684,51684,Cash on Delivery,Failed,14857.47,2024-03-02 00:45:00,TXN-6942842380E27D
201685,51685,Debit Card,Refunded,5600.68,2024-10-22 01:04:00,TXN-C940F16795E378
201686,51686,UPI,Success,2116.44,2023-07-01 01:49:00,TXN-49F1D9444AE3D9
201687,51687,Credit Card,Success,5201.28,2024-04-20 01:17:00,TXN-108B583878BD9D
201688,51688,NetBanking,Success,34306.15,2022-10-09 01:36:00,TXN-C6F21241C67BFB
201689,51689,PayPal,Success,19464.85,2024-03-10 00:42:00,TXN-F8EACEBD8CDFCC
201690,51690,Credit Card,Success,56405.78,2024-07-12 00:09:00,TXN-E82793C8065945
201691,51691,NetBanking,Success,8274.36,2025-11-20 00:05:00,TXN-3D8B6499439C30
201692,51692,Credit Card,Success,27688.95,2022-12-20 01:35:00,TXN-096A11A36DB29C
201693,51693,PayPal,Success,3644.62,2025-11-25 00:01:00,TXN-1A27FDB6E11AE6
201694,51694,Cash on Delivery,Refunded,4544.15,2024-04-29 01:37:00,TXN-8201FB1A16A8B3
201695,51695,Debit Card,Success,21462.12,2023-04-25 00:55:00,TXN-6D8149541AA063
201696,51696,Debit Card,Success,2165.76,2024-11-19 01:28:00,TXN-43BABB582E3DCA
201697,51697,UPI,Success,2165.16,2025-07-27 01:52:00,TXN-A6C1323F064174
201698,51698,Cash on Delivery,Success,1143.47,2025-03-05 01:49:00,TXN-B66C2983F42DA2
201699,51699,PayPal,Success,89240.89,2023-10-04 01:12:00,TXN-93239DF5C33F7F
201700,51700,Cash on Delivery,Failed,287.46,2022-04-09 01:46:00,TXN-053B68B16BACE7
201701,51701,Credit Card,Success,3320.06,2026-02-01 01:27:00,TXN-26343625968CCC
201702,51702,PayPal,Success,18573.79,2025-05-02 01:50:00,TXN-436C52A7880C02
201703,51703,NetBanking,Success,8196.35,2026-04-02 00:28:00,TXN-9D340A898EB76D
201704,51704,PayPal,Success,23093.5,2026-04-26 01:12:00,TXN-10F9366B767D82
201705,51705,Cash on Delivery,Success,12594.19,2022-10-29 01:39:00,TXN-EB300EBCB4AA87
201706,51706,NetBanking,Refunded,58501.84,2025-02-01 00:47:00,TXN-DC246AF0A0F611
201707,51707,Credit Card,Success,4896.98,2023-02-21 00:53:00,TXN-F48AC7CDCE636C
201708,51708,NetBanking,Success,188270.24,2025-10-01 01:58:00,TXN-5C76EA9F032529
201709,51709,Debit Card,Success,63240.62,2024-06-09 01:27:00,TXN-6B6785E543BDBC
201710,51710,Cash on Delivery,Success,46049.86,2024-10-04 01:51:00,TXN-0915E99EE0C826
201711,51711,Credit Card,Success,29675.1,2024-03-19 01:39:00,TXN-7AF548947A1C96
201712,51712,Debit Card,Success,17318.75,2024-10-25 00:08:00,TXN-77C0C4D647349F
201713,51713,UPI,Success,21993.74,2026-03-03 01:40:00,TXN-F8B8BD063DCB5F
201714,51714,UPI,Success,36449.98,2024-02-20 01:00:00,TXN-935D9A94EF3B23
201715,51715,PayPal,Success,4937.03,2024-01-24 01:16:00,TXN-837C99EF533991
201716,51716,Debit Card,Success,24209.98,2026-06-24 01:09:00,TXN-38E0562C3F4B48
201717,51717,Debit Card,Success,19623.29,2024-03-30 01:44:00,TXN-85E308BA25B353
201718,51718,Credit Card,Success,4861.95,2026-04-20 00:27:00,TXN-F99EBD7CA36F09
201719,51719,PayPal,Success,33846.24,2023-07-02 01:54:00,TXN-E156E35B0C5340
201720,51720,PayPal,Success,4134.82,2024-12-28 01:21:00,TXN-7B37EA2D58B481
201721,51721,UPI,Success,2628.38,2024-08-09 01:37:00,TXN-BBE57B2AB554EF
201722,51722,Cash on Delivery,Success,7897.87,2022-08-21 01:21:00,TXN-15B9BAA9451A9E
201723,51723,Cash on Delivery,Success,20894.55,2025-12-16 01:10:00,TXN-535CE77B7E0D64
201724,51724,Cash on Delivery,Success,13483.02,2025-06-25 01:46:00,TXN-6102E2BBFD64B3
201725,51725,PayPal,Success,32888.64,2025-05-18 00:05:00,TXN-CD42BDF8C6F9F1
201726,51726,Credit Card,Refunded,13777.53,2025-06-10 00:03:00,TXN-706DC7D14CE3EA
201727,51727,Cash on Delivery,Success,13556.66,2025-05-01 01:24:00,TXN-80A72DAA55FC3E
201728,51728,NetBanking,Success,1557.67,2025-10-06 01:01:00,TXN-5E8D107920B5E0
201729,51729,Credit Card,Success,1403.46,2025-03-09 00:30:00,TXN-7B2F28E8A00F1D
201730,51730,PayPal,Success,889.56,2023-09-28 01:38:00,TXN-881F25A79D33AA
201731,51731,PayPal,Success,5142.13,2025-10-18 00:44:00,TXN-A5804E513B2370
201732,51732,Credit Card,Success,99864.87,2022-01-15 01:01:00,TXN-7B632DA3B4468A
201733,51733,NetBanking,Success,817.17,2023-03-21 00:27:00,TXN-1D0F26FCCE01C0
201734,51734,PayPal,Success,15382.0,2023-03-30 00:16:00,TXN-D1A1D90B327580
201735,51735,Cash on Delivery,Success,2438.6,2023-09-12 00:20:00,TXN-3981E0866A73E6
201736,51736,Credit Card,Success,5930.2,2026-03-28 01:41:00,TXN-49D3BB54922782
201737,51737,Cash on Delivery,Success,4600.85,2022-02-17 01:25:00,TXN-934D4CB7A5F76D
201738,51738,NetBanking,Success,27677.17,2025-02-19 00:56:00,TXN-AD0D8AC8E162BF
201739,51739,PayPal,Success,42772.82,2023-09-07 00:57:00,TXN-DA35788860E9AE
201740,51740,Debit Card,Success,49508.32,2022-04-27 00:57:00,TXN-881571FF39CA14
201741,51741,Debit Card,Success,4291.56,2023-09-13 00:57:00,TXN-D0227ED21237F1
201742,51742,UPI,Success,2066.86,2023-06-25 00:08:00,TXN-3319E08888A74B
201743,51743,Debit Card,Success,78724.65,2024-11-13 00:39:00,TXN-CF422A2208B4CB
201744,51744,Credit Card,Success,5183.71,2024-01-04 01:28:00,TXN-42DAB29D5000FD
201745,51745,UPI,Success,2764.13,2023-04-27 00:54:00,TXN-9397EE555BAD62
201746,51746,NetBanking,Success,10687.35,2024-05-24 00:36:00,TXN-87B921F64ED217
201747,51747,Debit Card,Success,32684.45,2025-04-08 01:34:00,TXN-EFE72305A6EA76
201748,51748,Cash on Delivery,Success,151099.04,2024-04-09 01:25:00,TXN-AA3B29810F8DF4
201749,51749,PayPal,Success,90585.04,2023-04-03 00:44:00,TXN-7E23431EC1ABAE
201750,51750,UPI,Success,12773.38,2023-01-31 01:50:00,TXN-184B7EEDDF74B8
201751,51751,Credit Card,Success,40353.23,2025-01-14 01:17:00,TXN-CC0F05F6F460BE
201752,51752,Credit Card,Success,27879.23,2026-04-28 01:53:00,TXN-343CD5CC5F7851
201753,51753,Credit Card,Success,37617.55,2025-03-24 01:23:00,TXN-85CA99C0CA7422
201754,51754,PayPal,Success,2340.95,2022-10-30 01:57:00,TXN-7618943FA69BD8
201755,51755,PayPal,Success,76325.35,2024-01-19 01:52:00,TXN-B099D580993C62
201756,51756,NetBanking,Success,25396.36,2023-06-28 01:04:00,TXN-DC93F11177E08E
201757,51757,Debit Card,Success,3399.37,2023-12-16 01:56:00,TXN-84341DC0B0AD04
201758,51758,PayPal,Success,388.08,2026-02-25 01:47:00,TXN-3F10E4841FA70E
201759,51759,Credit Card,Success,3141.84,2024-05-29 01:56:00,TXN-E44CDCE78AD12A
201760,51760,PayPal,Success,25913.95,2022-09-27 01:39:00,TXN-11BA829CB2DF53
201761,51761,Credit Card,Success,72168.02,2022-10-05 01:49:00,TXN-4E2A4C2F3DF1D7
201762,51762,UPI,Success,30892.74,2025-12-12 00:46:00,TXN-F402D8A8E2774A
201763,51763,Credit Card,Success,10917.25,2022-07-02 00:33:00,TXN-2D68270197C4BC
201764,51764,UPI,Success,33077.93,2024-04-13 01:13:00,TXN-3A770A2FC5908D
201765,51765,UPI,Success,29402.87,2024-04-07 00:51:00,TXN-C2021D2B2C264D
201766,51766,Credit Card,Success,109004.63,2023-03-28 00:40:00,TXN-A6DC39B022FB17
201767,51767,Cash on Delivery,Success,37152.71,2025-09-09 01:09:00,TXN-E96C25A295C324
201768,51768,UPI,Success,3625.43,2026-03-22 01:04:00,TXN-92A524276E601C
201769,51769,PayPal,Success,9382.94,2025-07-14 00:41:00,TXN-175EBE7EEBD930
201770,51770,Debit Card,Refunded,17576.02,2022-10-03 00:35:00,TXN-9B41F4A806FC89
201771,51771,NetBanking,Success,26295.36,2025-01-28 01:36:00,TXN-26708AB44BA984
201772,51772,Debit Card,Success,5116.17,2023-08-28 00:27:00,TXN-5A2827C64BAD37
201773,51773,Cash on Delivery,Success,5835.32,2022-10-30 00:50:00,TXN-6660BD373237F4
201774,51774,UPI,Success,48870.0,2024-12-03 01:57:00,TXN-6DF1536B542323
201775,51775,NetBanking,Success,2177.62,2023-11-08 00:03:00,TXN-061F6761262D05
201776,51776,Debit Card,Success,52433.17,2025-07-01 01:58:00,TXN-04D33876AD57B0
201777,51777,Cash on Delivery,Success,7343.38,2023-06-13 01:23:00,TXN-BEFD1EDF1589D8
201778,51778,Cash on Delivery,Success,1654.76,2022-03-05 01:00:00,TXN-856BC8805F041F
201779,51779,Credit Card,Success,9107.06,2025-04-26 00:55:00,TXN-B8448129EC6C63
201780,51780,PayPal,Success,1845.38,2023-04-13 00:11:00,TXN-ACBCD381788A8A
201781,51781,NetBanking,Refunded,54477.51,2022-02-01 01:44:00,TXN-7DE65D668BE122
201782,51782,Debit Card,Success,6488.25,2024-01-11 00:54:00,TXN-FBCD299DCB81BF
201783,51783,Cash on Delivery,Success,40794.65,2023-09-08 01:12:00,TXN-31F1C3380556AD
201784,51784,Debit Card,Success,56713.32,2022-02-21 01:10:00,TXN-0CBAB55B0996D0
201785,51785,Debit Card,Success,15141.65,2023-09-05 00:10:00,TXN-89C23F9AEAEC4D
201786,51786,Cash on Delivery,Success,19374.5,2023-03-17 00:18:00,TXN-6D01F717DB1EE8
201787,51787,UPI,Success,23057.29,2025-09-06 01:42:00,TXN-DE86690E1AAA03
201788,51788,UPI,Success,705.36,2022-01-08 00:19:00,TXN-666972F4F9D73B
201789,51789,Debit Card,Success,386.23,2025-05-08 00:09:00,TXN-7804C313AA4C65
201790,51790,UPI,Success,3764.33,2024-09-07 01:41:00,TXN-621EAFF9D41B94
201791,51791,PayPal,Success,48172.29,2022-12-04 01:04:00,TXN-022DC5F5C79122
201792,51792,Debit Card,Success,22225.37,2025-01-16 00:15:00,TXN-9EE8324E2B3638
201793,51793,PayPal,Success,713.63,2022-11-11 00:17:00,TXN-54ED7868D7BE3C
201794,51794,Cash on Delivery,Success,65626.29,2025-04-09 00:16:00,TXN-6A8F7E9AE39E5E
201795,51795,Credit Card,Success,4881.38,2026-02-20 00:59:00,TXN-8E630E2476DE34
201796,51796,PayPal,Success,104013.37,2024-02-28 01:47:00,TXN-3AB857E7EE0838
201797,51797,UPI,Success,66373.34,2024-10-28 01:23:00,TXN-AD26C8647B1C74
201798,51798,UPI,Success,15352.83,2024-06-01 00:30:00,TXN-EEAA89109420FA
201799,51799,PayPal,Success,15757.63,2023-06-01 01:53:00,TXN-ED02CDCE65F6C1
201800,51800,Debit Card,Success,97069.11,2024-12-02 01:42:00,TXN-F1F50F772036C4
201801,51801,Cash on Delivery,Success,14062.78,2024-12-19 01:31:00,TXN-8062A4C8CF98AD
201802,51802,Debit Card,Success,1067.04,2023-06-13 01:57:00,TXN-654A0B9CE90BA8
201803,51803,NetBanking,Success,454.39,2025-03-26 00:47:00,TXN-F950044797E395
201804,51804,PayPal,Success,463.24,2026-06-03 00:10:00,TXN-96137E58591CDA
201805,51805,Debit Card,Success,17516.71,2026-05-06 00:26:00,TXN-F7A7EA3540F42A
201806,51806,UPI,Success,8124.09,2025-10-23 00:37:00,TXN-1AC05548F17527
201807,51807,PayPal,Refunded,5800.38,2024-04-25 01:18:00,TXN-6E01C90D847BAB
201808,51808,UPI,Success,30117.54,2026-01-27 01:46:00,TXN-1E65014498371C
201809,51809,Credit Card,Success,13653.32,2022-02-07 00:49:00,TXN-30BAF1836D80C8
201810,51810,Debit Card,Success,7268.1,2025-03-18 01:38:00,TXN-3B334559375B12
201811,51811,UPI,Success,4779.12,2024-06-04 01:57:00,TXN-047565364A395F
201812,51812,UPI,Success,18325.23,2024-08-18 01:27:00,TXN-7A154382C212A7
201813,51813,Credit Card,Success,99161.77,2024-08-13 01:45:00,TXN-420AF95297A393
201814,51814,Cash on Delivery,Success,40897.66,2024-11-06 01:18:00,TXN-E2FD70333B863D
201815,51815,PayPal,Success,26305.53,2023-12-12 00:51:00,TXN-E12930940D8BC4
201816,51816,Cash on Delivery,Success,16150.63,2023-06-25 00:11:00,TXN-0065F6DB46E4B4
201817,51817,Cash on Delivery,Success,30656.58,2025-07-10 00:05:00,TXN-1ACBDE3DE24E98
201818,51818,Credit Card,Success,10786.58,2023-06-03 01:12:00,TXN-0370BE4A6759E1
201819,51819,Credit Card,Success,2649.06,2026-03-12 00:31:00,TXN-E60CDFD35144B9
201820,51820,Debit Card,Success,14245.4,2023-12-17 00:24:00,TXN-1804C2DC8A13AD
201821,51821,Credit Card,Success,1175.86,2023-05-23 01:01:00,TXN-45A830D09A5E29
201822,51822,Credit Card,Refunded,52504.89,2022-04-24 00:06:00,TXN-F1AD9E3F435C3A
201823,51823,NetBanking,Success,14694.15,2022-10-17 01:00:00,TXN-778B769604DE66
201824,51824,PayPal,Success,166593.71,2023-06-30 00:37:00,TXN-3151A41BC8A068
201825,51825,PayPal,Success,25845.26,2022-04-20 00:15:00,TXN-81ABDBB2F87B18
201826,51826,NetBanking,Success,4109.09,2023-11-03 01:13:00,TXN-9940B8AB825623
201827,51827,Debit Card,Success,1219.3,2024-11-27 01:54:00,TXN-E9984574AE94ED
201828,51828,UPI,Success,1768.68,2025-09-04 01:26:00,TXN-708AA09EC92D65
201829,51829,PayPal,Success,38799.36,2025-11-06 01:01:00,TXN-20A5B35339C573
201830,51830,Debit Card,Success,4136.22,2024-08-21 01:17:00,TXN-2DCBBC7D701966
201831,51831,NetBanking,Success,2192.78,2026-01-12 01:00:00,TXN-A12BC90EBAC928
201832,51832,Credit Card,Success,46281.3,2025-08-13 01:21:00,TXN-CE6A46C4BFE83C
201833,51833,PayPal,Success,23171.98,2025-08-06 01:34:00,TXN-3DBDCAEC90C67C
201834,51834,Debit Card,Success,112820.76,2023-02-06 00:56:00,TXN-BAC3E321DDEC75
201835,51835,Debit Card,Success,15328.64,2025-09-13 00:16:00,TXN-8D47996D5A2BD5
201836,51836,UPI,Success,7938.61,2024-11-02 01:36:00,TXN-6F9EE92F677D13
201837,51837,UPI,Failed,394999.93,2023-07-01 01:20:00,TXN-1FDFC1B69A16A3
201838,51838,NetBanking,Success,45139.64,2024-01-11 00:46:00,TXN-DB91C39C9FC0BE
201839,51839,NetBanking,Success,7313.02,2023-05-17 00:27:00,TXN-C9D06C6594DC54
201840,51840,Credit Card,Success,34984.04,2022-08-29 00:39:00,TXN-F342E7DCADDE71
201841,51841,UPI,Success,79670.09,2026-05-21 00:57:00,TXN-C1F5FF56DBED28
201842,51842,Cash on Delivery,Success,11157.56,2025-05-13 00:43:00,TXN-EDDBF3D8055C34
201843,51843,Cash on Delivery,Success,6582.2,2023-04-30 00:25:00,TXN-688AE5882ED85D
201844,51844,Credit Card,Success,5222.5,2022-10-10 01:05:00,TXN-3920AF2760F077
201845,51845,Cash on Delivery,Success,110169.31,2024-01-13 01:33:00,TXN-3BCDF0A671A26C
201846,51846,Cash on Delivery,Success,165.59,2023-11-25 01:50:00,TXN-1CC59BD22160EB
201847,51847,PayPal,Success,87101.15,2023-09-14 01:11:00,TXN-C6081983C2CC36
201848,51848,NetBanking,Success,17527.64,2022-08-24 02:00:00,TXN-0C6A9B6D20900A
201849,51849,PayPal,Success,667.69,2024-01-10 00:10:00,TXN-F8FB81597E264E
201850,51850,NetBanking,Success,17856.92,2026-03-30 02:00:00,TXN-7A988A0AE613A4
201851,51851,Debit Card,Success,2177.62,2025-03-22 01:49:00,TXN-C28BE59BCD7D61
201852,51852,UPI,Success,1736.99,2023-05-24 01:52:00,TXN-B342D6ED72E766
201853,51853,Credit Card,Refunded,7959.52,2025-05-13 00:56:00,TXN-BC7CAE113A1786
201854,51854,NetBanking,Success,45123.12,2025-10-20 00:34:00,TXN-3D456AC537867B
201855,51855,NetBanking,Success,2457.26,2022-02-12 00:19:00,TXN-E250AF9427D0C5
201856,51856,Cash on Delivery,Success,6488.25,2024-01-09 01:21:00,TXN-E4E148BC9A731F
201857,51857,UPI,Failed,50979.89,2024-10-13 01:20:00,TXN-C1F00C1DE987A7
201858,51858,PayPal,Success,97083.56,2024-06-10 00:46:00,TXN-8BF2D3BD67C0D2
201859,51859,Debit Card,Success,89626.36,2026-03-04 00:11:00,TXN-0275625607CF5D
201860,51860,PayPal,Success,25101.02,2023-11-07 00:50:00,TXN-9E712D16A06841
201861,51861,PayPal,Success,2134.84,2025-06-15 01:14:00,TXN-C4A0849A32D752
201862,51862,Credit Card,Refunded,25761.9,2024-11-26 00:12:00,TXN-297CFBE768CCFD
201863,51863,Debit Card,Success,6346.77,2023-02-24 01:28:00,TXN-C4610F6F07EF9D
201864,51864,Debit Card,Success,54751.44,2025-12-20 01:10:00,TXN-87A05BE098AB85
201865,51865,NetBanking,Success,32863.03,2024-11-28 01:07:00,TXN-7BF8531871B9E8
201866,51866,Debit Card,Success,13522.08,2024-04-24 01:35:00,TXN-703D10EB77BCED
201867,51867,NetBanking,Success,4222.32,2023-09-05 00:38:00,TXN-0085F17DA99660
201868,51868,Debit Card,Success,13483.02,2026-01-30 01:39:00,TXN-B6D78E2CF18E1B
201869,51869,UPI,Success,19288.38,2026-04-09 00:35:00,TXN-98B45B58390E8A
201870,51870,NetBanking,Success,10353.99,2023-09-30 01:45:00,TXN-53631BFCC8C282
201871,51871,Debit Card,Success,21807.44,2026-06-13 00:26:00,TXN-CAF283FE930ACD
201872,51872,PayPal,Success,10635.59,2022-11-09 00:09:00,TXN-64D58D615AFDA7
201873,51873,Debit Card,Refunded,988.73,2025-09-16 01:26:00,TXN-AFCDCE6D074335
201874,51874,Debit Card,Success,12381.89,2025-08-15 01:00:00,TXN-8AD2B8F983B2D6
201875,51875,PayPal,Success,1525.72,2025-12-18 00:53:00,TXN-5FD4147F30BD05
201876,51876,PayPal,Success,10452.35,2025-12-18 00:50:00,TXN-6708E74F5486FA
201877,51877,UPI,Success,32674.45,2023-10-29 01:46:00,TXN-33D4BCE2B238EE
201878,51878,Debit Card,Success,4817.84,2024-02-29 01:58:00,TXN-E3C63A61C4EC32
201879,51879,NetBanking,Success,6589.04,2024-09-07 01:58:00,TXN-2578814D17AE96
201880,51880,UPI,Success,3097.93,2022-03-16 00:23:00,TXN-B91A9509B85FCE
201881,51881,Debit Card,Success,39492.21,2022-11-06 00:42:00,TXN-ADEA7DD29A6492
201882,51882,PayPal,Success,17745.31,2022-07-09 00:41:00,TXN-66F665C9139991
201883,51883,PayPal,Success,5469.58,2025-07-05 01:52:00,TXN-4094E7B342AFD8
201884,51884,UPI,Success,181492.24,2024-05-16 00:20:00,TXN-85D250A4E0131C
201885,51885,UPI,Success,12206.8,2024-12-18 01:20:00,TXN-59DB4244BC4897
201886,51886,PayPal,Success,4332.85,2022-09-29 01:46:00,TXN-ED441DDB8BDDF1
201887,51887,Credit Card,Success,9656.12,2022-01-13 00:02:00,TXN-6E1E121BBFB74A
201888,51888,NetBanking,Success,4324.58,2022-10-14 00:31:00,TXN-E86E23F2BC32F2
201889,51889,Credit Card,Success,322.27,2022-03-31 00:23:00,TXN-FA2B3D476E81E2
201890,51890,NetBanking,Success,30296.77,2023-12-21 00:46:00,TXN-BF2BC530108F29
201891,51891,NetBanking,Success,558.92,2024-05-07 00:18:00,TXN-1DADA116E0D29D
201892,51892,Cash on Delivery,Success,27858.94,2023-05-11 01:59:00,TXN-6214E956F6ED47
201893,51893,Debit Card,Success,1635.8,2022-03-27 00:11:00,TXN-38F024C0BD54CC
201894,51894,Debit Card,Success,31605.88,2024-02-24 01:38:00,TXN-57C41379438FD7
201895,51895,UPI,Success,6175.25,2022-02-04 00:11:00,TXN-04C432063CA6B2
201896,51896,Credit Card,Success,11354.29,2023-11-09 01:31:00,TXN-6B5D7F9E49A3F3
201897,51897,UPI,Success,1717.09,2022-10-30 01:21:00,TXN-663F464575EA92
201898,51898,Cash on Delivery,Success,44605.28,2026-02-22 01:56:00,TXN-6F1BA990A9FAB6
201899,51899,Debit Card,Success,9486.92,2023-09-17 00:37:00,TXN-5936D1F1593830
201900,51900,UPI,Success,43897.69,2026-01-21 00:30:00,TXN-F3FEDFB6C008A9
201901,51901,UPI,Success,363.51,2022-03-09 00:57:00,TXN-AF94FB7E6E65CB
201902,51902,Cash on Delivery,Success,41369.14,2023-01-12 01:45:00,TXN-6E4898F355CA29
201903,51903,Cash on Delivery,Success,41022.94,2022-07-09 00:31:00,TXN-7D51134BB7914F
201904,51904,Debit Card,Success,80642.52,2025-02-26 01:32:00,TXN-0B7F0D8126F8CF
201905,51905,Cash on Delivery,Success,2603.38,2025-04-20 00:38:00,TXN-4D7FC48C20A730
201906,51906,UPI,Success,68141.07,2023-12-28 00:55:00,TXN-99F90A1A3A80D1
201907,51907,Cash on Delivery,Success,7567.05,2026-01-17 01:25:00,TXN-7AD5E0C20B113F
201908,51908,PayPal,Success,1713.6,2022-05-13 01:54:00,TXN-3B7E43EF809FEB
201909,51909,Credit Card,Success,59019.97,2024-06-11 00:07:00,TXN-623B9A2D96747C
201910,51910,Cash on Delivery,Success,889.56,2022-10-06 01:26:00,TXN-E01E83D4FBF3E5
201911,51911,PayPal,Success,190644.64,2024-08-10 00:43:00,TXN-61EABFD3CA8360
201912,51912,Debit Card,Success,43419.92,2026-05-02 00:20:00,TXN-16550D9C50DDF5
201913,51913,PayPal,Refunded,7621.36,2022-09-04 02:00:00,TXN-7D292055C605D9
201914,51914,UPI,Success,7375.56,2026-06-21 01:53:00,TXN-4172B355DA2EE5
201915,51915,Credit Card,Success,2068.11,2024-05-02 01:03:00,TXN-5BE6D7D3470A74
201916,51916,Credit Card,Success,25887.34,2024-11-09 01:19:00,TXN-A4D11223570F61
201917,51917,NetBanking,Success,1561.48,2024-02-18 00:15:00,TXN-2452486DB43121
201918,51918,PayPal,Refunded,4278.55,2024-05-10 01:02:00,TXN-E8A51B1122E3A0
201919,51919,Cash on Delivery,Success,53782.97,2023-10-20 00:22:00,TXN-B322A09355A123
201920,51920,PayPal,Success,16953.96,2025-10-15 01:50:00,TXN-5EA15CE161F70E
201921,51921,Debit Card,Success,577.92,2023-08-18 00:18:00,TXN-397F3218B3938C
201922,51922,NetBanking,Success,24153.36,2024-06-21 00:48:00,TXN-3FAD21B797A25E
201923,51923,NetBanking,Success,1611.6,2025-08-20 01:40:00,TXN-A7D59F1B5769FA
201924,51924,Cash on Delivery,Success,644.54,2024-07-28 00:41:00,TXN-02F6BD6C81BA23
201925,51925,PayPal,Failed,1226.64,2024-10-26 00:59:00,TXN-BBEF2F0EEBFDD4
201926,51926,NetBanking,Success,7325.8,2022-03-12 00:24:00,TXN-E21C3195170F6B
201927,51927,NetBanking,Success,3109.34,2023-02-08 00:01:00,TXN-7C42AE00EC3D01
201928,51928,Cash on Delivery,Success,899.49,2023-10-08 01:58:00,TXN-A78EAA1E938997
201929,51929,PayPal,Success,9153.83,2022-08-06 00:25:00,TXN-88D5CC5D6B3377
201930,51930,Cash on Delivery,Success,69233.1,2025-04-12 01:16:00,TXN-6892AA55EEFE26
201931,51931,Credit Card,Success,7788.03,2023-10-20 00:42:00,TXN-BD3C0126337FE2
201932,51932,NetBanking,Success,1616.9,2023-01-22 00:37:00,TXN-FE5711EF4A9110
201933,51933,Debit Card,Success,27682.23,2025-11-08 00:01:00,TXN-D5A08DCC0A0D05
201934,51934,Cash on Delivery,Success,1462.61,2022-09-10 00:22:00,TXN-BB5E6E80E08305
201935,51935,UPI,Success,8704.88,2025-03-12 00:30:00,TXN-83D3FE46FE710A
201936,51936,PayPal,Refunded,86235.09,2022-05-08 00:10:00,TXN-76135A3D9E08BA
201937,51937,Cash on Delivery,Success,1038.9,2026-05-04 00:11:00,TXN-15627E98F3BCB1
201938,51938,NetBanking,Success,7474.4,2022-12-16 00:33:00,TXN-6F3A00F874D412
201939,51939,Credit Card,Success,27351.91,2024-12-18 00:43:00,TXN-4143A4C51FDFBF
201940,51940,Cash on Delivery,Success,15282.57,2026-04-04 00:43:00,TXN-AE3DE4B00DE7DA
201941,51941,Credit Card,Success,6276.21,2023-09-15 01:24:00,TXN-E8463B3302F627
201942,51942,Credit Card,Failed,9164.28,2025-04-08 01:06:00,TXN-AE216DD3FDB27E
201943,51943,Cash on Delivery,Success,8815.32,2025-03-28 00:04:00,TXN-C0D2E24BA1EB86
201944,51944,PayPal,Success,48365.61,2022-03-29 00:51:00,TXN-3F5D8168896815
201945,51945,NetBanking,Success,6504.07,2023-09-01 01:54:00,TXN-AA21EE3FADC7AF
201946,51946,Credit Card,Refunded,32390.59,2025-05-27 01:07:00,TXN-062D6510E6CA97
201947,51947,Debit Card,Success,3020.34,2023-03-22 00:38:00,TXN-E0334C5E448ED2
201948,51948,Debit Card,Refunded,3242.83,2026-01-04 01:40:00,TXN-79FFC13730D48B
201949,51949,Cash on Delivery,Success,25880.09,2022-10-13 01:22:00,TXN-623AF34CA45E30
201950,51950,UPI,Success,26300.77,2025-04-23 00:07:00,TXN-C8DDDBDB819521
201951,51951,UPI,Success,3815.32,2024-10-19 01:48:00,TXN-6E8E6D9BDF2525
201952,51952,NetBanking,Success,18997.02,2023-05-09 01:58:00,TXN-9ED92ABF437227
201953,51953,Credit Card,Success,6612.07,2024-08-04 00:56:00,TXN-C7155EDF550F22
201954,51954,Cash on Delivery,Success,1360.29,2024-12-25 01:37:00,TXN-6B076DD994F6DF
201955,51955,PayPal,Success,21435.56,2025-04-04 00:25:00,TXN-F89F659AE3AB8D
201956,51956,Credit Card,Refunded,19640.13,2023-01-28 00:36:00,TXN-8F5EC18252FF3F
201957,51957,Debit Card,Success,16916.34,2023-04-21 00:40:00,TXN-2C98956C658F10
201958,51958,PayPal,Success,24428.05,2022-04-27 01:19:00,TXN-95BA8F3511E72C
201959,51959,NetBanking,Success,1871.73,2024-03-29 00:17:00,TXN-11C5847FECFA64
201960,51960,UPI,Refunded,67603.32,2025-01-24 00:44:00,TXN-73FA1B93958D93
201961,51961,Credit Card,Success,3344.56,2023-01-22 01:58:00,TXN-2078CE10D3D68F
201962,51962,NetBanking,Success,346.03,2022-07-23 00:30:00,TXN-720C7F0E52B144
201963,51963,PayPal,Success,206754.89,2026-02-12 01:41:00,TXN-C2C791A9C9A03F
201964,51964,Credit Card,Refunded,15649.34,2022-03-22 00:18:00,TXN-B59102EBB097AE
201965,51965,Credit Card,Success,20596.79,2022-05-10 00:10:00,TXN-3924FF02B76F47
201966,51966,Debit Card,Success,1587.47,2026-03-15 00:31:00,TXN-534732F811F874
201967,51967,UPI,Success,391.05,2024-12-31 01:41:00,TXN-C58657FC16ACF4
201968,51968,PayPal,Success,2608.88,2023-06-16 01:43:00,TXN-8849F545D9F477
201969,51969,NetBanking,Success,24431.24,2024-05-05 00:09:00,TXN-7975C16544EAC3
201970,51970,Credit Card,Success,10067.48,2024-08-21 00:27:00,TXN-FB6982E7022494
201971,51971,NetBanking,Success,10942.9,2022-02-12 00:47:00,TXN-835D7BFB547407
201972,51972,Debit Card,Success,46679.73,2022-02-12 00:16:00,TXN-F81057DEEB28BA
201973,51973,Debit Card,Refunded,8651.71,2023-11-15 01:28:00,TXN-899894E7F4D657
201974,51974,NetBanking,Success,4031.99,2023-04-21 01:42:00,TXN-6866FBBE7FA276
201975,51975,NetBanking,Success,32540.09,2024-12-06 00:55:00,TXN-23CA634D8BCCEB
201976,51976,Debit Card,Success,1732.13,2024-01-30 01:18:00,TXN-E1BF3F2B27777B
201977,51977,Debit Card,Success,9641.6,2025-03-21 00:05:00,TXN-C5BA036A931782
201978,51978,Credit Card,Success,13097.42,2025-04-17 01:23:00,TXN-27E6404412E754
201979,51979,PayPal,Success,3408.51,2026-01-23 01:25:00,TXN-D1CCDD70F0D9D7
201980,51980,UPI,Success,9558.13,2026-01-30 01:06:00,TXN-EAD35A2204966A
201981,51981,Debit Card,Success,26418.74,2025-03-10 01:07:00,TXN-074EB64C9C6412
201982,51982,Credit Card,Success,75572.11,2024-07-23 00:58:00,TXN-70CA6657C23CC9
201983,51983,PayPal,Success,32718.63,2024-11-23 01:59:00,TXN-32A2C98DA46DBF
201984,51984,Credit Card,Success,19116.26,2026-01-05 00:59:00,TXN-4D01009E0655D1
201985,51985,Credit Card,Success,390.39,2025-09-26 01:41:00,TXN-096268E730B673
201986,51986,UPI,Success,14566.93,2022-08-05 00:13:00,TXN-5098547D3D120F
201987,51987,NetBanking,Refunded,19198.9,2025-11-22 00:17:00,TXN-46524313B30D1F
201988,51988,Credit Card,Success,607.19,2024-10-16 00:16:00,TXN-9F0941EECD7311
201989,51989,UPI,Success,1156.71,2026-05-14 01:25:00,TXN-9A628446CA75F2
201990,51990,PayPal,Success,2026.86,2026-03-26 01:13:00,TXN-8F5B0FC4674EB1
201991,51991,Credit Card,Success,74840.72,2025-09-08 01:43:00,TXN-89872F96D02C2D
201992,51992,UPI,Success,21328.61,2025-05-03 01:50:00,TXN-FC70F6E54AFB87
201993,51993,Debit Card,Success,30942.08,2025-10-24 00:32:00,TXN-C63E136304AE45
201994,51994,Debit Card,Success,5335.58,2024-01-02 01:56:00,TXN-67AD468447944D
201995,51995,Credit Card,Success,8717.28,2023-02-10 01:45:00,TXN-920388460BCCAE
201996,51996,Debit Card,Success,9486.92,2025-11-11 00:27:00,TXN-ED0C34B3F87953
201997,51997,Cash on Delivery,Success,19822.74,2023-11-21 00:52:00,TXN-0976073DD8CD04
201998,51998,UPI,Success,6618.14,2022-04-19 00:34:00,TXN-CF9B33EDD348FC
201999,51999,Debit Card,Success,473.36,2024-05-18 01:12:00,TXN-AECD9D5DB155FE
202000,52000,Cash on Delivery,Success,10194.51,2023-10-10 01:38:00,TXN-9D85A9AEC799E5
202001,52001,UPI,Success,17462.48,2025-06-05 01:09:00,TXN-1136FC7B527F48
202002,52002,Cash on Delivery,Success,30687.14,2024-12-21 00:40:00,TXN-519DB7A52F1AF4
202003,52003,UPI,Success,1235.17,2026-06-25 01:06:00,TXN-CFE61141618661
202004,52004,Credit Card,Success,6252.92,2025-10-03 01:52:00,TXN-FE00242B65791A
202005,52005,UPI,Success,10572.48,2024-11-07 00:24:00,TXN-BA0D5F331C62B9
202006,52006,NetBanking,Success,97331.82,2024-08-27 00:34:00,TXN-81DCEC8D41DA2C
202007,52007,PayPal,Success,951.12,2022-03-11 01:09:00,TXN-B24CA8F6F18529
202008,52008,Debit Card,Success,1879.94,2022-10-05 01:41:00,TXN-3B47EEF100A8B1
202009,52009,UPI,Success,21363.21,2025-02-25 00:04:00,TXN-D6AFC76356A966
202010,52010,Debit Card,Success,35574.21,2024-01-09 00:47:00,TXN-D1C406FD141F1E
202011,52011,Credit Card,Success,5835.32,2026-06-15 00:28:00,TXN-7F7CD172DED0E0
202012,52012,UPI,Success,6390.48,2025-08-22 00:20:00,TXN-8CD01AA7286882
202013,52013,NetBanking,Success,17771.63,2024-01-03 01:34:00,TXN-C2B15E4D54AAAE
202014,52014,Cash on Delivery,Success,3120.94,2022-12-21 01:34:00,TXN-938B11DC07D780
202015,52015,Cash on Delivery,Success,161.7,2022-10-22 00:36:00,TXN-2C2D63767C69A5
202016,52016,NetBanking,Success,7980.38,2023-03-13 01:58:00,TXN-08765C888B3C98
202017,52017,UPI,Success,3243.02,2022-03-04 01:25:00,TXN-D3A5D3A3BDE90F
202018,52018,UPI,Success,6798.02,2022-12-01 00:01:00,TXN-83E0D034BE1C04
202019,52019,Debit Card,Success,13750.36,2022-09-26 01:42:00,TXN-548E29F1DFBCA1
202020,52020,Debit Card,Failed,662.95,2026-01-10 00:27:00,TXN-0053EED9E09D02
202021,52021,PayPal,Success,6854.58,2026-03-21 00:54:00,TXN-CAC249DD4ADB24
202022,52022,PayPal,Success,95854.99,2023-01-19 00:50:00,TXN-B2D405C38549F9
202023,52023,PayPal,Success,30752.8,2025-09-26 00:47:00,TXN-CFB36D28088C7A
202024,52024,NetBanking,Success,1324.53,2023-03-06 00:25:00,TXN-114E42E3833435
202025,52025,Cash on Delivery,Success,111366.59,2022-06-25 01:47:00,TXN-1B926C5C62798D
202026,52026,Cash on Delivery,Success,46573.08,2024-12-12 01:02:00,TXN-0E25A437A54563
202027,52027,NetBanking,Success,131202.04,2026-03-23 01:39:00,TXN-295722B9FE0872
202028,52028,Credit Card,Success,63931.76,2023-03-06 00:59:00,TXN-50C1A7A9758B24
202029,52029,PayPal,Success,11077.7,2025-06-25 00:08:00,TXN-6E8620E928ED85
202030,52030,Cash on Delivery,Success,2114.96,2022-01-07 00:36:00,TXN-E600513F1D6448
202031,52031,UPI,Success,4818.5,2022-02-19 01:28:00,TXN-123C502D1E753E
202032,52032,Debit Card,Success,30593.4,2022-01-11 00:51:00,TXN-B1EF420DDB1ADB
202033,52033,PayPal,Success,13097.42,2025-10-18 01:57:00,TXN-B78014DF2D2E4E
202034,52034,Cash on Delivery,Success,1288.2,2025-11-13 00:42:00,TXN-EA7A862D32D385
202035,52035,Cash on Delivery,Success,9558.13,2025-11-11 00:25:00,TXN-3B571098458DEC
202036,52036,Cash on Delivery,Success,20407.32,2023-02-17 01:55:00,TXN-3DD33BE112051F
202037,52037,NetBanking,Success,4330.32,2024-12-27 01:23:00,TXN-7EDCABF3AAF516
202038,52038,NetBanking,Success,16080.2,2024-07-26 01:35:00,TXN-827DA2ECF7F4F5
202039,52039,Debit Card,Success,18585.27,2025-10-04 00:56:00,TXN-B0C6B7353B2103
202040,52040,Debit Card,Success,19332.6,2025-04-22 01:01:00,TXN-558D362306A0EE
202041,52041,Debit Card,Success,1705.39,2023-12-03 00:10:00,TXN-212518A7FBC79A
202042,52042,NetBanking,Success,31360.18,2022-01-10 00:49:00,TXN-7A8C3DC56106E7
202043,52043,UPI,Success,16205.98,2025-01-10 00:10:00,TXN-C6EBF12A20EF76
202044,52044,NetBanking,Success,535.83,2023-05-19 01:34:00,TXN-D5D299C8BBEB72
202045,52045,Credit Card,Success,5965.51,2025-06-16 00:04:00,TXN-114DDE95FAE282
202046,52046,Credit Card,Success,2674.16,2024-02-12 01:41:00,TXN-5BB43CB6F88E80
202047,52047,NetBanking,Success,6711.01,2022-06-12 00:31:00,TXN-2ADD95E5B8A564
202048,52048,NetBanking,Success,143483.41,2024-07-27 00:16:00,TXN-8046124596E3A1
202049,52049,UPI,Success,2114.96,2026-04-07 01:53:00,TXN-3147939411913E
202050,52050,Debit Card,Success,27481.11,2023-05-29 00:11:00,TXN-F835649B330DE0
202051,52051,Credit Card,Success,7329.25,2023-02-24 00:02:00,TXN-5922D79EEED4F8
202052,52052,Cash on Delivery,Success,7832.2,2022-09-09 01:00:00,TXN-CE60E43F524F01
202053,52053,Credit Card,Success,508.19,2024-03-10 01:55:00,TXN-C8C95F79BEC6BE
202054,52054,Cash on Delivery,Success,13205.95,2026-02-21 00:58:00,TXN-63226B95ACF8AD
202055,52055,Debit Card,Success,42548.11,2024-02-02 00:02:00,TXN-9973653BC26D57
202056,52056,Debit Card,Success,2182.45,2023-12-02 00:10:00,TXN-7419D09CE91F49
202057,52057,UPI,Success,10368.53,2023-08-12 00:39:00,TXN-13FF3F082A5FE3
202058,52058,PayPal,Success,1641.14,2022-12-08 00:22:00,TXN-2B5FA0E6D27519
202059,52059,Credit Card,Success,2649.92,2024-08-15 00:08:00,TXN-1C7556C53E2326
202060,52060,Cash on Delivery,Success,72836.5,2022-10-14 00:25:00,TXN-0F7DC2CE3EDE2C
202061,52061,PayPal,Success,2124.38,2023-05-05 00:34:00,TXN-5CCF382D5DBF11
202062,52062,PayPal,Success,21805.27,2023-12-26 00:51:00,TXN-E6534E242B3E0C
202063,52063,NetBanking,Success,39786.91,2023-07-21 01:14:00,TXN-4E73DF68484DFD
202064,52064,NetBanking,Success,11074.5,2025-08-24 01:53:00,TXN-2E80A9B340D34C
202065,52065,NetBanking,Success,35860.47,2023-02-21 01:24:00,TXN-F7F0388EF3B4F3
202066,52066,Cash on Delivery,Refunded,2578.89,2023-11-01 00:15:00,TXN-4B762F6DD853A2
202067,52067,NetBanking,Success,27064.68,2026-02-14 00:54:00,TXN-24C20244FFACB6
202068,52068,NetBanking,Success,35145.88,2025-04-27 01:13:00,TXN-6FDE75D95DDEE6
202069,52069,Debit Card,Success,122844.61,2022-04-10 01:48:00,TXN-02846A4F8791E2
202070,52070,UPI,Success,7445.4,2025-09-14 01:22:00,TXN-C4FCD8F9D0AC83
202071,52071,Cash on Delivery,Success,4358.64,2025-07-22 00:35:00,TXN-720CCC14F49A36
202072,52072,Debit Card,Success,6427.86,2022-11-05 01:18:00,TXN-BD01280C21DAB0
202073,52073,UPI,Success,1071.66,2023-12-24 00:31:00,TXN-6C64D57FA0A964
202074,52074,PayPal,Success,7901.29,2023-07-21 01:37:00,TXN-5D05F8C591C6EA
202075,52075,Cash on Delivery,Success,7119.91,2022-05-15 01:17:00,TXN-8BF1460F21AC91
202076,52076,UPI,Refunded,5128.04,2023-05-21 00:26:00,TXN-0DE93BCFA490F8
202077,52077,Cash on Delivery,Success,5211.31,2025-06-23 01:29:00,TXN-3AB0EAFD89C753
202078,52078,UPI,Success,11372.12,2022-09-22 00:57:00,TXN-93C958196CB9A2
202079,52079,Credit Card,Success,693.6,2022-09-18 00:37:00,TXN-2D11544DADF5DC
202080,52080,PayPal,Failed,7160.21,2023-01-04 01:39:00,TXN-49783E291CBC39
202081,52081,Debit Card,Success,1841.11,2023-06-30 01:22:00,TXN-D4327CEBF8255F
202082,52082,Debit Card,Success,5989.51,2024-06-13 01:31:00,TXN-DF0889F2C92718
202083,52083,NetBanking,Success,67022.05,2022-05-24 00:45:00,TXN-11D47AAF395E16
202084,52084,Credit Card,Success,5273.71,2025-11-28 01:42:00,TXN-22524AA7A64935
202085,52085,UPI,Success,33644.31,2025-10-11 01:17:00,TXN-DDC51DACD104A9
202086,52086,UPI,Success,668.75,2026-01-08 00:38:00,TXN-2223402B14C2AB
202087,52087,Credit Card,Success,75290.28,2022-11-25 01:21:00,TXN-84EE28219B4FD9
202088,52088,NetBanking,Success,23536.25,2022-11-04 01:58:00,TXN-D008A4C0A3B9C8
202089,52089,Credit Card,Success,2728.61,2024-09-14 01:56:00,TXN-36F433456298C7
202090,52090,NetBanking,Success,76736.8,2023-03-10 02:00:00,TXN-DD15AB8AEA5DBF
202091,52091,Debit Card,Success,9339.38,2023-08-04 00:38:00,TXN-11BD49964122D1
202092,52092,Cash on Delivery,Success,145997.73,2025-07-30 00:53:00,TXN-D57AD26C2A3006
202093,52093,Credit Card,Refunded,36763.07,2023-08-07 01:06:00,TXN-F84340DC11FEAE
202094,52094,PayPal,Success,5671.4,2026-02-02 00:47:00,TXN-2BBAC469FD9D29
202095,52095,UPI,Success,323.4,2023-11-02 00:20:00,TXN-AEB0A30A1BC064
202096,52096,Credit Card,Success,62004.39,2024-03-20 01:34:00,TXN-CC4A3173B70E17
202097,52097,Credit Card,Failed,2310.69,2024-09-09 02:00:00,TXN-7058DFFDDE0D92
202098,52098,Debit Card,Success,32834.15,2025-06-21 01:16:00,TXN-1120F4DF559AB3
202099,52099,Debit Card,Success,735.08,2022-02-03 01:18:00,TXN-AE168692E2117A
202100,52100,PayPal,Success,7462.35,2025-07-30 00:34:00,TXN-F1A77987F9FB1D
202101,52101,Cash on Delivery,Success,9507.13,2024-06-04 01:25:00,TXN-6CA65C6C7822B4
202102,52102,NetBanking,Success,10552.42,2024-04-05 01:18:00,TXN-BD83CB1D9670B9
202103,52103,Cash on Delivery,Success,3476.16,2023-03-31 01:36:00,TXN-1CDB384C5E4AD7
202104,52104,Debit Card,Success,1153.91,2022-02-03 01:14:00,TXN-71144822FF3BB6
202105,52105,NetBanking,Success,80307.34,2024-02-12 01:58:00,TXN-DF73F9523A435D
202106,52106,Debit Card,Success,94948.78,2025-05-25 00:25:00,TXN-7D0F1F6BB37207
202107,52107,UPI,Success,5715.09,2023-05-09 00:13:00,TXN-DD6A93470FBCE9
202108,52108,PayPal,Success,3012.88,2025-05-12 00:51:00,TXN-A7EF1C844BD6B2
202109,52109,UPI,Success,30338.2,2025-01-29 01:18:00,TXN-D063422984629A
202110,52110,Credit Card,Success,18392.13,2022-02-08 00:30:00,TXN-8174F83A8D854B
202111,52111,NetBanking,Success,31355.73,2022-04-07 01:18:00,TXN-B44F250F98239C
202112,52112,Credit Card,Refunded,26378.32,2025-07-17 00:50:00,TXN-5F649A6353DD18
202113,52113,Debit Card,Success,17100.24,2026-04-15 00:28:00,TXN-007DE12F42B28E
202114,52114,Credit Card,Success,4385.56,2023-05-12 01:16:00,TXN-98111A872545D9
202115,52115,NetBanking,Success,4612.17,2022-12-10 00:24:00,TXN-574E599B1769FD
202116,52116,PayPal,Success,7366.94,2023-01-10 01:30:00,TXN-8A564A6FF955DE
202117,52117,Credit Card,Success,6870.58,2025-12-02 01:00:00,TXN-2C987B39B9C4C1
202118,52118,UPI,Success,14074.41,2023-03-12 00:28:00,TXN-AA7BBBA3178FE8
202119,52119,UPI,Success,8208.88,2026-05-13 00:56:00,TXN-8BA63327164253
202120,52120,Debit Card,Refunded,39234.63,2024-08-10 01:09:00,TXN-D3ED4B2E630476
202121,52121,PayPal,Success,5306.22,2022-03-09 00:02:00,TXN-34DA4301E9F20B
202122,52122,Credit Card,Success,16597.31,2026-01-29 00:04:00,TXN-8918711CDDA2A6
202123,52123,Cash on Delivery,Success,1082.58,2025-12-25 01:37:00,TXN-7C44776C8DB89D
202124,52124,Credit Card,Success,119960.73,2024-07-12 00:13:00,TXN-B40B9B1E64BE2D
202125,52125,Cash on Delivery,Success,15431.65,2023-12-11 00:04:00,TXN-51FF5D4B5641CD
202126,52126,Cash on Delivery,Success,206106.38,2022-06-20 00:18:00,TXN-4E4A1F0241091F
202127,52127,Debit Card,Success,11301.08,2023-01-03 00:56:00,TXN-B544F49A72FAFF
202128,52128,UPI,Success,581.29,2022-02-02 00:27:00,TXN-681B7CFCEE06F6
202129,52129,Credit Card,Failed,419.95,2023-08-03 00:44:00,TXN-ECF416DE38CB12
202130,52130,NetBanking,Success,1678.67,2022-01-06 01:05:00,TXN-56AF4568E1791D
202131,52131,Credit Card,Success,263244.65,2025-06-03 00:44:00,TXN-4C4B7C9928FFE9
202132,52132,Debit Card,Success,13013.93,2023-10-22 01:13:00,TXN-A837C01650EC99
202133,52133,Debit Card,Success,1404.17,2025-11-13 00:09:00,TXN-2FBB4A725BA4A0
202134,52134,PayPal,Success,17716.2,2022-02-26 01:17:00,TXN-061E6FD15FF167
202135,52135,Cash on Delivery,Success,10801.02,2023-01-02 01:47:00,TXN-43A6C6164BDE87
202136,52136,NetBanking,Success,17163.6,2024-08-30 01:13:00,TXN-C0977C43EA0D19
202137,52137,UPI,Success,9744.93,2025-02-12 01:47:00,TXN-E20CB272385DE6
202138,52138,Debit Card,Success,4298.41,2025-09-14 01:10:00,TXN-0E8CC6C9C21E35
202139,52139,NetBanking,Success,10000.17,2025-03-28 01:04:00,TXN-EE83FDAA472D4F
202140,52140,NetBanking,Success,27416.76,2024-08-09 01:52:00,TXN-19393BD477673C
202141,52141,NetBanking,Success,6152.97,2026-06-24 01:25:00,TXN-F5117E49F183B2
202142,52142,Debit Card,Success,10171.0,2023-01-24 01:09:00,TXN-61F9AB4106B50B
202143,52143,Debit Card,Success,2076.81,2025-02-11 01:20:00,TXN-F1644D7061F7F2
202144,52144,Debit Card,Success,29578.23,2023-01-25 01:14:00,TXN-D848C34BF35663
202145,52145,NetBanking,Success,2856.96,2024-05-17 00:32:00,TXN-D0615BC7229053
202146,52146,Credit Card,Success,37877.29,2023-10-16 01:11:00,TXN-B610915ED2EF35
202147,52147,Debit Card,Success,1023.86,2025-09-16 01:47:00,TXN-77478B84462FF3
202148,52148,UPI,Refunded,52845.84,2022-01-07 00:18:00,TXN-C5385FDBDAE0FD
202149,52149,UPI,Success,33597.59,2025-11-13 00:59:00,TXN-4283D6A1429520
202150,52150,PayPal,Success,12005.82,2023-06-30 00:34:00,TXN-C33821C9AA5008
202151,52151,UPI,Success,3484.74,2023-11-12 00:23:00,TXN-2488B3C39DA7E0
202152,52152,NetBanking,Success,15069.02,2023-09-07 01:23:00,TXN-46F75757CEE0B6
202153,52153,NetBanking,Success,130974.2,2023-05-31 01:34:00,TXN-94B2F136A253BB
202154,52154,Credit Card,Failed,23448.75,2025-08-27 00:41:00,TXN-B4870F3603C209
202155,52155,UPI,Success,169806.64,2025-08-26 01:00:00,TXN-23524C310D314C
202156,52156,Debit Card,Success,72721.93,2022-12-18 01:36:00,TXN-F8DFE06963D769
202157,52157,Cash on Delivery,Success,751.03,2025-10-25 00:10:00,TXN-7BBE90AE9F2FE3
202158,52158,PayPal,Success,6725.93,2024-05-01 01:21:00,TXN-AAD9C87448CC73
202159,52159,NetBanking,Failed,23713.47,2024-07-02 00:55:00,TXN-3AD065C68614D5
202160,52160,Debit Card,Success,11015.07,2022-06-21 01:34:00,TXN-094803B42E6312
202161,52161,Debit Card,Success,34457.24,2022-04-01 01:12:00,TXN-E7659F3A5ACF71
202162,52162,PayPal,Success,135619.36,2025-01-13 01:18:00,TXN-63CE53B81E7972
202163,52163,UPI,Success,45966.81,2024-07-16 00:11:00,TXN-0BE68CDEAF12A9
202164,52164,Debit Card,Success,6141.59,2022-10-07 01:31:00,TXN-44F1BBFE511A7D
202165,52165,PayPal,Success,25995.72,2024-05-16 01:05:00,TXN-1D87A7513FFDE2
202166,52166,Cash on Delivery,Success,16651.29,2022-02-28 01:09:00,TXN-58822B7034F1E6
202167,52167,UPI,Success,6536.62,2024-03-09 01:16:00,TXN-CC51D4F488E0DF
202168,52168,Debit Card,Success,2477.23,2026-02-03 01:13:00,TXN-8B0E2D474B4DBB
202169,52169,PayPal,Refunded,26451.12,2023-11-30 01:21:00,TXN-AEAED33501BDAA
202170,52170,NetBanking,Success,61205.17,2024-02-24 01:57:00,TXN-B7180F866E5E0F
202171,52171,UPI,Success,490.64,2024-09-22 00:17:00,TXN-B67B5956984740
202172,52172,PayPal,Success,62703.06,2022-10-08 01:22:00,TXN-3F21C6F23D76A8
202173,52173,NetBanking,Success,13224.14,2024-02-04 01:38:00,TXN-68AF2491681BE0
202174,52174,UPI,Success,152364.81,2023-11-09 00:59:00,TXN-8263E7476A3A1D
202175,52175,Cash on Delivery,Success,8834.28,2023-06-01 01:11:00,TXN-467980B77766EF
202176,52176,Debit Card,Success,103118.96,2024-07-26 01:20:00,TXN-67A1A5A290AA2B
202177,52177,NetBanking,Success,9159.52,2026-04-08 00:33:00,TXN-ADF8C945E611D7
202178,52178,Credit Card,Success,48675.66,2025-02-28 00:57:00,TXN-C9E18F19418349
202179,52179,NetBanking,Success,17409.76,2023-06-22 01:13:00,TXN-8ED66EF708E137
202180,52180,NetBanking,Success,36803.19,2023-10-18 01:31:00,TXN-06ED0833FE0AEE
202181,52181,Credit Card,Success,15162.72,2025-06-13 00:35:00,TXN-63015F27D55ABF
202182,52182,Cash on Delivery,Success,9805.56,2022-10-16 00:49:00,TXN-9207444237D2CD
202183,52183,Credit Card,Success,4385.56,2025-05-20 01:32:00,TXN-0F092AF582DA8B
202184,52184,UPI,Success,24187.88,2024-09-12 00:12:00,TXN-6C21B690B79F95
202185,52185,Credit Card,Success,14926.67,2023-05-27 01:34:00,TXN-6121F78BCB270F
202186,52186,NetBanking,Success,4330.22,2022-05-17 01:04:00,TXN-5CE9A77C4A2E05
202187,52187,PayPal,Success,3253.44,2024-08-07 00:15:00,TXN-F3A54E7F54D6D3
202188,52188,NetBanking,Success,882.76,2025-11-26 01:20:00,TXN-E3C266A3F30B49
202189,52189,Credit Card,Success,23346.98,2024-01-31 00:40:00,TXN-A06AE6B95236AF
202190,52190,Cash on Delivery,Success,26023.91,2023-10-07 00:14:00,TXN-C298901AEF972A
202191,52191,NetBanking,Success,11301.08,2022-09-10 00:37:00,TXN-55F230E9DBA1CB
202192,52192,PayPal,Refunded,2875.01,2026-02-13 00:42:00,TXN-70500DCB565194
202193,52193,NetBanking,Success,5373.96,2022-12-12 01:00:00,TXN-09548E0859A126
202194,52194,PayPal,Success,61990.02,2024-02-06 00:39:00,TXN-CF49A07410AEA4
202195,52195,NetBanking,Success,6365.97,2022-06-19 01:25:00,TXN-275C98C9730434
202196,52196,UPI,Success,8378.25,2024-06-04 00:10:00,TXN-0FDA6BF3FD405E
202197,52197,UPI,Success,21948.29,2023-09-13 00:49:00,TXN-F686580F84C03E
202198,52198,Cash on Delivery,Failed,3617.44,2026-03-14 01:05:00,TXN-B13EFB8EB172D3
202199,52199,UPI,Success,36289.59,2023-09-27 01:30:00,TXN-BE6DD90D035006
202200,52200,NetBanking,Success,60593.54,2025-10-10 01:16:00,TXN-03E19ECAA991A0
202201,52201,Debit Card,Success,9668.28,2025-11-04 01:03:00,TXN-6F526092094D09
202202,52202,UPI,Success,10777.51,2023-01-02 01:58:00,TXN-D51F797453BC79
202203,52203,PayPal,Success,19151.94,2025-10-24 01:15:00,TXN-6FD4B473A9F965
202204,52204,Credit Card,Success,2674.16,2022-03-30 00:44:00,TXN-BAEBA77B0DB826
202205,52205,NetBanking,Success,7317.24,2023-10-05 00:25:00,TXN-0F8874F4054534
202206,52206,Cash on Delivery,Refunded,16869.28,2024-01-31 01:56:00,TXN-7E0744F15D01B4
202207,52207,PayPal,Success,1862.98,2026-02-22 01:21:00,TXN-1D30930CFFEA64
202208,52208,NetBanking,Success,27581.9,2026-02-23 01:14:00,TXN-7C6FF6C943EAF5
202209,52209,Debit Card,Success,5599.6,2023-01-11 00:31:00,TXN-5087C2E9561D22
202210,52210,Credit Card,Success,1305.17,2022-10-02 01:37:00,TXN-13F9AA4EA6F008
202211,52211,UPI,Success,10089.39,2024-10-25 00:29:00,TXN-31567C5C922C4F
202212,52212,NetBanking,Success,5384.85,2024-05-10 00:27:00,TXN-F17727D807DAE2
202213,52213,UPI,Success,664.7,2024-10-01 01:43:00,TXN-DF4720212BB80B
202214,52214,UPI,Success,13222.44,2023-09-03 01:51:00,TXN-F89F072F3F8F90
202215,52215,Credit Card,Success,291.06,2023-02-28 00:15:00,TXN-F574B67F7C460A
202216,52216,Credit Card,Success,25717.66,2026-03-22 01:31:00,TXN-EC41E5CD73BA53
202217,52217,Debit Card,Success,3203.32,2022-12-02 01:22:00,TXN-D4B7BC68F95486
202218,52218,UPI,Success,10839.19,2024-03-16 01:15:00,TXN-91684C5D798960
202219,52219,Cash on Delivery,Success,190597.59,2022-01-21 00:58:00,TXN-830B9AC027EF5C
202220,52220,Cash on Delivery,Success,778.6,2024-04-29 00:32:00,TXN-FADC0F69AE30E3
202221,52221,NetBanking,Success,1903.46,2024-10-23 00:43:00,TXN-E0DBA15D9F4462
202222,52222,PayPal,Success,19682.94,2025-06-29 01:05:00,TXN-8D94140ECBFDCE
202223,52223,NetBanking,Failed,691.28,2022-01-09 01:14:00,TXN-B269798EEC57CC
202224,52224,Debit Card,Success,32195.7,2024-04-16 00:18:00,TXN-D7ED3508BFFDF8
202225,52225,PayPal,Success,33838.08,2026-03-18 01:40:00,TXN-18B0C5B232BBDA
202226,52226,Cash on Delivery,Success,18383.53,2026-03-06 01:53:00,TXN-54E36C4808DFF7
202227,52227,Credit Card,Success,15757.63,2025-01-02 01:31:00,TXN-67A14EC5C63827
202228,52228,Cash on Delivery,Success,19563.76,2022-07-05 01:41:00,TXN-A16EA29250220C
202229,52229,UPI,Success,22155.4,2026-03-30 00:12:00,TXN-FF7DA57E9ED33A
202230,52230,Cash on Delivery,Success,2313.42,2022-03-04 01:08:00,TXN-A9F6900321B425
202231,52231,Credit Card,Success,28688.11,2024-06-16 00:21:00,TXN-80FDDFC3CC9B67
202232,52232,Debit Card,Success,5138.19,2025-03-29 00:03:00,TXN-6E7631E9EC0621
202233,52233,NetBanking,Success,121689.15,2023-04-03 01:02:00,TXN-FEE6B77D828925
202234,52234,Debit Card,Success,94290.22,2022-07-26 01:16:00,TXN-FBF05E416A5B24
202235,52235,NetBanking,Success,1578.26,2022-03-11 00:33:00,TXN-0EBA9CF109FBE1
202236,52236,Credit Card,Failed,43508.97,2025-04-24 01:16:00,TXN-340E16833C6D21
202237,52237,Cash on Delivery,Success,15802.59,2024-05-09 00:05:00,TXN-20613B6A4E01AD
202238,52238,PayPal,Success,27623.8,2022-04-16 01:26:00,TXN-1D692C49388E9C
202239,52239,Cash on Delivery,Success,20334.22,2022-03-13 01:04:00,TXN-0BF57526AFDB67
202240,52240,PayPal,Success,1063.58,2024-04-03 00:36:00,TXN-6AC483B2EC735E
202241,52241,Cash on Delivery,Success,10302.27,2025-03-22 00:23:00,TXN-CBDFCE6EBC1ADD
202242,52242,PayPal,Success,144597.04,2022-08-01 01:35:00,TXN-B43C69FC8031A3
202243,52243,Cash on Delivery,Success,17903.53,2026-02-01 00:50:00,TXN-294C930541B7AA
202244,52244,Debit Card,Success,29864.33,2026-01-30 00:03:00,TXN-F07B4C5E75EC0D
202245,52245,Cash on Delivery,Success,5387.83,2023-02-07 01:45:00,TXN-E1C4B02F5C331A
202246,52246,Credit Card,Success,886.5,2023-01-05 00:45:00,TXN-D1C75746DF7CA8
202247,52247,NetBanking,Success,73013.49,2022-06-13 01:06:00,TXN-12F6322504E553
202248,52248,Cash on Delivery,Success,3277.37,2024-06-15 01:41:00,TXN-C72F9374E7780A
202249,52249,Debit Card,Success,148684.26,2025-02-18 01:08:00,TXN-C7A9D574CD484D
202250,52250,Debit Card,Success,47083.35,2024-06-28 00:31:00,TXN-C70E84CD662540
202251,52251,Cash on Delivery,Success,25845.26,2023-03-05 00:22:00,TXN-057F1D06292E77
202252,52252,Credit Card,Success,3566.5,2024-08-24 00:25:00,TXN-C3576628A8EB2A
202253,52253,Cash on Delivery,Success,3234.02,2025-03-26 00:40:00,TXN-57AE4B0CE27447
202254,52254,PayPal,Success,14476.75,2023-12-31 01:09:00,TXN-E007379C99702A
202255,52255,PayPal,Success,2290.88,2023-10-24 00:47:00,TXN-77A764DB103529
202256,52256,Debit Card,Success,53128.36,2022-07-30 01:10:00,TXN-7C9A1711CE269D
202257,52257,UPI,Success,1216.48,2023-10-17 00:08:00,TXN-1C0CBC243F9F4D
202258,52258,NetBanking,Success,34250.76,2024-12-25 00:42:00,TXN-F5691DEF4FA6DC
202259,52259,NetBanking,Success,76108.23,2026-04-05 00:26:00,TXN-F1E6943063C46F
202260,52260,NetBanking,Success,3008.17,2023-02-28 00:07:00,TXN-B7940ADC0E7B5C
202261,52261,Cash on Delivery,Success,59196.62,2023-11-22 01:52:00,TXN-EACB50B716C300
202262,52262,NetBanking,Success,41704.07,2022-07-01 01:35:00,TXN-8D0A3003A01F5C
202263,52263,Credit Card,Success,54410.42,2026-01-21 01:14:00,TXN-8D4E3DEB40B7A8
202264,52264,Cash on Delivery,Success,9793.96,2022-09-09 00:23:00,TXN-2BF57F858E94A3
202265,52265,UPI,Success,60954.17,2023-04-02 00:48:00,TXN-AF9DA29DBC63C0
202266,52266,Credit Card,Success,15746.89,2025-01-09 00:34:00,TXN-658F93F4D7B440
202267,52267,Debit Card,Success,17505.96,2023-04-21 00:56:00,TXN-5639614B410409
202268,52268,Credit Card,Success,11436.46,2025-09-29 00:55:00,TXN-5D1F5A78CF0EA1
202269,52269,Debit Card,Success,14340.39,2025-04-11 01:49:00,TXN-D2C27343E2D5CD
202270,52270,Cash on Delivery,Success,667.69,2025-01-03 01:28:00,TXN-CF84577999C22E
202271,52271,Debit Card,Success,1471.92,2025-01-07 01:07:00,TXN-A9BE22E09892B6
202272,52272,Debit Card,Success,26733.01,2025-08-03 00:32:00,TXN-C38A2627433CF1
202273,52273,Debit Card,Success,4640.3,2023-08-25 01:06:00,TXN-93BC301F4D1ECB
202274,52274,Cash on Delivery,Success,5012.04,2023-03-01 01:04:00,TXN-2D91D911A99B34
202275,52275,NetBanking,Success,66832.48,2025-07-17 00:53:00,TXN-5F48523DD9F587
202276,52276,PayPal,Success,25472.96,2024-06-02 01:57:00,TXN-4AAF9B376FB678
202277,52277,NetBanking,Success,16086.06,2024-02-14 01:36:00,TXN-B562F3C8CEBD45
202278,52278,Cash on Delivery,Success,77805.41,2026-06-07 01:20:00,TXN-9ED1F4AFEB262A
202279,52279,Debit Card,Success,134149.21,2026-01-12 01:49:00,TXN-8D6DFD436D0D49
202280,52280,Debit Card,Success,27319.71,2022-06-05 01:40:00,TXN-88E5F49BAFCFA2
202281,52281,Cash on Delivery,Success,4984.96,2023-12-11 01:59:00,TXN-39767C6D0298F3
202282,52282,Cash on Delivery,Success,8839.92,2026-03-29 00:04:00,TXN-BEF288ABC281EE
202283,52283,NetBanking,Success,31389.64,2024-06-29 01:14:00,TXN-92934C80A7B475
202284,52284,Cash on Delivery,Success,7559.46,2023-06-08 00:22:00,TXN-4ECF61AE53D8A7
202285,52285,PayPal,Success,1153.91,2025-03-31 00:10:00,TXN-4D2C2E878B55E3
202286,52286,Debit Card,Success,1806.34,2023-01-06 00:54:00,TXN-0BA8F11DF704D4
202287,52287,Debit Card,Refunded,28094.91,2023-11-16 00:07:00,TXN-0BD77C81ED45E2
202288,52288,Debit Card,Success,751.03,2025-11-10 01:41:00,TXN-55D730CE5B91EF
202289,52289,Cash on Delivery,Success,6805.63,2023-04-17 01:48:00,TXN-82D4086524EF63
202290,52290,Cash on Delivery,Success,2202.18,2024-03-15 01:12:00,TXN-EE95F86FF584EB
202291,52291,Credit Card,Success,8376.19,2024-12-10 00:37:00,TXN-280CA1A0B63D9E
202292,52292,UPI,Success,174015.11,2023-05-19 02:00:00,TXN-1B8EA681F659BC
202293,52293,Debit Card,Success,3434.43,2024-10-11 01:57:00,TXN-7442F215438166
202294,52294,Cash on Delivery,Success,6891.02,2022-12-15 00:10:00,TXN-8FEB76CE7B9A81
202295,52295,PayPal,Success,36212.18,2023-05-30 01:27:00,TXN-DF364733DFC8EA
202296,52296,NetBanking,Failed,7740.19,2023-07-22 00:01:00,TXN-77BCC7555E0CFF
202297,52297,PayPal,Success,1969.25,2026-02-03 00:14:00,TXN-EF7195A1EE146D
202298,52298,PayPal,Success,15390.22,2024-06-12 01:27:00,TXN-218D7C7402B9C2
202299,52299,Credit Card,Success,696.34,2023-08-01 00:18:00,TXN-428255DE638384
202300,52300,Cash on Delivery,Success,88648.12,2025-12-22 01:11:00,TXN-DA33A150562A53
202301,52301,UPI,Success,43058.86,2023-05-15 00:18:00,TXN-0D24941397AF70
202302,52302,UPI,Success,35455.93,2024-03-24 01:31:00,TXN-1DAF4F613DA9BD
202303,52303,Credit Card,Success,139389.24,2022-06-22 00:36:00,TXN-658B90B7D0CAD3
202304,52304,Cash on Delivery,Success,20496.07,2025-06-15 00:33:00,TXN-A80B53EF5D4457
202305,52305,Cash on Delivery,Failed,2117.49,2023-02-26 01:44:00,TXN-9DF398D2E64E97
202306,52306,Cash on Delivery,Success,37492.89,2023-10-05 01:05:00,TXN-0ECCE80039EDCB
202307,52307,Credit Card,Success,18842.06,2024-07-23 00:34:00,TXN-6BC0E24818FCB4
202308,52308,Credit Card,Refunded,59627.21,2024-06-19 00:22:00,TXN-0BC559E316297E
202309,52309,UPI,Success,38469.37,2025-02-25 00:13:00,TXN-319A5C1C10EA1E
202310,52310,PayPal,Refunded,58210.09,2025-10-19 00:42:00,TXN-EA452E0DDFE926
202311,52311,UPI,Success,8690.36,2024-10-08 00:05:00,TXN-02C6D84D76D237
202312,52312,Credit Card,Success,5426.08,2024-04-20 00:57:00,TXN-AADBE5E4F3839E
202313,52313,Cash on Delivery,Success,9641.6,2024-09-22 01:55:00,TXN-C5715CF19D2DEF
202314,52314,NetBanking,Success,36018.9,2023-09-18 00:53:00,TXN-2D8238D18247D6
202315,52315,PayPal,Refunded,8690.51,2023-10-21 01:30:00,TXN-4405E0269F41DF
202316,52316,Debit Card,Success,57109.79,2026-01-28 00:46:00,TXN-7DCFB2DB6ECE07
202317,52317,Cash on Delivery,Success,21447.2,2022-04-23 00:14:00,TXN-5F92977EA0A706
202318,52318,Credit Card,Success,2320.15,2023-04-05 00:06:00,TXN-6C139DF3B225F1
202319,52319,Credit Card,Success,9295.64,2022-07-23 00:57:00,TXN-755927C196E8BB
202320,52320,UPI,Success,165724.44,2024-07-06 00:23:00,TXN-ECD79024FA85FE
202321,52321,Debit Card,Success,12302.82,2025-03-12 01:35:00,TXN-B9E55E1248CEBA
202322,52322,Cash on Delivery,Success,79340.57,2022-05-28 00:06:00,TXN-FC67F326A3E0E3
202323,52323,NetBanking,Success,23802.07,2025-06-24 01:57:00,TXN-DA13E16EC26A59
202324,52324,NetBanking,Success,111470.77,2022-03-02 00:56:00,TXN-43D8A78AA95E48
202325,52325,Cash on Delivery,Success,1435.86,2023-08-10 00:15:00,TXN-8EB6E4129456F5
202326,52326,NetBanking,Success,17778.0,2025-03-03 01:57:00,TXN-BCDA0CD032CBAC
202327,52327,Debit Card,Success,21271.44,2025-09-25 00:15:00,TXN-B32B07ABB311DC
202328,52328,Cash on Delivery,Success,47674.48,2024-06-27 00:45:00,TXN-0BDFF536D01861
202329,52329,Cash on Delivery,Success,53958.91,2024-10-16 01:10:00,TXN-0D77F47D30FE52
202330,52330,Debit Card,Failed,512.77,2022-12-21 00:04:00,TXN-3C603DA2D108F5
202331,52331,NetBanking,Success,3387.14,2025-09-24 01:29:00,TXN-3A6AF106AE2F15
202332,52332,UPI,Success,14187.12,2025-04-13 01:08:00,TXN-01BAB03E01A584
202333,52333,NetBanking,Success,7146.66,2022-05-16 01:38:00,TXN-74BB8668565259
202334,52334,Debit Card,Success,11430.18,2025-10-31 00:17:00,TXN-604A6706C2744F
202335,52335,Credit Card,Refunded,33212.63,2023-06-20 01:09:00,TXN-D08F89F70330E0
202336,52336,Credit Card,Success,8217.99,2025-02-11 01:03:00,TXN-FDCF9A66967BE9
202337,52337,PayPal,Success,640.28,2023-05-27 01:18:00,TXN-7E122166C26C6F
202338,52338,UPI,Refunded,4066.12,2025-09-02 01:11:00,TXN-A0D0A177B33C7F
202339,52339,UPI,Success,5762.41,2025-11-24 01:23:00,TXN-9BE7D5B70784D0
202340,52340,Debit Card,Success,14462.62,2025-09-08 01:22:00,TXN-5E754C4E4E0459
202341,52341,UPI,Refunded,41595.74,2023-08-19 01:46:00,TXN-00FA2205780DBD
202342,52342,Debit Card,Success,10846.89,2023-06-24 00:29:00,TXN-EBC8B2E2617549
202343,52343,Credit Card,Success,601.59,2023-06-16 01:38:00,TXN-95536966427711
202344,52344,Credit Card,Success,128519.19,2024-10-02 00:51:00,TXN-195AC060460AF5
202345,52345,UPI,Success,10374.84,2024-12-18 01:55:00,TXN-050EB4105ABC62
202346,52346,Debit Card,Refunded,41980.62,2025-02-05 01:13:00,TXN-D0D57387F997F7
202347,52347,Credit Card,Success,9166.85,2026-05-15 01:29:00,TXN-0B7BD4FD701FC7
202348,52348,Cash on Delivery,Success,849.44,2023-02-14 01:45:00,TXN-5A4E7ECF827384
202349,52349,PayPal,Success,6175.25,2022-10-16 00:16:00,TXN-07FBC929729037
202350,52350,PayPal,Success,16923.12,2024-06-06 00:54:00,TXN-F95B76E38590BD
202351,52351,Debit Card,Success,2674.16,2024-07-27 01:01:00,TXN-705A4241192C8B
202352,52352,NetBanking,Success,17220.79,2023-06-05 01:47:00,TXN-2BBC8F1643E07B
202353,52353,NetBanking,Refunded,140649.06,2026-05-15 01:04:00,TXN-1857B8042D1D27
202354,52354,NetBanking,Success,5463.15,2022-02-24 00:29:00,TXN-AC6C4489D5DABD
202355,52355,NetBanking,Success,29037.64,2023-03-14 00:55:00,TXN-3BFE47AB2F4E89
202356,52356,Credit Card,Success,8524.48,2026-03-06 00:11:00,TXN-E5E1B88C3E7A7C
202357,52357,PayPal,Success,717.69,2023-08-28 00:23:00,TXN-1D99F0DF9025C0
202358,52358,Cash on Delivery,Success,11054.86,2022-06-23 00:29:00,TXN-4E10E230D91464
202359,52359,PayPal,Failed,315.27,2026-03-10 00:34:00,TXN-BC013999CA8225
202360,52360,UPI,Success,839.57,2024-09-03 00:07:00,TXN-854D1D2753F5A4
202361,52361,Credit Card,Success,5000.77,2025-09-10 00:30:00,TXN-2DDE46DFADEDB9
202362,52362,UPI,Success,31513.84,2024-12-23 01:00:00,TXN-C7EFBAE32F493E
202363,52363,NetBanking,Success,27925.68,2025-07-05 00:08:00,TXN-0D66FE8E4DE65C
202364,52364,Credit Card,Refunded,77230.67,2025-12-07 01:50:00,TXN-37D2A7C91FC415
202365,52365,Credit Card,Success,7034.21,2025-12-12 01:07:00,TXN-40F9AD582748A3
202366,52366,UPI,Success,7443.42,2026-06-01 01:41:00,TXN-47292852B4A8A3
202367,52367,PayPal,Success,92858.69,2022-05-13 00:36:00,TXN-87964B11C41B21
202368,52368,NetBanking,Success,16032.43,2024-09-25 01:54:00,TXN-682B9469947B4E
202369,52369,Credit Card,Refunded,21319.55,2026-04-18 01:41:00,TXN-1D0EF28FC947C3
202370,52370,Credit Card,Success,50576.13,2023-06-08 01:13:00,TXN-F174955792EE42
202371,52371,Debit Card,Success,15083.31,2022-07-21 01:25:00,TXN-3E11B59AC0035F
202372,52372,Debit Card,Success,541.26,2025-10-11 01:20:00,TXN-3F51905E1862B5
202373,52373,UPI,Success,10917.59,2023-02-11 00:30:00,TXN-32F3FD5BC2BD7D
202374,52374,UPI,Success,5767.55,2024-02-04 01:09:00,TXN-C8CA09ACC0D5B7
202375,52375,PayPal,Success,5790.7,2022-04-09 00:12:00,TXN-CF952F226D7B96
202376,52376,UPI,Success,237388.93,2024-09-04 00:51:00,TXN-377324F1D9A9F6
202377,52377,Cash on Delivery,Success,952.4,2024-04-24 00:12:00,TXN-08F207167F3C2A
202378,52378,Debit Card,Success,6389.63,2022-12-15 01:41:00,TXN-05ECE1D89060AF
202379,52379,UPI,Success,581.29,2022-11-11 00:42:00,TXN-ED290C4C01B94D
202380,52380,PayPal,Success,37390.8,2026-02-16 01:38:00,TXN-6BF81A3E989927
202381,52381,Cash on Delivery,Success,47891.58,2025-09-16 01:27:00,TXN-4A57BA4C7E671C
202382,52382,Debit Card,Success,1993.04,2023-01-11 00:14:00,TXN-3FF196210C630A
202383,52383,Debit Card,Success,12832.73,2022-12-27 00:03:00,TXN-B0EC3808DE3D1F
202384,52384,NetBanking,Success,3128.74,2023-02-16 01:52:00,TXN-7743151133843C
202385,52385,Credit Card,Success,8686.05,2025-12-29 00:27:00,TXN-B08E67C8C0D30D
202386,52386,PayPal,Success,18150.91,2026-04-17 01:36:00,TXN-177446557B6EAA
202387,52387,Cash on Delivery,Success,9687.25,2024-08-01 01:39:00,TXN-F4E1A4A02E41DC
202388,52388,Credit Card,Success,51389.56,2023-01-09 00:28:00,TXN-BEFCFEF36086F4
202389,52389,Credit Card,Success,4874.47,2025-03-17 01:29:00,TXN-01CD64ADCBE97C
202390,52390,NetBanking,Success,7325.8,2022-05-19 01:37:00,TXN-E0D2FB00629186
202391,52391,Cash on Delivery,Refunded,10971.18,2025-09-26 00:48:00,TXN-02B62B00B6B69A
202392,52392,Cash on Delivery,Success,10502.93,2025-11-15 00:23:00,TXN-95AAC282E96EC0
202393,52393,PayPal,Success,18027.93,2026-06-22 01:26:00,TXN-365BF3CB7B48D6
202394,52394,Debit Card,Success,9687.25,2024-10-18 01:55:00,TXN-D185A08027A297
202395,52395,Cash on Delivery,Success,20832.74,2026-04-02 00:44:00,TXN-589BF9795AB254
202396,52396,Cash on Delivery,Success,43027.89,2022-01-25 01:46:00,TXN-CA47531D4CB431
202397,52397,NetBanking,Success,372.34,2024-10-04 01:09:00,TXN-1E7A1265BE0992
202398,52398,UPI,Refunded,35432.4,2025-01-27 00:32:00,TXN-8448605AABAE67
202399,52399,NetBanking,Success,581.29,2023-09-08 01:14:00,TXN-F85C0BB14C5B38
202400,52400,UPI,Success,25522.53,2022-11-16 00:07:00,TXN-7A6BAD3E50F17D
202401,52401,NetBanking,Success,15084.04,2022-08-25 00:04:00,TXN-F6F6C713B5FF6E
202402,52402,NetBanking,Success,920.19,2025-08-06 00:58:00,TXN-92398F0B439910
202403,52403,Cash on Delivery,Success,5156.75,2024-04-19 00:30:00,TXN-15AAE4AE636055
202404,52404,Cash on Delivery,Success,3804.77,2023-02-24 00:45:00,TXN-07E7B91B76803D
202405,52405,Cash on Delivery,Success,3454.82,2024-01-12 01:17:00,TXN-8EB1D176F2CBA2
202406,52406,Cash on Delivery,Success,8890.67,2024-06-10 00:21:00,TXN-0429CA836550C2
202407,52407,PayPal,Success,1624.89,2024-11-05 00:11:00,TXN-B5A022EFEA09E1
202408,52408,PayPal,Success,6226.93,2025-02-26 01:49:00,TXN-0C54A12EFA2E91
202409,52409,NetBanking,Success,11297.79,2026-02-05 00:30:00,TXN-567D098F0E0DD1
202410,52410,UPI,Success,11369.6,2024-01-17 01:59:00,TXN-BFCA4F67235A54
202411,52411,Credit Card,Success,36817.83,2022-09-15 01:40:00,TXN-2E03D4988B2CD2
202412,52412,Debit Card,Success,41938.38,2023-04-30 01:05:00,TXN-6F07809FA73A14
202413,52413,NetBanking,Success,135960.55,2022-09-03 00:32:00,TXN-E97733CB8A80D4
202414,52414,Cash on Delivery,Success,103942.85,2024-08-18 01:13:00,TXN-1A4FAC1E5B1667
202415,52415,NetBanking,Refunded,221586.37,2023-10-30 01:31:00,TXN-041D540A69A536
202416,52416,Debit Card,Success,37606.92,2022-10-30 00:03:00,TXN-8EAEA474CC2164
202417,52417,UPI,Success,372.34,2025-10-05 00:27:00,TXN-33D50A14BA271C
202418,52418,UPI,Refunded,137558.62,2026-04-28 00:01:00,TXN-595D9FF0F069AC
202419,52419,NetBanking,Success,18494.82,2023-10-08 01:07:00,TXN-52BBA4F843C3BF
202420,52420,Credit Card,Success,1259.62,2024-01-30 00:53:00,TXN-B9308A81DA9F44
202421,52421,PayPal,Success,9558.13,2023-01-08 00:58:00,TXN-91CDC23E10E800
202422,52422,Credit Card,Success,45758.27,2023-01-11 01:02:00,TXN-D214163BBDEEA5
202423,52423,PayPal,Success,13251.96,2024-05-22 00:27:00,TXN-3D6B5889B0EDA9
202424,52424,NetBanking,Success,11354.29,2026-04-12 00:44:00,TXN-E3AB7EFB394A0F
202425,52425,Debit Card,Success,1294.32,2024-03-28 01:35:00,TXN-9453506F6D0039
202426,52426,Cash on Delivery,Success,113623.16,2023-11-01 01:09:00,TXN-A57574394183F6
202427,52427,PayPal,Success,5565.51,2024-10-25 00:58:00,TXN-A7960F29DD007A
202428,52428,NetBanking,Success,35774.66,2024-09-19 01:35:00,TXN-381667376C1BF4
202429,52429,NetBanking,Success,23094.54,2023-09-13 01:39:00,TXN-1E622BDFD57DB4
202430,52430,Cash on Delivery,Success,21793.2,2022-06-26 00:37:00,TXN-C703C21616E85C
202431,52431,UPI,Success,35988.22,2024-06-21 01:11:00,TXN-690B9FBB2AC755
202432,52432,PayPal,Success,4367.46,2025-08-05 01:20:00,TXN-225022EF025FE3
202433,52433,Cash on Delivery,Success,1478.51,2025-08-25 01:46:00,TXN-EACFAECD342EF9
202434,52434,UPI,Success,12478.46,2025-10-20 00:42:00,TXN-893BCBE96FA592
202435,52435,UPI,Success,30296.77,2026-03-04 01:52:00,TXN-643035BB88AE6A
202436,52436,Credit Card,Success,25460.57,2023-06-18 00:34:00,TXN-5C81E3926318DB
202437,52437,Cash on Delivery,Success,28082.13,2025-12-25 00:54:00,TXN-4F918BD8A86251
202438,52438,Credit Card,Success,17576.36,2023-10-10 01:13:00,TXN-75DA348E54C76E
202439,52439,Credit Card,Success,22155.4,2024-07-06 01:54:00,TXN-11B3262544ED3B
202440,52440,UPI,Failed,510.75,2024-12-28 00:14:00,TXN-84B22F95573A62
202441,52441,Debit Card,Success,21049.08,2022-04-22 00:48:00,TXN-65FBF0690E328B
202442,52442,PayPal,Success,3671.69,2022-11-14 00:58:00,TXN-97C4E83E63FA4F
202443,52443,Debit Card,Success,3946.23,2022-11-28 01:24:00,TXN-D958CA34C2FBC4
202444,52444,NetBanking,Success,6766.17,2023-11-21 01:46:00,TXN-E951173C314233
202445,52445,UPI,Success,40331.86,2026-04-26 01:39:00,TXN-3F1909FF7F91B4
202446,52446,NetBanking,Success,174743.58,2024-05-30 01:12:00,TXN-3E041F7F12D73D
202447,52447,Debit Card,Success,1542.24,2024-11-02 00:57:00,TXN-4A21EF3CFDF82C
202448,52448,Credit Card,Success,33037.5,2023-10-29 01:31:00,TXN-C1C8A99849A18C
202449,52449,Credit Card,Success,13418.79,2025-09-13 01:42:00,TXN-9B7D9A35DA5FDD
202450,52450,Credit Card,Success,1023.86,2022-09-11 01:12:00,TXN-E73AB5A82E6522
202451,52451,UPI,Success,40480.29,2024-05-31 02:00:00,TXN-4C3DB0C69AADFF
202452,52452,PayPal,Success,805.8,2025-07-11 01:05:00,TXN-209BC5D795956B
202453,52453,UPI,Success,22773.01,2023-07-15 00:05:00,TXN-5F00A4B26C5F5A
202454,52454,NetBanking,Success,10742.9,2025-09-06 01:01:00,TXN-C3532808E84D3B
202455,52455,NetBanking,Success,677.87,2023-05-15 00:38:00,TXN-9E352C4FBE6751
202456,52456,Debit Card,Refunded,18560.68,2023-11-19 00:38:00,TXN-0D337DB4F90567
202457,52457,Debit Card,Success,21968.47,2023-02-02 01:51:00,TXN-B57A8BD769C1E9
202458,52458,NetBanking,Success,4128.72,2024-04-05 01:24:00,TXN-2C3AAAD36D19FA
202459,52459,Credit Card,Success,12523.35,2025-08-16 00:44:00,TXN-309584A8CB667A
202460,52460,Cash on Delivery,Success,77486.71,2023-03-01 00:13:00,TXN-F2EDB68808EE4F
202461,52461,PayPal,Success,4205.36,2024-03-26 00:29:00,TXN-E404FE29009C81
202462,52462,Debit Card,Success,21947.79,2025-11-20 01:13:00,TXN-F3F7D3AEA48B53
202463,52463,Credit Card,Success,4394.76,2022-07-13 00:03:00,TXN-C9512315A8A422
202464,52464,Credit Card,Success,55089.87,2024-05-23 00:38:00,TXN-43B9D7673F84ED
202465,52465,Cash on Delivery,Success,323743.76,2022-10-17 00:13:00,TXN-13EE0C1A76E137
202466,52466,Cash on Delivery,Success,170770.09,2023-05-17 01:19:00,TXN-C7DA286D8D5C1B
202467,52467,Credit Card,Success,4024.84,2022-03-18 01:09:00,TXN-9A5215CF35A809
202468,52468,Credit Card,Success,5779.31,2022-07-10 01:08:00,TXN-FD170E7A8D10FE
202469,52469,Cash on Delivery,Refunded,10810.46,2022-06-19 00:23:00,TXN-81FDBC884AA778
202470,52470,UPI,Success,6680.81,2024-09-14 01:55:00,TXN-CA9D10450ED8CB
202471,52471,Debit Card,Success,11869.58,2024-12-07 00:23:00,TXN-62FBAD4F846793
202472,52472,UPI,Success,19624.24,2025-10-05 00:31:00,TXN-4797F07EA5CDBF
202473,52473,NetBanking,Success,9668.28,2025-01-04 01:45:00,TXN-B72C368C774FCC
202474,52474,Credit Card,Success,62856.17,2025-03-21 00:02:00,TXN-2C6833E44A35AF
202475,52475,NetBanking,Success,3816.99,2026-03-12 01:42:00,TXN-93B659D1C730AB
202476,52476,Credit Card,Success,47082.12,2022-06-09 00:15:00,TXN-851C07C11F86A0
202477,52477,Cash on Delivery,Success,26861.95,2024-04-10 01:13:00,TXN-C3FE5641EB2379
202478,52478,Debit Card,Success,7897.87,2024-03-05 00:15:00,TXN-DAED3075145803
202479,52479,Credit Card,Refunded,30897.57,2022-04-18 01:22:00,TXN-F752AA96248DF8
202480,52480,Debit Card,Success,7484.51,2025-02-08 00:47:00,TXN-009097E3923BE7
202481,52481,Credit Card,Success,55089.87,2024-08-24 00:20:00,TXN-D1D781B2611BE5
202482,52482,Cash on Delivery,Success,3446.79,2024-12-15 00:55:00,TXN-7B65E35773DF3D
202483,52483,Cash on Delivery,Success,2699.1,2025-04-05 00:39:00,TXN-4D2EA9299477B4
202484,52484,Cash on Delivery,Success,6521.84,2024-08-22 01:20:00,TXN-3AC14659F9CF4F
202485,52485,PayPal,Success,54693.4,2024-10-07 01:20:00,TXN-2BB27E16BEE0F9
202486,52486,Credit Card,Success,52225.54,2024-12-09 00:12:00,TXN-3EDF76D79AF504
202487,52487,UPI,Success,13097.42,2026-01-21 00:54:00,TXN-16A5319338D277
202488,52488,UPI,Failed,4825.89,2025-10-09 01:55:00,TXN-726D6946A486F3
202489,52489,Credit Card,Success,9164.55,2025-05-07 01:00:00,TXN-183EC5A30702D8
202490,52490,PayPal,Success,10742.9,2023-02-27 00:29:00,TXN-1807EC4330D187
202491,52491,UPI,Success,2974.69,2024-12-05 01:48:00,TXN-23942350C4892A
202492,52492,NetBanking,Success,1438.76,2022-03-04 01:33:00,TXN-02DD92A0BFAC22
202493,52493,UPI,Success,33055.28,2024-06-15 01:53:00,TXN-7872A757387445
202494,52494,NetBanking,Success,31233.35,2023-08-21 01:58:00,TXN-6BC78F5D58E373
202495,52495,NetBanking,Success,125062.24,2022-04-23 00:37:00,TXN-DA5EE60F4807C9
202496,52496,UPI,Success,106256.72,2023-01-21 00:02:00,TXN-105B90D8CEDB2F
202497,52497,Cash on Delivery,Success,6544.44,2023-10-25 00:14:00,TXN-4FFA75346CAAD9
202498,52498,Credit Card,Success,802.89,2025-10-12 01:04:00,TXN-8386002B065807
202499,52499,UPI,Success,2886.6,2025-11-01 00:58:00,TXN-154796C89BCD60
202500,52500,NetBanking,Success,16787.24,2022-08-17 00:31:00,TXN-1CDA1980CD99DB
202501,52501,PayPal,Success,8293.78,2023-04-02 01:39:00,TXN-2AE3F471046848
202502,52502,UPI,Success,4233.92,2024-01-14 00:01:00,TXN-9AA1F95406F880
202503,52503,Cash on Delivery,Success,8642.0,2024-08-28 00:46:00,TXN-1020ADFF17D8C9
202504,52504,Debit Card,Failed,1109.96,2024-09-16 01:05:00,TXN-9443CD5DFE79AD
202505,52505,Cash on Delivery,Success,49062.82,2025-05-26 01:59:00,TXN-6BF4462A4C1BE9
202506,52506,NetBanking,Success,16818.97,2026-06-05 01:05:00,TXN-2AEA3012B99EB2
202507,52507,NetBanking,Success,15083.32,2026-04-10 01:04:00,TXN-58BF7F8114075F
202508,52508,Credit Card,Success,12326.46,2025-11-14 00:55:00,TXN-1EC2F744B13BBE
202509,52509,Credit Card,Success,121367.77,2025-12-03 01:27:00,TXN-7554574C12EB94
202510,52510,NetBanking,Success,49561.42,2022-11-06 00:34:00,TXN-C65124846961D2
202511,52511,Debit Card,Success,34394.2,2024-11-06 01:25:00,TXN-8ACF4EBF604699
202512,52512,PayPal,Success,53307.12,2023-11-07 00:29:00,TXN-FE28CF761437E1
202513,52513,PayPal,Success,2202.18,2026-05-25 01:33:00,TXN-365F8063D9F878
202514,52514,Credit Card,Success,2348.69,2025-10-26 00:14:00,TXN-23BEDB2B143C8A
202515,52515,UPI,Success,9558.13,2022-05-31 01:38:00,TXN-4293B2FD7D20B9
202516,52516,Cash on Delivery,Success,3555.36,2023-06-17 00:17:00,TXN-07164B7BAAB6E5
202517,52517,Cash on Delivery,Refunded,15643.85,2022-12-15 00:27:00,TXN-0AD00D94054BF7
202518,52518,NetBanking,Success,13946.95,2022-08-03 01:07:00,TXN-DE1E21C0327074
202519,52519,Debit Card,Success,20506.34,2022-12-14 00:10:00,TXN-5657B976F8A6DA
202520,52520,Cash on Delivery,Success,44077.84,2025-01-17 00:36:00,TXN-C14CF9352C758A
202521,52521,NetBanking,Success,55220.1,2026-02-25 00:22:00,TXN-C557F4886D1C1E
202522,52522,UPI,Success,546.51,2023-10-04 01:57:00,TXN-620B3B0E212DB6
202523,52523,PayPal,Success,24990.11,2023-10-22 00:04:00,TXN-AB2B64157B7848
202524,52524,NetBanking,Success,37031.98,2023-01-02 01:02:00,TXN-A02A501D8D3AEE
202525,52525,Credit Card,Success,3203.32,2026-04-14 00:48:00,TXN-658CC85D6D035D
202526,52526,Cash on Delivery,Success,63047.86,2022-07-25 01:30:00,TXN-C611A9EC859894
202527,52527,UPI,Success,30283.32,2023-04-23 01:36:00,TXN-5264AB25CC2F5E
202528,52528,NetBanking,Success,2805.98,2023-05-17 00:02:00,TXN-5E537D0CD054C7
202529,52529,Credit Card,Success,6557.58,2024-09-21 00:37:00,TXN-2DB1358190693F
202530,52530,NetBanking,Success,2945.0,2022-09-23 01:29:00,TXN-D0F36FFF6C908E
202531,52531,NetBanking,Success,81809.07,2024-06-02 01:20:00,TXN-0841DC9FD6B870
202532,52532,PayPal,Success,190016.28,2022-02-19 01:51:00,TXN-244C93A7A863F0
202533,52533,Cash on Delivery,Success,4626.84,2026-03-11 01:30:00,TXN-B1542D4B755809
202534,52534,UPI,Success,46914.7,2022-06-12 00:34:00,TXN-0F96782D474A4F
202535,52535,NetBanking,Success,6860.63,2025-07-26 01:02:00,TXN-890436644FD065
202536,52536,UPI,Success,773.85,2022-01-20 01:17:00,TXN-33DA1C86BA24DC
202537,52537,UPI,Success,92000.04,2023-05-13 00:40:00,TXN-730A70EC09C6A0
202538,52538,UPI,Success,10213.89,2022-04-11 01:34:00,TXN-FF73A7EEB76B81
202539,52539,PayPal,Success,544.24,2024-06-21 01:18:00,TXN-A765876A0C9976
202540,52540,PayPal,Success,722.25,2024-03-22 00:06:00,TXN-05A8F25F0CC89B
202541,52541,Credit Card,Success,10736.03,2023-11-10 01:42:00,TXN-DFC5CBA34F1336
202542,52542,UPI,Success,10971.18,2022-12-29 01:18:00,TXN-D1C7F0AA9BDA3A
202543,52543,Cash on Delivery,Success,14634.48,2022-08-11 00:56:00,TXN-82857D29A09375
202544,52544,UPI,Success,15789.92,2024-09-18 00:36:00,TXN-4B28120330B199
202545,52545,NetBanking,Success,12316.18,2023-08-03 01:21:00,TXN-53D9A131C7AB3F
202546,52546,Cash on Delivery,Success,4274.96,2026-03-08 00:21:00,TXN-4C698BADB59FD4
202547,52547,PayPal,Success,123051.69,2026-03-13 00:20:00,TXN-A8BF441B132C00
202548,52548,NetBanking,Success,47321.29,2025-02-21 01:43:00,TXN-4D9DFEFD3514EC
202549,52549,Debit Card,Failed,746.26,2024-08-20 01:13:00,TXN-7EEABBE9736CCE
202550,52550,NetBanking,Success,10769.46,2024-05-17 01:37:00,TXN-22C5B6A547C52F
202551,52551,PayPal,Success,3013.57,2022-06-17 00:27:00,TXN-6EA7E4FB362AC4
202552,52552,Cash on Delivery,Success,20160.27,2025-04-01 01:16:00,TXN-0F268FEA91E8B7
202553,52553,Credit Card,Success,63544.76,2024-05-01 00:46:00,TXN-682356D9D5A1CC
202554,52554,Cash on Delivery,Failed,15899.14,2024-08-16 00:48:00,TXN-E40C8E90AB07FA
202555,52555,UPI,Success,6474.38,2022-03-15 02:00:00,TXN-03D0ABF18FE247
202556,52556,Cash on Delivery,Success,803.08,2024-01-02 00:53:00,TXN-F5F7BFCBD84DB6
202557,52557,PayPal,Success,130561.12,2023-11-24 00:42:00,TXN-1A9F2FE83DDF98
202558,52558,Cash on Delivery,Success,12675.58,2025-02-13 00:24:00,TXN-C3A3D000896B7A
202559,52559,UPI,Success,31298.69,2025-10-27 00:26:00,TXN-301DF1ED078B70
202560,52560,Cash on Delivery,Refunded,29723.86,2022-04-26 01:08:00,TXN-1E682B4F842437
202561,52561,Credit Card,Success,79553.13,2024-10-02 00:45:00,TXN-6197131FB6E935
202562,52562,Debit Card,Success,10906.03,2024-12-21 01:37:00,TXN-D005DE8AC2840C
202563,52563,NetBanking,Success,1732.13,2026-02-18 01:14:00,TXN-49E4054B6DBA44
202564,52564,PayPal,Success,77820.25,2026-04-02 01:19:00,TXN-0A691705B3BE3C
202565,52565,UPI,Success,36403.27,2025-11-22 00:56:00,TXN-2A9DE460993B1E
202566,52566,Debit Card,Success,253.01,2023-12-16 01:13:00,TXN-2266B28D7B9ECB
202567,52567,UPI,Refunded,70782.42,2022-05-02 01:46:00,TXN-8A9ED50D79CF6E
202568,52568,UPI,Success,145997.73,2023-03-02 00:50:00,TXN-053FC3F864D92F
202569,52569,NetBanking,Success,5873.44,2024-09-08 01:01:00,TXN-55BB39BA035020
202570,52570,UPI,Success,2097.94,2026-06-12 00:06:00,TXN-315C71030E7879
202571,52571,Cash on Delivery,Success,227.71,2023-12-23 00:40:00,TXN-061D0EF2E5F168
202572,52572,Cash on Delivery,Success,9914.35,2024-11-12 01:03:00,TXN-A1B51588C96F95
202573,52573,NetBanking,Success,18175.38,2026-02-11 00:57:00,TXN-4AFF709438A656
202574,52574,PayPal,Success,68622.14,2024-09-10 01:42:00,TXN-7526126C54CE57
202575,52575,UPI,Success,12973.78,2026-03-15 00:10:00,TXN-AD3296D39FAC4E
202576,52576,Debit Card,Success,73472.88,2024-07-31 00:55:00,TXN-47BA62899C196A
202577,52577,Debit Card,Success,59645.43,2022-07-24 00:48:00,TXN-C69F3D13FE21DC
202578,52578,Cash on Delivery,Success,15254.79,2025-09-17 00:06:00,TXN-B81CB0146BC929
202579,52579,Credit Card,Refunded,14202.98,2022-05-15 01:43:00,TXN-1FE38420A97A26
202580,52580,PayPal,Success,2491.24,2022-01-14 01:02:00,TXN-E378F44311EEBA
202581,52581,Debit Card,Success,5108.06,2022-04-01 01:33:00,TXN-2543EDD1778FD4
202582,52582,Cash on Delivery,Refunded,10316.31,2022-02-01 01:16:00,TXN-D8D2C3A12D0A07
202583,52583,NetBanking,Success,12471.13,2022-04-19 00:11:00,TXN-A10FC2380EDE07
202584,52584,Credit Card,Success,276351.33,2025-12-27 01:47:00,TXN-9E014C6F9D9C44
202585,52585,NetBanking,Success,5333.42,2024-04-11 01:03:00,TXN-B1E8ED5276A702
202586,52586,Debit Card,Success,7788.03,2022-04-12 00:41:00,TXN-C8E1E24BFA33E2
202587,52587,UPI,Success,10524.54,2023-07-14 01:25:00,TXN-890695EACE6331
202588,52588,PayPal,Success,44067.77,2024-04-29 01:12:00,TXN-3ECC05E24D2B81
202589,52589,UPI,Success,14739.1,2024-02-23 01:54:00,TXN-BC20769311769A
202590,52590,Credit Card,Success,140398.42,2026-02-12 00:30:00,TXN-663F9442DB32BF
202591,52591,Cash on Delivery,Success,68851.94,2025-09-09 01:13:00,TXN-26CEA7E41C7C48
202592,52592,Cash on Delivery,Success,18246.57,2023-08-27 02:00:00,TXN-2F5F3622A5A196
202593,52593,Credit Card,Success,10742.9,2025-08-25 01:51:00,TXN-8523535538B9E1
202594,52594,Credit Card,Success,98234.03,2023-10-23 00:01:00,TXN-A976524AB96489
202595,52595,NetBanking,Success,33404.05,2024-08-27 00:14:00,TXN-6551E30A0812CE
202596,52596,PayPal,Success,2886.6,2024-09-16 01:33:00,TXN-576C7B31E6B2A6
202597,52597,Cash on Delivery,Success,2177.62,2022-12-29 01:16:00,TXN-96BDF92B909D3E
202598,52598,Debit Card,Success,36495.75,2024-01-13 01:28:00,TXN-8BAD6F13F3A270
202599,52599,NetBanking,Success,92465.23,2025-04-29 01:16:00,TXN-0C691D355C47C3
202600,52600,Debit Card,Success,29624.84,2025-01-09 00:08:00,TXN-3BEEED946EA1E0
202601,52601,Cash on Delivery,Success,4347.5,2022-07-16 00:07:00,TXN-9EBB56076A0357
202602,52602,PayPal,Success,48716.27,2026-01-11 00:14:00,TXN-5013358783B442
202603,52603,Cash on Delivery,Success,53647.04,2024-06-16 00:25:00,TXN-52B2310A1CDB7A
202604,52604,Debit Card,Success,1213.14,2022-04-22 01:44:00,TXN-C381039B4C0C42
202605,52605,Credit Card,Success,2171.7,2022-12-31 00:50:00,TXN-F98F0F8A5498EC
202606,52606,Credit Card,Success,61861.88,2025-06-08 01:37:00,TXN-73C01EC92DAE02
202607,52607,Debit Card,Success,2061.3,2025-08-03 01:50:00,TXN-B4B1D7A93DEA70
202608,52608,NetBanking,Success,27110.51,2026-06-07 01:54:00,TXN-89ACEB2C74966A
202609,52609,Credit Card,Success,14835.56,2025-03-03 01:22:00,TXN-0B234E83C4DB50
202610,52610,Cash on Delivery,Success,3079.07,2026-03-12 01:08:00,TXN-ADD0A642E8CBC6
202611,52611,Credit Card,Success,554.46,2024-07-21 00:42:00,TXN-4BD15EC2ED2730
202612,52612,NetBanking,Success,12051.52,2022-04-13 00:43:00,TXN-41F9157DA01720
202613,52613,NetBanking,Success,3816.62,2025-01-15 00:21:00,TXN-AE5A8450CB41EF
202614,52614,UPI,Success,3625.43,2023-10-29 01:29:00,TXN-9C15BD7F22C1E4
202615,52615,UPI,Success,48376.78,2024-01-09 00:02:00,TXN-E75BBFEF880B55
202616,52616,UPI,Refunded,8207.03,2023-03-03 00:14:00,TXN-D24E4D0CAFD5DF
202617,52617,UPI,Refunded,3234.02,2025-12-31 00:48:00,TXN-4593EC185F5ACE
202618,52618,UPI,Success,49619.01,2025-04-03 00:58:00,TXN-493B93BF2FD5CC
202619,52619,UPI,Success,7966.18,2025-06-06 00:53:00,TXN-E54BFDBAA28DB7
202620,52620,UPI,Success,1265.51,2022-04-03 01:19:00,TXN-2861B75373B71A
202621,52621,Cash on Delivery,Success,70241.82,2023-10-03 00:25:00,TXN-CB8671DF33F95B
202622,52622,PayPal,Refunded,157490.11,2026-02-22 01:15:00,TXN-2DEADCF3EB491E
202623,52623,PayPal,Success,3488.11,2023-08-25 01:02:00,TXN-BC3778F8B11992
202624,52624,Debit Card,Success,17902.65,2023-04-13 01:29:00,TXN-B10D160F97C78C
202625,52625,Debit Card,Success,21198.08,2026-04-04 01:04:00,TXN-2ADAF6908C7826
202626,52626,NetBanking,Success,7682.84,2022-02-19 01:06:00,TXN-F0EF076128234C
202627,52627,PayPal,Success,9641.6,2024-10-20 01:18:00,TXN-1D1C52FED8CF0A
202628,52628,PayPal,Success,1450.3,2023-02-19 00:08:00,TXN-F950B1110124D0
202629,52629,NetBanking,Refunded,1738.08,2024-12-12 00:04:00,TXN-C51330CF011957
202630,52630,UPI,Success,353.72,2025-04-04 00:13:00,TXN-4DD78BC9A181F9
202631,52631,Cash on Delivery,Success,19211.84,2024-03-22 01:47:00,TXN-4B440527A40FD8
202632,52632,NetBanking,Success,11103.84,2023-01-21 00:02:00,TXN-7A64BD36F13AEF
202633,52633,Debit Card,Success,14951.1,2024-03-28 00:48:00,TXN-992DD439A98F2D
202634,52634,Cash on Delivery,Success,2122.11,2023-06-30 00:37:00,TXN-7D3FAC5C283BA0
202635,52635,NetBanking,Success,61969.7,2025-06-02 01:11:00,TXN-29AE00903F67EA
202636,52636,Cash on Delivery,Failed,3910.63,2026-06-23 00:08:00,TXN-235D2736AAE12D
202637,52637,Credit Card,Success,1805.62,2024-10-29 00:41:00,TXN-03D2B95B7A4B7E
202638,52638,NetBanking,Success,30111.53,2025-03-29 01:08:00,TXN-0940CBA8800A44
202639,52639,NetBanking,Success,19079.13,2025-08-08 00:03:00,TXN-3A9D607FF4A376
202640,52640,NetBanking,Success,10962.02,2022-06-14 00:18:00,TXN-A79215C7D97B98
202641,52641,Cash on Delivery,Success,18858.32,2025-05-18 01:44:00,TXN-F0EAA9B6547803
202642,52642,NetBanking,Success,10886.88,2025-06-16 01:07:00,TXN-E1AF964DF45EBE
202643,52643,NetBanking,Success,5502.85,2024-04-01 00:50:00,TXN-C1E21B3739D576
202644,52644,UPI,Success,45432.22,2025-06-12 00:20:00,TXN-C68BF57C7C4A92
202645,52645,NetBanking,Success,1511.43,2026-06-03 00:21:00,TXN-38BFBE7D0B1E9A
202646,52646,UPI,Success,106256.72,2024-05-10 00:14:00,TXN-33A59E2E201060
202647,52647,UPI,Success,15187.28,2024-06-16 01:23:00,TXN-17A4FA3E5C7489
202648,52648,Credit Card,Success,2799.8,2025-08-22 00:08:00,TXN-F7D1149BB529C3
202649,52649,UPI,Success,184369.67,2024-02-03 01:47:00,TXN-E5F0236F43F47C
202650,52650,Credit Card,Success,9656.12,2024-04-20 01:34:00,TXN-0DCD88F972E664
202651,52651,NetBanking,Success,13451.86,2024-05-26 00:10:00,TXN-40D580E5E96ABC
202652,52652,Cash on Delivery,Success,18840.87,2022-03-16 00:32:00,TXN-64F87941A05910
202653,52653,UPI,Success,84061.17,2024-08-29 00:24:00,TXN-B169B16E7B05C5
202654,52654,Debit Card,Success,21743.84,2023-11-28 00:21:00,TXN-A5D2FB2B8245E1
202655,52655,Credit Card,Success,30709.32,2024-03-23 01:45:00,TXN-1426D265646E89
202656,52656,NetBanking,Failed,2351.34,2025-10-02 00:19:00,TXN-A354ED0EDD0EC9
202657,52657,UPI,Success,51380.1,2023-06-11 01:04:00,TXN-940E1FF37B4772
202658,52658,UPI,Success,34153.24,2023-06-24 01:13:00,TXN-5A32D0B846235C
202659,52659,PayPal,Success,10876.29,2022-05-02 01:35:00,TXN-4BE88CCF9CAA0B
202660,52660,Cash on Delivery,Success,2929.77,2022-12-04 00:30:00,TXN-EA28784A84A0B2
202661,52661,Cash on Delivery,Success,76247.67,2023-05-20 00:37:00,TXN-2B98EB09DB685A
202662,52662,Cash on Delivery,Refunded,19213.6,2023-08-28 01:44:00,TXN-944074D05F90AE
202663,52663,Credit Card,Success,22571.51,2026-05-04 01:17:00,TXN-DE66B513EC221E
202664,52664,Credit Card,Success,1440.57,2023-08-21 00:49:00,TXN-D615DDB7B2BE3E
202665,52665,NetBanking,Success,797.84,2022-09-06 01:40:00,TXN-528C57BB3B3078
202666,52666,UPI,Success,52609.76,2026-04-19 01:39:00,TXN-CDE7108025F4F8
202667,52667,Credit Card,Success,3882.96,2026-03-03 01:24:00,TXN-D01232BDD73208
202668,52668,Debit Card,Success,309330.19,2023-04-02 00:42:00,TXN-BAE67348039FCC
202669,52669,Cash on Delivery,Success,38071.18,2026-03-16 00:20:00,TXN-C88D2A3039A5E3
202670,52670,Debit Card,Success,46478.2,2024-11-12 01:39:00,TXN-E6086326EA0620
202671,52671,Cash on Delivery,Success,1087.57,2024-07-22 01:33:00,TXN-D3F7ABF3FFE53D
202672,52672,Cash on Delivery,Success,2117.55,2022-09-24 01:25:00,TXN-C912C5AA68B8EF
202673,52673,PayPal,Success,15390.22,2023-02-19 01:08:00,TXN-406F4ABD3C6FA0
202674,52674,Cash on Delivery,Success,1765.13,2024-10-02 01:24:00,TXN-39315F07C8CBFC
202675,52675,Cash on Delivery,Success,21518.92,2025-06-27 00:29:00,TXN-21B4F56FB96A9F
202676,52676,UPI,Refunded,81928.7,2024-07-15 01:18:00,TXN-F13A5D0F9C6A6F
202677,52677,Credit Card,Success,22000.44,2022-12-06 00:47:00,TXN-8E3CCA2998B075
202678,52678,Credit Card,Success,2429.19,2023-04-04 01:42:00,TXN-6348385F84A3BC
202679,52679,NetBanking,Success,50491.17,2023-09-04 01:36:00,TXN-A9A4F6E5083D68
202680,52680,Credit Card,Success,16819.67,2024-02-17 00:22:00,TXN-583A0910C0CF0F
202681,52681,Cash on Delivery,Success,15375.62,2023-09-23 00:07:00,TXN-C480466105F67A
202682,52682,PayPal,Success,44820.4,2024-05-13 00:27:00,TXN-45AF04CF525BF2
202683,52683,Debit Card,Success,68085.07,2024-08-15 01:26:00,TXN-BEF73FA7C7EC17
202684,52684,Debit Card,Success,8817.04,2023-02-27 01:34:00,TXN-C387D5566D2AE3
202685,52685,Cash on Delivery,Success,20673.98,2025-08-26 01:14:00,TXN-F60160BC982ACF
202686,52686,Credit Card,Success,6158.14,2026-04-12 01:14:00,TXN-94EA6637042AF7
202687,52687,Debit Card,Success,3247.74,2022-10-16 01:26:00,TXN-406D3C54F9F722
202688,52688,Debit Card,Success,4306.18,2023-11-10 00:45:00,TXN-04193D3267D5BF
202689,52689,Credit Card,Success,23973.84,2022-08-31 01:20:00,TXN-13BDF3DB5D705D
202690,52690,Credit Card,Success,28492.68,2026-01-31 01:32:00,TXN-D164E6DDC5026E
202691,52691,NetBanking,Success,2237.17,2022-01-04 00:49:00,TXN-92562EBCF6A154
202692,52692,NetBanking,Success,12800.55,2024-01-29 01:02:00,TXN-08F703480E8583
202693,52693,Cash on Delivery,Success,2764.13,2026-04-15 00:20:00,TXN-66BDE40F2038F7
202694,52694,UPI,Success,19567.81,2025-06-07 00:29:00,TXN-84E551B003B2E9
202695,52695,Credit Card,Success,15673.38,2024-08-05 01:22:00,TXN-D440DDF7D8782B
202696,52696,UPI,Success,37002.86,2022-11-02 01:52:00,TXN-57B51412CCB3B2
202697,52697,NetBanking,Success,856.01,2022-04-14 00:08:00,TXN-E8FE5796DCD9E9
202698,52698,NetBanking,Success,916.35,2023-07-06 01:18:00,TXN-DA067B08C13A4E
202699,52699,NetBanking,Success,67670.9,2022-08-01 01:10:00,TXN-CB1C171EBAD6D7
202700,52700,PayPal,Success,9186.02,2024-08-18 01:35:00,TXN-4538AFC7867F25
202701,52701,Cash on Delivery,Refunded,9548.12,2024-06-01 00:30:00,TXN-7D71D37EE1C3F1
202702,52702,PayPal,Success,503.03,2022-03-15 00:46:00,TXN-2E2DC6821AACF5
202703,52703,PayPal,Success,62874.41,2023-02-03 00:09:00,TXN-84E841E95E3E26
202704,52704,PayPal,Refunded,9382.94,2022-11-23 01:47:00,TXN-EAC9DE387D87C2
202705,52705,UPI,Success,2234.96,2022-09-01 01:26:00,TXN-EA0F014B353C15
202706,52706,PayPal,Success,2835.7,2026-05-22 00:11:00,TXN-A7789230551274
202707,52707,Debit Card,Success,9558.13,2025-08-31 00:49:00,TXN-2D0446E0F5D774
202708,52708,UPI,Success,91993.54,2022-02-17 01:57:00,TXN-6710465A534801
202709,52709,Credit Card,Success,101280.63,2025-03-02 00:55:00,TXN-C4483F9C10C858
202710,52710,UPI,Success,17830.28,2026-01-19 00:21:00,TXN-ED0505EC08A150
202711,52711,Cash on Delivery,Success,10287.84,2024-08-18 01:02:00,TXN-5D4E5F5A66F9A7
202712,52712,PayPal,Success,4134.82,2022-01-14 01:51:00,TXN-E8125C81BD9640
202713,52713,UPI,Success,15915.4,2023-12-13 01:23:00,TXN-DA734875E1CA9A
202714,52714,NetBanking,Success,117693.02,2023-07-08 00:30:00,TXN-E78A83647DC2D5
202715,52715,UPI,Success,111029.61,2025-06-29 01:09:00,TXN-B5712E6689A408
202716,52716,NetBanking,Success,1152.24,2023-05-09 00:52:00,TXN-B4841B5DF60EC3
202717,52717,UPI,Success,31731.27,2022-07-24 00:48:00,TXN-73FC7A9105405D
202718,52718,PayPal,Failed,2753.32,2022-11-18 00:16:00,TXN-EDB35F0AF05F60
202719,52719,NetBanking,Success,130151.43,2023-10-17 00:26:00,TXN-75110160231115
202720,52720,UPI,Success,21415.24,2022-02-08 00:06:00,TXN-5306F3A393E5DB
202721,52721,Cash on Delivery,Success,19312.24,2025-01-13 00:24:00,TXN-912C594BBB7F1F
202722,52722,Cash on Delivery,Success,9115.59,2026-02-09 00:47:00,TXN-2A9551B647F2BF
202723,52723,Debit Card,Success,1383.36,2024-08-06 01:46:00,TXN-A98C65849CC19F
202724,52724,UPI,Success,41460.05,2022-10-22 01:39:00,TXN-58845000397312
202725,52725,PayPal,Refunded,1870.02,2023-08-08 01:27:00,TXN-D1E0DE18705836
202726,52726,Cash on Delivery,Success,130792.4,2024-09-25 01:41:00,TXN-B10B8567BF92B3
202727,52727,Debit Card,Success,2012.76,2025-09-11 01:38:00,TXN-37853B28E70A7E
202728,52728,Cash on Delivery,Success,18288.73,2026-04-05 00:27:00,TXN-3BAF4FC933D45C
202729,52729,Credit Card,Success,12329.24,2024-04-15 01:12:00,TXN-36C487932E6A74
202730,52730,Cash on Delivery,Success,10339.66,2024-02-10 01:49:00,TXN-B980AA8C7425E0
202731,52731,Cash on Delivery,Success,4358.64,2026-01-15 00:49:00,TXN-0C4DD3199FD1FF
202732,52732,Credit Card,Success,18591.28,2023-01-15 00:32:00,TXN-C5DF9676A4A19C
202733,52733,NetBanking,Success,6772.51,2025-07-22 01:57:00,TXN-5B5BA073A7A626
202734,52734,Debit Card,Success,2895.35,2022-03-12 01:11:00,TXN-26B429AFA2E872
202735,52735,UPI,Success,54700.54,2025-04-07 01:17:00,TXN-5D42E739BE5DB9
202736,52736,UPI,Success,12089.2,2023-02-23 01:12:00,TXN-5ADC038C33D030
202737,52737,Debit Card,Success,182.17,2023-06-19 00:23:00,TXN-F9A5B9C3A1BA32
202738,52738,PayPal,Success,169723.35,2026-01-02 01:03:00,TXN-1060C3B9F21AEE
202739,52739,NetBanking,Success,13564.28,2024-02-09 00:22:00,TXN-17E363294E2116
202740,52740,Cash on Delivery,Success,42039.15,2025-11-19 00:57:00,TXN-DCD0D64F2B8AD1
202741,52741,UPI,Success,51752.85,2023-03-21 00:23:00,TXN-CAA3A585FA103C
202742,52742,PayPal,Success,7791.82,2022-10-15 00:41:00,TXN-3A6C8872C57007
202743,52743,NetBanking,Success,5262.27,2022-02-19 00:22:00,TXN-009B5156A0C722
202744,52744,Credit Card,Success,18501.43,2025-02-07 00:03:00,TXN-9C6DFD8882432F
202745,52745,PayPal,Success,9606.4,2022-05-23 01:24:00,TXN-1C443F94D06400
202746,52746,PayPal,Success,40449.05,2025-09-18 01:54:00,TXN-6053A94B947334
202747,52747,Cash on Delivery,Success,6612.07,2025-05-07 00:31:00,TXN-31AF0258846C04
202748,52748,Debit Card,Success,7039.58,2024-08-11 01:29:00,TXN-ADF7553E35751A
202749,52749,NetBanking,Success,38064.34,2023-12-20 00:32:00,TXN-A90687CD38160C
202750,52750,PayPal,Success,18550.49,2024-01-14 01:47:00,TXN-DBC60017FAADEC
202751,52751,UPI,Success,327.82,2022-11-03 01:13:00,TXN-278547688708F2
202752,52752,Cash on Delivery,Success,5568.93,2024-04-29 01:07:00,TXN-95F40B26B9393D
202753,52753,Credit Card,Success,9021.4,2024-09-11 01:30:00,TXN-322484AD2C574C
202754,52754,Cash on Delivery,Success,1970.24,2025-02-05 00:40:00,TXN-D4B26EF4FC0BBB
202755,52755,Debit Card,Success,6193.08,2025-08-20 01:14:00,TXN-09630689D861E9
202756,52756,Cash on Delivery,Success,664.7,2024-01-29 00:21:00,TXN-51FC24E0254CB2
202757,52757,PayPal,Success,28087.38,2022-08-05 00:15:00,TXN-1D59940B5061DA
202758,52758,Debit Card,Success,21007.3,2023-12-16 01:27:00,TXN-F34FB6690026D1
202759,52759,Credit Card,Refunded,129735.26,2025-07-08 00:50:00,TXN-99F84385A85E30
202760,52760,Debit Card,Success,13563.11,2023-04-11 01:33:00,TXN-9AEC55D5B9F0F4
202761,52761,PayPal,Success,15624.12,2026-03-09 00:48:00,TXN-3FDB1B718872E9
202762,52762,UPI,Refunded,3041.33,2025-02-20 00:40:00,TXN-1C7B1F01E91E77
202763,52763,Cash on Delivery,Success,7650.28,2023-10-08 01:07:00,TXN-F6A300662D7A28
202764,52764,NetBanking,Success,19565.52,2024-05-31 00:38:00,TXN-C7CCC721130F75
202765,52765,Debit Card,Success,4182.59,2026-05-26 01:25:00,TXN-3B382F68C1E2EF
202766,52766,PayPal,Success,19191.5,2023-06-06 00:45:00,TXN-A9B0FBCD09FF11
202767,52767,PayPal,Success,4044.5,2024-10-04 00:35:00,TXN-26BEE227523F1A
202768,52768,PayPal,Success,14854.31,2022-08-21 00:21:00,TXN-9CCC38FE64C827
202769,52769,NetBanking,Success,3671.69,2025-08-27 00:37:00,TXN-7B4B810B9A7094
202770,52770,PayPal,Success,10303.74,2024-04-17 01:15:00,TXN-3972DDB3806C81
202771,52771,Debit Card,Success,78480.26,2024-08-17 01:08:00,TXN-42DF665C53007A
202772,52772,Cash on Delivery,Success,295.94,2023-10-23 01:10:00,TXN-8F43AB3A536D46
202773,52773,Credit Card,Success,9942.5,2025-03-01 01:49:00,TXN-02E4C0FD248419
202774,52774,Credit Card,Refunded,11077.7,2022-01-31 00:30:00,TXN-82AC41F4F98135
202775,52775,PayPal,Success,19137.56,2023-08-16 01:51:00,TXN-CD57CE81DBD105
202776,52776,Cash on Delivery,Success,14750.63,2022-02-05 00:36:00,TXN-5AF0796BB683FC
202777,52777,PayPal,Refunded,9054.47,2025-04-25 01:20:00,TXN-1FFCF7D3B519C7
202778,52778,Debit Card,Success,4913.27,2023-01-04 01:03:00,TXN-9FEE83B9D66993
202779,52779,Credit Card,Success,5882.28,2025-10-17 01:59:00,TXN-12505296841E81
202780,52780,Debit Card,Success,776.87,2025-11-04 00:20:00,TXN-2ABE51BCA45E24
202781,52781,Debit Card,Success,18816.17,2024-11-04 01:28:00,TXN-D0EB11CE0760DE
202782,52782,Debit Card,Success,1534.38,2023-05-02 01:09:00,TXN-764F2E46A53B36
202783,52783,Cash on Delivery,Success,1302.65,2022-06-04 01:02:00,TXN-D5F30056FE0872
202784,52784,UPI,Success,1301.23,2024-06-14 01:00:00,TXN-69BB2D675E31BE
202785,52785,Debit Card,Success,386.23,2022-12-16 01:34:00,TXN-A823202DD03343
202786,52786,UPI,Success,107045.84,2023-07-29 00:58:00,TXN-9F3879132A9066
202787,52787,Debit Card,Success,2609.04,2023-02-02 00:52:00,TXN-AD11E1AA60D4FE
202788,52788,PayPal,Success,31410.24,2025-07-28 00:25:00,TXN-2DD613EFD5C184
202789,52789,Credit Card,Success,4565.73,2025-01-25 01:07:00,TXN-F9B7FBCD5C1C40
202790,52790,Cash on Delivery,Success,1014.05,2025-10-20 00:17:00,TXN-93EB6177A106EC
202791,52791,NetBanking,Success,5578.78,2024-04-03 00:27:00,TXN-C115AA168E20DF
202792,52792,Debit Card,Refunded,10400.77,2022-03-11 01:16:00,TXN-62E7DE4721309B
202793,52793,Cash on Delivery,Refunded,7821.66,2026-03-05 01:08:00,TXN-EB370350F702C6
202794,52794,PayPal,Success,63339.19,2023-07-22 01:29:00,TXN-9320A04E5AEE5D
202795,52795,Debit Card,Success,10440.7,2022-07-16 01:22:00,TXN-2A97C35F6BB496
202796,52796,PayPal,Success,8304.52,2026-05-19 00:32:00,TXN-9440AEC56C572D
202797,52797,PayPal,Success,5677.52,2022-06-30 00:40:00,TXN-37A049AA5ACE11
202798,52798,PayPal,Success,5384.85,2024-08-27 00:02:00,TXN-C6BF441B927E55
202799,52799,PayPal,Success,22401.28,2025-11-16 00:10:00,TXN-35E2C973CA11D8
202800,52800,Credit Card,Success,30637.1,2025-10-02 01:40:00,TXN-22D15125434B9F
202801,52801,UPI,Success,37606.92,2026-06-12 00:32:00,TXN-47E997D045A136
202802,52802,UPI,Success,57260.08,2026-05-05 01:45:00,TXN-BE26F85392AF0B
202803,52803,Cash on Delivery,Success,8407.83,2025-10-22 00:50:00,TXN-4318C0A5C33099
202804,52804,Cash on Delivery,Success,14566.93,2022-05-13 00:10:00,TXN-FD398690B127D3
202805,52805,NetBanking,Success,8407.83,2022-01-02 00:17:00,TXN-9BEA8B57ABE4AB
202806,52806,PayPal,Success,53466.02,2023-09-22 00:55:00,TXN-0BB48230F2A905
202807,52807,Cash on Delivery,Success,3277.37,2023-03-30 00:54:00,TXN-569DC5E5B97B8B
202808,52808,NetBanking,Success,49353.89,2025-06-05 00:38:00,TXN-AE5D69BA01470E
202809,52809,UPI,Success,31433.78,2025-04-30 00:54:00,TXN-5CE5CC24A081D4
202810,52810,PayPal,Success,864.51,2024-11-04 00:47:00,TXN-19793047036132
202811,52811,Cash on Delivery,Success,706.15,2025-06-02 01:59:00,TXN-74C77D9DDDCF68
202812,52812,Debit Card,Success,5273.68,2025-11-30 01:38:00,TXN-3B72552086C1AD
202813,52813,NetBanking,Success,3516.12,2024-02-12 01:04:00,TXN-187D988C894220
202814,52814,Cash on Delivery,Refunded,22088.81,2022-09-04 00:53:00,TXN-DE01B6175D2A3E
202815,52815,Credit Card,Success,13685.42,2025-04-21 00:39:00,TXN-318098D8C74491
202816,52816,NetBanking,Success,37442.84,2022-07-04 00:41:00,TXN-298F1AF7A1A83D
202817,52817,Debit Card,Success,115242.89,2022-02-01 00:17:00,TXN-735EB10D53A600
202818,52818,UPI,Success,66603.03,2022-12-07 01:07:00,TXN-A0DF93E167177F
202819,52819,Credit Card,Success,85224.12,2022-11-01 01:36:00,TXN-B360342E099AE2
202820,52820,Debit Card,Success,19891.19,2022-08-27 01:38:00,TXN-2683150D3C3A6D
202821,52821,Cash on Delivery,Success,49647.84,2024-03-03 00:40:00,TXN-21DF0ECCF05A34
202822,52822,Cash on Delivery,Success,5012.04,2024-06-10 01:45:00,TXN-F3FF75CAF21B49
202823,52823,UPI,Success,1769.89,2024-08-12 01:08:00,TXN-2DD72BB4ADECFE
202824,52824,Debit Card,Success,8199.37,2022-08-04 01:24:00,TXN-0A932DC22B690A
202825,52825,Debit Card,Success,14654.44,2023-03-03 00:36:00,TXN-494DDDEDD01E53
202826,52826,PayPal,Success,17626.44,2023-11-08 01:03:00,TXN-C0837FD819F167
202827,52827,Debit Card,Success,55084.65,2022-04-28 00:57:00,TXN-9307232BBFF127
202828,52828,Cash on Delivery,Success,73132.8,2025-10-26 00:17:00,TXN-0F9058BC097403
202829,52829,NetBanking,Success,2192.78,2023-07-10 00:41:00,TXN-614467B817BE27
202830,52830,UPI,Refunded,50215.15,2025-04-08 00:27:00,TXN-688F5E243CAF7B
202831,52831,NetBanking,Success,6400.17,2024-12-18 01:48:00,TXN-2A9C1CD1EDD8F2
202832,52832,PayPal,Success,19535.91,2025-04-09 00:05:00,TXN-4869C78A9EA3AF
202833,52833,UPI,Success,7633.24,2025-06-30 00:24:00,TXN-10A74DF7C1D712
202834,52834,Credit Card,Success,6521.84,2022-10-10 01:18:00,TXN-E421A5F775AC78
202835,52835,PayPal,Success,37979.51,2025-08-22 00:32:00,TXN-A32D21CB2A3645
202836,52836,Credit Card,Success,669.84,2023-06-02 00:30:00,TXN-5D46CA78C1A419
202837,52837,PayPal,Success,608.27,2025-05-10 01:04:00,TXN-4A4CE26B2BC919
202838,52838,Debit Card,Success,550.39,2026-01-13 01:48:00,TXN-E242E0FCD3B8B0
202839,52839,NetBanking,Refunded,8357.29,2022-12-22 01:29:00,TXN-D3E1026DA24502
202840,52840,NetBanking,Success,11381.32,2025-10-17 00:09:00,TXN-D6BEC37C9E5ABC
202841,52841,NetBanking,Success,12004.15,2026-06-18 00:17:00,TXN-85354A6A838713
202842,52842,UPI,Success,2387.03,2025-06-13 01:13:00,TXN-85CE7C64A3B721
202843,52843,UPI,Success,43507.26,2026-05-12 01:13:00,TXN-87009A72115A19
202844,52844,Debit Card,Success,24800.68,2022-07-31 01:51:00,TXN-EB9FD2E37BA28D
202845,52845,PayPal,Failed,10975.52,2023-06-06 00:03:00,TXN-3F49F24E34F592
202846,52846,Credit Card,Success,1383.36,2022-02-23 00:05:00,TXN-F67761DBBEC27B
202847,52847,UPI,Success,9986.23,2022-12-13 01:55:00,TXN-A44044ED3FE012
202848,52848,NetBanking,Success,7032.24,2023-10-04 01:07:00,TXN-51BA2E587732D7
202849,52849,PayPal,Success,1355.74,2022-07-10 01:36:00,TXN-B91B4AC80C0AC9
202850,52850,NetBanking,Success,6859.76,2023-05-10 01:52:00,TXN-6401A02AF5FA0D
202851,52851,NetBanking,Success,11858.22,2022-12-25 01:54:00,TXN-7D5455A0B7CA62
202852,52852,Credit Card,Success,7432.62,2025-07-31 00:29:00,TXN-46A884182898D5
202853,52853,Credit Card,Success,17388.16,2023-07-29 00:10:00,TXN-1859AFE5E62752
202854,52854,UPI,Success,2659.5,2026-03-24 01:27:00,TXN-31571E86AE5174
202855,52855,Cash on Delivery,Success,6798.29,2023-03-11 01:23:00,TXN-2DA3ABDE76EC21
202856,52856,UPI,Success,29549.99,2024-11-12 01:20:00,TXN-E4EEFDAF749D0B
202857,52857,UPI,Success,10364.46,2026-02-14 00:07:00,TXN-F1B04234A0B6C5
202858,52858,PayPal,Success,1393.32,2023-10-08 00:03:00,TXN-A2E148BB4CE8D7
202859,52859,Debit Card,Success,54960.81,2024-06-01 00:16:00,TXN-9965456E52605F
202860,52860,PayPal,Success,50738.94,2024-02-15 00:46:00,TXN-65409990008B69
202861,52861,Credit Card,Success,1730.22,2024-08-25 00:31:00,TXN-98C55F42F4F587
202862,52862,NetBanking,Success,3838.3,2026-02-06 00:19:00,TXN-68EE508897FC44
202863,52863,NetBanking,Success,68750.03,2025-10-27 01:42:00,TXN-AB995FBCBBFD83
202864,52864,UPI,Success,153.62,2024-06-25 00:27:00,TXN-700E21D47A3C63
202865,52865,Debit Card,Success,28602.67,2025-10-28 01:18:00,TXN-588C9ACCACD050
202866,52866,Cash on Delivery,Success,8889.42,2022-01-25 01:16:00,TXN-FD48A271D34E79
202867,52867,Debit Card,Success,9840.73,2024-12-06 01:57:00,TXN-AF992995DA8A7E
202868,52868,Credit Card,Success,6401.81,2024-12-30 01:26:00,TXN-1BFB892AE983A0
202869,52869,NetBanking,Success,1647.35,2023-12-01 00:37:00,TXN-545A2BEC22CAB0
202870,52870,Debit Card,Success,4566.71,2025-07-19 01:19:00,TXN-391ED3BE8019D1
202871,52871,Cash on Delivery,Success,9668.28,2023-09-03 00:13:00,TXN-04CF4580794F8E
202872,52872,Debit Card,Success,46462.79,2025-01-13 01:19:00,TXN-9EA552BA2AC597
202873,52873,NetBanking,Success,7676.72,2022-05-28 01:25:00,TXN-F4A418613C194D
202874,52874,UPI,Refunded,581.29,2022-05-16 00:54:00,TXN-7FBF59CBAED0B0
202875,52875,PayPal,Success,15151.27,2025-12-06 00:29:00,TXN-AFBFB652381B88
202876,52876,Debit Card,Refunded,36913.79,2022-11-21 01:12:00,TXN-DB526B1B61EC40
202877,52877,Cash on Delivery,Success,23941.14,2022-07-17 00:33:00,TXN-A84C0488432F79
202878,52878,UPI,Success,25219.25,2022-03-20 00:16:00,TXN-C4E87D9B1E0279
202879,52879,NetBanking,Success,19777.1,2022-05-03 00:08:00,TXN-457AA0890BF31D
202880,52880,Credit Card,Success,7275.93,2024-03-11 01:54:00,TXN-41140331824BD1
202881,52881,UPI,Success,33651.72,2023-04-06 01:39:00,TXN-9C045A15033AA5
202882,52882,PayPal,Success,4462.51,2022-06-20 01:48:00,TXN-C2F44F14C34B4E
202883,52883,Debit Card,Success,23192.18,2024-09-16 00:25:00,TXN-FC0815E3603018
202884,52884,NetBanking,Success,17152.82,2022-02-20 00:45:00,TXN-B4A8106B368AFC
202885,52885,Debit Card,Success,18804.86,2026-05-08 00:07:00,TXN-99EE4C22C2D8CC
202886,52886,Cash on Delivery,Success,8089.6,2023-12-16 00:32:00,TXN-C65DD724EEC49B
202887,52887,UPI,Refunded,9710.95,2026-04-20 00:39:00,TXN-9A2CD5D7AEA99A
202888,52888,NetBanking,Success,69179.18,2023-04-20 00:30:00,TXN-590B83D6638539
202889,52889,UPI,Success,15468.06,2022-06-24 00:13:00,TXN-E57165E1AA9805
202890,52890,Debit Card,Success,34210.39,2023-04-27 00:44:00,TXN-F9258740A50F08
202891,52891,UPI,Failed,17308.43,2024-06-28 01:21:00,TXN-4CD37CED69B4A4
202892,52892,Cash on Delivery,Refunded,15128.54,2022-11-26 01:23:00,TXN-A06340375FCABC
202893,52893,NetBanking,Success,54351.51,2024-06-19 00:20:00,TXN-A522FF00531A60
202894,52894,Debit Card,Success,6888.32,2024-05-07 00:30:00,TXN-71C93CF052951E
202895,52895,Credit Card,Success,2171.5,2026-05-04 00:56:00,TXN-68030EE4B0431A
202896,52896,Debit Card,Success,10194.51,2026-04-14 00:04:00,TXN-61D086427B6823
202897,52897,PayPal,Success,101251.21,2024-12-31 01:21:00,TXN-F4E85672EBD26D
202898,52898,NetBanking,Success,5262.27,2023-05-25 00:19:00,TXN-633BCBB92E1AAF
202899,52899,PayPal,Success,5677.52,2024-10-02 01:22:00,TXN-C783D5B73D8056
202900,52900,Cash on Delivery,Success,2011.11,2024-12-17 00:23:00,TXN-E7618BE834D07F
202901,52901,PayPal,Success,3815.32,2022-08-02 01:42:00,TXN-F0A84A72F04FEF
202902,52902,PayPal,Success,95193.81,2024-06-16 00:13:00,TXN-53EF4E4CA01625
202903,52903,Credit Card,Refunded,626.29,2025-02-21 01:51:00,TXN-6B97DD5A7CF364
202904,52904,Credit Card,Success,16688.42,2024-08-15 00:53:00,TXN-6A6042AAB54673
202905,52905,Cash on Delivery,Success,429.76,2024-09-03 01:11:00,TXN-A21B2A1FF45313
202906,52906,UPI,Success,14045.91,2025-08-08 01:31:00,TXN-E0A1117337417C
202907,52907,PayPal,Success,6075.78,2024-09-19 01:26:00,TXN-0C067F8C25C0E4
202908,52908,PayPal,Success,1338.22,2024-07-23 00:23:00,TXN-1F799DC0315627
202909,52909,PayPal,Success,257.82,2026-05-20 01:09:00,TXN-E188C00F2856A5
202910,52910,Cash on Delivery,Success,14130.61,2022-02-01 01:39:00,TXN-15F619F1AA1398
202911,52911,Cash on Delivery,Success,1363.17,2022-03-08 01:28:00,TXN-70332DF0B3421F
202912,52912,Cash on Delivery,Success,78649.83,2022-12-13 00:13:00,TXN-A7A6B957DB6FBB
202913,52913,NetBanking,Success,43936.94,2022-05-31 01:23:00,TXN-8345C95928AC39
202914,52914,PayPal,Success,8007.0,2023-02-03 00:01:00,TXN-CAA8E7702D35F4
202915,52915,UPI,Success,16939.13,2026-06-13 01:12:00,TXN-95C422A0E3D464
202916,52916,NetBanking,Success,1216.48,2022-11-13 01:22:00,TXN-3F328CEA612AF1
202917,52917,PayPal,Success,37712.38,2022-09-23 01:39:00,TXN-ABE138704ECE34
202918,52918,Debit Card,Success,14257.92,2022-01-15 01:10:00,TXN-88084748501A82
202919,52919,PayPal,Success,45528.81,2024-12-08 00:09:00,TXN-194EDFC94D7763
202920,52920,Credit Card,Success,157170.97,2025-03-15 01:48:00,TXN-65BD525E8290AB
202921,52921,UPI,Success,12666.82,2022-09-17 01:49:00,TXN-3D4EE42C3D78D2
202922,52922,PayPal,Success,2743.96,2025-09-18 00:22:00,TXN-E9C8E51FA41FAF
202923,52923,Debit Card,Success,22665.39,2023-02-15 00:47:00,TXN-08C86E2A616FD6
202924,52924,Cash on Delivery,Success,100115.23,2024-10-29 01:17:00,TXN-3F83DE873435E4
202925,52925,Cash on Delivery,Success,795.1,2025-02-10 01:15:00,TXN-BDE79FA63F92D8
202926,52926,PayPal,Refunded,96028.43,2022-04-27 01:19:00,TXN-EAC03AEB83BED3
202927,52927,PayPal,Success,10937.19,2022-07-16 00:39:00,TXN-84578451ED447A
202928,52928,Debit Card,Success,6428.51,2023-07-08 01:11:00,TXN-7854374DFF65AC
202929,52929,Cash on Delivery,Success,5157.1,2024-03-25 00:03:00,TXN-179FBB79874138
202930,52930,Cash on Delivery,Success,58346.92,2022-02-12 00:54:00,TXN-09B2EE03F2B98A
202931,52931,Cash on Delivery,Success,5384.85,2025-11-09 01:12:00,TXN-1B7C47D0ED5D7E
202932,52932,Cash on Delivery,Success,1823.19,2023-03-09 00:37:00,TXN-90CAD8DB42AF49
202933,52933,Debit Card,Success,30465.1,2022-03-18 01:48:00,TXN-ACCA8D96F60E00
202934,52934,UPI,Success,3804.48,2024-09-19 00:57:00,TXN-8CDD1B54D349F3
202935,52935,UPI,Success,6953.63,2025-05-20 01:21:00,TXN-60A50C8022E0CD
202936,52936,Debit Card,Success,46883.02,2024-10-31 00:02:00,TXN-7A930523802AA3
202937,52937,NetBanking,Success,6084.94,2025-02-28 01:12:00,TXN-CF667E096AD75F
202938,52938,PayPal,Failed,6786.27,2023-01-19 01:33:00,TXN-F16C274FA4AEDF
202939,52939,NetBanking,Success,11738.62,2024-10-22 00:15:00,TXN-B5C87EFFA4A943
202940,52940,Debit Card,Success,20595.16,2022-04-21 00:31:00,TXN-E23D8A5C699A1A
202941,52941,UPI,Success,93905.8,2024-11-09 00:48:00,TXN-6EB818A3283020
202942,52942,Credit Card,Success,20897.96,2026-03-07 00:26:00,TXN-E5C0B9E36F64CC
202943,52943,PayPal,Success,2799.8,2024-01-16 00:14:00,TXN-DB26F068F735A8
202944,52944,Cash on Delivery,Success,15493.24,2025-08-19 00:12:00,TXN-F1FB39FDF9114C
202945,52945,NetBanking,Success,5468.2,2022-08-10 00:07:00,TXN-F83D0E72B18F4A
202946,52946,PayPal,Refunded,6377.72,2025-07-01 00:27:00,TXN-BCD355914E4E91
202947,52947,Cash on Delivery,Success,37503.24,2026-05-08 00:12:00,TXN-C9F1E1892D0F60
202948,52948,Cash on Delivery,Success,3555.9,2025-09-24 00:08:00,TXN-4FBF8640B10186
202949,52949,Cash on Delivery,Success,1438.76,2022-06-16 00:58:00,TXN-CAD0FA8B85566D
202950,52950,NetBanking,Success,2533.05,2022-03-16 00:03:00,TXN-0D869E4D753A4B
202951,52951,UPI,Success,11416.78,2024-09-30 01:20:00,TXN-C2E1B834D80825
202952,52952,Debit Card,Success,2171.04,2024-06-23 00:54:00,TXN-B9F49D66169A90
202953,52953,Cash on Delivery,Success,766.69,2022-03-13 00:31:00,TXN-86197DDD9F1A9F
202954,52954,PayPal,Success,6418.98,2023-09-21 00:08:00,TXN-3C371DBF1F3700
202955,52955,UPI,Success,339124.26,2023-08-15 01:17:00,TXN-4FA5F4890DA6B2
202956,52956,UPI,Success,47474.39,2024-04-23 01:22:00,TXN-F2E3344273E47C
202957,52957,NetBanking,Success,23094.54,2022-09-23 00:50:00,TXN-2641013A90F8B0
202958,52958,Cash on Delivery,Success,5142.13,2023-07-15 00:49:00,TXN-668DE0BEE6C839
202959,52959,PayPal,Success,16417.77,2023-05-19 01:44:00,TXN-155CBD5089C214
202960,52960,Credit Card,Success,6195.75,2024-10-11 00:35:00,TXN-4696FF43262A2F
202961,52961,Cash on Delivery,Success,13293.86,2026-01-29 00:49:00,TXN-A71F508C341824
202962,52962,Cash on Delivery,Success,9486.99,2022-03-31 00:32:00,TXN-4A1D75288BDD62
202963,52963,UPI,Success,2166.07,2024-08-21 01:43:00,TXN-9DF0823B3DDAA6
202964,52964,Debit Card,Success,3998.98,2022-04-04 00:26:00,TXN-423349C81E1F1E
202965,52965,Cash on Delivery,Success,14223.07,2024-10-04 00:29:00,TXN-F70755543043B4
202966,52966,PayPal,Success,11937.19,2024-01-03 01:40:00,TXN-6893E3745AE2EE
202967,52967,Debit Card,Success,25908.57,2026-06-07 01:57:00,TXN-2B1C93EF7406C0
202968,52968,NetBanking,Refunded,69419.0,2025-07-01 01:27:00,TXN-F39E16E88BFDED
202969,52969,Cash on Delivery,Success,4973.6,2026-05-21 01:32:00,TXN-639363565579F1
202970,52970,Debit Card,Success,2387.03,2023-02-18 01:29:00,TXN-11B0DE3BCC6CAD
202971,52971,UPI,Success,12217.66,2022-03-18 01:32:00,TXN-121F68518B0BF6
202972,52972,Cash on Delivery,Success,20894.55,2022-11-12 01:50:00,TXN-4DC61BD4BE446F
202973,52973,Debit Card,Success,24354.59,2022-09-05 00:22:00,TXN-038958A62D09C1
202974,52974,Debit Card,Success,47474.39,2022-11-01 00:58:00,TXN-3660FE5C44EB19
202975,52975,Cash on Delivery,Success,5544.56,2022-12-17 02:00:00,TXN-B7449B14AECB6F
202976,52976,NetBanking,Success,20663.53,2026-04-04 00:24:00,TXN-4B30DD92E5AB2B
202977,52977,PayPal,Success,463.34,2026-02-17 01:37:00,TXN-A78B68B56B539D
202978,52978,UPI,Success,4182.59,2025-05-05 00:01:00,TXN-3221BBE8557837
202979,52979,Debit Card,Success,35651.74,2025-08-07 01:57:00,TXN-495D56CA3BDA8B
202980,52980,PayPal,Success,4472.86,2023-11-16 01:26:00,TXN-D07BCC3F6C82FC
202981,52981,UPI,Success,18333.7,2025-12-20 00:25:00,TXN-AE0FE8350164BC
202982,52982,PayPal,Success,6726.26,2022-05-12 01:50:00,TXN-C6F052DF024DDE
202983,52983,UPI,Success,657.92,2026-01-16 01:17:00,TXN-3F6466FF3605F2
202984,52984,Debit Card,Success,105276.73,2024-09-20 00:33:00,TXN-B2664D12F6D7FC
202985,52985,Credit Card,Success,43780.14,2024-06-25 00:36:00,TXN-5F951C11533492
202986,52986,Cash on Delivery,Refunded,23889.59,2025-11-22 01:54:00,TXN-C98ED587462E89
202987,52987,Cash on Delivery,Success,2231.26,2023-03-01 01:56:00,TXN-F83B40639EB90C
202988,52988,NetBanking,Success,176815.43,2022-02-14 00:17:00,TXN-2F9F77CD9F3698
202989,52989,Credit Card,Success,904.8,2025-11-30 01:12:00,TXN-BC9E4BB7DABAC0
202990,52990,UPI,Success,797.59,2023-09-14 00:22:00,TXN-A5664A3D370D73
202991,52991,Debit Card,Success,27277.13,2023-07-05 00:59:00,TXN-54A17826A1F1CE
202992,52992,Cash on Delivery,Success,15960.76,2025-09-14 01:26:00,TXN-2B2A5BC53F10F2
202993,52993,UPI,Success,2091.64,2025-07-05 01:35:00,TXN-6523335E91B4F7
202994,52994,PayPal,Refunded,4825.89,2023-09-14 00:04:00,TXN-8BCB51B58AA063
202995,52995,Cash on Delivery,Success,63889.49,2025-03-12 00:20:00,TXN-D71F76BAEB245B
202996,52996,Cash on Delivery,Success,7306.95,2023-07-09 01:26:00,TXN-6FD944821840E2
202997,52997,Cash on Delivery,Refunded,6219.65,2026-04-19 00:35:00,TXN-12BD7731FBFC89
202998,52998,Credit Card,Success,5634.85,2022-03-30 01:20:00,TXN-654661F9564721
202999,52999,Cash on Delivery,Success,34552.3,2024-01-18 01:26:00,TXN-91D981D6E426DD
203000,53000,Cash on Delivery,Success,1525.23,2022-12-01 00:06:00,TXN-3B5558D75BCE3D
203001,53001,NetBanking,Success,798.68,2022-03-17 01:18:00,TXN-2EAB927613B227
203002,53002,Credit Card,Success,2242.2,2022-09-21 01:46:00,TXN-0121A338879488
203003,53003,UPI,Success,5313.48,2026-05-15 01:58:00,TXN-2AC36B9CC60E6E
203004,53004,NetBanking,Success,8271.43,2022-03-05 00:06:00,TXN-ADAD3225909124
203005,53005,Credit Card,Refunded,53522.92,2025-11-03 00:47:00,TXN-F493FB04E672E8
203006,53006,UPI,Success,5412.77,2024-07-22 01:23:00,TXN-B9BD5EBEFEE652
203007,53007,UPI,Success,7317.24,2023-06-27 00:16:00,TXN-CE66E4CAD6E511
203008,53008,Credit Card,Success,94051.55,2024-07-26 00:16:00,TXN-9A2CBB2A2F4E77
203009,53009,NetBanking,Success,5610.71,2024-06-08 00:14:00,TXN-A153953F4247E4
203010,53010,Debit Card,Success,372.34,2023-10-29 00:16:00,TXN-484469841E3547
203011,53011,Cash on Delivery,Success,5679.26,2024-10-14 00:23:00,TXN-05A600F4749888
203012,53012,Debit Card,Success,105199.9,2025-01-28 00:53:00,TXN-81A36E9E1BA801
203013,53013,Cash on Delivery,Refunded,36095.32,2022-01-31 01:39:00,TXN-BE5A4897156642
203014,53014,Cash on Delivery,Success,125054.1,2025-05-03 01:49:00,TXN-B65567412D3C5C
203015,53015,UPI,Success,57402.8,2024-11-23 01:31:00,TXN-9BC11EE42279F1
203016,53016,Cash on Delivery,Success,17388.16,2022-11-01 00:56:00,TXN-9155F860175BB7
203017,53017,NetBanking,Success,30379.87,2024-03-17 00:19:00,TXN-C72BE7E17AEE4D
203018,53018,NetBanking,Success,1847.22,2022-02-09 00:59:00,TXN-0666C0D6B0CE04
203019,53019,Credit Card,Success,235778.71,2022-01-24 01:32:00,TXN-73EA130A7A43D5
203020,53020,NetBanking,Success,4899.77,2023-03-25 01:23:00,TXN-4DB4533D98F267
203021,53021,Credit Card,Success,8555.64,2024-07-02 01:49:00,TXN-82353CC1C5A6D2
203022,53022,Cash on Delivery,Success,17634.08,2023-07-09 01:26:00,TXN-638ECFFE220176
203023,53023,Debit Card,Success,5931.42,2024-03-11 01:54:00,TXN-50EC5BF62CBD4A
203024,53024,Credit Card,Success,37492.96,2025-04-09 00:54:00,TXN-2C2B402007DDEA
203025,53025,UPI,Success,7493.24,2024-01-09 00:40:00,TXN-15F77FEE62B6CA
203026,53026,PayPal,Success,8551.57,2025-03-21 01:19:00,TXN-F9ACAF75BF9977
203027,53027,UPI,Success,7059.04,2024-03-28 01:19:00,TXN-E468384632DD53
203028,53028,Credit Card,Success,4984.96,2024-04-25 00:58:00,TXN-37FBD9E51CFE56
203029,53029,Credit Card,Success,5138.19,2025-11-25 01:29:00,TXN-9425CB90120703
203030,53030,NetBanking,Success,1634.88,2023-07-26 00:46:00,TXN-53489C6615E7A4
203031,53031,PayPal,Success,44443.53,2022-09-28 00:08:00,TXN-F9167527461D81
203032,53032,UPI,Success,29061.75,2023-08-20 01:50:00,TXN-1A2AC67B370794
203033,53033,PayPal,Failed,8101.6,2023-10-28 01:46:00,TXN-126616945A3597
203034,53034,Credit Card,Success,12169.87,2022-07-02 01:05:00,TXN-4BCA099D9BBD06
203035,53035,NetBanking,Failed,12778.65,2023-06-11 01:13:00,TXN-6CB8A73AF979EF
203036,53036,NetBanking,Success,113709.33,2023-10-02 01:32:00,TXN-BD974F664C1875
203037,53037,Credit Card,Success,12147.83,2025-08-17 00:22:00,TXN-1D3243E086FDB0
203038,53038,PayPal,Success,17241.89,2026-03-08 01:16:00,TXN-966E483E91E5FD
203039,53039,NetBanking,Success,25583.32,2024-11-04 00:53:00,TXN-3F3D941F87EA2E
203040,53040,Debit Card,Success,43808.09,2023-09-15 00:49:00,TXN-FF94B312DAFE22
203041,53041,PayPal,Success,11473.0,2022-03-17 01:32:00,TXN-CF8FEA62C4EF1D
203042,53042,Cash on Delivery,Success,8407.83,2023-01-04 01:03:00,TXN-CBB2A91744D49E
203043,53043,UPI,Success,32674.45,2023-12-02 00:09:00,TXN-A7DDC059D39BA8
203044,53044,UPI,Success,38941.76,2022-11-23 01:05:00,TXN-B23FAAB642BE0B
203045,53045,PayPal,Success,25746.57,2024-10-25 01:45:00,TXN-D9C4BCE560AA89
203046,53046,NetBanking,Failed,9985.12,2025-07-31 01:54:00,TXN-7D987F9F0FD683
203047,53047,PayPal,Success,11702.7,2024-03-09 00:51:00,TXN-DF3BEC490C76A2
203048,53048,Debit Card,Success,693.6,2025-12-27 01:51:00,TXN-D4C8EF16DECD3E
203049,53049,Cash on Delivery,Success,9668.61,2023-02-17 01:08:00,TXN-E5105737151028
203050,53050,Debit Card,Refunded,738.22,2024-05-20 00:31:00,TXN-A12D49990017E4
203051,53051,NetBanking,Success,1433.28,2023-10-15 01:12:00,TXN-49E594971BCD0A
203052,53052,Cash on Delivery,Success,3456.13,2025-08-25 01:32:00,TXN-14610CE59C6AAA
203053,53053,UPI,Success,3564.48,2024-11-07 00:25:00,TXN-C854C03EBE0320
203054,53054,NetBanking,Success,37501.25,2024-09-18 00:36:00,TXN-18E91B2B94B251
203055,53055,Debit Card,Success,42686.35,2026-04-15 01:30:00,TXN-5E5A3283DA1CBE
203056,53056,Cash on Delivery,Success,2366.68,2024-05-03 00:47:00,TXN-6375A2AB4E84CD
203057,53057,Credit Card,Success,15786.81,2023-02-20 01:04:00,TXN-FE31566C4E1E0F
203058,53058,Debit Card,Success,10152.98,2022-06-26 00:42:00,TXN-9F51A42FEB1C74
203059,53059,UPI,Success,36448.06,2026-06-07 00:01:00,TXN-FEC8633591C087
203060,53060,Cash on Delivery,Success,16508.55,2024-08-22 01:53:00,TXN-CDAF0933B7AD84
203061,53061,NetBanking,Success,1659.74,2024-12-24 00:44:00,TXN-72C853D79C20EA
203062,53062,UPI,Success,1360.29,2025-09-29 01:27:00,TXN-C0ED72591AF4C4
203063,53063,NetBanking,Success,1851.08,2023-04-25 01:25:00,TXN-87FA2C1C2916A2
203064,53064,UPI,Success,1277.35,2022-12-14 01:54:00,TXN-BE710F9DB48796
203065,53065,NetBanking,Success,76322.67,2024-03-25 00:08:00,TXN-229B0C9A769AD4
203066,53066,PayPal,Success,32380.4,2024-11-13 01:20:00,TXN-8037AD8D90B445
203067,53067,UPI,Success,17666.79,2026-01-08 00:08:00,TXN-9F9647D55AAA23
203068,53068,PayPal,Success,27233.28,2026-04-25 00:06:00,TXN-81C8100CF9E324
203069,53069,NetBanking,Success,3851.83,2024-03-31 01:41:00,TXN-1323D451BBC830
203070,53070,Debit Card,Success,594.98,2023-12-01 00:49:00,TXN-7E0F194530AD25
203071,53071,Credit Card,Success,10930.52,2022-06-25 01:13:00,TXN-3FB5B8F1E6B98E
203072,53072,Cash on Delivery,Success,8330.18,2024-03-25 00:56:00,TXN-4B34340DBA00F1
203073,53073,Debit Card,Success,59568.03,2024-03-16 00:33:00,TXN-3960B9E2C6883A
203074,53074,Credit Card,Success,755.61,2025-02-04 01:22:00,TXN-37C34916D035F5
203075,53075,Debit Card,Success,4225.83,2025-03-14 01:17:00,TXN-E03FD15804C7AD
203076,53076,UPI,Success,1166.42,2022-02-23 00:44:00,TXN-EBA5311C42DDF1
203077,53077,PayPal,Success,94373.68,2023-08-09 00:43:00,TXN-647E4B069112F1
203078,53078,NetBanking,Success,8817.04,2026-05-21 01:26:00,TXN-9EC91072C1C064
203079,53079,Debit Card,Success,29130.02,2022-08-28 00:47:00,TXN-D258867E9BDD5F
203080,53080,UPI,Success,65277.44,2026-02-19 01:49:00,TXN-78F1E49D5AFDD4
203081,53081,UPI,Success,27987.08,2026-03-30 00:55:00,TXN-1AA0CF447C07A5
203082,53082,Debit Card,Success,39986.91,2022-09-15 00:43:00,TXN-662D4FF04F8557
203083,53083,Cash on Delivery,Success,35571.68,2023-01-31 00:40:00,TXN-362E3471DBB66B
203084,53084,NetBanking,Success,11644.74,2022-08-28 01:38:00,TXN-3E9C9C9DF39E39
203085,53085,PayPal,Success,7923.21,2025-07-21 01:47:00,TXN-7B2D3F580A78EE
203086,53086,PayPal,Refunded,21326.56,2023-06-22 01:15:00,TXN-462776C3969AD9
203087,53087,Debit Card,Success,47976.44,2024-09-10 01:33:00,TXN-CF22A6BF706682
203088,53088,UPI,Success,42162.78,2023-01-29 01:03:00,TXN-C09C51F1A1284F
203089,53089,Credit Card,Refunded,669.69,2025-02-18 00:40:00,TXN-AB5C7B81AF027D
203090,53090,Credit Card,Success,18938.35,2022-03-05 01:35:00,TXN-75878AE2BDD294
203091,53091,NetBanking,Success,7182.34,2023-12-06 01:17:00,TXN-A18D2C3F265F38
203092,53092,NetBanking,Success,71156.89,2025-05-06 00:04:00,TXN-F32AC70D1DD263
203093,53093,Debit Card,Success,23429.62,2022-02-25 01:24:00,TXN-534E8DC7A3C246
203094,53094,UPI,Success,1996.39,2024-10-06 00:26:00,TXN-9D324C66611DB4
203095,53095,PayPal,Refunded,131872.12,2025-07-15 01:10:00,TXN-47008C792DBAD2
203096,53096,UPI,Refunded,32662.18,2025-08-17 00:13:00,TXN-D2814250605E6D
203097,53097,UPI,Success,37683.14,2026-02-08 00:13:00,TXN-6CADFBCCB851A4
203098,53098,Cash on Delivery,Success,6893.58,2025-03-04 01:40:00,TXN-5EA099DACE13D4
203099,53099,Cash on Delivery,Success,1867.76,2024-03-22 00:47:00,TXN-B92CB92893CC0B
203100,53100,Cash on Delivery,Failed,24858.38,2024-11-05 01:29:00,TXN-5BE78A06164881
203101,53101,Credit Card,Success,157929.74,2025-04-23 00:20:00,TXN-02A855296560F8
203102,53102,Credit Card,Success,8779.23,2025-02-04 00:59:00,TXN-E9B68031E914BF
203103,53103,Cash on Delivery,Success,2438.6,2025-02-02 00:16:00,TXN-6BE519CDE9D974
203104,53104,NetBanking,Success,9552.07,2023-10-17 00:10:00,TXN-B3C9F85F02E57A
203105,53105,Cash on Delivery,Success,56663.16,2022-01-05 01:49:00,TXN-E1CDDBA48B7179
203106,53106,UPI,Success,16107.48,2022-10-04 00:42:00,TXN-DDE608101B6CBD
203107,53107,Credit Card,Success,9687.25,2025-03-17 02:00:00,TXN-F6F55DFC248839
203108,53108,PayPal,Success,7147.04,2026-01-07 00:33:00,TXN-4B77D05D0FFAFF
203109,53109,UPI,Success,711.18,2024-06-02 01:37:00,TXN-6B89D785B7BF9D
203110,53110,Credit Card,Success,53532.19,2024-04-11 00:10:00,TXN-41DDA4F7ACAB41
203111,53111,NetBanking,Success,66088.64,2023-03-01 01:24:00,TXN-12FCCCDF3AD60E
203112,53112,Debit Card,Success,3509.93,2023-01-18 00:23:00,TXN-B4AEEECC1105E6
203113,53113,Cash on Delivery,Success,392062.73,2026-03-16 00:02:00,TXN-37E4DA24AAAF4B
203114,53114,Credit Card,Success,26952.9,2024-01-23 00:04:00,TXN-47815231C96DEE
203115,53115,UPI,Success,54359.16,2023-01-14 00:44:00,TXN-98EE951B1635F7
203116,53116,Credit Card,Success,31788.82,2023-10-01 01:02:00,TXN-C533DFE20CC8E7
203117,53117,Debit Card,Success,11800.32,2023-09-18 00:50:00,TXN-1464E3FB5FD060
203118,53118,Debit Card,Success,11139.89,2025-08-31 00:14:00,TXN-09B35E3DE2C27F
203119,53119,Debit Card,Success,12820.07,2026-04-10 00:36:00,TXN-13330E6BB5F8B3
203120,53120,UPI,Success,46679.73,2022-02-02 00:24:00,TXN-4E20B669EE83BC
203121,53121,NetBanking,Success,13793.16,2024-08-10 01:01:00,TXN-FE0D9ED4ACE576
203122,53122,PayPal,Success,12285.54,2022-09-17 02:00:00,TXN-9C2E3FF21516FD
203123,53123,UPI,Success,102356.56,2023-12-21 01:20:00,TXN-8339E8F2E6C8FD
203124,53124,Credit Card,Success,9350.48,2022-12-10 01:19:00,TXN-758CE2DBB2725F
203125,53125,Cash on Delivery,Success,22864.8,2023-10-06 00:48:00,TXN-F62A42B086C343
203126,53126,NetBanking,Success,24655.91,2023-04-03 01:55:00,TXN-A3C69A25A2602F
203127,53127,NetBanking,Success,53814.0,2024-04-11 00:15:00,TXN-33AE486971DF92
203128,53128,PayPal,Success,4466.24,2024-12-15 00:08:00,TXN-CF34736FCFF586
203129,53129,UPI,Success,37606.92,2022-08-29 00:17:00,TXN-F496DEA46BD7E3
203130,53130,Cash on Delivery,Success,1152.46,2022-12-31 00:49:00,TXN-0E66AD260A49F2
203131,53131,Credit Card,Success,80678.51,2023-02-27 01:54:00,TXN-B7B61EE43E3C69
203132,53132,PayPal,Success,67711.2,2024-10-16 00:33:00,TXN-AF87F936B73468
203133,53133,Credit Card,Success,78301.55,2023-04-19 01:09:00,TXN-D5F7E1248F3121
203134,53134,PayPal,Success,12355.15,2022-05-19 01:35:00,TXN-7767225EE88A5F
203135,53135,Cash on Delivery,Success,103355.67,2022-09-14 01:07:00,TXN-DDC59456FDC7E7
203136,53136,Debit Card,Success,3470.13,2024-11-30 01:42:00,TXN-271DDF346FD876
203137,53137,Credit Card,Success,5917.89,2026-04-21 01:33:00,TXN-6D8B94E7B83DC3
203138,53138,UPI,Success,57710.01,2026-01-12 00:14:00,TXN-8F305D449B18F4
203139,53139,NetBanking,Success,55089.87,2023-12-21 00:58:00,TXN-3ABC74A4BB4249
203140,53140,NetBanking,Success,1338.33,2022-04-18 01:01:00,TXN-14638081E72763
203141,53141,Cash on Delivery,Success,626.29,2023-12-29 00:35:00,TXN-4AD0C787DA9BBF
203142,53142,UPI,Success,17100.24,2022-11-13 00:10:00,TXN-02E5FB6E8AF6D8
203143,53143,Cash on Delivery,Success,1152.48,2025-03-15 00:14:00,TXN-384C9032025015
203144,53144,Debit Card,Success,3855.29,2024-08-02 00:16:00,TXN-20ED7CC040A306
203145,53145,UPI,Success,187641.62,2024-03-09 01:26:00,TXN-5535B4BB50426A
203146,53146,NetBanking,Success,96137.43,2024-03-23 00:19:00,TXN-4774AAFDFC6157
203147,53147,NetBanking,Success,9410.42,2022-07-17 01:16:00,TXN-BC011008C6B493
203148,53148,UPI,Success,5715.09,2025-03-26 01:27:00,TXN-A1EDB566AF133D
203149,53149,Cash on Delivery,Success,4071.93,2022-12-31 00:06:00,TXN-A141CB3B4E134F
203150,53150,UPI,Success,14290.05,2022-12-11 00:22:00,TXN-8034DED848A9FD
203151,53151,Debit Card,Success,120134.39,2022-03-09 00:05:00,TXN-F2449E45374B0F
203152,53152,Debit Card,Failed,7705.24,2025-11-08 01:00:00,TXN-C344F0DB7CC342
203153,53153,PayPal,Success,881.1,2026-06-18 01:28:00,TXN-346E4281456AE8
203154,53154,NetBanking,Success,2978.29,2023-05-28 00:14:00,TXN-E983490878577B
203155,53155,PayPal,Success,38799.36,2024-01-21 01:14:00,TXN-22B5F058B5B579
203156,53156,Cash on Delivery,Success,4358.64,2022-09-05 01:38:00,TXN-9D7652228F122F
203157,53157,UPI,Success,29394.98,2025-10-02 00:34:00,TXN-47C72031ED47FB
203158,53158,Debit Card,Success,83859.97,2026-03-13 00:42:00,TXN-BDE35612DF9714
203159,53159,Cash on Delivery,Success,9595.75,2022-12-11 00:35:00,TXN-340DC75DE7B974
203160,53160,NetBanking,Success,5268.31,2024-03-24 01:34:00,TXN-C9D834CD70AD75
203161,53161,NetBanking,Success,14634.48,2023-01-17 01:06:00,TXN-4772FFF7D976A8
203162,53162,Credit Card,Success,1278.13,2023-12-13 00:52:00,TXN-C2FAAFAF1CCCC1
203163,53163,UPI,Success,2483.04,2022-10-13 00:10:00,TXN-CB0FBCD6C57682
203164,53164,Debit Card,Success,94994.45,2026-06-08 00:56:00,TXN-12EB08BDD16AD5
203165,53165,Debit Card,Success,3816.62,2025-04-13 01:01:00,TXN-604AABF2F9C64B
203166,53166,UPI,Success,138545.94,2025-07-25 00:54:00,TXN-38DE9E146EBC31
203167,53167,Debit Card,Success,11838.78,2022-02-21 01:12:00,TXN-8588C492DF8E8B
203168,53168,NetBanking,Success,1340.52,2023-03-31 00:37:00,TXN-7C186342339B1D
203169,53169,Cash on Delivery,Success,3842.56,2024-10-18 01:31:00,TXN-3ED7880D159F44
203170,53170,Debit Card,Success,89626.36,2025-03-14 01:34:00,TXN-5F602E5561BB75
203171,53171,PayPal,Success,26391.39,2024-03-20 01:47:00,TXN-FFEF1BB16E22C4
203172,53172,PayPal,Success,27169.16,2022-08-03 01:12:00,TXN-9FDDA0A68FBE89
203173,53173,UPI,Success,7285.26,2022-02-09 00:43:00,TXN-A213B8ABB8AD46
203174,53174,Cash on Delivery,Success,6053.34,2024-09-18 01:31:00,TXN-52E3803C86BF2D
203175,53175,UPI,Success,99862.3,2023-01-03 00:07:00,TXN-2F04F5F4148BA9
203176,53176,UPI,Success,1631.28,2025-06-20 00:47:00,TXN-DF5D28489683EB
203177,53177,Debit Card,Success,6657.15,2025-09-24 00:26:00,TXN-F561C24D98CBB2
203178,53178,UPI,Success,20618.97,2026-01-17 01:57:00,TXN-E6F47947464ADA
203179,53179,Debit Card,Success,93766.04,2025-10-25 01:35:00,TXN-8DC6FD4F84A86F
203180,53180,Credit Card,Success,17197.08,2025-12-24 01:40:00,TXN-7B32B088FDC5F7
203181,53181,Cash on Delivery,Success,95900.03,2024-06-05 01:52:00,TXN-E48D6A453D77FB
203182,53182,NetBanking,Success,26093.76,2024-01-09 00:52:00,TXN-6C2865CB6FD491
203183,53183,UPI,Success,8779.23,2022-10-10 01:28:00,TXN-28355A9E078625
203184,53184,Debit Card,Success,9184.87,2023-04-26 00:38:00,TXN-C9552E898BCF64
203185,53185,Cash on Delivery,Success,930.25,2024-05-06 01:56:00,TXN-3343C2E5012045
203186,53186,Cash on Delivery,Success,4895.06,2022-10-25 01:42:00,TXN-E344098CFB0FB0
203187,53187,NetBanking,Refunded,1462.48,2023-01-28 00:27:00,TXN-8C2448F3822CF6
203188,53188,UPI,Success,9173.31,2022-07-26 00:02:00,TXN-D9A1CFD29C33EE
203189,53189,UPI,Success,4083.49,2023-04-27 00:12:00,TXN-CC62306E6A4E6D
203190,53190,NetBanking,Success,46914.7,2025-08-24 00:10:00,TXN-F93618B08E8848
203191,53191,Debit Card,Refunded,97024.6,2025-07-19 00:32:00,TXN-67E700F36DA31D
203192,53192,PayPal,Refunded,4637.42,2024-11-02 00:19:00,TXN-36AB8D88E30F57
203193,53193,UPI,Success,4235.87,2022-03-08 00:45:00,TXN-BAA31E5A8BE05F
203194,53194,UPI,Success,60678.84,2025-02-14 00:13:00,TXN-5439EC45585063
203195,53195,NetBanking,Refunded,23120.94,2024-11-25 00:11:00,TXN-19D3EB5DA6EA43
203196,53196,Cash on Delivery,Success,6554.74,2022-01-23 01:42:00,TXN-CCE4E3A029D7B1
203197,53197,UPI,Success,1617.01,2024-02-23 00:31:00,TXN-0BF2D675522C58
203198,53198,PayPal,Success,100890.42,2022-08-10 00:55:00,TXN-603216CA161CCC
203199,53199,NetBanking,Success,18525.31,2022-04-18 01:11:00,TXN-AAFA38462900CC
203200,53200,Credit Card,Success,18869.05,2024-07-15 01:18:00,TXN-D744B3D0446FF8
203201,53201,Cash on Delivery,Success,35393.68,2024-01-15 01:56:00,TXN-B1B8B5448CE954
203202,53202,NetBanking,Success,1970.24,2023-04-10 00:54:00,TXN-0BB5FFB3707F74
203203,53203,Credit Card,Success,7581.36,2022-04-28 01:19:00,TXN-F529154D139C7A
203204,53204,PayPal,Success,1440.57,2024-04-16 01:37:00,TXN-A0CDDA91F37E0A
203205,53205,UPI,Failed,11880.07,2022-08-26 00:46:00,TXN-F3375E57ADD5AE
203206,53206,UPI,Success,63135.81,2025-06-18 01:32:00,TXN-652C99BCAA4136
203207,53207,Credit Card,Success,18931.29,2023-07-07 01:44:00,TXN-650BF6E38151F3
203208,53208,UPI,Refunded,3564.48,2023-03-11 01:59:00,TXN-5FFF3213D8C144
203209,53209,Credit Card,Success,4673.81,2024-05-20 01:18:00,TXN-35E4CBEAB575FD
203210,53210,Cash on Delivery,Success,6612.07,2025-12-12 01:47:00,TXN-F76155609A222C
203211,53211,NetBanking,Success,34373.56,2023-03-26 01:48:00,TXN-0C43D98504E275
203212,53212,Debit Card,Success,28135.1,2022-10-20 00:48:00,TXN-A599B63F5D42BA
203213,53213,Cash on Delivery,Success,9387.46,2024-06-01 00:01:00,TXN-DF240258993E2B
203214,53214,Cash on Delivery,Success,24623.81,2025-12-12 00:06:00,TXN-996C20F62A4786
203215,53215,PayPal,Success,17100.24,2026-02-25 00:19:00,TXN-F4DB33650AA6F8
203216,53216,UPI,Success,2812.1,2026-03-31 00:57:00,TXN-B185EC9466D603
203217,53217,Credit Card,Success,39592.45,2024-07-01 00:33:00,TXN-9E500124BE7F53
203218,53218,Debit Card,Success,20856.68,2024-10-09 00:26:00,TXN-1ACE761DCA4BDF
203219,53219,PayPal,Success,24653.56,2023-05-19 00:26:00,TXN-0AB696A7BCA14D
203220,53220,Cash on Delivery,Success,2177.62,2022-10-10 01:39:00,TXN-F2A78AAF80985F
203221,53221,Credit Card,Success,40639.0,2026-02-23 01:03:00,TXN-2216F1E182DBDE
203222,53222,Credit Card,Refunded,2307.17,2025-07-04 01:38:00,TXN-6BD91034A71A65
203223,53223,Credit Card,Success,23657.09,2024-07-18 01:54:00,TXN-3BC6D09049B2F2
203224,53224,Cash on Delivery,Success,4291.56,2025-03-11 01:26:00,TXN-98A472A77D031B
203225,53225,NetBanking,Success,54587.89,2022-06-23 01:57:00,TXN-545EA68AFBDE99
203226,53226,UPI,Success,4903.62,2022-10-15 01:25:00,TXN-6C655A0749CEF3
203227,53227,Debit Card,Success,18605.28,2025-05-25 01:07:00,TXN-F744CBF2292F69
203228,53228,Cash on Delivery,Success,6726.26,2025-03-04 00:34:00,TXN-FEE94CAE97C512
203229,53229,Credit Card,Success,7250.86,2022-04-28 01:18:00,TXN-F332857127E4C1
203230,53230,Debit Card,Success,4740.63,2022-02-18 01:14:00,TXN-79C63E057CF7D7
203231,53231,UPI,Success,12653.6,2022-07-03 01:10:00,TXN-DD3EE103E8A674
203232,53232,PayPal,Success,25193.67,2022-12-31 00:45:00,TXN-42F904472C8707
203233,53233,Cash on Delivery,Success,44385.23,2023-01-09 01:59:00,TXN-B12220531B15A7
203234,53234,PayPal,Success,35945.42,2025-10-21 01:50:00,TXN-25099DEBA7CCA8
203235,53235,Credit Card,Success,3113.5,2023-01-22 00:18:00,TXN-BA520AA98D79F2
203236,53236,Cash on Delivery,Success,8130.5,2026-03-13 00:36:00,TXN-75A1C0319A5FD2
203237,53237,PayPal,Success,2114.96,2023-04-16 00:59:00,TXN-0584F86828486A
203238,53238,Credit Card,Success,5502.85,2024-07-06 01:23:00,TXN-0839B7C62B5878
203239,53239,UPI,Success,16278.32,2025-05-28 00:54:00,TXN-E7F4AEE60D7BBC
203240,53240,UPI,Success,35983.43,2023-03-02 00:51:00,TXN-211C795AFFE5C5
203241,53241,NetBanking,Success,42463.04,2022-11-23 01:38:00,TXN-AFD44F58249AB7
203242,53242,NetBanking,Success,12403.52,2022-12-26 01:57:00,TXN-E584115DB40F1F
203243,53243,Credit Card,Success,8391.76,2024-06-13 00:42:00,TXN-E22AA54E6BC4AB
203244,53244,NetBanking,Refunded,3628.79,2024-01-19 01:51:00,TXN-2DA968DE1F7632
203245,53245,NetBanking,Success,32384.1,2024-02-06 01:05:00,TXN-423031271B40D6
203246,53246,Cash on Delivery,Success,843.68,2022-12-06 01:10:00,TXN-AF4879818052EE
203247,53247,Debit Card,Success,7430.58,2023-09-06 01:05:00,TXN-51E99F44FD8723
203248,53248,NetBanking,Success,13563.11,2023-01-11 00:43:00,TXN-F557EA34E08AB6
203249,53249,Debit Card,Success,2900.19,2025-07-13 01:39:00,TXN-FF4C3DF2CEFB83
203250,53250,NetBanking,Success,15360.15,2025-02-23 00:49:00,TXN-29FC5E88E2C3F2
203251,53251,UPI,Success,7795.96,2026-01-12 00:36:00,TXN-05ED7013BF709B
203252,53252,Cash on Delivery,Success,51711.96,2025-02-21 00:38:00,TXN-4623686FAF9DFC
203253,53253,PayPal,Success,178813.42,2025-05-19 01:32:00,TXN-CA941CCC9B1E1F
203254,53254,PayPal,Success,68044.34,2023-10-21 01:10:00,TXN-632985205012CF
203255,53255,Credit Card,Success,5066.1,2022-04-21 01:20:00,TXN-996C27A6A490DA
203256,53256,PayPal,Refunded,8365.18,2025-08-21 00:27:00,TXN-626A48C58E152F
203257,53257,UPI,Success,12971.72,2023-08-19 01:45:00,TXN-E14A67DFE30540
203258,53258,Credit Card,Success,16368.06,2023-01-18 01:18:00,TXN-CB5B2F938BB5B6
203259,53259,NetBanking,Success,39622.84,2024-07-26 01:47:00,TXN-9D0A33A47D37FE
203260,53260,PayPal,Success,13939.62,2024-02-16 00:36:00,TXN-A7958B24B7CBD8
203261,53261,Debit Card,Success,1861.3,2024-01-18 00:49:00,TXN-66338B641FF16B
203262,53262,PayPal,Success,11133.71,2026-05-10 01:20:00,TXN-80D7A3C0928B86
203263,53263,Cash on Delivery,Success,9996.44,2022-10-07 00:23:00,TXN-16D1DAB2434281
203264,53264,UPI,Success,60516.97,2022-02-09 01:16:00,TXN-FCCF7190E5976C
203265,53265,PayPal,Success,13662.08,2025-04-10 01:29:00,TXN-3C0D615B7CC491
203266,53266,Credit Card,Success,45817.26,2025-01-12 01:33:00,TXN-C679DD23F9B7EC
203267,53267,Credit Card,Success,23751.87,2024-08-27 00:19:00,TXN-EED996725A8FBC
203268,53268,Cash on Delivery,Success,797.85,2026-04-30 00:06:00,TXN-000E7FC5593923
203269,53269,PayPal,Success,46148.97,2022-05-21 01:40:00,TXN-14A0FA6E67A050
203270,53270,Credit Card,Success,4817.84,2022-07-20 01:43:00,TXN-DF464E38DCFCF2
203271,53271,Credit Card,Success,16593.16,2025-10-01 00:31:00,TXN-97C9FF6248CBFD
203272,53272,NetBanking,Success,30458.95,2023-07-19 01:14:00,TXN-148349D05BC2DD
203273,53273,Debit Card,Success,1045.72,2025-08-01 00:53:00,TXN-902F8113705F76
203274,53274,UPI,Success,16710.46,2022-11-29 00:37:00,TXN-51DE29DF1624D2
203275,53275,Debit Card,Success,1050.12,2022-07-09 00:14:00,TXN-7438FA5B597D65
203276,53276,Credit Card,Success,116680.99,2022-01-21 01:37:00,TXN-452F1B1EAE08F8
203277,53277,Cash on Delivery,Success,21356.31,2026-01-22 01:53:00,TXN-25C84EE1B74DCD
203278,53278,UPI,Success,99607.06,2022-02-25 01:35:00,TXN-E13DC338EC4452
203279,53279,Debit Card,Success,80006.88,2023-12-22 01:13:00,TXN-8E23B4DCB660CE
203280,53280,Cash on Delivery,Success,6680.81,2023-06-23 01:43:00,TXN-E7A98FABD4A85E
203281,53281,PayPal,Success,1339.76,2024-11-24 01:37:00,TXN-F3AA2DEF10288B
203282,53282,Credit Card,Success,9584.92,2026-06-21 00:33:00,TXN-D917BCED32BD91
203283,53283,Debit Card,Refunded,32834.15,2024-09-01 01:30:00,TXN-AF69555B6C33E7
203284,53284,NetBanking,Success,22887.01,2024-10-19 01:35:00,TXN-3871151C26D348
203285,53285,Credit Card,Success,407.29,2023-05-30 01:32:00,TXN-E37F6F48114974
203286,53286,Credit Card,Success,11671.69,2025-10-19 01:17:00,TXN-80A182371227FE
203287,53287,Cash on Delivery,Success,8256.29,2024-09-04 01:12:00,TXN-482E854DA8A313
203288,53288,NetBanking,Success,79940.74,2024-07-22 00:29:00,TXN-04237681E285DC
203289,53289,Cash on Delivery,Success,12544.37,2024-12-16 00:12:00,TXN-75FA68FAB7AAFE
203290,53290,UPI,Success,9532.85,2022-07-24 00:18:00,TXN-D757DD95E84489
203291,53291,Debit Card,Success,16825.86,2024-04-23 00:25:00,TXN-2EB6DFEB7D4304
203292,53292,UPI,Success,31204.08,2024-07-18 01:40:00,TXN-F7A21E149FBDF0
203293,53293,Cash on Delivery,Success,2799.16,2026-05-01 01:38:00,TXN-FF1528F8BA1284
203294,53294,Cash on Delivery,Success,1423.53,2024-02-10 01:04:00,TXN-68E738AEA962E1
203295,53295,Debit Card,Success,2902.25,2023-09-19 00:47:00,TXN-DF6CFD0CDE4C71
203296,53296,Credit Card,Refunded,32834.15,2025-01-10 01:05:00,TXN-5A710B872CE081
203297,53297,Debit Card,Success,34359.13,2023-01-02 00:05:00,TXN-845581DDD0C81C
203298,53298,Credit Card,Success,41789.1,2025-04-08 00:12:00,TXN-8C5EDD6006636F
203299,53299,PayPal,Success,24073.36,2024-08-07 00:07:00,TXN-BE1EECEEB73624
203300,53300,UPI,Refunded,21693.12,2023-08-31 00:12:00,TXN-FBA4D86D336BA8
203301,53301,UPI,Success,402122.11,2022-02-09 01:50:00,TXN-791A82C5AB12FC
203302,53302,PayPal,Success,2560.95,2025-08-01 00:10:00,TXN-FF4E7D0B3206B6
203303,53303,Debit Card,Refunded,32834.15,2022-04-08 01:01:00,TXN-B7A4A110D6211C
203304,53304,Debit Card,Success,29721.32,2022-08-20 00:49:00,TXN-762CCB7E6A1216
203305,53305,Debit Card,Success,3195.32,2022-02-20 01:27:00,TXN-10C3AF60359835
203306,53306,Cash on Delivery,Success,611.77,2022-11-09 01:27:00,TXN-785459E2BA3A2A
203307,53307,PayPal,Success,8285.36,2023-04-01 01:48:00,TXN-5B9BE22D0437DC
203308,53308,Credit Card,Success,14905.58,2023-11-24 00:36:00,TXN-2379FA4F340859
203309,53309,Cash on Delivery,Success,18805.1,2026-03-20 00:06:00,TXN-05F9C33D9976F6
203310,53310,PayPal,Success,60292.84,2024-05-24 01:20:00,TXN-0111C527183081
203311,53311,Debit Card,Success,4883.47,2023-03-31 01:54:00,TXN-C7638ECF6013C9
203312,53312,Credit Card,Success,1339.76,2024-01-29 00:12:00,TXN-C22AB61DE8C729
203313,53313,UPI,Success,12040.15,2026-02-27 01:55:00,TXN-A46D4306D2CA87
203314,53314,NetBanking,Failed,3621.77,2025-08-13 01:19:00,TXN-9834D75D57FD68
203315,53315,Cash on Delivery,Success,23566.69,2025-12-27 00:08:00,TXN-AC5D6B6A45EE81
203316,53316,PayPal,Success,10054.21,2023-09-14 00:42:00,TXN-FDCD1DA9B5A89A
203317,53317,Credit Card,Success,21299.54,2024-07-16 00:43:00,TXN-2ED95975F78FD2
203318,53318,Cash on Delivery,Refunded,23416.83,2024-04-07 01:56:00,TXN-01A84F1D1E362E
203319,53319,UPI,Success,5599.6,2023-08-04 00:22:00,TXN-4B14051C9C046D
203320,53320,UPI,Success,5644.43,2022-08-05 01:52:00,TXN-BFD12B08762DDF
203321,53321,Debit Card,Success,33369.47,2023-01-26 01:28:00,TXN-A099D861FF51E1
203322,53322,Cash on Delivery,Success,7343.38,2023-08-14 01:13:00,TXN-55E71A7FE9EC60
203323,53323,Credit Card,Success,15471.04,2023-08-15 00:50:00,TXN-9A21B6F9D11B94
203324,53324,Credit Card,Success,4271.2,2023-03-31 01:37:00,TXN-B2D1BB0FF87B03
203325,53325,PayPal,Success,965.6,2024-09-19 00:08:00,TXN-296A15DB4F1AE7
203326,53326,Debit Card,Success,43011.59,2026-06-26 00:58:00,TXN-0EEF31371BEA83
203327,53327,Debit Card,Success,44606.97,2024-10-01 00:17:00,TXN-0063DC426563CB
203328,53328,Credit Card,Success,7317.24,2025-11-12 01:08:00,TXN-28486485490D9A
203329,53329,Credit Card,Success,471.34,2023-05-15 01:58:00,TXN-679B59E83E6AE3
203330,53330,PayPal,Success,2609.04,2022-09-29 00:06:00,TXN-5B67463B353A8E
203331,53331,NetBanking,Success,41142.16,2026-03-07 01:48:00,TXN-F1E9CF810C386A
203332,53332,NetBanking,Success,2962.03,2022-08-14 00:30:00,TXN-C720475233A059
203333,53333,PayPal,Success,10232.64,2022-11-03 02:00:00,TXN-D2392D6BABF829
203334,53334,Credit Card,Success,3120.94,2024-03-01 01:52:00,TXN-BE9F7BBEAFCF2C
203335,53335,Debit Card,Success,6725.93,2023-11-01 01:31:00,TXN-798FEE7622EBEB
203336,53336,UPI,Refunded,8701.6,2022-11-17 00:34:00,TXN-719A6E1F8F3628
203337,53337,Cash on Delivery,Success,40299.33,2023-11-10 00:42:00,TXN-6D4D245E71EB18
203338,53338,Credit Card,Refunded,69127.84,2024-10-16 00:54:00,TXN-EAE1E9383F9A03
203339,53339,PayPal,Success,711.18,2026-02-08 01:36:00,TXN-3AB72BF2EA2C88
203340,53340,NetBanking,Failed,15624.68,2024-10-18 00:58:00,TXN-EA986EC520F8B9
203341,53341,PayPal,Success,14578.48,2024-02-14 01:17:00,TXN-51937A308FE3DF
203342,53342,PayPal,Success,22519.38,2025-07-29 01:49:00,TXN-70BC5C57582B27
203343,53343,Cash on Delivery,Success,1959.86,2024-04-13 00:58:00,TXN-912E8E36D824A8
203344,53344,Debit Card,Success,18401.1,2023-06-06 00:19:00,TXN-3A03C8FF6FCA3E
203345,53345,UPI,Success,35813.62,2022-12-22 00:55:00,TXN-6B4B4E9E08CAE2
203346,53346,Credit Card,Success,28385.3,2025-07-10 01:49:00,TXN-E7EE2BEE570C02
203347,53347,Debit Card,Success,353541.25,2024-05-01 00:40:00,TXN-5065D6BA75AFF0
203348,53348,Debit Card,Success,44813.18,2026-01-21 01:40:00,TXN-442488D93D3CC8
203349,53349,PayPal,Success,63323.85,2026-02-12 01:11:00,TXN-A960F82639B844
203350,53350,UPI,Success,1206.43,2023-04-22 01:27:00,TXN-F868FC4D32E37C
203351,53351,Cash on Delivery,Success,12181.16,2022-01-17 01:39:00,TXN-1642DD4482CBCF
203352,53352,PayPal,Success,806.75,2024-02-19 00:10:00,TXN-6D0AD20C53EAD5
203353,53353,Debit Card,Success,34559.22,2024-08-05 00:16:00,TXN-D46777249DFCFF
203354,53354,NetBanking,Success,33172.32,2022-05-12 00:43:00,TXN-6E00968B3BC364
203355,53355,PayPal,Success,482.25,2022-10-27 00:23:00,TXN-5259B865064A6D
203356,53356,NetBanking,Success,56615.79,2022-12-04 00:11:00,TXN-39870B2AA5EF79
203357,53357,Debit Card,Success,189219.55,2023-01-16 01:05:00,TXN-19DDB19D75575D
203358,53358,UPI,Success,13239.6,2026-01-30 01:57:00,TXN-D1CC62B5F3EEDE
203359,53359,PayPal,Success,1965.18,2023-12-30 01:16:00,TXN-9DC516ADC188CF
203360,53360,PayPal,Success,4673.01,2022-11-28 01:10:00,TXN-BB118FD4D4BEFD
203361,53361,UPI,Success,12884.95,2026-06-22 00:20:00,TXN-3C4C2420E3FC43
203362,53362,UPI,Success,17654.99,2022-08-19 00:48:00,TXN-BCAC055D78F383
203363,53363,Cash on Delivery,Success,2560.95,2025-08-21 00:56:00,TXN-27C72FED5C037B
203364,53364,Cash on Delivery,Success,17467.11,2026-05-27 00:45:00,TXN-F83E0F128B0DB0
203365,53365,NetBanking,Success,1805.43,2023-11-17 01:26:00,TXN-9CAFABA5CDDC82
203366,53366,Credit Card,Success,3764.33,2022-12-26 00:16:00,TXN-ABE021E8B2E862
203367,53367,Debit Card,Success,1294.32,2026-02-20 00:47:00,TXN-0810AC698A7452
203368,53368,Credit Card,Success,11410.98,2022-10-18 00:59:00,TXN-F82A2CD3FBD626
203369,53369,Debit Card,Refunded,84585.99,2023-10-25 00:43:00,TXN-D86C53FC81674E
203370,53370,Credit Card,Success,32550.76,2024-09-18 00:56:00,TXN-4EB29438A9E2DC
203371,53371,Debit Card,Success,20020.31,2022-01-01 01:26:00,TXN-BB41C51ECD842E
203372,53372,PayPal,Success,1966.06,2023-11-08 00:57:00,TXN-00138EBEC5203D
203373,53373,Cash on Delivery,Success,10205.76,2023-12-26 01:10:00,TXN-7C150D4DD1880F
203374,53374,PayPal,Success,3333.39,2026-02-20 00:31:00,TXN-BE1D3B3CD5196E
203375,53375,Debit Card,Success,1654.49,2022-06-21 00:50:00,TXN-2A39205CA4BEBD
203376,53376,NetBanking,Success,2349.31,2022-07-23 00:32:00,TXN-1E568918F680AE
203377,53377,Debit Card,Success,1095.66,2024-01-27 01:29:00,TXN-2EAEA68C6962B5
203378,53378,Cash on Delivery,Success,153473.6,2024-06-20 00:38:00,TXN-05B144A2D52CE5
203379,53379,UPI,Refunded,916.44,2023-10-21 01:41:00,TXN-ECC82012478851
203380,53380,Cash on Delivery,Success,25845.26,2026-04-13 01:54:00,TXN-F7206F00A6FFA2
203381,53381,Debit Card,Success,10613.41,2026-03-13 00:26:00,TXN-CB499A91C8FEDF
203382,53382,Credit Card,Success,140497.28,2024-01-22 00:59:00,TXN-164793A0003BC6
203383,53383,Credit Card,Success,18402.33,2023-11-21 01:06:00,TXN-B826517DAAA57C
203384,53384,UPI,Success,91264.82,2022-10-31 00:09:00,TXN-D5D86EE2AE7F16
203385,53385,Credit Card,Success,25784.69,2022-01-29 01:53:00,TXN-F4C43E56289E9E
203386,53386,PayPal,Success,25371.73,2025-11-06 01:16:00,TXN-C74AF5C19904B4
203387,53387,Credit Card,Success,1687.84,2025-02-18 00:53:00,TXN-417104A7B4799E
203388,53388,Credit Card,Refunded,3973.46,2024-12-10 01:06:00,TXN-3489FFF5DBDAB0
203389,53389,Debit Card,Success,19017.67,2024-06-01 01:28:00,TXN-B4870997948D8B
203390,53390,Credit Card,Success,10291.01,2022-12-11 00:31:00,TXN-551791B773B97F
203391,53391,NetBanking,Success,119085.87,2026-06-13 01:25:00,TXN-5D5A9A6A529BEA
203392,53392,NetBanking,Success,13532.34,2024-11-28 00:28:00,TXN-FCFC0599123965
203393,53393,UPI,Success,11451.0,2022-12-14 00:04:00,TXN-1A807F53FE992B
203394,53394,NetBanking,Success,12990.65,2024-04-03 00:42:00,TXN-1BC4C1F8A5CEBA
203395,53395,NetBanking,Success,15552.04,2026-03-06 00:28:00,TXN-945759F502E5FB
203396,53396,Debit Card,Success,8346.24,2025-09-12 01:39:00,TXN-B4B795AC57E932
203397,53397,PayPal,Success,7910.63,2023-03-02 01:58:00,TXN-3537A33CF6E8FD
203398,53398,Cash on Delivery,Success,35470.85,2023-03-25 01:59:00,TXN-55153A894778EA
203399,53399,NetBanking,Success,76685.6,2023-05-25 00:54:00,TXN-86E804F0C4045E
203400,53400,Credit Card,Success,108783.25,2024-05-13 00:05:00,TXN-A3BAB4618B3859
203401,53401,Credit Card,Success,5612.36,2025-11-01 01:07:00,TXN-CD6F31C8258BC2
203402,53402,UPI,Refunded,3166.72,2022-04-23 01:06:00,TXN-23342E84D8322E
203403,53403,Credit Card,Success,7973.83,2025-11-02 01:48:00,TXN-468DC0700373F3
203404,53404,Cash on Delivery,Success,44676.01,2023-07-01 01:53:00,TXN-F217D6278E4317
203405,53405,UPI,Success,1171.94,2025-04-04 00:54:00,TXN-4F3F2AC1CF382B
203406,53406,PayPal,Success,17302.48,2025-06-07 01:43:00,TXN-75130F7BB620D4
203407,53407,Credit Card,Success,185531.44,2025-01-08 00:30:00,TXN-253D918C7DA050
203408,53408,UPI,Success,14200.77,2023-11-09 00:13:00,TXN-633D013CCCDA1B
203409,53409,Debit Card,Success,5677.52,2022-12-11 00:28:00,TXN-C48AAA621184BC
203410,53410,Cash on Delivery,Success,2439.21,2025-02-26 01:37:00,TXN-AB37FF5FA8B297
203411,53411,Cash on Delivery,Success,10011.18,2025-11-12 01:13:00,TXN-0469B4F8CD53DF
203412,53412,PayPal,Success,1071.81,2025-04-24 00:57:00,TXN-ABAED0AF3EC604
203413,53413,Cash on Delivery,Success,14566.93,2025-11-23 01:50:00,TXN-C81438B1C8AD72
203414,53414,PayPal,Success,39811.3,2025-07-16 01:46:00,TXN-F3F56B3D0BC1A0
203415,53415,Credit Card,Success,37343.78,2025-04-15 00:05:00,TXN-AB39E345B3AFA6
203416,53416,Cash on Delivery,Failed,29899.37,2025-03-27 00:28:00,TXN-13B814318331E5
203417,53417,Cash on Delivery,Success,34807.65,2023-05-14 00:57:00,TXN-6C5A919067E65C
203418,53418,UPI,Success,4321.78,2025-03-18 01:34:00,TXN-105E56BCACDB9D
203419,53419,UPI,Success,5371.45,2025-08-07 01:10:00,TXN-414C6CA10082DB
203420,53420,Cash on Delivery,Success,2771.41,2025-12-22 02:00:00,TXN-92DB32D663E771
203421,53421,Cash on Delivery,Success,6333.44,2024-05-13 02:00:00,TXN-C7FFE195B3A517
203422,53422,Debit Card,Success,18695.4,2022-06-14 01:02:00,TXN-0DBD9BF939A3F6
203423,53423,PayPal,Success,17125.17,2024-09-18 00:56:00,TXN-CB3BB979A50437
203424,53424,NetBanking,Success,677.87,2023-03-15 00:16:00,TXN-94158D667515E6
203425,53425,NetBanking,Success,1490.67,2025-04-24 00:01:00,TXN-A7833E7E2E9BFA
203426,53426,NetBanking,Success,981.28,2024-09-29 01:40:00,TXN-C5AF86633D8EC2
203427,53427,Credit Card,Success,2798.72,2023-09-19 00:29:00,TXN-1A6D0F96710EB1
203428,53428,PayPal,Success,38932.73,2024-10-22 00:40:00,TXN-9773BF08C42A76
203429,53429,Debit Card,Success,21439.63,2025-09-10 01:30:00,TXN-C7133D0D82CC27
203430,53430,NetBanking,Success,4923.42,2026-01-18 00:04:00,TXN-AFD723E5372D1E
203431,53431,Credit Card,Success,129311.9,2024-08-21 00:29:00,TXN-9B7B2ED6A9EE4C
203432,53432,NetBanking,Refunded,1617.01,2023-12-10 00:40:00,TXN-EB16AB1A665AAF
203433,53433,Cash on Delivery,Success,84647.32,2026-06-22 00:55:00,TXN-BF9FCE19551598
203434,53434,Cash on Delivery,Success,15084.04,2025-09-08 01:05:00,TXN-A157F1480483FF
203435,53435,PayPal,Success,8987.61,2022-05-24 01:27:00,TXN-A4CDF382DC02BA
203436,53436,Cash on Delivery,Success,17187.57,2022-08-20 00:29:00,TXN-302384B5D80A2F
203437,53437,NetBanking,Success,20603.2,2026-04-18 01:07:00,TXN-A423FBB439C41F
203438,53438,NetBanking,Success,606.52,2022-11-03 01:09:00,TXN-A3EFDD911E4065
203439,53439,Cash on Delivery,Success,12501.0,2024-02-15 01:19:00,TXN-4ABE45AF343AFB
203440,53440,PayPal,Success,52385.87,2024-10-01 00:52:00,TXN-B19C19EA0943C5
203441,53441,Debit Card,Refunded,1294.32,2023-03-04 00:20:00,TXN-2EFCEEF2FA710C
203442,53442,Cash on Delivery,Success,47474.39,2024-06-07 00:57:00,TXN-3EF898B2F1716C
203443,53443,Cash on Delivery,Refunded,4158.36,2024-04-26 01:14:00,TXN-F7723A86137278
203444,53444,Debit Card,Success,5914.45,2024-05-31 00:50:00,TXN-F954F86A493978
203445,53445,NetBanking,Success,2272.34,2023-04-28 00:45:00,TXN-03090E98135ED7
203446,53446,Credit Card,Success,9328.01,2023-07-15 00:28:00,TXN-EC55A094829B52
203447,53447,Credit Card,Success,165642.63,2022-02-13 01:00:00,TXN-860180D6D9EAA2
203448,53448,NetBanking,Success,4648.75,2025-10-18 01:56:00,TXN-CAC3806A880C00
203449,53449,Credit Card,Success,32719.32,2025-03-10 00:40:00,TXN-A65BF9CF2520D6
203450,53450,NetBanking,Success,29467.15,2026-03-12 01:48:00,TXN-BEE7E6825E179B
203451,53451,Cash on Delivery,Success,744.68,2024-03-13 00:57:00,TXN-F60E3315A4CAE7
203452,53452,UPI,Success,3940.48,2022-11-26 02:00:00,TXN-E7692E40B18CBE
203453,53453,Credit Card,Success,4486.57,2022-03-11 01:50:00,TXN-8CCC4E36249137
203454,53454,Credit Card,Success,74200.36,2024-05-09 00:20:00,TXN-5CB7E77EB17EB5
203455,53455,UPI,Success,5137.47,2022-03-18 01:59:00,TXN-77BB851CEA1376
203456,53456,UPI,Success,62683.65,2025-04-13 00:56:00,TXN-996DB3A75FD6AD
203457,53457,Credit Card,Success,17274.1,2023-01-07 00:25:00,TXN-B2846F18AB3637
203458,53458,Credit Card,Success,61392.22,2025-03-17 00:41:00,TXN-87DC226B8BFEA0
203459,53459,NetBanking,Refunded,101693.55,2025-04-17 01:31:00,TXN-5EB012323A0B5A
203460,53460,Debit Card,Success,18688.52,2024-06-02 01:07:00,TXN-71430E21FF1F9A
203461,53461,PayPal,Success,20145.28,2022-03-26 00:30:00,TXN-D78F7E571161D6
203462,53462,PayPal,Success,2654.18,2022-05-22 01:18:00,TXN-7C3D1444E842F5
203463,53463,Credit Card,Success,6519.71,2025-03-03 01:05:00,TXN-EE21B0275BA242
203464,53464,Cash on Delivery,Success,10137.49,2024-02-25 01:10:00,TXN-66177669D45D84
203465,53465,UPI,Success,31387.7,2024-12-17 00:02:00,TXN-8013F85B398F76
203466,53466,UPI,Failed,19546.82,2025-01-18 00:59:00,TXN-76CF1ED50BD0A4
203467,53467,Credit Card,Success,12009.93,2024-03-28 01:15:00,TXN-9909FE3014EAFD
203468,53468,NetBanking,Success,13855.69,2023-07-12 00:51:00,TXN-FF33D81496DCA6
203469,53469,Credit Card,Success,9687.25,2024-02-10 01:47:00,TXN-CFC61E5E4EBE63
203470,53470,Debit Card,Success,4406.15,2025-08-11 01:46:00,TXN-536277C1E5F9C4
203471,53471,Credit Card,Refunded,1203.04,2025-12-03 01:31:00,TXN-554A89C7C64CD3
203472,53472,UPI,Success,12616.24,2022-11-09 00:24:00,TXN-FCC660592A88DE
203473,53473,NetBanking,Success,3816.99,2023-04-12 01:38:00,TXN-89E3CFBC9BD970
203474,53474,NetBanking,Success,90653.42,2024-09-20 00:28:00,TXN-12AA1C9166BC5D
203475,53475,NetBanking,Success,34200.48,2023-01-06 01:56:00,TXN-91BAA29BE453C1
203476,53476,Credit Card,Success,14257.92,2024-04-27 01:32:00,TXN-AD1A4CE2DEE2FC
203477,53477,Cash on Delivery,Success,41879.73,2025-03-25 01:44:00,TXN-E739248FBD1A04
203478,53478,Cash on Delivery,Success,4405.41,2025-01-11 01:58:00,TXN-1CA2AE405830B6
203479,53479,Credit Card,Refunded,127016.24,2024-12-22 00:05:00,TXN-C4D6C7AD1B6C4B
203480,53480,PayPal,Refunded,1862.28,2024-04-12 00:38:00,TXN-DCB93133F1F433
203481,53481,Credit Card,Success,82224.12,2025-09-28 00:22:00,TXN-FD87D1CEB48EB0
203482,53482,Cash on Delivery,Failed,28303.95,2023-07-31 01:23:00,TXN-F25E5BF3745FB8
203483,53483,Credit Card,Success,4385.56,2022-11-25 01:25:00,TXN-400BCE924961A1
203484,53484,UPI,Success,14484.87,2023-02-16 00:56:00,TXN-8862F610CAFEF1
203485,53485,UPI,Success,11301.08,2024-06-28 00:59:00,TXN-83AF848642BDD4
203486,53486,NetBanking,Success,2578.55,2023-01-28 01:12:00,TXN-5F61F77E1F69AD
203487,53487,UPI,Success,44497.84,2023-12-11 01:25:00,TXN-FA901F87EBE4F1
203488,53488,UPI,Success,9295.64,2025-07-23 00:58:00,TXN-BB62CCB197989C
203489,53489,NetBanking,Success,37002.86,2024-07-13 00:45:00,TXN-D33EE2D4715842
203490,53490,PayPal,Success,58031.51,2024-09-20 00:41:00,TXN-6514F4BFA55D5A
203491,53491,Cash on Delivery,Success,17665.13,2022-06-09 00:58:00,TXN-A973A546133FCB
203492,53492,Debit Card,Success,2177.62,2025-08-24 01:04:00,TXN-39B1B8249DD113
203493,53493,NetBanking,Success,82155.92,2023-01-03 00:30:00,TXN-AC7386EE039650
203494,53494,Credit Card,Success,17407.42,2024-11-26 01:03:00,TXN-99C6AA42213F51
203495,53495,Cash on Delivery,Success,6520.78,2024-09-13 01:24:00,TXN-EF1BFF4FB676AD
203496,53496,NetBanking,Success,3589.04,2026-05-06 00:23:00,TXN-BE649C0348A5C7
203497,53497,NetBanking,Success,13237.43,2026-01-27 01:32:00,TXN-78F5DF1F5E0F76
203498,53498,Credit Card,Success,27186.11,2025-08-28 00:49:00,TXN-62CFB1E7DBB36A
203499,53499,NetBanking,Success,3602.98,2024-01-03 00:30:00,TXN-9CCB44EA77CD12
203500,53500,UPI,Success,5342.03,2022-12-30 01:47:00,TXN-15AC5EDE29DC64
203501,53501,UPI,Success,2202.18,2025-08-22 00:27:00,TXN-EEA80ABB168806
203502,53502,Debit Card,Success,19612.9,2022-12-03 01:39:00,TXN-C4AA998F4F05C3
203503,53503,Credit Card,Success,17207.73,2022-07-17 01:19:00,TXN-423AA765BECB0B
203504,53504,Cash on Delivery,Success,2610.34,2024-07-27 01:30:00,TXN-4AC610111730E8
203505,53505,UPI,Success,36306.73,2024-03-03 01:54:00,TXN-35D10217241E49
203506,53506,PayPal,Success,37002.86,2022-03-25 00:34:00,TXN-9E8C55CC91FC7C
203507,53507,Debit Card,Success,61574.12,2024-08-05 00:20:00,TXN-72C78ABA9F0D1F
203508,53508,NetBanking,Success,8651.24,2024-09-15 00:46:00,TXN-1B90E35F032FD4
203509,53509,Credit Card,Success,8766.25,2022-07-29 01:35:00,TXN-2AF728A1773B46
203510,53510,Cash on Delivery,Success,33846.23,2022-09-19 01:40:00,TXN-B5A654125F9721
203511,53511,UPI,Success,797.85,2023-01-01 01:27:00,TXN-0324813F4788CF
203512,53512,PayPal,Success,10736.03,2026-03-26 00:55:00,TXN-FB5C15C2A84752
203513,53513,Credit Card,Success,6521.84,2023-02-15 01:20:00,TXN-D1822F003B3EE0
203514,53514,PayPal,Success,117056.31,2023-12-01 01:33:00,TXN-E9878F42E639BB
203515,53515,NetBanking,Success,1317.81,2025-12-30 01:40:00,TXN-0BD950488D94AB
203516,53516,Credit Card,Success,32834.15,2022-08-04 00:21:00,TXN-4A55941094B975
203517,53517,Debit Card,Success,11092.98,2026-01-05 00:25:00,TXN-26F1FF448838C7
203518,53518,NetBanking,Success,125359.48,2023-06-16 01:03:00,TXN-65E9A70A0DFBA4
203519,53519,Cash on Delivery,Success,10064.46,2024-10-08 01:28:00,TXN-BF584BFD801CD8
203520,53520,Cash on Delivery,Success,3624.55,2023-12-29 01:13:00,TXN-D03D9847E0292A
203521,53521,NetBanking,Success,22565.72,2022-03-13 01:12:00,TXN-B21B3EFAFC247B
203522,53522,PayPal,Success,55804.39,2025-08-01 00:30:00,TXN-ECC5C122D757C5
203523,53523,NetBanking,Success,2124.38,2026-04-06 01:30:00,TXN-B6ED61E1363CE1
203524,53524,Credit Card,Refunded,18700.13,2025-03-11 01:54:00,TXN-77473D9AC82F1A
203525,53525,UPI,Success,21644.08,2023-08-18 00:12:00,TXN-061F39D131BF58
203526,53526,NetBanking,Success,6653.05,2024-10-09 00:27:00,TXN-92227F70621B3C
203527,53527,NetBanking,Success,16609.5,2022-12-06 00:53:00,TXN-29D30EC874C639
203528,53528,UPI,Success,46660.78,2024-06-05 01:30:00,TXN-58744885A3B793
203529,53529,UPI,Success,2957.97,2024-08-03 00:57:00,TXN-1590FA5C0CDB86
203530,53530,PayPal,Refunded,21326.22,2022-04-03 01:11:00,TXN-3370D7EF912855
203531,53531,Debit Card,Success,2764.13,2025-05-29 00:25:00,TXN-B45196700C571A
203532,53532,PayPal,Success,10082.74,2023-07-21 00:56:00,TXN-08E4FF69BE69DA
203533,53533,UPI,Refunded,66.59,2025-08-09 00:07:00,TXN-4DF97A23EE7EDC
203534,53534,UPI,Success,3916.08,2026-01-15 00:02:00,TXN-0D5B6EF59AE983
203535,53535,Cash on Delivery,Success,1693.15,2023-05-11 00:52:00,TXN-B6CC1D19802B29
203536,53536,UPI,Success,14618.41,2024-04-29 00:44:00,TXN-DE6C9AC227962C
203537,53537,PayPal,Success,10966.14,2026-01-22 01:30:00,TXN-FBA063065BC6EF
203538,53538,NetBanking,Success,1727.23,2024-03-30 01:05:00,TXN-7CF03D55638433
203539,53539,UPI,Success,87807.82,2025-03-10 01:54:00,TXN-5A78088890E422
203540,53540,Credit Card,Success,97166.6,2025-01-04 01:47:00,TXN-35ACCEBD3366B7
203541,53541,Debit Card,Success,26733.01,2025-06-29 01:26:00,TXN-126C66AFBFFFFC
203542,53542,NetBanking,Success,56709.3,2023-02-22 01:58:00,TXN-35EDB3859301D1
203543,53543,Credit Card,Success,1464.92,2023-01-04 00:42:00,TXN-08227DD41DCD20
203544,53544,Credit Card,Success,75376.56,2022-02-20 00:46:00,TXN-5122E8B378EE72
203545,53545,Debit Card,Success,3916.47,2024-10-27 00:19:00,TXN-1320C1070AF7F1
203546,53546,PayPal,Success,3050.68,2023-02-09 00:04:00,TXN-C358ABB3B27454
203547,53547,Cash on Delivery,Failed,1444.92,2025-08-30 01:04:00,TXN-DDA103F1BD918A
203548,53548,Cash on Delivery,Success,5152.69,2025-12-16 00:18:00,TXN-E8F386B25018B3
203549,53549,NetBanking,Success,11563.9,2023-10-28 00:46:00,TXN-A597CADBCF8870
203550,53550,UPI,Success,74016.47,2023-10-08 00:06:00,TXN-4E32E9AD3A250B
203551,53551,NetBanking,Success,9832.11,2024-07-31 00:26:00,TXN-81869BED4A9275
203552,53552,PayPal,Refunded,13209.34,2022-02-12 01:21:00,TXN-29D1FF2967BE8E
203553,53553,NetBanking,Refunded,34200.48,2024-04-26 00:34:00,TXN-DB0A9FCF88A627
203554,53554,PayPal,Success,2593.03,2023-08-07 00:56:00,TXN-DF46D5F846F91A
203555,53555,NetBanking,Success,68162.38,2024-03-09 01:19:00,TXN-2F2EBF7546D363
203556,53556,Cash on Delivery,Success,41980.62,2026-01-12 00:54:00,TXN-95014F7906D5FA
203557,53557,Credit Card,Success,40689.33,2022-09-05 01:50:00,TXN-C4B449474DE8A4
203558,53558,Debit Card,Success,6011.17,2023-09-24 01:10:00,TXN-14D0FB3E623D02
203559,53559,Debit Card,Refunded,2289.62,2023-10-31 01:48:00,TXN-4906D16D04F3BE
203560,53560,Credit Card,Success,13882.21,2024-07-27 01:27:00,TXN-B8FBB521637C7B
203561,53561,PayPal,Success,4155.6,2022-12-14 00:06:00,TXN-B57277AD5CB07A
203562,53562,Cash on Delivery,Success,2835.7,2023-11-18 01:53:00,TXN-088C1312C64101
203563,53563,NetBanking,Success,7317.24,2026-02-16 00:28:00,TXN-9536C1F6635BDC
203564,53564,Cash on Delivery,Success,1716.62,2025-08-24 01:14:00,TXN-2841C438148794
203565,53565,Debit Card,Success,85501.2,2022-07-19 00:19:00,TXN-3F33A4463592B5
203566,53566,Cash on Delivery,Success,61388.64,2023-02-24 00:16:00,TXN-EFCBB5B7485A8E
203567,53567,NetBanking,Refunded,110666.23,2026-04-15 00:50:00,TXN-BAFC595D3EA553
203568,53568,PayPal,Success,78469.26,2022-11-17 01:39:00,TXN-E15D48AB44972D
203569,53569,PayPal,Success,5102.88,2026-04-02 00:49:00,TXN-E4179D20D55DA2
203570,53570,Cash on Delivery,Success,1219.3,2023-02-10 01:27:00,TXN-90DD84A1BAC4EA
203571,53571,Credit Card,Success,10835.77,2025-07-26 00:09:00,TXN-B7683D53B3AB69
203572,53572,Credit Card,Success,1754.22,2022-01-10 01:15:00,TXN-DEB79E6CA5FDD2
203573,53573,NetBanking,Refunded,15719.63,2026-03-26 01:37:00,TXN-363FC3ADB08F1E
203574,53574,Credit Card,Success,8022.48,2023-11-27 01:46:00,TXN-59130DEC8B81BD
203575,53575,Credit Card,Success,10304.7,2025-03-14 01:42:00,TXN-1512E64ACA11B7
203576,53576,Credit Card,Success,21462.12,2025-10-12 01:07:00,TXN-0B78DA0649060F
203577,53577,Credit Card,Refunded,3038.53,2023-11-08 00:26:00,TXN-071A85796FD7AD
203578,53578,Cash on Delivery,Success,136028.07,2026-02-16 00:43:00,TXN-1F6CA9FE8D1221
203579,53579,NetBanking,Success,1776.67,2026-01-11 00:30:00,TXN-8612D7BFB38C01
203580,53580,NetBanking,Refunded,7633.24,2022-05-31 00:53:00,TXN-4A600B917892B8
203581,53581,Credit Card,Success,21374.7,2024-09-07 01:54:00,TXN-03EE9B06A884A7
203582,53582,PayPal,Success,29856.56,2025-08-21 00:48:00,TXN-1A26AB35D8006E
203583,53583,Cash on Delivery,Success,48665.91,2022-09-05 00:48:00,TXN-BAC1CCD860DE6F
203584,53584,Credit Card,Success,14128.31,2025-07-22 00:19:00,TXN-A14FE6C5392EE8
203585,53585,PayPal,Success,1064.74,2025-02-22 01:39:00,TXN-AA932DC3F78F95
203586,53586,Cash on Delivery,Success,7293.46,2022-07-03 01:32:00,TXN-522963B0E1F314
203587,53587,UPI,Refunded,39844.09,2022-01-04 01:48:00,TXN-14695B1C2707D5
203588,53588,UPI,Success,10305.38,2025-07-12 00:40:00,TXN-375811E4D62658
203589,53589,PayPal,Success,1156.71,2024-12-26 02:00:00,TXN-331154B3D768A6
203590,53590,PayPal,Success,3113.5,2026-04-07 00:29:00,TXN-9530BB3273171B
203591,53591,Cash on Delivery,Success,1705.39,2022-01-15 00:06:00,TXN-4E06882891960F
203592,53592,Credit Card,Success,4881.28,2026-05-09 00:50:00,TXN-BB81ABAC98A4C9
203593,53593,PayPal,Success,15203.79,2025-02-13 01:58:00,TXN-CB0F5627833D49
203594,53594,UPI,Success,1139.5,2024-11-14 00:33:00,TXN-87BFA7290315C4
203595,53595,Credit Card,Success,463.24,2023-10-31 01:42:00,TXN-7764D270041E0C
203596,53596,Cash on Delivery,Success,17601.27,2024-04-19 00:35:00,TXN-9E6A103F8922E1
203597,53597,PayPal,Refunded,8700.57,2023-08-27 00:04:00,TXN-E5709CCD52E6B8
203598,53598,NetBanking,Success,11157.56,2025-12-02 00:18:00,TXN-682FDA17D05260
203599,53599,Credit Card,Success,83610.77,2026-06-14 01:44:00,TXN-B34E22188DA494
203600,53600,NetBanking,Success,63826.27,2022-03-22 00:13:00,TXN-DB4686191C74B4
203601,53601,Debit Card,Refunded,24135.88,2026-06-12 01:54:00,TXN-BC206B593B99EA
203602,53602,Cash on Delivery,Success,6075.78,2026-01-17 01:32:00,TXN-2A03506532D68F
203603,53603,PayPal,Success,8247.76,2023-05-02 01:35:00,TXN-03CB837846D63F
203604,53604,Cash on Delivery,Success,339.36,2022-01-21 01:48:00,TXN-D2F6039233190A
203605,53605,Credit Card,Success,62154.82,2023-03-21 00:32:00,TXN-DFAD81FC391853
203606,53606,UPI,Success,22739.2,2024-05-10 00:06:00,TXN-2D66813DC76376
203607,53607,Cash on Delivery,Success,5353.16,2023-11-13 01:35:00,TXN-7F6C2F986BF98A
203608,53608,PayPal,Success,42243.49,2022-04-06 01:50:00,TXN-63482FB3D9E09D
203609,53609,UPI,Success,5593.14,2026-04-12 01:08:00,TXN-90138267F18E5C
203610,53610,NetBanking,Success,13485.41,2024-02-19 01:54:00,TXN-43C72AEED2BE97
203611,53611,Cash on Delivery,Success,11269.7,2025-12-23 00:39:00,TXN-BA37C8703C9B4D
203612,53612,Cash on Delivery,Success,114384.54,2023-01-04 00:12:00,TXN-E5979F1295E315
203613,53613,NetBanking,Success,2478.65,2022-07-17 00:05:00,TXN-CF940CC18D7D96
203614,53614,UPI,Success,7676.03,2024-12-28 00:38:00,TXN-188EDFE3AEC1DF
203615,53615,NetBanking,Success,63871.98,2022-06-14 00:08:00,TXN-00250049622105
203616,53616,Cash on Delivery,Success,22776.2,2026-01-04 00:23:00,TXN-B6697CA9E053D5
203617,53617,PayPal,Failed,3708.71,2022-06-03 01:34:00,TXN-7CAADEF28DBE89
203618,53618,Credit Card,Success,1377.03,2026-03-22 01:05:00,TXN-A55A176CE145E6
203619,53619,Credit Card,Success,18580.75,2023-05-11 01:51:00,TXN-BBEFE4E4AD6F9D
203620,53620,Cash on Delivery,Refunded,61205.17,2023-08-30 01:26:00,TXN-C781BA6F5B6726
203621,53621,PayPal,Success,2056.9,2024-08-25 01:23:00,TXN-907C1F6FE2A1C2
203622,53622,Cash on Delivery,Success,59312.28,2025-08-28 01:48:00,TXN-71C81150F66719
203623,53623,PayPal,Success,39641.26,2022-11-30 00:04:00,TXN-19F92D347DB566
203624,53624,UPI,Refunded,1219.3,2025-04-24 00:39:00,TXN-7AFAE89B5BE857
203625,53625,Debit Card,Success,60214.22,2024-05-23 00:03:00,TXN-FE508768A607B3
203626,53626,UPI,Success,8444.95,2023-10-16 00:25:00,TXN-8CFE37B07B866D
203627,53627,Cash on Delivery,Success,23610.04,2026-03-05 00:59:00,TXN-CB2750CDE53D5A
203628,53628,NetBanking,Success,19256.83,2023-03-20 01:58:00,TXN-DAE869EAB01D21
203629,53629,Debit Card,Success,1213.14,2024-09-01 01:47:00,TXN-AE4DA48C2ACA97
203630,53630,PayPal,Success,122410.34,2026-04-11 01:11:00,TXN-30B20DBDCE745C
203631,53631,UPI,Success,48665.91,2024-09-23 01:27:00,TXN-AB663473B5700A
203632,53632,UPI,Success,2929.84,2024-02-01 00:18:00,TXN-2DDB469728CAE9
203633,53633,Debit Card,Success,31760.1,2023-06-28 00:42:00,TXN-2D99C587396AD0
203634,53634,UPI,Success,16170.1,2024-08-14 01:12:00,TXN-78228D5BA83408
203635,53635,Cash on Delivery,Success,11355.04,2024-09-20 01:33:00,TXN-60AA68109DE908
203636,53636,NetBanking,Success,10131.54,2022-02-07 01:26:00,TXN-329AEB67A2BE8D
203637,53637,Credit Card,Success,7633.24,2024-12-04 00:43:00,TXN-0DE06258DB60F4
203638,53638,Debit Card,Success,8883.35,2025-09-23 01:46:00,TXN-5BA42AE5738EAB
203639,53639,Credit Card,Success,10275.1,2023-06-21 00:45:00,TXN-BD8364EAC0AC41
203640,53640,PayPal,Success,1313.3,2022-05-11 01:05:00,TXN-46A4ECFACDF63B
203641,53641,NetBanking,Success,10905.86,2025-06-30 01:44:00,TXN-83E38ECA20ECB3
203642,53642,Debit Card,Success,17838.3,2022-07-29 00:24:00,TXN-B406A17CD0DF89
203643,53643,NetBanking,Success,81988.5,2026-02-20 01:32:00,TXN-D8237B5F00C424
203644,53644,PayPal,Success,20894.55,2025-08-29 00:07:00,TXN-149A0EC59C883B
203645,53645,Cash on Delivery,Success,27616.89,2024-12-28 00:31:00,TXN-A3EF879142F150
203646,53646,PayPal,Refunded,66068.42,2026-01-27 01:45:00,TXN-D786579D682B53
203647,53647,Debit Card,Success,21784.21,2022-10-11 00:34:00,TXN-6DF93E389B0E27
203648,53648,PayPal,Success,9823.52,2025-06-03 00:08:00,TXN-8AC8BC2D588767
203649,53649,Debit Card,Success,3678.48,2022-02-27 01:59:00,TXN-1892A346CE7EC0
203650,53650,NetBanking,Success,22833.56,2024-04-10 00:23:00,TXN-0D0F191665C635
203651,53651,Credit Card,Success,114970.31,2023-09-08 01:16:00,TXN-A3EED6DF370B1A
203652,53652,Debit Card,Success,8640.93,2022-06-13 01:23:00,TXN-8481345F62B942
203653,53653,Debit Card,Success,12655.45,2022-06-10 01:03:00,TXN-4BE1CAE1588B41
203654,53654,Credit Card,Success,5834.51,2025-01-05 00:27:00,TXN-393B91B01A2DB0
203655,53655,Cash on Delivery,Success,97331.82,2026-01-25 00:37:00,TXN-A47A830E7E4145
203656,53656,Debit Card,Refunded,10558.56,2024-08-15 01:10:00,TXN-BE8CA881D689C1
203657,53657,Credit Card,Success,14578.48,2023-12-26 01:36:00,TXN-5790F05DE4D130
203658,53658,Debit Card,Success,121937.15,2025-01-06 00:12:00,TXN-739A0F0E492999
203659,53659,PayPal,Success,38624.48,2025-09-24 00:26:00,TXN-323C8D88F1D9CA
203660,53660,UPI,Success,1170.27,2025-11-12 01:00:00,TXN-8B1100F7B12A68
203661,53661,Cash on Delivery,Refunded,5757.45,2024-07-11 00:39:00,TXN-9429F7000E3E14
203662,53662,NetBanking,Success,6567.1,2024-08-18 01:43:00,TXN-0513774F032396
203663,53663,UPI,Success,3868.57,2023-03-08 01:17:00,TXN-EF6BDF29AAD520
203664,53664,Debit Card,Success,15471.04,2023-04-18 01:31:00,TXN-D1906FA6BCC46A
203665,53665,Cash on Delivery,Success,37877.29,2026-06-28 01:01:00,TXN-9CEB76EF4AF91A
203666,53666,Debit Card,Success,52774.89,2025-10-27 01:11:00,TXN-E6EC04BB40148C
203667,53667,Cash on Delivery,Refunded,13991.21,2022-11-29 01:13:00,TXN-29244A088B330B
203668,53668,Debit Card,Success,32097.09,2024-02-15 00:45:00,TXN-BCF4F82BCEC653
203669,53669,PayPal,Success,23330.51,2025-04-05 01:01:00,TXN-C564DBF588861E
203670,53670,NetBanking,Success,54884.77,2022-01-09 01:39:00,TXN-E98529A19E8ED9
203671,53671,Credit Card,Success,21951.72,2024-12-18 01:51:00,TXN-93B1FAA64DC4B5
203672,53672,Cash on Delivery,Success,20437.46,2025-01-03 00:52:00,TXN-F2D98858FD7AF9
203673,53673,Debit Card,Success,6077.06,2026-01-30 00:16:00,TXN-C2368A26040706
203674,53674,Credit Card,Success,18531.49,2023-12-15 02:00:00,TXN-F40BD5B0BFB438
203675,53675,NetBanking,Success,60811.93,2023-12-17 01:19:00,TXN-F8421DD8CED7EC
203676,53676,Debit Card,Success,8293.66,2023-07-24 01:38:00,TXN-1EC0D941445BB4
203677,53677,Debit Card,Success,29117.48,2023-06-23 00:19:00,TXN-783C9E9F8031FD
203678,53678,Debit Card,Success,22669.56,2025-09-19 01:33:00,TXN-370207AC28856C
203679,53679,PayPal,Success,31236.95,2022-04-01 00:54:00,TXN-33DEF8EE627683
203680,53680,Credit Card,Success,1920.84,2022-03-28 01:08:00,TXN-3F14E47ABF74CF
203681,53681,Debit Card,Success,5080.9,2025-08-12 00:39:00,TXN-2FFA1586341C2A
203682,53682,Credit Card,Success,28585.2,2022-06-24 00:41:00,TXN-A56EEB546BCBB2
203683,53683,Cash on Delivery,Success,3236.29,2025-07-21 00:28:00,TXN-A34FA830DFBB78
203684,53684,NetBanking,Success,7058.81,2026-04-11 01:09:00,TXN-C4A193223C0535
203685,53685,Cash on Delivery,Success,2068.11,2022-02-03 01:56:00,TXN-AB85B187994D40
203686,53686,UPI,Success,693.6,2022-08-12 00:42:00,TXN-8F291189EB6977
203687,53687,Credit Card,Success,8714.18,2024-08-20 00:24:00,TXN-1CCDC18A47D465
203688,53688,Cash on Delivery,Success,28089.08,2022-06-11 01:17:00,TXN-51B05B148D60A7
203689,53689,UPI,Success,3137.51,2026-03-16 00:50:00,TXN-F90DD3C8D8DDA6
203690,53690,NetBanking,Success,3055.32,2022-07-25 00:41:00,TXN-B57BF35345F033
203691,53691,Debit Card,Success,9654.76,2023-03-26 01:05:00,TXN-47AE7F675B1255
203692,53692,UPI,Success,7311.86,2025-03-31 01:25:00,TXN-F3DF0730A6F314
203693,53693,PayPal,Refunded,30271.37,2024-02-22 00:44:00,TXN-0A76EFA7248E87
203694,53694,Cash on Delivery,Success,1328.6,2026-05-04 01:11:00,TXN-72B42CD889A0E8
203695,53695,Debit Card,Success,15648.21,2024-04-10 00:57:00,TXN-52FF701BFB5AFB
203696,53696,PayPal,Success,44129.91,2024-07-16 00:11:00,TXN-6C94CC20D700F5
203697,53697,Credit Card,Success,14566.93,2024-03-01 00:29:00,TXN-35CB7A75330D94
203698,53698,UPI,Refunded,11372.12,2022-04-20 00:59:00,TXN-87528E97A8930F
203699,53699,Credit Card,Success,7308.46,2022-08-05 01:53:00,TXN-BFFDFC0E16B85E
203700,53700,Debit Card,Success,10500.16,2023-05-05 01:47:00,TXN-D462EF1FE471DD
203701,53701,PayPal,Success,13988.25,2025-03-14 00:20:00,TXN-93D5173B3AE639
203702,53702,UPI,Success,1141.68,2022-10-29 00:49:00,TXN-60BC3C0B0B07A2
203703,53703,Cash on Delivery,Success,8889.42,2026-02-27 01:22:00,TXN-6C190034547400
203704,53704,NetBanking,Success,10367.42,2023-02-06 01:54:00,TXN-CABC958A2E57C3
203705,53705,Credit Card,Refunded,30694.72,2025-07-13 01:18:00,TXN-49545D3CE77CD1
203706,53706,PayPal,Success,88706.07,2025-06-01 00:49:00,TXN-B688A590A92756
203707,53707,PayPal,Success,3626.14,2022-10-05 01:49:00,TXN-E2B7BEA79AB43A
203708,53708,PayPal,Success,6227.0,2026-02-01 01:44:00,TXN-3A9F7CB6276CCA
203709,53709,UPI,Success,51539.82,2026-05-27 01:48:00,TXN-407A8C240B9736
203710,53710,PayPal,Refunded,30252.46,2025-09-21 00:03:00,TXN-45BAD013139A9F
203711,53711,NetBanking,Success,47758.01,2023-10-14 01:39:00,TXN-7D87E84C464D32
203712,53712,NetBanking,Success,8000.48,2025-09-22 00:07:00,TXN-C6B248E0863481
203713,53713,UPI,Failed,692.24,2025-01-20 00:59:00,TXN-4291394282E302
203714,53714,PayPal,Success,3564.48,2022-05-17 01:15:00,TXN-2A915481D8509D
203715,53715,Debit Card,Success,133311.78,2024-11-06 01:16:00,TXN-665015D6E10E68
203716,53716,PayPal,Success,3614.27,2023-11-15 01:33:00,TXN-A63037D22B1C9E
203717,53717,Debit Card,Success,50431.56,2025-10-08 01:39:00,TXN-BCC36D221FC8E7
203718,53718,UPI,Success,1597.66,2022-06-11 01:10:00,TXN-917D381C38A8D1
203719,53719,UPI,Success,8407.83,2022-09-12 01:47:00,TXN-1329CA0640EF5C
203720,53720,NetBanking,Success,20016.55,2023-06-09 02:00:00,TXN-2AD87739EC8C77
203721,53721,PayPal,Success,839.57,2026-05-16 00:49:00,TXN-9D60299A05B487
203722,53722,PayPal,Success,41373.38,2024-10-05 01:00:00,TXN-34B873717B59E5
203723,53723,Credit Card,Success,964.58,2022-01-15 01:01:00,TXN-600CE55A598567
203724,53724,NetBanking,Success,9170.3,2024-11-22 00:05:00,TXN-2265EF6843EDEF
203725,53725,UPI,Success,9920.53,2023-10-02 00:47:00,TXN-18B540AF8BA95F
203726,53726,Debit Card,Refunded,15972.28,2023-01-11 00:04:00,TXN-70B3D702753BAE
203727,53727,Credit Card,Success,810.18,2023-02-14 00:58:00,TXN-5DEDFEC1A24EF4
203728,53728,Cash on Delivery,Success,61712.24,2023-03-04 00:56:00,TXN-48D6BB6421ABCA
203729,53729,Debit Card,Success,20341.94,2025-07-04 00:34:00,TXN-FC03F45DB2BB3C
203730,53730,UPI,Success,180800.57,2023-12-02 01:35:00,TXN-AE2D3E4638083A
203731,53731,Cash on Delivery,Success,32148.07,2024-12-02 01:15:00,TXN-7B936F15D510A5
203732,53732,Debit Card,Success,390393.42,2024-05-29 01:13:00,TXN-17BE99239DA1F2
203733,53733,Credit Card,Success,37828.81,2022-11-07 01:29:00,TXN-92B18DBE423E48
203734,53734,NetBanking,Success,43590.15,2022-12-12 01:04:00,TXN-6AE16BCB32DD0F
203735,53735,PayPal,Success,3025.77,2024-07-10 01:58:00,TXN-F90730BA75B0B0
203736,53736,Debit Card,Failed,4567.08,2023-04-13 00:22:00,TXN-84CE4DDC498E8C
203737,53737,UPI,Success,1344.72,2026-01-13 01:32:00,TXN-5AED48DA816A4D
203738,53738,Credit Card,Success,6680.63,2025-11-18 01:37:00,TXN-425190F987F310
203739,53739,Credit Card,Success,50222.31,2022-12-06 00:52:00,TXN-72A7241811C6EC
203740,53740,Cash on Delivery,Success,17145.27,2025-05-09 01:55:00,TXN-72AD09B2756327
203741,53741,Debit Card,Success,1377.03,2024-06-18 00:33:00,TXN-E37971C7F134DF
203742,53742,NetBanking,Success,54601.78,2023-02-14 01:45:00,TXN-F0E8284587298D
203743,53743,NetBanking,Success,9905.71,2023-12-13 00:40:00,TXN-518020F800DBB7
203744,53744,Cash on Delivery,Success,5790.7,2022-06-09 00:42:00,TXN-8FBFCA26D13637
203745,53745,Cash on Delivery,Success,7445.4,2023-03-21 01:09:00,TXN-420F0759E4E344
203746,53746,NetBanking,Success,66436.02,2026-01-28 00:41:00,TXN-9C79829D7A04B0
203747,53747,Cash on Delivery,Success,4873.59,2024-10-08 00:01:00,TXN-38DEE6B6DDCDD2
203748,53748,PayPal,Success,713.55,2022-12-21 01:51:00,TXN-E15FEB220E586A
203749,53749,Cash on Delivery,Success,29335.47,2024-09-01 01:27:00,TXN-3DF0307FEADBDA
203750,53750,Credit Card,Success,129214.65,2026-03-20 01:06:00,TXN-8CF6A553EDC8B1
203751,53751,Cash on Delivery,Success,238382.36,2024-08-28 01:43:00,TXN-E21D8AE1148C4B
203752,53752,Credit Card,Success,1617.01,2022-10-23 01:34:00,TXN-CC0B229E4A9EFC
203753,53753,Debit Card,Success,5056.9,2026-05-14 00:22:00,TXN-35DA72900157FD
203754,53754,PayPal,Success,3628.79,2026-06-23 01:56:00,TXN-F6D0B2E27C98A5
203755,53755,Cash on Delivery,Success,5097.29,2026-06-04 01:00:00,TXN-7D8FB249C25ABA
203756,53756,PayPal,Success,34867.96,2022-01-26 01:55:00,TXN-D5727385BC16B3
203757,53757,UPI,Success,5568.93,2024-01-27 00:11:00,TXN-6F6738D0D2A08B
203758,53758,PayPal,Success,88581.0,2025-08-16 01:15:00,TXN-9F961051381D8C
203759,53759,UPI,Success,783.76,2025-11-13 01:15:00,TXN-C859925FA961E3
203760,53760,UPI,Success,124394.3,2024-04-10 01:07:00,TXN-92E9F3BE8C8E56
203761,53761,PayPal,Success,10639.24,2026-04-06 01:58:00,TXN-DC22EC28F05E81
203762,53762,PayPal,Success,4250.62,2024-10-01 01:29:00,TXN-8C233E58E38DB7
203763,53763,Credit Card,Success,13177.28,2025-10-10 01:17:00,TXN-8C258102414BB9
203764,53764,UPI,Success,22677.82,2025-08-12 01:37:00,TXN-3E5CF7246918E5
203765,53765,UPI,Success,11712.55,2023-10-19 01:26:00,TXN-22F8BD14DF291C
203766,53766,Credit Card,Success,7741.0,2022-04-26 00:15:00,TXN-40C62EC8E387DD
203767,53767,NetBanking,Success,10967.76,2024-12-04 00:42:00,TXN-10CE0002761690
203768,53768,UPI,Success,6725.93,2022-08-29 00:29:00,TXN-5BFA212613B90A
203769,53769,Credit Card,Refunded,90585.04,2024-07-11 01:46:00,TXN-C5DAB3FA6B9ED0
203770,53770,NetBanking,Success,10000.17,2024-04-19 00:45:00,TXN-82AC73B17AF1D5
203771,53771,Credit Card,Success,72899.96,2025-03-10 01:23:00,TXN-5827485F4FDA23
203772,53772,Debit Card,Success,57141.27,2025-09-01 00:35:00,TXN-91510F630CB5CF
203773,53773,Credit Card,Success,7968.31,2023-06-10 00:01:00,TXN-FCED73E2097821
203774,53774,Debit Card,Success,6909.64,2024-03-31 00:11:00,TXN-C4C8F562FC238E
203775,53775,NetBanking,Success,8563.18,2026-04-03 00:36:00,TXN-4983AD84C96D8B
203776,53776,UPI,Success,17576.36,2022-05-04 00:13:00,TXN-3B32C2739E2AA3
203777,53777,Debit Card,Success,18718.91,2023-10-30 01:17:00,TXN-8C57036F364ECD
203778,53778,PayPal,Success,12321.42,2024-01-17 00:14:00,TXN-B4DB70E991386C
203779,53779,NetBanking,Success,8897.34,2024-04-20 01:31:00,TXN-D88D058DCD8B14
203780,53780,NetBanking,Success,5817.33,2022-12-27 00:17:00,TXN-E27738E47A581F
203781,53781,UPI,Success,33998.16,2022-12-20 00:40:00,TXN-3C72942A2CC434
203782,53782,PayPal,Success,1363.47,2024-08-17 00:57:00,TXN-9713BE648632A8
203783,53783,NetBanking,Success,12895.23,2024-10-14 01:13:00,TXN-5C9BF4E5C0F3F0
203784,53784,Credit Card,Success,1400.17,2023-12-24 01:49:00,TXN-EA4A2640E37E68
203785,53785,UPI,Success,728.28,2025-09-12 00:40:00,TXN-A687A9F5FE269B
203786,53786,Cash on Delivery,Success,91508.92,2022-12-15 00:07:00,TXN-1974C2CFC8ADF9
203787,53787,Debit Card,Success,18587.24,2024-03-10 00:02:00,TXN-CBECEC781B41E1
203788,53788,Credit Card,Success,62807.01,2022-08-01 01:42:00,TXN-9D654E6B9F29BA
203789,53789,Credit Card,Success,2234.96,2023-04-24 01:13:00,TXN-79131CD8E0E6F0
203790,53790,Cash on Delivery,Success,16207.09,2024-07-30 00:58:00,TXN-E868EB1051DAA1
203791,53791,Credit Card,Success,839.18,2023-12-05 00:25:00,TXN-952CA2D6BFF40E
203792,53792,Debit Card,Failed,74562.22,2023-06-17 01:58:00,TXN-37D2D9BC742C23
203793,53793,Debit Card,Success,10048.13,2026-01-20 00:30:00,TXN-A584E217110FB7
203794,53794,NetBanking,Success,46074.62,2023-11-28 00:44:00,TXN-F2955FC17D5C88
203795,53795,PayPal,Success,4565.97,2026-05-10 00:54:00,TXN-774EABF84C4FEE
203796,53796,Cash on Delivery,Success,16830.39,2024-12-02 00:07:00,TXN-6046D173DB1EBB
203797,53797,UPI,Success,42952.64,2022-11-26 00:44:00,TXN-2F741A2FE2E888
203798,53798,PayPal,Success,11449.91,2025-10-10 00:25:00,TXN-5633281F733EBD
203799,53799,NetBanking,Success,102396.42,2023-02-04 01:55:00,TXN-75CF08BDED69CA
203800,53800,Credit Card,Success,3625.43,2025-04-06 00:14:00,TXN-8E446160A7F1BD
203801,53801,UPI,Success,19312.24,2022-10-07 00:16:00,TXN-FD15068E577245
203802,53802,Debit Card,Success,17388.16,2024-06-29 00:24:00,TXN-E120E169891EF6
203803,53803,PayPal,Success,37312.65,2022-09-22 01:20:00,TXN-79B6CA7ACAC60B
203804,53804,Debit Card,Failed,540.58,2022-11-24 01:49:00,TXN-1A5CDDFCBD80C0
203805,53805,Cash on Delivery,Success,26107.04,2025-10-27 01:41:00,TXN-0607E910D74888
203806,53806,Credit Card,Success,8721.55,2022-07-11 01:46:00,TXN-173776FE8585A2
203807,53807,NetBanking,Success,2140.08,2022-04-06 01:31:00,TXN-EFBDACA8D32CA8
203808,53808,PayPal,Success,31010.48,2023-02-15 00:30:00,TXN-D7C1B58AEA2E1C
203809,53809,UPI,Success,33173.96,2023-01-10 01:08:00,TXN-9B4FC2CBB745CD
203810,53810,UPI,Success,19405.36,2022-02-15 00:44:00,TXN-85DA2ED434CD7A
203811,53811,PayPal,Success,73896.47,2024-07-17 01:28:00,TXN-0AF0A3FFDD6957
203812,53812,UPI,Success,6680.63,2022-11-20 00:36:00,TXN-6467BD5F6F3224
203813,53813,UPI,Success,3969.9,2025-09-29 00:39:00,TXN-0C09B90D561226
203814,53814,PayPal,Success,10877.41,2025-12-03 00:12:00,TXN-95DBA24E682AF3
203815,53815,Debit Card,Success,11670.64,2026-01-10 01:56:00,TXN-9C7F006AB5E1CA
203816,53816,Cash on Delivery,Success,6189.71,2024-04-05 01:58:00,TXN-02EF4F7665FD33
203817,53817,Credit Card,Success,9284.68,2026-01-23 01:46:00,TXN-7377CB84E72D9B
203818,53818,UPI,Success,22231.33,2024-06-22 00:52:00,TXN-7FCD383127F95B
203819,53819,Credit Card,Success,3230.14,2022-04-15 01:38:00,TXN-F23DF3945EB931
203820,53820,Debit Card,Refunded,45446.99,2025-04-07 01:54:00,TXN-AEADA940DCE358
203821,53821,PayPal,Success,23922.51,2022-01-27 00:16:00,TXN-8879A840D0F866
203822,53822,Cash on Delivery,Success,2336.41,2022-06-27 00:53:00,TXN-5952246D564EEF
203823,53823,Cash on Delivery,Success,38822.0,2025-12-17 01:49:00,TXN-F637A07BF877A0
203824,53824,Cash on Delivery,Success,49561.42,2025-05-18 00:28:00,TXN-6EC7080E93CC73
203825,53825,Debit Card,Success,14329.84,2023-10-21 00:10:00,TXN-6CF9D671798CE1
203826,53826,UPI,Success,6894.42,2025-11-07 01:53:00,TXN-4FC0DF18166960
203827,53827,Cash on Delivery,Success,8567.09,2025-02-07 00:06:00,TXN-D07ABC82CE510D
203828,53828,Debit Card,Success,31196.87,2023-09-25 01:11:00,TXN-3453064D620271
203829,53829,Cash on Delivery,Success,1280.56,2024-04-17 01:02:00,TXN-D5CD5463355CDE
203830,53830,Credit Card,Success,11895.12,2025-11-15 00:19:00,TXN-BBB76F6AFF79C7
203831,53831,Debit Card,Failed,6695.32,2023-11-12 00:34:00,TXN-3A438EA6D6617B
203832,53832,Debit Card,Success,7943.03,2022-05-07 00:16:00,TXN-8E4B84338ABC3F
203833,53833,UPI,Failed,528.13,2023-06-18 00:30:00,TXN-09304132281E48
203834,53834,NetBanking,Success,48163.23,2026-02-16 00:07:00,TXN-62201F0BF7FF76
203835,53835,NetBanking,Success,18301.2,2025-02-21 01:05:00,TXN-E381C29755065B
203836,53836,UPI,Success,17801.62,2022-07-20 00:23:00,TXN-99137F5FFD733A
203837,53837,Debit Card,Success,12594.19,2024-05-20 01:24:00,TXN-27DCB370DF2678
203838,53838,NetBanking,Success,113191.76,2025-07-30 01:01:00,TXN-79C729EC3591C4
203839,53839,PayPal,Success,1534.62,2022-06-20 00:04:00,TXN-6EA918FFF75149
203840,53840,Cash on Delivery,Success,56185.67,2023-06-28 01:06:00,TXN-38DA8F36CD86D3
203841,53841,Credit Card,Success,2632.46,2026-05-25 00:42:00,TXN-422F620A52AD5F
203842,53842,Cash on Delivery,Success,22011.4,2025-06-03 01:39:00,TXN-6247845C8FCDA1
203843,53843,PayPal,Success,11392.29,2022-05-10 01:29:00,TXN-702A0EF60BAFE3
203844,53844,PayPal,Success,88483.35,2024-08-22 00:39:00,TXN-86D3E2A2419C99
203845,53845,PayPal,Success,124136.67,2024-02-18 00:44:00,TXN-9C4F826F9DC79D
203846,53846,Cash on Delivery,Success,2653.11,2025-11-01 00:15:00,TXN-91BEA50E59D632
203847,53847,Cash on Delivery,Success,46567.88,2024-11-26 00:32:00,TXN-786726403D0FC4
203848,53848,Cash on Delivery,Success,16278.24,2023-02-22 01:59:00,TXN-CA0D906D90CE55
203849,53849,UPI,Success,8701.45,2024-12-07 00:10:00,TXN-BE572431E5C94F
203850,53850,PayPal,Success,123799.71,2026-02-27 01:52:00,TXN-5A2C1D8EF2CA6B
203851,53851,NetBanking,Success,6149.07,2022-09-23 01:36:00,TXN-878D90AF22F2FE
203852,53852,UPI,Success,1153.91,2022-02-21 00:58:00,TXN-1FC6546E646B39
203853,53853,NetBanking,Success,3333.39,2024-04-19 00:08:00,TXN-47A997590C7463
203854,53854,NetBanking,Success,21369.04,2025-07-03 01:40:00,TXN-D4C5F0DB1527D1
203855,53855,UPI,Success,23434.55,2024-07-29 01:37:00,TXN-1C172F84F893C7
203856,53856,Debit Card,Success,195821.34,2023-04-18 01:12:00,TXN-995D5B0923ABCB
203857,53857,Cash on Delivery,Success,11605.56,2022-11-11 01:57:00,TXN-FD30578D10CBA8
203858,53858,NetBanking,Success,51349.81,2023-08-30 01:55:00,TXN-BC66A4A5D2A5C3
203859,53859,Credit Card,Success,50414.21,2026-04-05 00:54:00,TXN-1AD4A1DC16C15D
203860,53860,Debit Card,Success,34372.1,2026-06-11 00:16:00,TXN-A3C7A6F6469510
203861,53861,Debit Card,Success,33651.72,2022-07-31 01:32:00,TXN-08FDC8A5D0E711
203862,53862,NetBanking,Success,1617.01,2022-12-07 01:49:00,TXN-A567C638A8D2B5
203863,53863,Cash on Delivery,Success,5132.0,2025-02-13 00:22:00,TXN-5BBA3CFAFFD2D8
203864,53864,NetBanking,Refunded,10384.04,2025-11-05 00:16:00,TXN-1853000D4356BD
203865,53865,Cash on Delivery,Success,18315.25,2024-06-29 00:30:00,TXN-6C7E628198A5DC
203866,53866,PayPal,Success,18163.13,2025-11-19 01:58:00,TXN-C8BE14D39081B8
203867,53867,UPI,Success,56125.71,2024-10-05 01:23:00,TXN-34F769B1BC6B69
203868,53868,PayPal,Refunded,59325.09,2026-05-24 00:32:00,TXN-FD56C444C1E37A
203869,53869,Debit Card,Success,22509.47,2024-07-20 00:30:00,TXN-FCD97ACB379EA9
203870,53870,UPI,Success,5610.39,2024-10-24 00:56:00,TXN-78CEEF7E2B5F67
203871,53871,Cash on Delivery,Success,21485.8,2025-10-22 01:54:00,TXN-11D4FE4E227AC8
203872,53872,PayPal,Success,14673.28,2026-03-02 01:43:00,TXN-F25DF7DA1F6738
203873,53873,NetBanking,Success,1597.66,2022-11-24 01:32:00,TXN-0F800D75D41535
203874,53874,Cash on Delivery,Success,1219.3,2024-07-03 00:43:00,TXN-700D350A61CAC7
203875,53875,NetBanking,Success,348.17,2024-07-20 00:59:00,TXN-7B6CB61482DAF4
203876,53876,NetBanking,Success,9282.37,2023-09-01 01:03:00,TXN-7D9060CFA13EAA
203877,53877,PayPal,Success,1024.45,2026-02-21 01:49:00,TXN-A909FCD71BDB4A
203878,53878,Credit Card,Success,131722.08,2025-10-17 01:40:00,TXN-5C6B186840EBEF
203879,53879,NetBanking,Success,345.55,2022-01-21 01:35:00,TXN-CC27070D03ACEF
203880,53880,NetBanking,Success,68508.03,2025-12-27 01:30:00,TXN-628448F61C40AB
203881,53881,NetBanking,Success,18213.14,2025-03-05 01:08:00,TXN-9625B586105935
203882,53882,PayPal,Failed,39395.55,2022-10-21 00:05:00,TXN-C16A95ABA1264C
203883,53883,PayPal,Success,47073.58,2024-05-28 01:37:00,TXN-89F68F0F9DB635
203884,53884,Credit Card,Success,9381.87,2024-09-09 00:16:00,TXN-BB5E6CC5B90317
203885,53885,UPI,Success,3555.6,2022-03-28 00:43:00,TXN-2E8F092EEC70E2
203886,53886,UPI,Success,43810.61,2022-01-31 00:21:00,TXN-0CAE76297AE66B
203887,53887,UPI,Success,11772.5,2022-12-11 01:42:00,TXN-22AB482BFE5AA6
203888,53888,Credit Card,Success,2448.49,2024-08-10 00:46:00,TXN-045DCB4738965B
203889,53889,Credit Card,Refunded,55053.95,2023-09-09 00:55:00,TXN-AE31A66FA3545B
203890,53890,UPI,Success,8904.18,2024-03-31 00:31:00,TXN-6AD8D10BD39218
203891,53891,UPI,Failed,26818.69,2022-01-05 01:10:00,TXN-CCAE28D8F5C703
203892,53892,PayPal,Success,38368.4,2023-01-11 01:27:00,TXN-42DE7F34C6FE5F
203893,53893,Debit Card,Success,27136.64,2023-06-13 00:38:00,TXN-60390B0F1A2ECE
203894,53894,NetBanking,Success,1082.58,2025-10-18 01:12:00,TXN-A2C204FEA77D26
203895,53895,Debit Card,Success,2752.48,2026-04-28 01:01:00,TXN-21F47DED340FBF
203896,53896,UPI,Success,1213.14,2024-12-25 01:33:00,TXN-065383297F13F9
203897,53897,Debit Card,Refunded,5447.5,2023-02-23 00:21:00,TXN-07E557852A9610
203898,53898,Debit Card,Success,68447.45,2023-10-10 00:25:00,TXN-E446DBE39DAD85
203899,53899,PayPal,Refunded,2542.83,2026-06-21 00:33:00,TXN-4D1853F4B8138D
203900,53900,Debit Card,Success,5802.78,2022-07-23 00:06:00,TXN-34E370A6D4D2EF
203901,53901,Debit Card,Success,48672.74,2025-01-12 00:04:00,TXN-27A61CB9CC4490
203902,53902,Cash on Delivery,Success,32138.44,2024-09-30 01:09:00,TXN-A1E7DBC22E81F8
203903,53903,UPI,Success,273245.11,2024-12-22 01:45:00,TXN-23BB603BE6C97A
203904,53904,UPI,Success,14102.78,2022-11-11 00:06:00,TXN-0F135B0B1DC203
203905,53905,NetBanking,Success,87833.01,2025-01-10 00:47:00,TXN-DB1961B09952A3
203906,53906,Debit Card,Success,106191.99,2024-07-16 01:01:00,TXN-417C4DA76CAD97
203907,53907,PayPal,Success,29298.47,2023-08-08 00:17:00,TXN-D850EB94AB5797
203908,53908,NetBanking,Success,5585.5,2024-05-26 01:07:00,TXN-482AC1E4AD00F7
203909,53909,Debit Card,Success,5835.32,2024-06-27 00:52:00,TXN-A030A20B32629A
203910,53910,Credit Card,Success,6510.76,2023-09-05 01:04:00,TXN-0932B444ABEE05
203911,53911,Cash on Delivery,Success,972.55,2022-01-31 00:24:00,TXN-1E3BD0B4BC4AA2
203912,53912,UPI,Success,1216.84,2025-06-06 00:10:00,TXN-7DCD211E48BBA4
203913,53913,UPI,Success,45176.55,2023-01-03 01:56:00,TXN-3443ABC638808A
203914,53914,Credit Card,Success,11719.91,2024-09-25 01:01:00,TXN-D8FEAD5C39554E
203915,53915,Credit Card,Success,5102.88,2026-06-15 00:57:00,TXN-30CFCEAA732135
203916,53916,Cash on Delivery,Success,3079.07,2022-05-15 00:10:00,TXN-68756C9A23DA2E
203917,53917,PayPal,Success,29496.74,2024-07-04 02:00:00,TXN-D01F9CD371607B
203918,53918,PayPal,Success,15696.33,2024-05-22 01:11:00,TXN-C4526A0C8F40BF
203919,53919,PayPal,Success,1252.91,2023-09-13 01:38:00,TXN-C0252771AE2B3B
203920,53920,Cash on Delivery,Success,553.39,2024-08-02 01:42:00,TXN-76F4B267D6EB9D
203921,53921,Debit Card,Success,7635.07,2025-02-04 01:59:00,TXN-46AF634BE6781A
203922,53922,UPI,Success,14634.48,2025-12-16 00:20:00,TXN-6705DA4DCA07F6
203923,53923,PayPal,Refunded,17716.2,2022-06-22 00:11:00,TXN-113D62FF440206
203924,53924,UPI,Success,36215.68,2024-01-23 01:13:00,TXN-5722206E9F4BD9
203925,53925,Cash on Delivery,Success,1470.98,2022-11-26 01:43:00,TXN-D9F271E40D3057
203926,53926,UPI,Success,1122.86,2022-07-02 02:00:00,TXN-8D0C3C863561C2
203927,53927,PayPal,Success,12198.89,2024-10-24 02:00:00,TXN-5AF3214A5F1D34
203928,53928,NetBanking,Success,55084.65,2022-02-10 01:12:00,TXN-4C1D3958AD829A
203929,53929,Debit Card,Success,17208.34,2024-11-13 01:51:00,TXN-572695E6760EE6
203930,53930,PayPal,Failed,1122.45,2023-08-28 00:26:00,TXN-EB69F8E8C90460
203931,53931,NetBanking,Refunded,904.8,2025-04-14 01:36:00,TXN-BB92435946A8C2
203932,53932,Cash on Delivery,Success,579.36,2024-02-09 00:07:00,TXN-1D038177CFD347
203933,53933,Debit Card,Success,4691.47,2025-10-29 00:38:00,TXN-BE300663CEB0C5
203934,53934,Debit Card,Success,4195.88,2023-06-28 00:13:00,TXN-1F0CEA2962CBBA
203935,53935,Cash on Delivery,Success,1987.93,2023-02-24 00:29:00,TXN-FEB983C1E2F52B
203936,53936,PayPal,Success,21462.12,2023-09-03 01:12:00,TXN-DD6D5EB86191D9
203937,53937,PayPal,Success,11186.28,2023-01-24 00:51:00,TXN-E204F086C833FF
203938,53938,Credit Card,Success,50927.67,2024-12-12 00:09:00,TXN-898137C2D1EA33
203939,53939,Debit Card,Success,10048.55,2025-05-14 01:54:00,TXN-010246E14BD514
203940,53940,Cash on Delivery,Success,581.29,2024-01-19 01:03:00,TXN-7BC4197B11A827
203941,53941,Cash on Delivery,Success,67638.36,2025-07-01 01:22:00,TXN-2CAE341B134464
203942,53942,UPI,Failed,5545.03,2023-08-13 01:03:00,TXN-F274019CC34C72
203943,53943,NetBanking,Success,50664.81,2022-03-24 01:31:00,TXN-2BCF3F2D4DF428
203944,53944,NetBanking,Success,6049.17,2022-10-19 01:04:00,TXN-BCE9EA15C3BD3C
203945,53945,Cash on Delivery,Success,18276.55,2022-10-22 01:07:00,TXN-279E2FC26EDE98
203946,53946,UPI,Success,28408.93,2026-01-04 01:00:00,TXN-BF6ED5CB33FC62
203947,53947,Debit Card,Success,37709.3,2023-09-20 01:10:00,TXN-2F567805BC5D60
203948,53948,Debit Card,Success,4656.76,2026-02-03 00:39:00,TXN-C5E7430E7FE959
203949,53949,NetBanking,Failed,33543.72,2023-04-28 01:59:00,TXN-97AD90F81C4E71
203950,53950,Credit Card,Success,64651.87,2022-04-26 01:15:00,TXN-AEC97E669C559C
203951,53951,PayPal,Success,45703.48,2025-04-04 00:38:00,TXN-884E557360800A
203952,53952,NetBanking,Success,2298.5,2024-02-05 00:43:00,TXN-258D6A09B6D917
203953,53953,UPI,Success,620.76,2026-04-23 00:03:00,TXN-B5E16506D27C4C
203954,53954,UPI,Success,17032.56,2022-10-27 00:18:00,TXN-778592410B827B
203955,53955,Credit Card,Success,806.75,2022-12-21 00:36:00,TXN-4D4520B1113FCA
203956,53956,Cash on Delivery,Success,2316.67,2022-06-05 00:41:00,TXN-E931B163F223E0
203957,53957,PayPal,Success,2387.03,2024-07-09 00:50:00,TXN-F447AA9FD8ECFA
203958,53958,UPI,Success,6344.88,2024-02-08 00:27:00,TXN-1C688E08995F81
203959,53959,UPI,Success,157734.4,2023-02-14 00:39:00,TXN-FCD89931C35192
203960,53960,UPI,Success,35790.92,2026-06-17 01:26:00,TXN-44417FDE69429C
203961,53961,Credit Card,Success,30859.05,2025-08-08 00:13:00,TXN-3447349B391DB7
203962,53962,NetBanking,Success,18784.07,2026-05-01 01:54:00,TXN-9155CCF63DEB09
203963,53963,Debit Card,Success,281.17,2025-02-10 01:16:00,TXN-6F8972EB847E40
203964,53964,Cash on Delivery,Success,65174.39,2022-06-12 01:53:00,TXN-3F0A58B723BE1E
203965,53965,PayPal,Success,50366.37,2024-04-06 01:34:00,TXN-2836520C1983B7
203966,53966,NetBanking,Success,4834.31,2025-09-26 01:41:00,TXN-A1228CD8B67E3A
203967,53967,Cash on Delivery,Success,8134.62,2024-07-14 00:08:00,TXN-F8776968235B38
203968,53968,Credit Card,Refunded,1568.13,2023-05-30 01:35:00,TXN-C80458714409E5
203969,53969,NetBanking,Success,4229.92,2023-07-28 01:38:00,TXN-E9796BC4373821
203970,53970,UPI,Success,38959.23,2022-02-03 00:47:00,TXN-F3E1CBB92F6569
203971,53971,NetBanking,Success,117420.3,2025-01-25 01:55:00,TXN-5A36D3EAADA2E6
203972,53972,Debit Card,Success,3408.51,2026-03-19 01:21:00,TXN-85C41D3978B50B
203973,53973,Debit Card,Success,12181.16,2024-04-17 01:37:00,TXN-8E0A92498F9610
203974,53974,NetBanking,Success,84389.44,2025-08-24 01:38:00,TXN-A0E6A6A658984A
203975,53975,Cash on Delivery,Success,11446.29,2026-02-02 01:02:00,TXN-FEC34C0168455B
203976,53976,NetBanking,Success,27917.75,2022-09-23 00:57:00,TXN-C48CFFA2CCD707
203977,53977,Cash on Delivery,Success,13267.07,2022-10-22 01:07:00,TXN-2F433D59852DC2
203978,53978,Cash on Delivery,Success,16389.77,2024-06-29 01:36:00,TXN-ED1009166DCDCC
203979,53979,Debit Card,Success,30296.77,2022-12-06 00:58:00,TXN-4C1AA6F316AA8B
203980,53980,Credit Card,Success,2934.02,2025-08-26 00:44:00,TXN-6FFF793E908F2B
203981,53981,Debit Card,Success,3714.95,2025-11-07 01:33:00,TXN-43437BF0864108
203982,53982,PayPal,Success,58890.57,2026-02-12 01:02:00,TXN-D11DADF668B81F
203983,53983,NetBanking,Success,70095.07,2023-09-10 00:54:00,TXN-3EA59ED7A0400A
203984,53984,Debit Card,Success,31276.24,2026-03-28 01:31:00,TXN-5AC85C59AD368E
203985,53985,PayPal,Success,9025.61,2023-08-25 00:40:00,TXN-C2A90035029793
203986,53986,Debit Card,Success,23867.14,2025-01-14 01:45:00,TXN-59B60CEF459670
203987,53987,NetBanking,Success,10948.25,2024-11-14 00:59:00,TXN-CA95573025A247
203988,53988,NetBanking,Refunded,26026.93,2025-10-19 00:48:00,TXN-7F0E11615585E6
203989,53989,Cash on Delivery,Success,4858.56,2024-10-08 01:22:00,TXN-3CC7482028F92B
203990,53990,Debit Card,Refunded,2835.33,2023-07-15 00:29:00,TXN-47B4062486F12E
203991,53991,Cash on Delivery,Success,18454.82,2023-10-29 01:54:00,TXN-C63904E82466F5
203992,53992,NetBanking,Success,14673.28,2025-05-01 00:53:00,TXN-E9B7BB0D49418F
203993,53993,Debit Card,Success,1058.22,2025-10-04 00:30:00,TXN-D6702250A38884
203994,53994,Cash on Delivery,Success,3832.05,2023-06-13 01:40:00,TXN-EFBE2034E6FD8A
203995,53995,Debit Card,Success,20165.48,2022-11-03 01:59:00,TXN-3CFB0B30E1272B
203996,53996,NetBanking,Success,16414.45,2026-03-24 01:29:00,TXN-01D5E5F925F455
203997,53997,Credit Card,Success,17379.82,2024-07-05 00:13:00,TXN-69575461E125C4
203998,53998,Cash on Delivery,Success,44068.1,2023-05-30 01:38:00,TXN-376846E87D4465
203999,53999,Credit Card,Success,2448.49,2026-01-01 00:45:00,TXN-F10CD486F5845E
204000,54000,NetBanking,Success,11744.46,2025-03-29 00:37:00,TXN-69D51FA45EFAE3
204001,54001,PayPal,Success,15932.62,2023-09-30 01:13:00,TXN-97CA768EF16491
204002,54002,NetBanking,Success,407.29,2023-03-24 01:28:00,TXN-89DBDA97CF419B
204003,54003,Cash on Delivery,Success,44985.61,2022-06-28 00:59:00,TXN-C3430FAF24DD3F
204004,54004,PayPal,Success,9227.41,2026-05-06 00:56:00,TXN-127D7B7008DB55
204005,54005,UPI,Success,8603.24,2022-04-19 00:36:00,TXN-E50EA7B85F2C42
204006,54006,PayPal,Success,26296.38,2024-03-04 01:05:00,TXN-77B3CD63879369
204007,54007,Debit Card,Success,252453.92,2025-06-29 00:11:00,TXN-BF13FFA6967F9F
204008,54008,NetBanking,Success,2097.94,2025-03-12 00:19:00,TXN-8AB70B4FD3701B
204009,54009,PayPal,Success,766.69,2023-11-16 01:42:00,TXN-D78E8744AFB9BB
204010,54010,UPI,Success,50471.94,2022-04-29 01:04:00,TXN-A093AF081C1CE5
204011,54011,UPI,Success,52451.0,2023-09-12 00:52:00,TXN-88746240A19C91
204012,54012,Cash on Delivery,Success,13566.23,2024-06-09 00:18:00,TXN-90868F8FFF4DD4
204013,54013,Credit Card,Success,634.31,2026-04-19 01:52:00,TXN-9A62913E38F5E1
204014,54014,UPI,Success,3391.16,2023-03-04 01:33:00,TXN-76B87A67D44DFE
204015,54015,Credit Card,Refunded,22786.78,2026-06-14 01:29:00,TXN-A1D6F65AB81839
204016,54016,NetBanking,Success,1438.76,2024-04-27 01:36:00,TXN-BC5626CFE97838
204017,54017,Debit Card,Refunded,37141.17,2023-02-04 00:27:00,TXN-CE2F02D9A5F6B4
204018,54018,PayPal,Refunded,3414.81,2023-08-05 01:11:00,TXN-027697C9C9B98B
204019,54019,Debit Card,Success,33663.1,2022-03-04 00:43:00,TXN-10903EEDEB4107
204020,54020,Debit Card,Success,121135.25,2025-12-07 00:27:00,TXN-9823A45C991830
204021,54021,UPI,Success,6680.63,2023-08-09 00:07:00,TXN-CF49060A8DBFE9
204022,54022,NetBanking,Success,11833.17,2024-08-25 01:15:00,TXN-EDA274D65E6235
204023,54023,Debit Card,Success,94356.09,2025-06-30 01:47:00,TXN-57083D6EDE0D75
204024,54024,UPI,Success,11544.94,2026-03-16 01:54:00,TXN-BCFA873F97C4F3
204025,54025,UPI,Success,18098.64,2025-10-03 01:25:00,TXN-83F544709DE4A6
204026,54026,Cash on Delivery,Success,1338.22,2026-06-13 01:05:00,TXN-F739C579052C8D
204027,54027,Cash on Delivery,Success,8234.9,2023-12-04 01:12:00,TXN-DE3784D4945587
204028,54028,Debit Card,Success,7987.44,2025-11-10 01:24:00,TXN-45E32A46BF2931
204029,54029,Credit Card,Refunded,884.73,2025-10-09 01:38:00,TXN-51B90A4F28083D
204030,54030,PayPal,Success,10379.46,2022-01-13 01:38:00,TXN-1BC709009BB5B4
204031,54031,Debit Card,Success,6495.31,2024-10-12 00:11:00,TXN-DA8C1CF5D779B0
204032,54032,Cash on Delivery,Success,7871.09,2024-02-06 01:16:00,TXN-DD70ACFBA16EC9
204033,54033,Credit Card,Success,9741.48,2025-12-12 01:58:00,TXN-F37700F9D5C331
204034,54034,NetBanking,Success,186718.92,2024-05-17 01:41:00,TXN-A0D6BFFCC63D2D
204035,54035,NetBanking,Success,7483.15,2025-01-10 01:30:00,TXN-81B7FDE182A30C
204036,54036,UPI,Success,6731.33,2024-05-04 00:09:00,TXN-25A41C1AE78352
204037,54037,Credit Card,Success,1511.43,2024-12-15 00:15:00,TXN-9A28AFAC1BD1F7
204038,54038,PayPal,Success,2177.62,2022-11-26 01:06:00,TXN-EE235850A35B75
204039,54039,PayPal,Success,4198.74,2023-09-27 00:04:00,TXN-40C383E7F39853
204040,54040,Credit Card,Success,12238.06,2024-11-02 01:38:00,TXN-9051521478D6BA
204041,54041,UPI,Success,38415.51,2022-02-14 00:15:00,TXN-EFA86E5A925A53
204042,54042,Debit Card,Success,10663.33,2023-01-29 01:46:00,TXN-23CE6CCB801186
204043,54043,PayPal,Success,7670.3,2022-10-13 01:50:00,TXN-CA5D92D0A6110B
204044,54044,UPI,Success,61978.7,2023-02-18 01:46:00,TXN-827DBDADADCC76
204045,54045,Credit Card,Success,14170.26,2024-07-15 01:26:00,TXN-105A86E63CEDEA
204046,54046,Debit Card,Success,52195.24,2025-12-08 00:47:00,TXN-39C8C0C5A21851
204047,54047,NetBanking,Success,50849.17,2025-09-20 02:00:00,TXN-2E9B9DCC5D9F60
204048,54048,NetBanking,Success,35626.63,2022-05-18 01:45:00,TXN-3562BCC5CFAB6C
204049,54049,Credit Card,Success,119209.43,2025-11-26 01:10:00,TXN-0D8C43FDBC035B
204050,54050,Credit Card,Success,4222.27,2025-05-01 01:34:00,TXN-3267FF5F182C91
204051,54051,Credit Card,Refunded,1376.24,2024-11-03 01:24:00,TXN-C2BF6D7BD21D46
204052,54052,Cash on Delivery,Success,34821.74,2022-07-24 01:13:00,TXN-C01CA33D073827
204053,54053,UPI,Success,1154.83,2022-07-15 00:26:00,TXN-EB4D34D8181E50
204054,54054,PayPal,Success,27505.02,2023-11-02 00:30:00,TXN-D673A1DF5D850E
204055,54055,NetBanking,Success,21888.48,2022-04-03 01:31:00,TXN-25236E35E07E3A
204056,54056,Debit Card,Refunded,35557.68,2022-10-07 00:40:00,TXN-69E36916EBE269
204057,54057,PayPal,Success,22422.66,2023-09-10 02:00:00,TXN-BB44BFDA01E883
204058,54058,UPI,Success,21097.15,2025-06-26 01:45:00,TXN-95578E21AE83E6
204059,54059,PayPal,Success,664.7,2023-01-22 00:15:00,TXN-52B991F834D30A
204060,54060,Cash on Delivery,Refunded,72233.09,2025-02-25 00:19:00,TXN-4D39E20DAC5A29
204061,54061,Credit Card,Success,3910.83,2022-02-11 01:23:00,TXN-CB5CC72EFE3270
204062,54062,UPI,Success,8937.55,2023-12-07 01:35:00,TXN-C3525D78563DD1
204063,54063,Cash on Delivery,Refunded,17519.15,2023-04-25 00:44:00,TXN-1BF99B7330406C
204064,54064,PayPal,Success,8371.3,2026-06-12 01:54:00,TXN-C80F937EE73FE2
204065,54065,NetBanking,Success,1070.28,2025-01-01 00:16:00,TXN-2365EB521D5D24
204066,54066,NetBanking,Success,8779.23,2023-12-16 00:28:00,TXN-C4905C04C59F49
204067,54067,Credit Card,Failed,33715.13,2026-01-02 00:34:00,TXN-A1DB6041662A93
204068,54068,Debit Card,Success,5353.16,2025-11-23 00:34:00,TXN-76B06EF06A93BF
204069,54069,PayPal,Success,1518.44,2022-04-14 01:34:00,TXN-A380889A6FC11D
204070,54070,Debit Card,Success,2608.88,2026-03-09 01:01:00,TXN-FE760CCBBD524C
204071,54071,Debit Card,Success,41503.58,2026-05-05 00:38:00,TXN-36E2C90748E6BE
204072,54072,Debit Card,Success,23325.25,2022-11-03 01:01:00,TXN-011E23D2E83ED2
204073,54073,Credit Card,Success,11214.77,2026-04-22 01:56:00,TXN-8E629D0318EBFB
204074,54074,Credit Card,Success,147707.22,2025-08-17 01:22:00,TXN-629702F231CA6B
204075,54075,PayPal,Success,159953.45,2022-01-01 00:20:00,TXN-4EE45FABA34589
204076,54076,PayPal,Success,17022.77,2024-05-29 00:27:00,TXN-8F168CE989D06C
204077,54077,NetBanking,Success,17068.56,2022-12-18 00:34:00,TXN-7CC51BE085EEE3
204078,54078,Credit Card,Success,2235.68,2023-02-14 01:07:00,TXN-25E2C363C3613E
204079,54079,Debit Card,Failed,59454.71,2022-12-08 01:19:00,TXN-BADCAE510E2512
204080,54080,Debit Card,Success,21527.67,2024-08-31 01:43:00,TXN-775934A9D03679
204081,54081,Cash on Delivery,Success,127473.56,2023-08-20 01:02:00,TXN-B6C31FEDF9DE28
204082,54082,Debit Card,Success,812.36,2024-06-01 00:16:00,TXN-F24B17F11323DA
204083,54083,NetBanking,Success,82763.55,2024-07-26 01:16:00,TXN-6FFA9D591C3C65
204084,54084,UPI,Success,5468.2,2025-05-10 00:32:00,TXN-6DFEBF5B80E392
204085,54085,Debit Card,Success,8684.95,2022-04-13 00:27:00,TXN-3D52B474739209
204086,54086,NetBanking,Success,31335.35,2026-04-29 00:29:00,TXN-CE3BD2450DDE2A
204087,54087,Cash on Delivery,Success,63462.54,2022-08-11 01:51:00,TXN-BBCA08CECBA1BD
204088,54088,Debit Card,Success,7993.22,2024-06-15 00:39:00,TXN-1AE46C9F97040F
204089,54089,Debit Card,Success,29211.22,2024-04-23 01:50:00,TXN-DF29D56A335558
204090,54090,Cash on Delivery,Success,110019.02,2025-08-26 01:44:00,TXN-9A3A5EE3272B3E
204091,54091,UPI,Success,10153.51,2026-03-05 00:48:00,TXN-DF47BB27B65EB4
204092,54092,PayPal,Success,71255.24,2025-08-26 01:14:00,TXN-7B29171FEA29B7
204093,54093,Cash on Delivery,Success,18333.7,2024-07-29 01:01:00,TXN-A56CC8E0D7DE86
204094,54094,Debit Card,Success,9840.59,2024-10-15 00:48:00,TXN-6AAC844729912E
204095,54095,PayPal,Success,490.64,2024-04-28 00:04:00,TXN-54B16F4F3D56D9
204096,54096,NetBanking,Success,669.69,2023-01-03 00:42:00,TXN-AC2EAF8126CD44
204097,54097,NetBanking,Success,165269.61,2024-01-07 01:45:00,TXN-1D66C0CC15FA8B
204098,54098,Credit Card,Success,19148.03,2023-03-24 01:20:00,TXN-84B77F0A712DAF
204099,54099,Debit Card,Success,97400.61,2023-01-19 01:48:00,TXN-E460E99A61B345
204100,54100,PayPal,Refunded,10244.31,2023-06-21 00:18:00,TXN-0C6E1E2B523CFF
204101,54101,Credit Card,Success,48031.81,2024-03-06 01:03:00,TXN-A4BE9C82BE80CC
204102,54102,NetBanking,Success,6373.14,2022-08-23 00:52:00,TXN-62D9B7A7D317E9
204103,54103,Cash on Delivery,Success,2799.16,2022-04-06 00:56:00,TXN-E3C89BC0411A67
204104,54104,PayPal,Success,865.11,2023-03-21 00:40:00,TXN-3D901ECB29ECB2
204105,54105,Debit Card,Refunded,32609.11,2023-06-17 00:47:00,TXN-03F876EEBF08F1
204106,54106,Debit Card,Success,30798.77,2025-08-17 00:43:00,TXN-EEE1094B4ECBA7
204107,54107,PayPal,Success,27577.51,2024-06-29 00:42:00,TXN-931E9971650380
204108,54108,UPI,Success,3191.4,2025-09-02 01:27:00,TXN-283C9546BD0B6D
204109,54109,Debit Card,Refunded,6243.36,2022-05-02 01:44:00,TXN-59FA959E34D795
204110,54110,PayPal,Refunded,7219.44,2024-01-20 01:35:00,TXN-DE486F2905DC72
204111,54111,NetBanking,Success,48875.68,2025-03-05 01:10:00,TXN-503A8902903A4A
204112,54112,NetBanking,Success,106477.59,2024-02-28 01:20:00,TXN-1611C8C83F736A
204113,54113,Debit Card,Refunded,7126.23,2023-01-27 01:34:00,TXN-19ACF5C2230928
204114,54114,Debit Card,Refunded,1198.51,2023-01-05 00:30:00,TXN-A2E91D8D6B2290
204115,54115,Cash on Delivery,Success,5498.91,2022-03-04 00:54:00,TXN-319B6726ABE2E9
204116,54116,Credit Card,Success,25011.34,2025-06-04 00:05:00,TXN-7DAA7474E76E30
204117,54117,Cash on Delivery,Success,2862.24,2025-10-30 00:25:00,TXN-5A144DCB45C937
204118,54118,Credit Card,Success,260.7,2025-02-24 00:09:00,TXN-3448608CAD9926
204119,54119,Credit Card,Success,272.06,2025-08-13 01:31:00,TXN-451F2184BCB493
204120,54120,Debit Card,Success,1738.08,2023-11-14 00:20:00,TXN-B1D2445285C98E
204121,54121,Credit Card,Success,1695.39,2024-07-27 01:00:00,TXN-D82E72831F79C3
204122,54122,NetBanking,Success,1736.99,2023-11-02 01:07:00,TXN-9B5879A497C02F
204123,54123,NetBanking,Success,42726.95,2024-07-08 01:44:00,TXN-16EF0180A653FB
204124,54124,Cash on Delivery,Refunded,12938.6,2023-04-11 02:00:00,TXN-EB29CB8C0FC463
204125,54125,Cash on Delivery,Failed,54435.98,2023-10-18 01:23:00,TXN-9BED33145B299C
204126,54126,Debit Card,Success,49561.42,2024-10-13 01:39:00,TXN-89275DE2F75BC8
204127,54127,Credit Card,Success,26403.76,2022-10-11 01:23:00,TXN-5F2AE13C797CCA
204128,54128,NetBanking,Success,78583.56,2024-11-16 01:18:00,TXN-3244F9E62F90C4
204129,54129,PayPal,Success,1202.23,2023-10-14 01:38:00,TXN-3B4F72BACA9BE3
204130,54130,UPI,Success,11805.02,2024-03-25 01:19:00,TXN-FB5C28551E5F71
204131,54131,Cash on Delivery,Success,15162.72,2023-03-09 01:48:00,TXN-E441E0B68504D7
204132,54132,PayPal,Success,1216.84,2023-07-08 00:52:00,TXN-9C1F0A39252173
204133,54133,PayPal,Success,13097.42,2024-01-03 01:54:00,TXN-AA663C3B716155
204134,54134,PayPal,Success,6486.13,2025-07-18 00:37:00,TXN-6EFD98625047E3
204135,54135,Debit Card,Success,108502.53,2025-01-20 01:41:00,TXN-F17B90F273C81F
204136,54136,Debit Card,Success,675.62,2022-03-13 00:14:00,TXN-C02A1097B5D283
204137,54137,NetBanking,Success,90585.04,2025-03-21 00:25:00,TXN-64F0973E616463
204138,54138,Debit Card,Success,856.8,2024-10-27 00:26:00,TXN-316F25BCAC6BF4
204139,54139,Debit Card,Success,2799.8,2024-08-10 01:10:00,TXN-6256D5FADC9F29
204140,54140,UPI,Success,30154.26,2026-05-13 01:39:00,TXN-8E8C57EC02F978
204141,54141,UPI,Success,17993.64,2025-11-14 00:39:00,TXN-76F080E46344C6
204142,54142,Credit Card,Failed,14234.32,2025-08-18 00:32:00,TXN-A24085BD799625
204143,54143,Cash on Delivery,Success,35064.16,2026-03-04 01:41:00,TXN-3D01E6C0C4E00F
204144,54144,Cash on Delivery,Success,774.62,2023-01-25 01:41:00,TXN-C5AD5385C295B2
204145,54145,NetBanking,Refunded,1181.58,2023-09-14 01:22:00,TXN-9DFAC6C6672767
204146,54146,Credit Card,Success,1067.42,2025-09-05 00:11:00,TXN-59CC06F74513AB
204147,54147,NetBanking,Success,17364.05,2023-05-30 00:31:00,TXN-1DFB503D174399
204148,54148,Debit Card,Success,12594.19,2022-11-05 00:11:00,TXN-CA89C1CA55F519
204149,54149,Credit Card,Success,1106.69,2025-03-31 00:09:00,TXN-7292428BADD98B
204150,54150,NetBanking,Refunded,6488.14,2022-08-20 00:30:00,TXN-FE4100B018BB84
204151,54151,NetBanking,Success,462.34,2023-06-30 00:36:00,TXN-A562A644958E6C
204152,54152,PayPal,Success,4815.15,2022-03-01 00:56:00,TXN-DC2D021E9B0B82
204153,54153,PayPal,Refunded,82327.43,2023-09-17 01:32:00,TXN-BFBC2AF53F804C
204154,54154,NetBanking,Success,11994.11,2022-12-06 00:10:00,TXN-CFCA87A61A6686
204155,54155,Debit Card,Success,53680.89,2025-06-12 01:57:00,TXN-4CA5FD3B0B1151
204156,54156,Debit Card,Success,10787.29,2024-01-30 00:49:00,TXN-FEDB41E4F7BDE9
204157,54157,PayPal,Success,31407.33,2024-05-29 01:27:00,TXN-41AD3A16027F25
204158,54158,Debit Card,Success,45333.17,2026-04-16 01:29:00,TXN-7F1104F6D7E7A9
204159,54159,Debit Card,Success,2609.04,2024-02-08 00:04:00,TXN-8287E4A883444A
204160,54160,Credit Card,Success,1367.4,2024-06-17 01:58:00,TXN-15F881D1CE7E17
204161,54161,UPI,Success,1611.6,2023-03-23 01:02:00,TXN-6CFDE3546E7451
204162,54162,Debit Card,Success,53102.82,2026-01-18 00:40:00,TXN-61EB0BF14DD1F1
204163,54163,Credit Card,Success,37245.96,2023-06-11 00:18:00,TXN-51E252C09135DA
204164,54164,PayPal,Success,108502.53,2022-10-24 01:00:00,TXN-1172BC6968E336
204165,54165,Credit Card,Success,16098.39,2025-05-14 00:23:00,TXN-A36B4F8C3D404D
204166,54166,PayPal,Refunded,8938.67,2024-04-02 02:00:00,TXN-6E2BF280C59F33
204167,54167,NetBanking,Success,8407.83,2023-06-30 00:45:00,TXN-47A3E7AAF4996E
204168,54168,Cash on Delivery,Success,67339.51,2023-02-02 01:02:00,TXN-C62621BBD192FC
204169,54169,Debit Card,Success,23269.38,2026-03-18 00:49:00,TXN-B992EFEB473DAD
204170,54170,UPI,Success,72788.57,2022-03-04 01:51:00,TXN-8E15D02D18F86D
204171,54171,Credit Card,Success,36205.19,2022-05-19 01:36:00,TXN-9C1B9C7A82A71A
204172,54172,Credit Card,Success,5677.52,2026-02-09 01:15:00,TXN-6D7FE5B6529DDB
204173,54173,UPI,Success,9178.21,2025-08-06 01:46:00,TXN-24CF70D876F815
204174,54174,Cash on Delivery,Success,30892.97,2022-08-15 01:30:00,TXN-BA58117B6489AE
204175,54175,Cash on Delivery,Success,2703.21,2022-07-11 01:02:00,TXN-D76A2CC1FF6DCE
204176,54176,UPI,Failed,38221.05,2026-04-17 00:26:00,TXN-6EDCE3E3650475
204177,54177,NetBanking,Success,22973.86,2022-04-18 01:34:00,TXN-DFF55FCF475650
204178,54178,Cash on Delivery,Success,142260.6,2022-08-12 00:10:00,TXN-EAD32BAFE98ECD
204179,54179,PayPal,Success,13225.25,2022-11-19 01:33:00,TXN-313D5207149B10
204180,54180,PayPal,Success,47760.45,2025-05-10 01:42:00,TXN-9CF17D3C455E11
204181,54181,UPI,Success,45083.14,2024-03-20 00:26:00,TXN-5C2DDB6975A1C8
204182,54182,NetBanking,Success,1189.2,2025-02-25 01:53:00,TXN-C002BB3CD0F5CA
204183,54183,NetBanking,Success,39872.27,2023-09-14 01:23:00,TXN-717DD92DB0FCBC
204184,54184,Debit Card,Refunded,771.12,2023-12-06 01:41:00,TXN-F7BEB2E29B5592
204185,54185,UPI,Success,7547.3,2024-04-04 01:15:00,TXN-8310A609118983
204186,54186,PayPal,Success,11002.69,2024-10-20 00:57:00,TXN-3ED7A16F11CAD5
204187,54187,Credit Card,Success,93356.64,2023-12-06 01:54:00,TXN-67F40C60FCDF41
204188,54188,NetBanking,Success,244820.68,2023-01-09 01:41:00,TXN-1C879447D73C7E
204189,54189,PayPal,Success,39752.5,2023-05-05 01:05:00,TXN-0A4FC6E7A8CC39
204190,54190,Debit Card,Success,946.69,2022-09-16 00:55:00,TXN-4AA94AAB4A76FC
204191,54191,PayPal,Refunded,45224.8,2024-01-29 00:28:00,TXN-AFB480783BA66C
204192,54192,NetBanking,Success,742.52,2025-04-17 00:36:00,TXN-C1AB6E53AB0E3D
204193,54193,UPI,Success,10858.67,2025-11-05 01:57:00,TXN-4EB9F841BFB84A
204194,54194,NetBanking,Success,6959.51,2023-02-15 01:09:00,TXN-59DE5CC23560A1
204195,54195,Credit Card,Success,773.45,2025-06-20 01:39:00,TXN-77A095BB6C6A32
204196,54196,Credit Card,Success,8251.69,2023-12-11 01:05:00,TXN-16B6EBC7BCB727
204197,54197,Credit Card,Refunded,210640.01,2023-03-08 01:43:00,TXN-BBD954FE56C272
204198,54198,NetBanking,Success,713.36,2025-02-16 01:02:00,TXN-879408597ED880
204199,54199,Credit Card,Success,57070.27,2022-03-25 01:36:00,TXN-10C1645C639ACD
204200,54200,Cash on Delivery,Success,122002.45,2026-01-18 00:21:00,TXN-4A55B3C9CA7026
204201,54201,Credit Card,Refunded,15269.75,2022-11-10 01:52:00,TXN-9809EEB2B5ADC5
204202,54202,PayPal,Success,9360.71,2023-04-29 00:10:00,TXN-A4B7152DF609ED
204203,54203,NetBanking,Success,52166.45,2022-01-13 00:55:00,TXN-EF712698171316
204204,54204,Debit Card,Success,2453.2,2025-05-14 01:20:00,TXN-9155AA1C2F446B
204205,54205,PayPal,Refunded,26421.08,2025-10-15 01:31:00,TXN-7177DF753CD24C
204206,54206,PayPal,Success,97980.36,2024-07-30 00:28:00,TXN-33596465AAE999
204207,54207,NetBanking,Success,842.17,2025-05-19 01:48:00,TXN-AD7B7B82165DEE
204208,54208,Credit Card,Success,4711.14,2022-06-18 01:12:00,TXN-DD337038999319
204209,54209,NetBanking,Success,783.76,2026-04-30 00:45:00,TXN-D0D7ECC2881CA7
204210,54210,Credit Card,Success,886.5,2023-01-16 01:30:00,TXN-E702631AE3D972
204211,54211,PayPal,Success,9664.16,2024-11-23 01:21:00,TXN-ACDF99EAC42FA9
204212,54212,Credit Card,Success,5300.04,2023-01-07 01:32:00,TXN-0DAF0449AB4EF3
204213,54213,Cash on Delivery,Success,16013.25,2022-06-25 00:36:00,TXN-70BFD313BB3669
204214,54214,Debit Card,Success,9137.13,2022-05-15 00:23:00,TXN-3562B167FFF8F9
204215,54215,UPI,Success,1393.32,2022-08-23 00:10:00,TXN-DF7D001641CC72
204216,54216,UPI,Success,25288.77,2024-12-15 00:29:00,TXN-FE344199483CD1
204217,54217,Cash on Delivery,Success,1717.09,2023-09-21 00:46:00,TXN-F5BA69AFBC7954
204218,54218,NetBanking,Success,11142.79,2023-04-03 01:48:00,TXN-EF6887666C4810
204219,54219,Credit Card,Success,55019.91,2022-11-18 01:55:00,TXN-0306FD29E66541
204220,54220,Credit Card,Success,13164.4,2022-05-23 00:24:00,TXN-C67B783078BBB1
204221,54221,Debit Card,Success,6141.59,2022-05-27 00:19:00,TXN-38A61F6105401E
204222,54222,PayPal,Success,3272.22,2022-03-19 00:27:00,TXN-E7FDABB199C550
204223,54223,Credit Card,Success,32334.34,2026-04-15 01:27:00,TXN-6CAFB715350415
204224,54224,PayPal,Success,2417.4,2024-11-23 01:00:00,TXN-275C8023CD44E7
204225,54225,Cash on Delivery,Success,6313.04,2024-11-29 00:06:00,TXN-12BAB1ED371AB0
204226,54226,Cash on Delivery,Success,19048.1,2023-04-21 01:35:00,TXN-13ED511E5E00B4
204227,54227,NetBanking,Success,1595.18,2023-07-31 01:08:00,TXN-A9D61D9DC59683
204228,54228,UPI,Success,124815.84,2024-02-04 01:44:00,TXN-784AB9BB542DF4
204229,54229,UPI,Success,1080.28,2025-04-07 00:06:00,TXN-47905EBE6D7EAA
204230,54230,UPI,Success,80286.43,2025-02-13 00:32:00,TXN-748CCCFC26D2E7
204231,54231,NetBanking,Success,109791.81,2025-07-16 01:04:00,TXN-DDA816ADE94246
204232,54232,Credit Card,Success,5222.88,2024-11-13 01:44:00,TXN-0962271242BB11
204233,54233,NetBanking,Success,14892.48,2022-01-24 00:33:00,TXN-3F54ADD82F8481
204234,54234,NetBanking,Success,142327.93,2024-05-13 00:37:00,TXN-C81CA0C879BFB5
204235,54235,PayPal,Success,6089.55,2023-01-06 00:02:00,TXN-749F228D4EF401
204236,54236,UPI,Success,42944.52,2023-07-11 01:46:00,TXN-E96AB620CDC253
204237,54237,Cash on Delivery,Success,9795.25,2025-11-09 01:18:00,TXN-C83750C6AE424A
204238,54238,NetBanking,Refunded,18882.53,2024-01-10 01:11:00,TXN-2D070B53A4BF93
204239,54239,PayPal,Refunded,13063.75,2025-09-07 00:19:00,TXN-542A68D22EEA4E
204240,54240,Debit Card,Success,90649.95,2026-02-19 01:07:00,TXN-6AD565C3105F16
204241,54241,UPI,Refunded,14673.28,2023-02-21 00:40:00,TXN-3995B3132100B6
204242,54242,Credit Card,Refunded,3690.45,2024-11-26 01:52:00,TXN-E1C3F456447F9D
204243,54243,Cash on Delivery,Success,26511.23,2022-03-03 00:03:00,TXN-2550E1E62F2FAE
204244,54244,Debit Card,Success,6077.06,2025-11-23 01:26:00,TXN-C56ECFBCC7EC7E
204245,54245,Cash on Delivery,Success,101214.04,2025-09-28 01:59:00,TXN-66A8E48022B30A
204246,54246,PayPal,Success,66282.6,2024-06-02 00:39:00,TXN-DC3ABB6A27A51E
204247,54247,NetBanking,Success,148124.2,2023-08-24 01:50:00,TXN-CDFD84FA9CC469
204248,54248,Credit Card,Success,51886.02,2023-04-17 00:16:00,TXN-8C54EFC2F0BF03
204249,54249,Credit Card,Success,4195.88,2024-12-30 01:19:00,TXN-1269694DD96343
204250,54250,UPI,Success,18501.43,2025-08-05 00:49:00,TXN-A342C841010ECE
204251,54251,NetBanking,Success,2778.71,2023-03-21 00:52:00,TXN-50BE30307B7188
204252,54252,UPI,Success,16724.9,2023-11-21 01:05:00,TXN-FDF6F3C9F0F944
204253,54253,Credit Card,Success,5138.19,2023-06-14 00:06:00,TXN-7B15367156529D
204254,54254,UPI,Success,20595.16,2023-07-12 01:24:00,TXN-E7621C00C42B81
204255,54255,Cash on Delivery,Success,3335.27,2026-03-06 01:43:00,TXN-AD3AC76DA3C18C
204256,54256,NetBanking,Success,4486.57,2022-01-25 01:25:00,TXN-351DA55337B3C3
204257,54257,Credit Card,Success,12553.85,2025-01-01 01:04:00,TXN-6CBF0A9558E6A0
204258,54258,UPI,Success,18752.48,2026-04-21 00:31:00,TXN-3D776D3A1E5DDF
204259,54259,NetBanking,Success,15938.08,2026-02-28 00:50:00,TXN-2D4AC4CDBF3CBE
204260,54260,UPI,Success,112746.88,2024-09-24 01:20:00,TXN-9B04481431256E
204261,54261,PayPal,Success,30799.23,2022-04-27 01:46:00,TXN-14DC33BF5CA536
204262,54262,UPI,Success,27103.52,2024-01-09 00:04:00,TXN-DB58696AD801CB
204263,54263,NetBanking,Success,1158.33,2025-04-30 00:18:00,TXN-C2A87A392496DF
204264,54264,UPI,Success,1631.28,2025-04-27 01:51:00,TXN-B11CD55FF24305
204265,54265,Cash on Delivery,Success,66.59,2025-01-26 01:32:00,TXN-1F97421AD13E3C
204266,54266,PayPal,Success,1404.44,2022-11-02 00:57:00,TXN-8B89335A2E682F
204267,54267,Cash on Delivery,Success,41757.21,2024-10-15 01:20:00,TXN-B054F733CA47B6
204268,54268,Credit Card,Success,16072.73,2023-10-07 00:55:00,TXN-551175810E5343
204269,54269,Cash on Delivery,Failed,12907.32,2022-09-01 01:51:00,TXN-EA95F0509AAE8D
204270,54270,Credit Card,Success,16399.07,2026-05-19 01:52:00,TXN-609773D40EEB5E
204271,54271,Cash on Delivery,Success,37877.29,2023-11-27 01:25:00,TXN-A741C36935E367
204272,54272,NetBanking,Success,3461.14,2025-05-20 00:53:00,TXN-E8A1539B732BF9
204273,54273,Credit Card,Success,2217.68,2022-05-07 00:46:00,TXN-FDD96365C29BA1
204274,54274,UPI,Success,136411.42,2023-05-01 00:05:00,TXN-5A8079B243AF1A
204275,54275,Cash on Delivery,Success,2326.07,2022-09-10 00:37:00,TXN-5D6C5E854AA6D7
204276,54276,NetBanking,Success,1312.48,2024-01-07 01:51:00,TXN-A046AAF0E8EDA4
204277,54277,UPI,Success,3639.42,2023-02-09 01:04:00,TXN-C68658FD229787
204278,54278,Debit Card,Success,2077.8,2026-01-17 01:44:00,TXN-77B0DF898DE3E8
204279,54279,Credit Card,Refunded,55353.74,2025-05-14 00:58:00,TXN-0AA50E2FDB652E
204280,54280,NetBanking,Success,19499.0,2025-02-18 01:06:00,TXN-033FFD9C9CA942
204281,54281,UPI,Success,63924.91,2023-02-14 00:07:00,TXN-9FBAE1805C86C1
204282,54282,Cash on Delivery,Success,75213.84,2025-05-05 00:32:00,TXN-4BAA5B2D34A902
204283,54283,PayPal,Success,13119.62,2023-05-24 00:37:00,TXN-EBB786F15921B5
204284,54284,Cash on Delivery,Success,594.6,2022-02-06 01:18:00,TXN-7BD76117E83F5F
204285,54285,PayPal,Refunded,26821.8,2025-01-02 00:12:00,TXN-28FE0C0512B35F
204286,54286,Cash on Delivery,Success,41255.56,2024-08-13 00:12:00,TXN-19E6400484D6C7
204287,54287,UPI,Success,134106.9,2022-03-24 00:52:00,TXN-5C28ED0C7F3537
204288,54288,Debit Card,Success,12171.46,2022-11-04 00:57:00,TXN-A6835E730D63A3
204289,54289,Debit Card,Success,8253.05,2024-04-19 01:49:00,TXN-08D6FF15F10530
204290,54290,Debit Card,Success,56770.6,2025-05-29 00:03:00,TXN-0A05C5DDAD194B
204291,54291,Debit Card,Success,1144.81,2022-09-29 00:48:00,TXN-06B7DF2ECA68F7
204292,54292,PayPal,Success,4298.41,2026-04-04 00:40:00,TXN-7B539218E37073
204293,54293,PayPal,Success,4472.28,2022-07-11 00:33:00,TXN-1325E8F1A91ACE
204294,54294,Debit Card,Refunded,7979.43,2023-08-12 00:56:00,TXN-1C52B88C9FEC3A
204295,54295,Debit Card,Success,10571.51,2022-05-24 00:50:00,TXN-F97DD4B158A22A
204296,54296,UPI,Success,810.18,2024-12-23 00:01:00,TXN-725876238301BE
204297,54297,UPI,Success,8845.01,2026-04-16 01:36:00,TXN-582FCA7185E42A
204298,54298,Cash on Delivery,Success,141968.94,2023-08-22 00:38:00,TXN-B16D032D42E81C
204299,54299,Cash on Delivery,Success,52342.88,2023-06-12 01:08:00,TXN-8451E7BBC41448
204300,54300,Debit Card,Success,102261.18,2026-03-28 00:48:00,TXN-9B36289F1F2F70
204301,54301,Credit Card,Success,43168.08,2025-09-06 00:27:00,TXN-52BC0368FCA8BE
204302,54302,Debit Card,Success,13916.74,2025-01-22 00:36:00,TXN-C521A50D30DD36
204303,54303,UPI,Success,7395.88,2024-09-11 01:31:00,TXN-E797AF220479EE
204304,54304,UPI,Success,23286.5,2026-04-03 01:48:00,TXN-18F4156366E43F
204305,54305,NetBanking,Success,25640.14,2024-01-26 02:00:00,TXN-C75431288160D8
204306,54306,Debit Card,Success,14514.72,2026-05-20 00:56:00,TXN-5F4289C79C5EF2
204307,54307,Debit Card,Success,6350.88,2024-09-10 01:45:00,TXN-85B9C771F4F624
204308,54308,Cash on Delivery,Success,72424.36,2026-06-17 01:44:00,TXN-ADCC39CBC385CD
204309,54309,Credit Card,Success,18479.47,2023-08-01 01:26:00,TXN-1A765067006C3A
204310,54310,NetBanking,Success,31736.04,2026-04-25 00:43:00,TXN-F99784339C5503
204311,54311,PayPal,Success,335.11,2022-06-13 00:59:00,TXN-1F45E32D9F77F7
204312,54312,NetBanking,Success,8808.72,2023-11-14 00:09:00,TXN-505B6A7DA905ED
204313,54313,Cash on Delivery,Success,8225.54,2024-06-06 00:55:00,TXN-AD1F82D2279D82
204314,54314,PayPal,Refunded,344809.3,2023-02-17 01:12:00,TXN-AB673FA10AD280
204315,54315,NetBanking,Success,43758.07,2025-01-17 01:49:00,TXN-268697F278973A
204316,54316,NetBanking,Success,2533.05,2023-07-11 01:51:00,TXN-6DFB7B8D9AFB5D
204317,54317,Debit Card,Success,26268.83,2024-07-27 01:38:00,TXN-5366FC04093AA7
204318,54318,PayPal,Success,10375.23,2023-01-13 01:45:00,TXN-133D9D73524772
204319,54319,Credit Card,Success,70593.15,2022-04-04 00:23:00,TXN-01C4A348052110
204320,54320,Credit Card,Success,6964.34,2024-06-30 00:36:00,TXN-274B623418E5E0
204321,54321,PayPal,Success,20971.84,2025-12-02 01:41:00,TXN-073B265B0B7078
204322,54322,UPI,Success,2752.48,2024-06-24 00:26:00,TXN-CAABB0597D1933
204323,54323,UPI,Success,3815.32,2022-09-23 01:53:00,TXN-17E81D119A34CD
204324,54324,Debit Card,Failed,2311.29,2024-01-16 00:33:00,TXN-8F897FC314B89B
204325,54325,Credit Card,Failed,65570.14,2022-05-05 01:15:00,TXN-5E382693BF3425
204326,54326,NetBanking,Success,33375.78,2023-09-04 01:29:00,TXN-D8F3CF3211EB25
204327,54327,NetBanking,Success,46982.43,2022-03-01 01:13:00,TXN-3187D5F3ED6863
204328,54328,UPI,Success,11423.73,2024-09-26 01:28:00,TXN-FB4716B4D058DC
204329,54329,Debit Card,Success,644.54,2023-08-04 00:13:00,TXN-D7BF69D4752C59
204330,54330,Credit Card,Success,37832.03,2024-04-07 01:29:00,TXN-3EA764817847B0
204331,54331,Credit Card,Failed,42002.96,2022-09-07 01:10:00,TXN-676DAD823C4605
204332,54332,Cash on Delivery,Failed,2975.59,2022-03-27 01:54:00,TXN-E1FC210E55841C
204333,54333,NetBanking,Success,73350.32,2024-11-27 00:34:00,TXN-6DFE7575A335D6
204334,54334,Cash on Delivery,Success,63855.57,2022-12-16 01:30:00,TXN-72E9712F221DA2
204335,54335,Credit Card,Success,54092.67,2022-10-12 00:56:00,TXN-F9A1F92D95E70A
204336,54336,Cash on Delivery,Success,6868.85,2022-07-25 00:13:00,TXN-B6394D14335BEB
204337,54337,Credit Card,Success,29893.45,2024-03-29 01:58:00,TXN-012DE0E6AC4735
204338,54338,UPI,Success,11659.42,2023-06-11 00:19:00,TXN-FF813CF4E9BC27
204339,54339,Debit Card,Success,55780.34,2024-03-17 01:43:00,TXN-CC5D5E699EC424
204340,54340,Debit Card,Success,15416.37,2022-05-20 00:57:00,TXN-2243FA034C04A6
204341,54341,Debit Card,Success,62384.88,2026-02-07 00:37:00,TXN-5890B38F04CB1C
204342,54342,Cash on Delivery,Success,916.17,2025-07-07 01:12:00,TXN-846FC37BF5D265
204343,54343,Debit Card,Refunded,15607.71,2023-04-19 01:49:00,TXN-9222DDC09B2D19
204344,54344,Cash on Delivery,Success,43506.19,2024-08-04 01:13:00,TXN-0B155FE5CD79B7
204345,54345,Credit Card,Success,2781.39,2022-09-19 01:42:00,TXN-108F17393C9886
204346,54346,Cash on Delivery,Refunded,12165.9,2024-10-23 00:47:00,TXN-7A959DE18A087F
204347,54347,Cash on Delivery,Success,13097.42,2024-03-19 01:58:00,TXN-6F24AC2308F9A7
204348,54348,NetBanking,Success,8090.4,2023-05-09 01:43:00,TXN-349DF13E37B864
204349,54349,Cash on Delivery,Success,753.53,2026-01-03 00:36:00,TXN-224D93B1EADFBE
204350,54350,Cash on Delivery,Success,843.57,2022-12-07 00:46:00,TXN-D25137A69544CD
204351,54351,Debit Card,Success,103442.64,2025-10-23 00:55:00,TXN-3A5A8BE436D44E
204352,54352,NetBanking,Success,6582.2,2023-08-23 00:46:00,TXN-DE5E1A82663E9D
204353,54353,UPI,Success,15576.7,2025-03-26 00:12:00,TXN-477D6D0A0F7298
204354,54354,UPI,Success,36696.58,2024-10-16 00:23:00,TXN-3409E9C7A58CC6
204355,54355,Debit Card,Success,12097.45,2025-11-10 01:42:00,TXN-42C0600E6CA326
204356,54356,NetBanking,Success,32714.95,2022-07-18 01:44:00,TXN-65E88FB139521E
204357,54357,Cash on Delivery,Success,45292.52,2022-06-26 00:32:00,TXN-1287F7BE800344
204358,54358,Cash on Delivery,Success,43799.32,2023-02-16 01:20:00,TXN-D77102514411BA
204359,54359,Credit Card,Success,14253.22,2022-11-16 01:51:00,TXN-0BC2EB8C5D2654
204360,54360,UPI,Success,31232.13,2024-04-16 00:42:00,TXN-3D502C53F7005E
204361,54361,Debit Card,Refunded,1634.88,2024-03-24 01:44:00,TXN-279D4A7897DDA4
204362,54362,NetBanking,Success,875.57,2026-01-19 01:30:00,TXN-18305C0771ECB1
204363,54363,Debit Card,Success,9851.2,2025-05-23 01:16:00,TXN-0E576B3F028625
204364,54364,Cash on Delivery,Success,98502.45,2023-06-13 00:15:00,TXN-4434C94B4D488C
204365,54365,Credit Card,Success,9302.21,2023-12-04 00:04:00,TXN-6EF3ACA311307A
204366,54366,UPI,Failed,6490.59,2022-08-12 00:04:00,TXN-DF42A58077B4FA
204367,54367,PayPal,Success,1098.87,2024-03-02 00:55:00,TXN-C2E26ECF4EE082
204368,54368,Credit Card,Success,33173.96,2024-02-09 01:59:00,TXN-5AC48E26BF5BD7
204369,54369,UPI,Success,5522.79,2023-02-26 00:50:00,TXN-F014A3562C5D67
204370,54370,Cash on Delivery,Success,50792.72,2024-05-22 00:23:00,TXN-DB68FEE77C5695
204371,54371,Debit Card,Success,9938.59,2023-05-21 01:49:00,TXN-B4DD0C8EA64BBE
204372,54372,PayPal,Success,6625.58,2026-06-24 01:54:00,TXN-6490E6CA5BA1B5
204373,54373,PayPal,Success,4358.64,2023-12-21 01:25:00,TXN-1C67F1CE3084AA
204374,54374,UPI,Success,36167.51,2024-07-31 01:04:00,TXN-FF643C456017BB
204375,54375,Credit Card,Success,11289.62,2022-11-21 00:52:00,TXN-E285357D8CCC19
204376,54376,PayPal,Success,43808.09,2023-03-17 00:50:00,TXN-B8A7487BE8E3B8
204377,54377,Debit Card,Success,2970.75,2022-10-24 01:15:00,TXN-3BF0B8279B719B
204378,54378,Cash on Delivery,Success,83912.04,2025-12-01 01:44:00,TXN-77ADDBE4D5BD5C
204379,54379,PayPal,Success,7792.72,2025-09-21 01:46:00,TXN-BAC4AC120AE109
204380,54380,Debit Card,Success,14029.0,2024-11-23 00:59:00,TXN-B682C2ED98740F
204381,54381,NetBanking,Success,8233.85,2026-02-10 01:01:00,TXN-DA489FE8A8B1CE
204382,54382,Debit Card,Success,11884.2,2022-09-02 01:28:00,TXN-289D89B48B31D2
204383,54383,PayPal,Success,24886.2,2025-11-09 02:00:00,TXN-B7877CCF3521E2
204384,54384,UPI,Success,12993.65,2025-01-16 01:37:00,TXN-08493F9CB55BCC
204385,54385,Credit Card,Success,13809.83,2023-09-24 01:24:00,TXN-5B560B70B275F0
204386,54386,PayPal,Success,48642.64,2022-02-16 00:16:00,TXN-F5A9CC4571C3A5
204387,54387,NetBanking,Refunded,22369.77,2026-04-28 01:30:00,TXN-A1F2666AEA46BE
204388,54388,UPI,Success,723.68,2023-06-26 01:17:00,TXN-CB6292E1EFBE81
204389,54389,PayPal,Refunded,121621.07,2025-03-09 00:57:00,TXN-7C0594122E14AC
204390,54390,Debit Card,Success,53349.36,2023-01-08 00:21:00,TXN-46C91D6D6D0BF9
204391,54391,PayPal,Success,10360.33,2023-08-26 01:25:00,TXN-F1EDF17211A332
204392,54392,NetBanking,Success,18346.63,2025-02-27 00:04:00,TXN-5FED36CE476BDA
204393,54393,PayPal,Success,30168.08,2026-03-09 01:51:00,TXN-B248AA1AD7B70D
204394,54394,UPI,Success,5715.09,2023-12-31 01:24:00,TXN-EE79220E6948C9
204395,54395,Credit Card,Success,8496.58,2024-04-27 00:28:00,TXN-22F376C61B4B44
204396,54396,PayPal,Success,25836.95,2024-11-23 00:34:00,TXN-3542D35665838C
204397,54397,NetBanking,Success,50336.66,2023-11-15 00:21:00,TXN-00FA33AEFB1823
204398,54398,PayPal,Success,4222.32,2024-05-04 01:42:00,TXN-0A0F635C546DDF
204399,54399,Credit Card,Success,41102.46,2024-12-17 01:18:00,TXN-46D73FD14611B4
204400,54400,Debit Card,Refunded,46595.35,2023-07-02 01:12:00,TXN-575925BD6E8FC4
204401,54401,PayPal,Success,9180.87,2023-01-13 01:24:00,TXN-DD291F1F6E23C2
204402,54402,Cash on Delivery,Success,7289.24,2023-12-20 01:48:00,TXN-F837B4E00F0659
204403,54403,NetBanking,Success,7779.3,2022-09-18 01:41:00,TXN-0F3D578FA90042
204404,54404,UPI,Success,114303.92,2023-03-21 00:13:00,TXN-8DF5D0D12C0F45
204405,54405,Credit Card,Success,6217.22,2022-12-31 00:59:00,TXN-6E1A41339112E2
204406,54406,UPI,Failed,14585.93,2023-02-18 01:53:00,TXN-135DEC23562063
204407,54407,Debit Card,Success,24937.92,2024-04-29 01:09:00,TXN-6207AF93562AFE
204408,54408,PayPal,Success,22738.64,2026-01-27 00:35:00,TXN-0F77025F427317
204409,54409,Credit Card,Success,193821.97,2024-11-11 01:20:00,TXN-2C6091D617C9AA
204410,54410,PayPal,Success,5102.88,2025-09-25 01:36:00,TXN-D6881EAD373462
204411,54411,PayPal,Success,3459.38,2025-08-20 00:34:00,TXN-4D616A80347D3D
204412,54412,Cash on Delivery,Success,13552.12,2026-01-13 00:05:00,TXN-C1677E0AD2ADA6
204413,54413,NetBanking,Success,10825.8,2022-11-03 00:53:00,TXN-34692AFFA03883
204414,54414,Cash on Delivery,Success,6025.76,2022-05-18 01:23:00,TXN-D71EF256535EB1
204415,54415,Cash on Delivery,Success,6680.81,2024-12-17 00:35:00,TXN-489F6F54EF12AB
204416,54416,UPI,Success,250261.31,2023-06-03 00:10:00,TXN-11A6FD3713DEF4
204417,54417,PayPal,Success,4932.36,2022-01-16 01:22:00,TXN-00C85F3CE4D37C
204418,54418,Credit Card,Success,3097.93,2024-04-12 01:49:00,TXN-1A668560CF9DE6
204419,54419,NetBanking,Success,29230.73,2024-11-15 00:22:00,TXN-62CF29CD3774D4
204420,54420,Cash on Delivery,Success,59109.89,2024-01-26 01:49:00,TXN-36FA5C84B8B5B4
204421,54421,Credit Card,Success,31236.95,2025-05-29 01:42:00,TXN-82C2CC7F57B2F8
204422,54422,PayPal,Success,7988.3,2023-10-16 00:29:00,TXN-A28274DE66893D
204423,54423,UPI,Success,77869.54,2025-01-18 01:59:00,TXN-6E4CB9B5FF3650
204424,54424,Cash on Delivery,Success,69624.5,2024-08-26 01:37:00,TXN-62773076E77C22
204425,54425,PayPal,Success,4972.43,2026-05-02 01:25:00,TXN-6973D3F6675BA1
204426,54426,NetBanking,Refunded,19849.82,2024-08-06 00:53:00,TXN-32B4EFC74A61FE
204427,54427,NetBanking,Success,21977.4,2024-04-12 00:04:00,TXN-D0375D873280D1
204428,54428,NetBanking,Success,1772.32,2024-09-22 01:48:00,TXN-8CE756DF0B7D30
204429,54429,Cash on Delivery,Success,1020.47,2022-02-28 01:45:00,TXN-A3B2681E45BA29
204430,54430,PayPal,Success,28124.14,2023-01-04 01:13:00,TXN-C1D2A76C3673E5
204431,54431,Cash on Delivery,Success,7531.15,2023-06-28 00:52:00,TXN-A66F314466688D
204432,54432,UPI,Refunded,36673.43,2023-11-11 01:36:00,TXN-01D1600C7D85F4
204433,54433,Cash on Delivery,Success,754.63,2024-04-29 00:38:00,TXN-843BC138850C4B
204434,54434,NetBanking,Success,29078.48,2023-03-18 01:16:00,TXN-CB4360BCFA38E5
204435,54435,Cash on Delivery,Success,11605.56,2024-06-21 00:51:00,TXN-DF188540EC8306
204436,54436,Credit Card,Success,6909.64,2025-10-12 01:37:00,TXN-62E316B3D8B8CA
204437,54437,Debit Card,Success,142312.07,2025-09-27 00:08:00,TXN-772C06E6305B32
204438,54438,NetBanking,Refunded,2900.19,2022-02-06 02:00:00,TXN-E6A6FFF25941AA
204439,54439,PayPal,Success,16661.71,2025-06-22 00:09:00,TXN-A9BB09221FB87E
204440,54440,Credit Card,Success,1847.22,2024-03-07 00:19:00,TXN-06F642007E7177
204441,54441,NetBanking,Refunded,10297.58,2025-05-19 01:01:00,TXN-7F365F16755A61
204442,54442,Credit Card,Success,17891.49,2024-05-31 00:32:00,TXN-921039B560C0C9
204443,54443,UPI,Success,14110.57,2023-10-30 01:28:00,TXN-4EF4B8F52935F0
204444,54444,UPI,Success,84320.08,2024-02-26 00:01:00,TXN-54BE4CAA05ECE3
204445,54445,Cash on Delivery,Success,101269.56,2024-02-14 00:20:00,TXN-DA193F4C8BB229
204446,54446,Credit Card,Success,43349.68,2024-06-01 00:23:00,TXN-62675422F21E61
204447,54447,Debit Card,Success,18574.83,2022-12-07 00:40:00,TXN-AAB9372F38D852
204448,54448,NetBanking,Success,5348.32,2026-01-02 00:27:00,TXN-6E948B44E1F786
204449,54449,PayPal,Success,15134.09,2024-03-02 00:57:00,TXN-75F444171ECE5A
204450,54450,NetBanking,Success,77598.72,2025-11-22 01:35:00,TXN-993E5416B38BC4
204451,54451,UPI,Refunded,10580.01,2025-07-15 00:35:00,TXN-9EAE80D3DC5EEB
204452,54452,UPI,Success,20214.89,2024-10-11 01:34:00,TXN-D978C40E5B2086
204453,54453,Debit Card,Refunded,10668.73,2026-01-02 01:35:00,TXN-8D8BDC0094E8D2
204454,54454,Cash on Delivery,Success,3488.11,2023-10-08 00:28:00,TXN-77E00818B1CF7D
204455,54455,Debit Card,Success,8601.68,2022-07-23 01:30:00,TXN-659506DCE38412
204456,54456,Cash on Delivery,Success,2866.18,2024-08-19 01:21:00,TXN-DAFD5AFFE62793
204457,54457,PayPal,Success,5371.45,2022-11-07 01:11:00,TXN-D95F3DBF265896
204458,54458,Cash on Delivery,Success,59512.72,2022-04-11 01:18:00,TXN-4EBC72F85FC312
204459,54459,Cash on Delivery,Success,14319.66,2025-05-28 01:44:00,TXN-94045A0EADB3B2
204460,54460,UPI,Refunded,1805.43,2023-01-03 01:10:00,TXN-DC684BA8692F0A
204461,54461,PayPal,Success,22433.6,2024-07-14 01:08:00,TXN-5F6028C5249640
204462,54462,Credit Card,Success,3379.02,2026-01-17 01:44:00,TXN-72E60444FC4457
204463,54463,Debit Card,Refunded,21656.34,2023-06-08 01:46:00,TXN-1173205DB9429C
204464,54464,NetBanking,Success,11805.02,2025-10-10 01:27:00,TXN-FD3C8F4A7785C9
204465,54465,Debit Card,Success,17534.39,2022-08-07 01:24:00,TXN-11F2E950FB5AC7
204466,54466,Credit Card,Success,2366.68,2024-05-03 01:58:00,TXN-C60620D5271DC5
204467,54467,Cash on Delivery,Success,21408.85,2025-04-29 00:45:00,TXN-50D79F037C7B5F
204468,54468,Debit Card,Success,5963.15,2024-09-16 01:25:00,TXN-FD85D861E274FA
204469,54469,UPI,Success,44508.79,2023-11-27 00:37:00,TXN-77AF6C31B0981C
204470,54470,PayPal,Success,3885.93,2026-02-14 00:14:00,TXN-996B21D7BB350D
204471,54471,Debit Card,Success,41880.32,2024-06-19 01:42:00,TXN-B112AA5DD1AC5B
204472,54472,Debit Card,Success,11301.08,2025-10-23 01:23:00,TXN-69BCDD6F5971A1
204473,54473,Debit Card,Success,69372.84,2024-05-18 00:39:00,TXN-6EDDB0F7978668
204474,54474,Cash on Delivery,Success,7676.03,2025-12-18 01:27:00,TXN-607E35A9B9726F
204475,54475,UPI,Success,50307.83,2023-02-03 00:31:00,TXN-85144219775264
204476,54476,Credit Card,Success,36455.06,2026-04-13 00:06:00,TXN-27220EB5FC49F3
204477,54477,Credit Card,Success,2956.2,2026-06-08 00:48:00,TXN-ACB842F5D1536A
204478,54478,Debit Card,Success,4109.09,2022-02-07 01:01:00,TXN-255730E9DDAC3E
204479,54479,NetBanking,Success,1440.57,2026-03-02 01:44:00,TXN-2565F64FF827E7
204480,54480,Cash on Delivery,Success,14083.44,2023-06-09 01:09:00,TXN-2FF0CEAD3919A9
204481,54481,Debit Card,Success,1335.38,2024-08-14 00:48:00,TXN-B4325986B801D5
204482,54482,UPI,Success,38661.0,2024-12-25 01:47:00,TXN-2F820C0FC19BDB
204483,54483,Cash on Delivery,Success,839.57,2024-07-04 01:24:00,TXN-13C7BF72D9E038
204484,54484,Cash on Delivery,Success,579.36,2022-02-22 00:19:00,TXN-B146E7B5C6B65B
204485,54485,Credit Card,Success,43708.39,2023-12-28 00:33:00,TXN-DA63E6102279D0
204486,54486,Debit Card,Success,15431.65,2025-01-11 00:48:00,TXN-17D2BA84D15DFC
204487,54487,UPI,Success,8304.75,2022-03-08 00:34:00,TXN-2A227721878E8C
204488,54488,Cash on Delivery,Success,795.1,2023-08-09 01:17:00,TXN-A262D625D28049
204489,54489,PayPal,Success,11355.04,2025-11-26 00:52:00,TXN-A8BF98E715B988
204490,54490,Cash on Delivery,Refunded,2338.49,2025-09-12 02:00:00,TXN-0D2FEBBACFF840
204491,54491,Cash on Delivery,Success,21077.79,2026-01-03 00:24:00,TXN-800B99891BDBBB
204492,54492,NetBanking,Refunded,50066.72,2025-09-11 00:36:00,TXN-2F3F3473601F3B
204493,54493,UPI,Success,1510.69,2023-01-27 01:40:00,TXN-4FEF154CB814FF
204494,54494,Debit Card,Refunded,5033.83,2023-06-01 01:58:00,TXN-47814C432590FF
204495,54495,UPI,Success,28269.22,2024-01-19 01:05:00,TXN-DA6C7D9AA8DF3C
204496,54496,UPI,Success,6660.25,2022-01-24 01:43:00,TXN-00C8F4944273AA
204497,54497,Cash on Delivery,Refunded,17945.31,2022-07-12 00:35:00,TXN-01560EB083D94D
204498,54498,Credit Card,Success,126111.41,2025-02-04 00:23:00,TXN-180EB77DBC9755
204499,54499,Cash on Delivery,Success,14294.86,2024-09-19 00:05:00,TXN-912E6C7A9E1911
204500,54500,Debit Card,Success,9323.41,2025-11-13 01:14:00,TXN-D74575CD8C5259
204501,54501,Credit Card,Success,527.66,2024-01-12 00:05:00,TXN-8A1F804CB2FD24
204502,54502,PayPal,Success,2605.81,2024-12-21 00:16:00,TXN-39610561CCD573
204503,54503,Credit Card,Success,1624.89,2024-02-25 00:36:00,TXN-4EEB960583837D
204504,54504,Debit Card,Success,17805.6,2024-04-14 01:26:00,TXN-E08B9D96F72CF9
204505,54505,Debit Card,Success,32834.15,2026-03-06 01:53:00,TXN-F95FCBA29C3499
204506,54506,Cash on Delivery,Success,2924.96,2026-03-24 01:10:00,TXN-CB0D43C36A5C94
204507,54507,Debit Card,Success,1919.15,2024-11-04 00:18:00,TXN-B3A966F80FE01C
204508,54508,UPI,Failed,17755.1,2026-05-20 00:19:00,TXN-2879A2F5DFE429
204509,54509,Cash on Delivery,Success,2720.57,2024-09-08 01:10:00,TXN-86ECC4EE4C9064
204510,54510,PayPal,Success,29661.72,2025-08-30 01:41:00,TXN-5794D364582374
204511,54511,Credit Card,Success,9080.22,2024-09-21 00:14:00,TXN-9A4CAC591ED9F9
204512,54512,PayPal,Success,161932.27,2023-03-05 01:07:00,TXN-9DAB611DAE3633
204513,54513,Credit Card,Success,506.02,2024-04-12 01:19:00,TXN-398567DAA13B78
204514,54514,PayPal,Success,10877.41,2022-12-28 00:27:00,TXN-3613CE5A1E7626
204515,54515,Cash on Delivery,Refunded,43683.86,2024-02-04 01:00:00,TXN-DA3BD46F1F066D
204516,54516,Cash on Delivery,Success,37951.78,2026-04-10 01:36:00,TXN-5589E4CB03A1B7
204517,54517,Credit Card,Success,5738.24,2025-07-14 01:14:00,TXN-B8B5BB6C5506EB
204518,54518,UPI,Success,31432.89,2022-05-05 01:28:00,TXN-2830AF5B851E87
204519,54519,NetBanking,Success,60028.28,2026-06-20 00:02:00,TXN-74CAC5636402A1
204520,54520,Cash on Delivery,Success,52098.51,2025-08-13 00:56:00,TXN-8242A0D9539B35
204521,54521,UPI,Success,4700.71,2024-08-02 00:29:00,TXN-854DD3C5D80A45
204522,54522,Cash on Delivery,Success,44170.18,2023-03-03 00:23:00,TXN-DAA1784F39CF1F
204523,54523,UPI,Success,9774.58,2022-04-13 00:33:00,TXN-4E4F991252D20C
204524,54524,PayPal,Success,3829.77,2024-01-04 01:39:00,TXN-0DAA80C8452278
204525,54525,Cash on Delivery,Refunded,14685.17,2023-05-30 01:13:00,TXN-20AF0256D59B4E
204526,54526,PayPal,Success,12820.07,2022-10-14 00:12:00,TXN-D20CA0F4106699
204527,54527,UPI,Success,9832.11,2023-03-08 01:59:00,TXN-F5466A6C87D217
204528,54528,PayPal,Failed,59.79,2023-07-07 01:05:00,TXN-55AD96C86F2D91
204529,54529,Cash on Delivery,Refunded,375951.55,2024-06-16 00:49:00,TXN-C248B30BA3EFAF
204530,54530,Cash on Delivery,Success,91989.76,2024-06-08 01:48:00,TXN-A4B3ADBD244530
204531,54531,NetBanking,Success,7059.04,2023-12-14 00:21:00,TXN-F76DF67624559C
204532,54532,Cash on Delivery,Success,62968.61,2022-06-21 01:45:00,TXN-5F33301F3F2E0F
204533,54533,NetBanking,Success,53522.92,2025-04-04 01:26:00,TXN-B7DE04FEFFCFB1
204534,54534,NetBanking,Success,145997.73,2026-03-30 01:34:00,TXN-ADFA7B4F9A06C6
204535,54535,NetBanking,Success,37047.02,2023-03-08 01:58:00,TXN-A65968AE33C6F1
204536,54536,Debit Card,Success,4031.99,2025-11-08 00:32:00,TXN-7B865946DE0532
204537,54537,NetBanking,Success,6582.2,2024-11-07 00:59:00,TXN-5E46839C4ED150
204538,54538,PayPal,Success,44740.74,2023-04-07 00:27:00,TXN-960CC72FE2F062
204539,54539,Credit Card,Success,2488.56,2023-08-06 00:15:00,TXN-8B22DDFCF274BC
204540,54540,UPI,Failed,1310.41,2025-01-06 00:43:00,TXN-5447F21C0795A6
204541,54541,Cash on Delivery,Success,7802.46,2022-07-24 01:27:00,TXN-30F7410E289DD0
204542,54542,NetBanking,Success,5436.04,2023-10-01 00:40:00,TXN-D2580ACEC08F95
204543,54543,Debit Card,Success,9920.04,2022-02-22 01:09:00,TXN-60CB8D7C0FA4BB
204544,54544,NetBanking,Success,620.76,2023-01-01 01:36:00,TXN-5295EB34A01F31
204545,54545,Credit Card,Success,45100.67,2024-06-10 02:00:00,TXN-F582F7C41A6496
204546,54546,Cash on Delivery,Success,68621.2,2024-10-16 01:01:00,TXN-119C0FBF3CD3ED
204547,54547,Cash on Delivery,Success,2478.59,2023-06-07 00:17:00,TXN-E1873649DFCA2E
204548,54548,Debit Card,Success,13165.06,2025-04-07 00:55:00,TXN-9A8B9E4A729224
204549,54549,Credit Card,Success,49760.94,2024-12-11 01:12:00,TXN-8EE8BCE46F2392
204550,54550,Credit Card,Success,5384.85,2025-07-30 00:45:00,TXN-32B381C6A1FDED
204551,54551,Credit Card,Success,12169.87,2024-09-16 01:09:00,TXN-B7BAAF0A76606D
204552,54552,PayPal,Success,12023.46,2025-05-12 01:18:00,TXN-ED0E7D5906C69C
204553,54553,PayPal,Success,6469.3,2025-03-17 00:57:00,TXN-3D4E716250CF28
204554,54554,Credit Card,Success,2519.27,2024-02-28 00:51:00,TXN-B4E74D382247D6
204555,54555,Credit Card,Success,21353.89,2025-10-14 00:38:00,TXN-869A4F1D4877CB
204556,54556,PayPal,Success,19642.01,2022-02-10 00:32:00,TXN-76705CB29D5377
204557,54557,UPI,Success,3424.57,2023-03-18 01:28:00,TXN-C53DBBAC707694
204558,54558,NetBanking,Failed,14435.65,2025-01-13 00:36:00,TXN-D8A5800AF6BF6F
204559,54559,NetBanking,Success,46421.7,2025-08-03 01:20:00,TXN-A4E0EA2A5E1570
204560,54560,UPI,Refunded,8174.4,2022-07-02 00:51:00,TXN-EF6B8DFFBEC13D
204561,54561,Cash on Delivery,Success,5171.06,2024-03-18 00:05:00,TXN-F5DA2B0B7B17E3
204562,54562,NetBanking,Success,44035.93,2023-07-08 00:40:00,TXN-38EEDD9A85FE45
204563,54563,Cash on Delivery,Success,39394.08,2022-05-22 01:25:00,TXN-28896F9FA2C5B9
204564,54564,Debit Card,Refunded,728.48,2022-10-18 01:55:00,TXN-E346439B548F3C
204565,54565,PayPal,Success,53003.33,2022-04-13 01:14:00,TXN-093ED93A2E100D
204566,54566,NetBanking,Success,101465.42,2023-06-25 00:03:00,TXN-C5DAB099203DF5
204567,54567,NetBanking,Success,58646.48,2022-06-16 01:04:00,TXN-542DDA9EC8CA2B
204568,54568,UPI,Success,91026.44,2023-08-03 00:18:00,TXN-CC95E0BC55A9E1
204569,54569,Cash on Delivery,Success,68051.04,2025-02-09 01:28:00,TXN-EB7A4AE0CD5AA4
204570,54570,UPI,Failed,41952.15,2024-02-15 01:25:00,TXN-2861DC792F84EF
204571,54571,UPI,Success,3625.79,2022-12-09 01:40:00,TXN-5B3D5ED52A29F9
204572,54572,PayPal,Success,5854.73,2025-02-16 00:06:00,TXN-AE7F895EB26313
204573,54573,Cash on Delivery,Success,4068.01,2025-11-06 01:00:00,TXN-0310F3D727236B
204574,54574,NetBanking,Refunded,105933.5,2023-03-27 01:38:00,TXN-DEEF22774184E0
204575,54575,PayPal,Success,2387.03,2026-05-24 00:31:00,TXN-7CC774CD40B4BC
204576,54576,UPI,Refunded,8368.17,2026-03-17 01:21:00,TXN-44CA2A7F41D2B3
204577,54577,Cash on Delivery,Success,14754.81,2023-03-19 00:11:00,TXN-CDD34BB1591D44
204578,54578,PayPal,Success,4484.23,2024-03-04 00:08:00,TXN-8184B39F8D68EA
204579,54579,Debit Card,Success,5802.78,2025-12-09 00:34:00,TXN-7A7E9A4B5AD09F
204580,54580,PayPal,Success,1255.71,2025-01-23 01:14:00,TXN-0F23EC66DC32B2
204581,54581,NetBanking,Success,15063.46,2025-12-29 00:09:00,TXN-A9F4825ABA6002
204582,54582,UPI,Success,16063.29,2022-06-19 01:39:00,TXN-6C6EC01A9BB2D0
204583,54583,UPI,Success,7980.38,2022-03-03 00:55:00,TXN-22E86565E3BBB8
204584,54584,NetBanking,Success,7737.7,2022-03-07 01:48:00,TXN-F3FA9E12F32100
204585,54585,Credit Card,Success,4444.5,2022-10-25 00:46:00,TXN-967F1C2EE553E9
204586,54586,PayPal,Success,12031.0,2025-06-05 00:53:00,TXN-FF77CED23FD3DE
204587,54587,PayPal,Success,1154.29,2022-11-21 01:16:00,TXN-DCF3BF3E3413E7
204588,54588,Debit Card,Failed,999.47,2022-10-22 01:29:00,TXN-FAFA9AC2155F79
204589,54589,UPI,Refunded,29133.86,2025-12-21 00:25:00,TXN-DF9A3B26C7D526
204590,54590,Credit Card,Failed,153238.52,2024-09-29 01:57:00,TXN-FC633FF6AABD7C
204591,54591,Credit Card,Success,19972.46,2022-09-02 01:17:00,TXN-68F881667DE15C
204592,54592,PayPal,Success,1709.25,2025-08-25 01:36:00,TXN-36FC217A56620F
204593,54593,Cash on Delivery,Success,53570.41,2022-12-04 01:06:00,TXN-5E03177907F6C2
204594,54594,PayPal,Success,23615.87,2023-11-13 01:42:00,TXN-0213D44D02AB3D
204595,54595,UPI,Success,16571.98,2025-01-28 00:30:00,TXN-ECCF9A368A4E74
204596,54596,PayPal,Success,8651.1,2024-04-17 01:46:00,TXN-6EED75CC538C32
204597,54597,Debit Card,Refunded,65611.12,2022-06-28 00:04:00,TXN-0CA05BE5CDEF9A
204598,54598,Credit Card,Success,3053.59,2026-06-19 00:41:00,TXN-DAD076BD686EB5
204599,54599,Credit Card,Success,36113.98,2024-11-04 01:14:00,TXN-76DE2E9B077AF2
204600,54600,PayPal,Success,66535.29,2023-08-09 00:20:00,TXN-FE4DC3C9C551AD
204601,54601,UPI,Success,24612.07,2022-03-19 01:32:00,TXN-3B17FB47176230
204602,54602,Debit Card,Refunded,27122.59,2026-05-11 00:44:00,TXN-4C863FB4B45523
204603,54603,Credit Card,Success,41426.8,2025-02-11 01:48:00,TXN-8104B41F869D83
204604,54604,PayPal,Success,83631.82,2025-02-13 01:41:00,TXN-C84BC6EE70B5A0
204605,54605,NetBanking,Success,14739.93,2024-05-29 00:11:00,TXN-DBCCA3049E5757
204606,54606,NetBanking,Success,16706.79,2022-12-29 01:31:00,TXN-EED71C4264BA2E
204607,54607,PayPal,Success,15551.13,2025-03-15 00:05:00,TXN-03B62C96E1B0F1
204608,54608,Debit Card,Failed,69062.82,2024-06-28 01:42:00,TXN-082AF543D63053
204609,54609,Debit Card,Success,43180.03,2025-08-21 01:20:00,TXN-05B2A57F3B8DE8
204610,54610,Debit Card,Success,46883.02,2025-04-19 00:38:00,TXN-5F52E4A1EA7502
204611,54611,Credit Card,Success,16921.94,2023-05-31 00:26:00,TXN-A7F681367BE9DA
204612,54612,UPI,Success,1705.39,2025-11-09 01:59:00,TXN-6DB51A71B18A09
204613,54613,Cash on Delivery,Success,27385.76,2024-05-27 00:28:00,TXN-E0561AEBAB2425
204614,54614,Debit Card,Success,7980.38,2026-06-03 01:20:00,TXN-C415B951072A0F
204615,54615,UPI,Success,3146.91,2024-07-25 01:59:00,TXN-12AC2C83628164
204616,54616,Debit Card,Success,36536.82,2023-07-31 01:33:00,TXN-4394FF219D84A3
204617,54617,Credit Card,Failed,3918.8,2025-06-11 01:11:00,TXN-C6309CBC85659B
204618,54618,UPI,Success,13075.92,2026-03-18 01:37:00,TXN-8A8226A9B955E4
204619,54619,Debit Card,Success,1805.43,2025-05-27 00:22:00,TXN-C37496BB312EF2
204620,54620,PayPal,Success,1578.26,2025-11-10 01:01:00,TXN-38DE4CAF6F53FF
204621,54621,Cash on Delivery,Refunded,39944.92,2022-12-01 00:54:00,TXN-7BB087C9DCC13F
204622,54622,PayPal,Success,198498.22,2022-04-06 00:48:00,TXN-90CCD5478D4E3A
204623,54623,PayPal,Failed,4793.94,2026-03-05 01:05:00,TXN-38602FED0062D3
204624,54624,NetBanking,Refunded,77439.43,2022-02-15 00:17:00,TXN-FD31D8B982D562
204625,54625,PayPal,Success,1165.72,2024-10-01 01:21:00,TXN-418439103E966D
204626,54626,Credit Card,Success,5501.16,2022-08-17 00:42:00,TXN-24374E91F609D7
204627,54627,Credit Card,Success,2202.18,2025-11-12 00:32:00,TXN-F9EB686AFD0B81
204628,54628,Cash on Delivery,Success,3915.51,2025-07-21 00:47:00,TXN-2B06B7866839AD
204629,54629,UPI,Success,25514.39,2026-04-28 00:32:00,TXN-6F1E9B2BCAE72E
204630,54630,NetBanking,Success,37058.21,2022-07-16 00:39:00,TXN-B39ED4355CCA2D
204631,54631,Credit Card,Success,6751.73,2025-11-13 01:16:00,TXN-3DD1261C7C0618
204632,54632,NetBanking,Success,84288.79,2022-08-04 01:34:00,TXN-42047C25FFBE0C
204633,54633,Cash on Delivery,Success,175809.27,2022-07-16 01:43:00,TXN-06402A52AAC8C1
204634,54634,NetBanking,Success,39266.44,2022-03-17 01:03:00,TXN-47AB6555C88383
204635,54635,PayPal,Success,17323.19,2024-10-23 01:28:00,TXN-68CDA09397C1C9
204636,54636,PayPal,Success,74157.5,2023-10-02 00:11:00,TXN-6164E96B069007
204637,54637,Debit Card,Success,50219.68,2024-08-05 00:55:00,TXN-070191AD4A889A
204638,54638,PayPal,Success,6912.69,2025-07-24 01:25:00,TXN-A621BB2B7989B0
204639,54639,Cash on Delivery,Success,4486.57,2022-06-06 01:42:00,TXN-0E4F8B2DD09323
204640,54640,UPI,Failed,27535.39,2022-09-19 01:57:00,TXN-981F90A54BE4B2
204641,54641,UPI,Success,7674.15,2022-04-15 00:03:00,TXN-70006EA59AA4EA
204642,54642,Debit Card,Success,865.11,2022-08-08 01:56:00,TXN-74D57E25EA37DB
204643,54643,Credit Card,Failed,2196.14,2026-04-16 00:08:00,TXN-93D6ADFBC2B210
204644,54644,Credit Card,Success,332.39,2024-06-17 01:17:00,TXN-21448E70F86FEC
204645,54645,Credit Card,Success,8717.28,2024-01-28 01:41:00,TXN-31758F2E7ACAD1
204646,54646,PayPal,Success,4921.4,2024-04-18 00:09:00,TXN-546A3DF15BEE79
204647,54647,PayPal,Success,55284.59,2023-11-19 01:49:00,TXN-FA2C3F56F276A5
204648,54648,Cash on Delivery,Success,13058.01,2025-02-01 01:26:00,TXN-0FD3E8E0CB5ED3
204649,54649,Credit Card,Success,3012.88,2023-11-09 01:01:00,TXN-4854064213C292
204650,54650,NetBanking,Success,127508.06,2024-07-13 00:10:00,TXN-3FC8A5FC60DB11
204651,54651,PayPal,Success,73836.78,2025-12-24 01:47:00,TXN-9132D9B3EE4483
204652,54652,NetBanking,Success,8889.42,2022-02-13 01:18:00,TXN-80D24628482707
204653,54653,NetBanking,Success,9905.71,2024-12-02 00:39:00,TXN-FE735CB01EA91D
204654,54654,Debit Card,Success,2925.12,2023-06-14 00:52:00,TXN-7344ABA33E5D63
204655,54655,PayPal,Success,13716.42,2026-04-29 01:23:00,TXN-E5E40CBB39F6D6
204656,54656,NetBanking,Failed,24462.11,2023-10-16 00:11:00,TXN-D415D36CF4A563
204657,54657,NetBanking,Success,2117.55,2026-05-25 01:25:00,TXN-E19B16F9178FC7
204658,54658,NetBanking,Success,26458.46,2025-09-25 01:01:00,TXN-69EB96672DDB07
204659,54659,Cash on Delivery,Success,169915.01,2025-02-09 00:51:00,TXN-50A4F101CEC97D
204660,54660,PayPal,Success,109786.92,2022-01-04 00:59:00,TXN-85AB3320C331A7
204661,54661,Credit Card,Success,1305.17,2025-02-18 00:23:00,TXN-1F703C5AEF8960
204662,54662,Credit Card,Refunded,63972.46,2024-04-20 00:43:00,TXN-EBB9A5637E085B
204663,54663,PayPal,Success,8677.44,2023-02-03 00:55:00,TXN-3AF1EE446A3915
204664,54664,Cash on Delivery,Success,3511.46,2023-06-14 00:38:00,TXN-DB22409B62AE06
204665,54665,NetBanking,Success,1970.24,2024-09-27 00:13:00,TXN-7018C8ADFFB9C9
204666,54666,PayPal,Failed,1338.48,2025-12-20 01:09:00,TXN-0607E5EDC6EA97
204667,54667,PayPal,Success,98887.37,2022-03-12 00:56:00,TXN-51D9E190AFE6E9
204668,54668,Debit Card,Success,8817.04,2024-07-07 00:55:00,TXN-A351420382CFAE
204669,54669,Cash on Delivery,Success,18135.5,2024-11-20 00:45:00,TXN-854410883CD8BE
204670,54670,Cash on Delivery,Success,3378.88,2025-07-20 01:39:00,TXN-8CDF52AB8F459D
204671,54671,PayPal,Success,56505.4,2022-08-15 01:54:00,TXN-F7EBDE8FA048C5
204672,54672,NetBanking,Success,73067.39,2024-08-11 00:35:00,TXN-3DAF1163275F55
204673,54673,Debit Card,Refunded,1157.22,2025-01-25 01:54:00,TXN-72FAA3795FCED9
204674,54674,Credit Card,Refunded,6582.2,2025-11-09 01:03:00,TXN-2F0F1D6ED80F47
204675,54675,Cash on Delivery,Success,23260.73,2024-02-13 01:05:00,TXN-CCE2791B14D82E
204676,54676,PayPal,Success,5698.54,2026-04-07 01:34:00,TXN-57CDD2B50D9565
204677,54677,PayPal,Success,5426.08,2023-08-17 01:15:00,TXN-3133CD0D9C0764
204678,54678,PayPal,Success,9793.96,2024-07-29 01:40:00,TXN-469E5E078F1095
204679,54679,NetBanking,Success,17215.66,2024-12-31 00:17:00,TXN-C15178795761AC
204680,54680,NetBanking,Failed,12855.69,2022-06-12 00:54:00,TXN-4331562170C26D
204681,54681,NetBanking,Success,6450.04,2023-01-12 00:10:00,TXN-9376C914515AF2
204682,54682,Cash on Delivery,Success,58526.56,2025-12-10 01:45:00,TXN-115D5724CFA7C4
204683,54683,PayPal,Success,243144.81,2025-10-21 00:58:00,TXN-9E8BC35E92FC1D
204684,54684,Debit Card,Success,12506.18,2022-12-28 00:47:00,TXN-D6AB85033F6428
204685,54685,PayPal,Success,9668.44,2025-12-28 00:37:00,TXN-D3236369573A61
204686,54686,UPI,Success,55447.46,2025-02-21 00:43:00,TXN-D30865735129E7
204687,54687,Credit Card,Failed,53884.27,2025-03-18 00:15:00,TXN-B99C4BE803A3F3
204688,54688,Credit Card,Refunded,9192.19,2025-04-23 01:56:00,TXN-96BC45B2B807AD
204689,54689,Debit Card,Success,9580.0,2025-04-12 00:35:00,TXN-6139B3C8FDE8D8
204690,54690,PayPal,Success,62248.3,2025-07-23 00:29:00,TXN-E1C4B29B602958
204691,54691,UPI,Success,581.29,2024-09-10 00:15:00,TXN-4220F147D3AC67
204692,54692,PayPal,Success,153283.94,2026-04-01 01:07:00,TXN-C8A8A0496392D8
204693,54693,PayPal,Success,576.25,2026-01-25 00:28:00,TXN-A2C5B208254EF9
204694,54694,Cash on Delivery,Success,2348.14,2024-10-01 00:57:00,TXN-39905533133343
204695,54695,Credit Card,Success,668.75,2024-02-02 00:44:00,TXN-B41003DBDA8C69
204696,54696,Debit Card,Success,1713.6,2025-06-06 01:46:00,TXN-8FF35FECE5F21D
204697,54697,UPI,Success,1428.6,2022-01-17 00:58:00,TXN-EA6ED6C2C9C451
204698,54698,Cash on Delivery,Success,1441.49,2022-07-11 00:47:00,TXN-FD6FE8A940F57D
204699,54699,Cash on Delivery,Success,13693.65,2024-12-02 01:42:00,TXN-AE8CEC37815493
204700,54700,Cash on Delivery,Success,57090.6,2024-10-12 01:21:00,TXN-004227D11AE7B1
204701,54701,NetBanking,Success,55447.46,2024-02-12 00:23:00,TXN-4E9090F419FCB0
204702,54702,Debit Card,Success,37327.65,2024-05-17 00:40:00,TXN-5B1DC1D9CF4C16
204703,54703,UPI,Success,14175.19,2025-07-19 01:08:00,TXN-F83E8AB668B297
204704,54704,PayPal,Success,896.59,2023-07-12 01:43:00,TXN-6E82BE4354D8EE
204705,54705,Debit Card,Success,57808.07,2026-02-05 00:46:00,TXN-9EC64848F974ED
204706,54706,UPI,Success,2621.04,2024-01-29 01:20:00,TXN-62035796B958BB
204707,54707,UPI,Success,17610.48,2022-02-24 00:44:00,TXN-4C9D8D77F3632D
204708,54708,Cash on Delivery,Success,7023.38,2025-05-01 01:00:00,TXN-37A2DDB29E1F21
204709,54709,PayPal,Success,619.13,2022-10-28 00:28:00,TXN-BAB81E869DE26C
204710,54710,Credit Card,Success,16715.82,2023-12-24 00:14:00,TXN-782C4EC54CF23C
204711,54711,Cash on Delivery,Success,949.86,2024-03-08 01:36:00,TXN-D2722E8309664D
204712,54712,Credit Card,Success,4624.37,2023-12-22 00:47:00,TXN-0D54DFF00312C7
204713,54713,Credit Card,Success,13985.87,2025-08-28 01:31:00,TXN-D10B5966B10652
204714,54714,Debit Card,Success,7460.82,2023-06-18 01:45:00,TXN-BD5A313753BAF6
204715,54715,Credit Card,Success,11333.39,2022-09-16 01:37:00,TXN-4F1F1E38A4566F
204716,54716,PayPal,Refunded,24248.27,2025-06-28 00:13:00,TXN-160B10F303BAA3
204717,54717,Cash on Delivery,Success,14571.53,2025-03-11 00:27:00,TXN-AF16E53804B9D0
204718,54718,PayPal,Success,21826.16,2023-10-18 01:36:00,TXN-C9377EAA52BB15
204719,54719,Credit Card,Success,4965.75,2025-11-08 01:49:00,TXN-EE36CF28A26827
204720,54720,Credit Card,Success,28332.05,2026-05-18 01:46:00,TXN-1D66C66C7088C2
204721,54721,NetBanking,Success,24305.51,2024-02-12 01:43:00,TXN-BBC6F15EF15A73
204722,54722,PayPal,Success,29303.2,2022-10-29 00:20:00,TXN-B5ED38F9C25EA0
204723,54723,NetBanking,Success,839.57,2022-04-17 00:06:00,TXN-A06D16C35612FD
204724,54724,Credit Card,Success,11299.46,2024-12-17 00:47:00,TXN-B1351EE524244F
204725,54725,Debit Card,Success,48705.38,2024-12-19 01:05:00,TXN-D84A2594DE7083
204726,54726,Cash on Delivery,Success,5715.09,2022-10-24 01:20:00,TXN-63548C3F9CDF2D
204727,54727,Credit Card,Refunded,11136.0,2026-03-09 00:13:00,TXN-06ADDC2A9C45A3
204728,54728,PayPal,Success,12009.93,2022-07-23 00:39:00,TXN-9354EBCBE32BE1
204729,54729,NetBanking,Success,179393.78,2022-02-23 01:49:00,TXN-266B1CFC856B26
204730,54730,Cash on Delivery,Success,364.24,2023-05-09 01:50:00,TXN-BCEFF294EF71F2
204731,54731,Debit Card,Success,25396.36,2025-07-18 00:22:00,TXN-AF84DC689B6C20
204732,54732,Debit Card,Success,32195.7,2024-09-13 00:26:00,TXN-A26203AB3C792A
204733,54733,Cash on Delivery,Success,15278.19,2026-05-12 01:15:00,TXN-BA346955D8553D
204734,54734,UPI,Success,12992.44,2024-04-30 01:10:00,TXN-A2D0A0E82B0E57
204735,54735,PayPal,Success,12096.53,2024-04-05 01:19:00,TXN-A95EA470941F20
204736,54736,Cash on Delivery,Success,11354.29,2022-01-13 00:27:00,TXN-738431CB7172AA
204737,54737,Debit Card,Refunded,21676.89,2025-10-19 00:19:00,TXN-C1799BF1AA7B2D
204738,54738,NetBanking,Success,9413.02,2022-02-04 00:58:00,TXN-EA019BD2CC8E68
204739,54739,Credit Card,Success,33482.75,2026-04-16 01:10:00,TXN-649575B00009D6
204740,54740,PayPal,Success,23705.69,2025-06-17 00:53:00,TXN-DE28AFC751DEF3
204741,54741,NetBanking,Success,67873.84,2024-11-24 00:15:00,TXN-B082D4C455AA67
204742,54742,NetBanking,Success,37272.9,2026-06-30 00:49:00,TXN-2B01FFC635085C
204743,54743,Debit Card,Success,113262.43,2024-05-26 00:43:00,TXN-5BE7EAC8DC4B25
204744,54744,Debit Card,Success,8913.79,2023-10-04 00:06:00,TXN-21490A2D5974E3
204745,54745,Debit Card,Success,28275.13,2024-10-01 01:27:00,TXN-B64308CD14F047
204746,54746,Debit Card,Success,8207.7,2026-03-22 00:09:00,TXN-38B3EFBCBF0472
204747,54747,Cash on Delivery,Refunded,56074.23,2022-05-07 01:36:00,TXN-C5757357AB4122
204748,54748,Cash on Delivery,Success,1441.49,2023-07-04 00:04:00,TXN-EFA0FA0BF7B489
204749,54749,NetBanking,Success,3769.42,2022-07-02 01:47:00,TXN-3DF42781A7BE54
204750,54750,UPI,Success,7317.24,2025-02-15 01:36:00,TXN-AE946CEB0BA518
204751,54751,Cash on Delivery,Success,111851.2,2024-03-07 00:54:00,TXN-3EFAED0320B429
204752,54752,Credit Card,Success,48176.56,2023-12-14 01:39:00,TXN-CA9042C287F035
204753,54753,Cash on Delivery,Success,151668.79,2024-12-20 00:25:00,TXN-BCB4AD62FD3CF9
204754,54754,NetBanking,Success,9070.27,2023-03-15 01:46:00,TXN-2873AE2B4D1C98
204755,54755,Cash on Delivery,Success,13884.51,2022-07-05 00:56:00,TXN-11731E98CEBD29
204756,54756,Debit Card,Success,46679.73,2023-11-18 00:36:00,TXN-FE29D04770B52F
204757,54757,PayPal,Success,14784.52,2025-05-29 01:53:00,TXN-B6440EFE9424BF
204758,54758,Credit Card,Success,3564.48,2022-12-21 01:20:00,TXN-15CB03E9D6EA61
204759,54759,NetBanking,Refunded,15408.62,2023-12-08 01:13:00,TXN-CE483DD9447255
204760,54760,Credit Card,Success,8391.76,2023-02-09 00:35:00,TXN-6AC61FBBF0C61C
204761,54761,PayPal,Success,55447.46,2022-12-31 00:13:00,TXN-2E7623675947D6
204762,54762,NetBanking,Success,14773.57,2023-07-14 01:11:00,TXN-245740881699F9
204763,54763,NetBanking,Success,10305.38,2025-06-07 01:29:00,TXN-8DD754CF368399
204764,54764,Debit Card,Success,1809.82,2025-03-15 00:45:00,TXN-85685466DF106D
204765,54765,NetBanking,Success,49882.11,2024-03-15 00:09:00,TXN-085C1A1BF5A2D8
204766,54766,Debit Card,Success,46310.1,2024-04-19 01:48:00,TXN-8E728D5BF1DAD7
204767,54767,Credit Card,Success,1061.61,2026-03-06 01:24:00,TXN-5006E9B4138F12
204768,54768,NetBanking,Success,16586.98,2024-04-18 00:53:00,TXN-B64155E2E59844
204769,54769,Debit Card,Success,11538.06,2025-04-06 01:05:00,TXN-747B5E2C11B661
204770,54770,PayPal,Success,3333.39,2022-12-25 01:58:00,TXN-0BAC7156A14020
204771,54771,UPI,Success,26419.54,2024-10-19 01:56:00,TXN-ADE1D4A52EE685
204772,54772,Cash on Delivery,Success,2898.58,2025-08-06 00:18:00,TXN-416FF174B2F0FD
204773,54773,Debit Card,Success,3516.12,2022-10-08 01:19:00,TXN-EEBBFE09753BD6
204774,54774,Debit Card,Success,39258.01,2023-12-11 01:29:00,TXN-47E725CD4C1F5C
204775,54775,PayPal,Success,35138.37,2024-05-18 01:25:00,TXN-631D3A98988B46
204776,54776,Debit Card,Success,2192.78,2023-12-03 01:49:00,TXN-ED9C73F34B3CBD
204777,54777,Credit Card,Success,7252.28,2024-01-13 00:33:00,TXN-B79881460375F0
204778,54778,PayPal,Success,4920.82,2025-07-06 00:44:00,TXN-611E29499EC3EE
204779,54779,Credit Card,Success,34531.56,2023-05-16 01:59:00,TXN-08ADB588C14C06
204780,54780,UPI,Success,2648.04,2025-09-23 00:26:00,TXN-0852668F09F879
204781,54781,Debit Card,Success,1064.6,2023-08-23 00:57:00,TXN-3F8E8E85DE3751
204782,54782,Credit Card,Success,9021.4,2022-01-13 01:53:00,TXN-83BF27959221B5
204783,54783,PayPal,Success,5419.24,2025-05-10 02:00:00,TXN-F480DBCDFD9070
204784,54784,PayPal,Success,4031.99,2024-04-30 00:14:00,TXN-25DD03689165B2
204785,54785,Credit Card,Success,18487.17,2024-01-22 00:56:00,TXN-9B0410B958730E
204786,54786,Credit Card,Success,38074.52,2023-12-19 01:43:00,TXN-13834E0F5311C5
204787,54787,Debit Card,Success,8973.14,2024-10-06 01:27:00,TXN-075F61D7887D41
204788,54788,NetBanking,Success,15742.18,2023-11-09 00:13:00,TXN-693325FD80E41A
204789,54789,Cash on Delivery,Success,94260.68,2024-04-13 01:52:00,TXN-3AB762A9289D26
204790,54790,NetBanking,Success,129530.93,2025-03-26 01:40:00,TXN-130171D17D6E06
204791,54791,Debit Card,Success,27940.56,2024-02-02 00:57:00,TXN-D2D447A7DC46F8
204792,54792,UPI,Success,2543.08,2024-06-13 01:02:00,TXN-0041A5B9AD9E3F
204793,54793,Cash on Delivery,Success,67230.93,2023-01-26 01:57:00,TXN-5E05E582EBC44A
204794,54794,Cash on Delivery,Failed,3562.27,2025-08-08 00:25:00,TXN-DF794284CFF9E3
204795,54795,PayPal,Success,3797.2,2022-11-17 01:08:00,TXN-20AFE70B5871AB
204796,54796,Debit Card,Success,25879.89,2023-07-14 00:08:00,TXN-2C64B96CBFB30F
204797,54797,PayPal,Success,2821.2,2026-01-10 01:25:00,TXN-BC4C54C9404527
204798,54798,NetBanking,Success,63207.89,2023-10-30 00:30:00,TXN-D1AFE5F147F4A6
204799,54799,PayPal,Success,26215.75,2026-05-17 00:24:00,TXN-865408ED788BE4
204800,54800,UPI,Success,4636.14,2025-11-19 00:58:00,TXN-5C3DFCF5F4B9C0
204801,54801,PayPal,Success,40379.13,2022-05-17 01:18:00,TXN-2FFBBD453E29DF
204802,54802,Credit Card,Success,7317.24,2023-01-10 00:23:00,TXN-830A0A638C5393
204803,54803,PayPal,Success,10503.58,2025-06-23 00:33:00,TXN-FBFB23C7D0ECD6
204804,54804,Debit Card,Success,196873.76,2022-01-20 01:52:00,TXN-D3E64F39B62E74
204805,54805,Credit Card,Success,2289.62,2026-01-22 01:07:00,TXN-A28A9D0D1ED807
204806,54806,Credit Card,Success,3626.14,2026-01-16 01:36:00,TXN-F299F1E09A8537
204807,54807,Credit Card,Success,9526.15,2022-08-08 00:16:00,TXN-A9FB6B69D25AAA
204808,54808,Credit Card,Success,14641.82,2026-01-29 00:15:00,TXN-5529C64F32D4A7
204809,54809,UPI,Success,50852.86,2024-05-23 01:33:00,TXN-36B175647A2DC3
204810,54810,NetBanking,Success,26551.41,2026-04-21 01:18:00,TXN-1E9C98640D3218
204811,54811,Cash on Delivery,Success,4804.98,2025-11-24 01:15:00,TXN-CAF5AEFFAA0E32
204812,54812,UPI,Success,91070.63,2022-10-07 01:25:00,TXN-05BA1975698E5F
204813,54813,Debit Card,Success,6075.78,2023-01-26 00:47:00,TXN-BBADE1F12D2F18
204814,54814,UPI,Success,3000.05,2023-01-05 00:40:00,TXN-D09BCFB0960266
204815,54815,NetBanking,Refunded,29303.2,2022-12-02 00:29:00,TXN-A1EA9226493048
204816,54816,Cash on Delivery,Success,254008.86,2025-09-16 01:59:00,TXN-D90C7918214B23
204817,54817,Cash on Delivery,Success,3862.4,2023-09-02 00:14:00,TXN-049826C2DE4DFF
204818,54818,PayPal,Success,619.38,2025-06-26 01:43:00,TXN-50F7496BD33C3E
204819,54819,Debit Card,Failed,247100.08,2023-10-15 00:08:00,TXN-77E237E765DFD6
204820,54820,NetBanking,Success,74303.64,2023-05-27 01:13:00,TXN-EE71C16C3F4D09
204821,54821,Credit Card,Success,17665.97,2022-06-12 01:15:00,TXN-EE74FB540B1E90
204822,54822,Credit Card,Success,3286.82,2024-06-02 00:56:00,TXN-A1F1E22B68B58A
204823,54823,Debit Card,Success,1068.74,2024-04-13 01:57:00,TXN-8DEFA420533960
204824,54824,Cash on Delivery,Success,15361.58,2022-10-10 00:03:00,TXN-50DF333D134CEA
204825,54825,PayPal,Success,2734.68,2026-03-26 01:20:00,TXN-7A645F0DB5E267
204826,54826,PayPal,Success,9742.99,2023-06-15 01:49:00,TXN-DFDB393D933AFF
204827,54827,PayPal,Success,25906.49,2023-09-07 00:59:00,TXN-28CBE6EB1E00F5
204828,54828,PayPal,Success,2352.88,2025-12-06 01:05:00,TXN-3FA4608DAD6725
204829,54829,Debit Card,Success,41515.75,2025-02-27 00:54:00,TXN-9E0F51C29E9635
204830,54830,NetBanking,Success,5227.11,2023-06-29 00:09:00,TXN-C9F7D034D20E11
204831,54831,PayPal,Success,11718.23,2022-05-16 01:43:00,TXN-EE9B312EA3DEC7
204832,54832,Debit Card,Success,157581.59,2024-10-02 00:56:00,TXN-94C07B221282A5
204833,54833,UPI,Success,11084.65,2024-07-10 01:25:00,TXN-0745DAE3C42608
204834,54834,Cash on Delivery,Success,17369.9,2025-06-10 01:35:00,TXN-919E9CD30A257F
204835,54835,Cash on Delivery,Success,2567.59,2022-10-18 00:40:00,TXN-DFF4F1AEDBA40A
204836,54836,NetBanking,Success,2068.74,2025-08-05 00:52:00,TXN-86E9C1D9FD81B0
204837,54837,NetBanking,Success,38441.1,2022-04-01 00:01:00,TXN-98076C42A4D1C9
204838,54838,Credit Card,Success,36043.34,2022-06-05 00:27:00,TXN-93D45068C97A8F
204839,54839,Credit Card,Success,2453.2,2023-03-22 00:43:00,TXN-E2C180BE7A88B8
204840,54840,NetBanking,Success,67287.2,2023-08-25 01:45:00,TXN-349C3AE14F4050
204841,54841,Cash on Delivery,Success,42740.22,2023-06-15 00:43:00,TXN-6336BB3071075B
204842,54842,NetBanking,Success,8779.23,2026-02-26 01:19:00,TXN-95D9889FCD295A
204843,54843,Cash on Delivery,Success,30426.65,2023-08-11 00:48:00,TXN-AF79E1EB2482E9
204844,54844,PayPal,Success,8340.27,2023-11-11 00:24:00,TXN-59A141712B54A0
204845,54845,Credit Card,Success,12666.82,2026-06-22 01:50:00,TXN-49E3B5FC7CCF00
204846,54846,Cash on Delivery,Success,4852.33,2024-03-31 00:18:00,TXN-9B168F51EDB6C4
204847,54847,Debit Card,Refunded,2900.19,2023-11-09 01:56:00,TXN-55E65CF17CEB26
204848,54848,PayPal,Success,112065.61,2022-07-19 00:49:00,TXN-B5B0FDBBA11B69
204849,54849,NetBanking,Success,122343.21,2025-06-09 00:55:00,TXN-F09F1790A48239
204850,54850,Cash on Delivery,Success,14317.58,2023-05-29 01:07:00,TXN-A5E051D1C6CD53
204851,54851,PayPal,Success,9827.2,2023-04-20 00:11:00,TXN-7371E2DB52BC0B
204852,54852,UPI,Success,4697.38,2025-12-14 00:28:00,TXN-CF7A4D1129FB98
204853,54853,Credit Card,Success,23637.66,2023-08-14 01:48:00,TXN-239FAD77E7657B
204854,54854,Credit Card,Success,19210.24,2022-01-08 00:12:00,TXN-C31E31F4D8BC55
204855,54855,Cash on Delivery,Success,8304.67,2026-05-20 00:20:00,TXN-34421C96EC4E18
204856,54856,PayPal,Success,182015.38,2025-11-16 01:06:00,TXN-D8F4EE7ADB56C6
204857,54857,Cash on Delivery,Success,4990.31,2025-06-20 01:05:00,TXN-1D4EEE5634AC47
204858,54858,PayPal,Success,41980.62,2023-08-24 00:14:00,TXN-32CBDB144DFC2E
204859,54859,NetBanking,Success,1776.67,2023-03-04 01:05:00,TXN-2C8C9F325ACE7C
204860,54860,Debit Card,Success,31554.76,2023-10-13 01:08:00,TXN-4EF96BEDA7D427
204861,54861,Debit Card,Success,39901.38,2023-01-30 01:13:00,TXN-A482C3C25CD247
204862,54862,Credit Card,Success,6316.08,2026-05-24 00:27:00,TXN-58BEC95551CE7B
204863,54863,NetBanking,Success,14725.68,2025-07-24 00:05:00,TXN-F6B91A7DABA30C
204864,54864,Cash on Delivery,Success,10714.55,2024-10-13 00:25:00,TXN-32D7989370596E
204865,54865,PayPal,Success,26842.05,2024-10-14 00:44:00,TXN-4D3545FA65D5C2
204866,54866,Credit Card,Failed,13577.51,2025-02-01 00:03:00,TXN-51AD1EC9ECE459
204867,54867,Credit Card,Success,33173.96,2024-04-11 00:47:00,TXN-B99CD609712642
204868,54868,UPI,Success,1224.85,2024-11-08 00:53:00,TXN-84678A7FB04307
204869,54869,Credit Card,Success,7530.3,2024-05-07 00:08:00,TXN-488377458AFF66
204870,54870,PayPal,Success,3347.73,2025-06-29 01:34:00,TXN-F7F0C64B49CE52
204871,54871,UPI,Success,57328.4,2022-12-27 01:45:00,TXN-236503A84CB002
204872,54872,NetBanking,Success,28004.27,2022-03-25 00:48:00,TXN-D9DF7EAD2D396E
204873,54873,Credit Card,Success,84172.46,2024-04-03 01:44:00,TXN-B8E80391B4A874
204874,54874,UPI,Success,17197.08,2024-05-07 00:28:00,TXN-C7B15D6C17C1EF
204875,54875,UPI,Success,725.29,2022-02-22 01:06:00,TXN-C7075F38674EB0
204876,54876,Debit Card,Success,9084.03,2025-02-16 01:58:00,TXN-E1D0995EC068D3
204877,54877,UPI,Success,58519.04,2022-05-08 01:31:00,TXN-2F7C6BAD63BA60
204878,54878,PayPal,Success,4009.53,2024-10-01 01:59:00,TXN-92C20FCE51A187
204879,54879,Credit Card,Success,66382.94,2024-06-06 00:04:00,TXN-E2241C738E2978
204880,54880,NetBanking,Success,17447.4,2025-03-10 01:38:00,TXN-4AFFB265999578
204881,54881,UPI,Success,3458.48,2023-05-26 00:09:00,TXN-A8D5DDBFA902E5
204882,54882,Debit Card,Success,1742.37,2023-02-11 01:10:00,TXN-19907140AB9439
204883,54883,UPI,Success,11994.11,2023-11-10 00:33:00,TXN-30DF876417300C
204884,54884,UPI,Success,6123.94,2022-11-14 00:36:00,TXN-A4642375709599
204885,54885,Debit Card,Success,182.17,2023-08-25 01:22:00,TXN-283E3F56774B6B
204886,54886,Cash on Delivery,Success,56287.2,2023-10-24 00:56:00,TXN-3C3506DB831EB4
204887,54887,Credit Card,Success,7843.88,2023-07-06 00:48:00,TXN-22D4C33F274566
204888,54888,Cash on Delivery,Success,25054.22,2023-06-26 00:21:00,TXN-2DB33C64E3B94F
204889,54889,Debit Card,Success,90820.38,2024-05-04 00:39:00,TXN-DA3C16B01CF99D
204890,54890,UPI,Refunded,56161.53,2023-07-28 01:40:00,TXN-4BDA641686A80E
204891,54891,UPI,Success,1302.65,2024-04-22 00:16:00,TXN-87992E01F2520E
204892,54892,PayPal,Success,6725.93,2023-08-10 00:47:00,TXN-38246D1841210D
204893,54893,Credit Card,Success,39700.93,2025-01-13 00:16:00,TXN-A9F791C2D93E87
204894,54894,Credit Card,Success,17125.17,2022-05-24 01:56:00,TXN-3AFE56B426521C
204895,54895,Credit Card,Success,128983.48,2026-04-26 00:19:00,TXN-C9FA7EFFBE61BC
204896,54896,NetBanking,Success,36751.95,2025-05-16 00:37:00,TXN-4208FF3DF5D774
204897,54897,UPI,Success,3104.11,2025-06-04 01:41:00,TXN-95F431AC614C13
204898,54898,Cash on Delivery,Success,24310.04,2025-02-12 00:10:00,TXN-BBB12BA6A6369C
204899,54899,UPI,Success,30619.16,2025-06-28 00:39:00,TXN-9FCC783E532AE5
204900,54900,Debit Card,Success,29152.07,2024-01-12 00:27:00,TXN-00DE5C8383E96D
204901,54901,Debit Card,Success,314.06,2025-05-17 00:44:00,TXN-5E2427F39B2645
204902,54902,Cash on Delivery,Success,40147.79,2022-01-24 00:40:00,TXN-EA92CC252AD31A
204903,54903,PayPal,Success,115105.2,2025-06-17 01:46:00,TXN-32EDD8CF32D291
204904,54904,PayPal,Success,14878.26,2023-02-25 01:47:00,TXN-19AC2AE97CE3A4
204905,54905,Credit Card,Success,20208.82,2024-06-26 00:24:00,TXN-64D95D45CD9012
204906,54906,Credit Card,Success,73617.29,2024-09-16 00:35:00,TXN-83FC5BD6402021
204907,54907,PayPal,Success,19884.28,2026-06-16 01:58:00,TXN-8ACFCB4CCF38C6
204908,54908,Cash on Delivery,Success,6229.36,2025-04-15 01:08:00,TXN-ED9AF9834B3E70
204909,54909,Debit Card,Success,17164.66,2024-09-01 00:07:00,TXN-F2FB7BC760105C
204910,54910,Debit Card,Success,18424.77,2026-06-17 01:01:00,TXN-B1211AAAD7BB6E
204911,54911,UPI,Refunded,87745.91,2022-04-25 01:08:00,TXN-539EE004D60006
204912,54912,PayPal,Refunded,17716.2,2024-08-11 01:08:00,TXN-DD8E8D5244FEDA
204913,54913,Cash on Delivery,Success,16612.12,2024-03-14 01:16:00,TXN-613FF1178BF8DA
204914,54914,NetBanking,Refunded,842.17,2024-08-09 01:27:00,TXN-575115BD37767C
204915,54915,UPI,Success,21381.54,2023-12-09 00:50:00,TXN-BFD2180AF3A374
204916,54916,NetBanking,Success,3592.75,2026-03-07 00:42:00,TXN-692DDE858A1AC9
204917,54917,UPI,Success,46685.38,2024-11-15 01:20:00,TXN-2DA1BE297F8654
204918,54918,NetBanking,Success,142965.57,2025-08-05 00:18:00,TXN-A8A700C9DCCF09
204919,54919,Debit Card,Success,13937.41,2023-09-21 01:17:00,TXN-0AE2DC4DBA2F5A
204920,54920,Debit Card,Success,39673.66,2023-02-10 00:54:00,TXN-4156CD3354DD5D
204921,54921,Cash on Delivery,Failed,682.47,2022-01-05 01:48:00,TXN-86156F42F25E76
204922,54922,Cash on Delivery,Success,24240.27,2026-01-29 00:22:00,TXN-C8E547A675469A
204923,54923,Credit Card,Success,156366.78,2022-08-29 01:44:00,TXN-6FC1743814846A
204924,54924,Cash on Delivery,Success,25845.26,2024-07-29 02:00:00,TXN-5CCAB364877CAF
204925,54925,Cash on Delivery,Success,6959.51,2023-05-18 00:27:00,TXN-2CF6175F772E92
204926,54926,Credit Card,Success,3135.04,2026-03-12 01:34:00,TXN-5C09A373716DAB
204927,54927,Credit Card,Success,28945.98,2024-08-31 00:53:00,TXN-EDE31C507D9C11
204928,54928,Cash on Delivery,Success,1919.15,2022-04-23 00:16:00,TXN-EFE7BD888EBD17
204929,54929,PayPal,Refunded,9533.66,2022-05-22 00:33:00,TXN-E1D8B8CC0D88F8
204930,54930,UPI,Success,1111.41,2022-09-18 01:45:00,TXN-A3BDD11FFA6E76
204931,54931,Debit Card,Success,5052.78,2026-05-23 01:21:00,TXN-B1AEC830F6FD7C
204932,54932,Debit Card,Success,2242.65,2026-02-15 00:46:00,TXN-201AED97892387
204933,54933,Cash on Delivery,Success,1205.78,2024-10-13 00:21:00,TXN-7FDDD2DE4486FD
204934,54934,Credit Card,Failed,73689.9,2026-04-06 00:24:00,TXN-57F7223A047299
204935,54935,NetBanking,Success,15608.2,2024-02-28 01:01:00,TXN-CEB7681981335A
204936,54936,Debit Card,Success,1399.58,2025-12-13 00:14:00,TXN-1FC28ED0959C2F
204937,54937,NetBanking,Success,9107.06,2026-01-18 00:40:00,TXN-09376F1386BAA1
204938,54938,PayPal,Success,48879.77,2023-12-01 01:22:00,TXN-A89A9A4AC94886
204939,54939,Debit Card,Success,33846.24,2024-12-27 00:50:00,TXN-446F8CD8EA165B
204940,54940,UPI,Success,1379.56,2022-04-17 00:03:00,TXN-9381BFBBACB363
204941,54941,Cash on Delivery,Success,10316.31,2023-12-13 01:07:00,TXN-513B33A6B6C169
204942,54942,UPI,Success,55089.87,2024-06-29 01:25:00,TXN-DFBE8358CB82A2
204943,54943,UPI,Success,32444.86,2025-04-13 01:23:00,TXN-244541AFB155E2
204944,54944,UPI,Success,9187.77,2022-03-18 00:51:00,TXN-FAD066EE75D9EC
204945,54945,UPI,Refunded,4099.01,2026-03-31 01:34:00,TXN-5E2580ABA8474F
204946,54946,NetBanking,Success,13262.82,2025-09-25 01:53:00,TXN-5F05FC83773C29
204947,54947,UPI,Success,6890.2,2022-11-17 00:29:00,TXN-B6E8F3AA5B815D
204948,54948,Cash on Delivery,Refunded,116396.91,2026-03-21 01:34:00,TXN-94E2D839B7F67D
204949,54949,Credit Card,Success,3671.69,2024-01-29 01:44:00,TXN-C151804B278BEC
204950,54950,Debit Card,Success,19315.91,2024-02-29 01:04:00,TXN-8E33833028A0D2
204951,54951,NetBanking,Success,10232.64,2023-07-25 01:01:00,TXN-C2A1F53D1D3899
204952,54952,NetBanking,Success,3071.58,2024-07-17 01:27:00,TXN-4404FEB88317AB
204953,54953,Credit Card,Success,9783.47,2024-01-17 00:05:00,TXN-44E83C8F25242A
204954,54954,Credit Card,Success,51677.83,2023-10-19 01:02:00,TXN-F2C721703166F0
204955,54955,UPI,Success,10539.5,2023-02-12 01:18:00,TXN-7A3BBFA7C8426F
204956,54956,Credit Card,Success,74938.01,2023-12-22 00:13:00,TXN-23ACE2B181EDDE
204957,54957,PayPal,Success,1732.13,2022-03-17 00:56:00,TXN-3F7E9C9706DE46
204958,54958,Cash on Delivery,Success,21870.93,2023-05-13 00:10:00,TXN-11E3A8C0D03A95
204959,54959,UPI,Success,11301.08,2023-08-07 01:11:00,TXN-E5500DEF911C8D
204960,54960,PayPal,Success,29575.2,2026-05-23 01:58:00,TXN-FB51EA950395DA
204961,54961,UPI,Refunded,447.17,2024-04-28 01:50:00,TXN-E6783737390B8B
204962,54962,NetBanking,Success,2114.5,2026-04-07 01:27:00,TXN-D35A8130B64F46
204963,54963,PayPal,Success,1245.02,2025-10-01 00:21:00,TXN-D23AEFFA3592F8
204964,54964,UPI,Refunded,26694.86,2025-04-14 00:43:00,TXN-6653193558B0C8
204965,54965,NetBanking,Success,119551.7,2024-04-20 00:26:00,TXN-85793DE1532CFA
204966,54966,UPI,Success,110894.92,2023-05-06 01:47:00,TXN-144058C1ED5D64
204967,54967,PayPal,Success,5874.7,2025-07-06 00:19:00,TXN-E84BC35A776337
204968,54968,PayPal,Success,35627.62,2025-07-13 01:14:00,TXN-51141B30EC727C
204969,54969,PayPal,Refunded,179591.68,2022-02-08 01:35:00,TXN-143D3D3AEC49F4
204970,54970,Debit Card,Success,3640.45,2024-08-16 00:13:00,TXN-FA212A9A106215
204971,54971,PayPal,Success,3900.51,2026-02-07 00:37:00,TXN-EE73C90FABC690
204972,54972,PayPal,Success,7776.84,2022-01-19 01:06:00,TXN-006908998E72FE
204973,54973,UPI,Success,42577.95,2026-03-08 00:11:00,TXN-A66BD57E22FBFC
204974,54974,UPI,Refunded,2387.03,2023-10-22 01:35:00,TXN-7B6423A2614F9D
204975,54975,UPI,Success,23095.58,2025-07-28 00:26:00,TXN-C9AAD4EB28784D
204976,54976,Cash on Delivery,Success,41366.02,2022-01-20 01:46:00,TXN-D24305AF446AA6
204977,54977,Debit Card,Success,5290.48,2022-03-27 00:35:00,TXN-6D0A7CBF197046
204978,54978,Cash on Delivery,Success,46054.45,2022-05-27 01:48:00,TXN-B9A29239E443D0
204979,54979,Credit Card,Success,2679.52,2026-02-08 00:57:00,TXN-11116EF70E2282
204980,54980,PayPal,Success,8490.55,2022-03-02 00:55:00,TXN-5B76F8DBD47FAB
204981,54981,Credit Card,Success,8897.9,2024-08-16 00:04:00,TXN-4518697C870497
204982,54982,PayPal,Success,455.46,2023-09-03 00:28:00,TXN-160B4E78E30549
204983,54983,Credit Card,Success,28271.29,2022-05-27 01:53:00,TXN-97F0EF88408898
204984,54984,NetBanking,Success,6144.64,2024-09-20 00:48:00,TXN-16E217FAE2542F
204985,54985,Debit Card,Success,26948.36,2022-01-20 01:54:00,TXN-6B68B22CDAE5F1
204986,54986,Debit Card,Success,80912.97,2022-01-20 00:38:00,TXN-30C97AA347DD57
204987,54987,NetBanking,Success,2123.93,2025-06-14 00:42:00,TXN-F8181C9AFAE2BE
204988,54988,Debit Card,Success,4298.41,2025-03-12 00:13:00,TXN-E01C6B3E835C72
204989,54989,PayPal,Success,55179.72,2022-08-26 01:38:00,TXN-547A356B62AAFE
204990,54990,UPI,Success,1312.48,2024-12-02 01:12:00,TXN-B2A9E64886B1F4
204991,54991,Credit Card,Success,688.72,2023-06-01 00:58:00,TXN-72FB0813419F78
204992,54992,NetBanking,Success,50846.77,2024-08-12 01:54:00,TXN-40B2FEA5C6E714
204993,54993,Credit Card,Success,579.36,2026-03-21 01:26:00,TXN-7AA66F462AF158
204994,54994,PayPal,Success,640.28,2025-02-21 01:24:00,TXN-2A034D3376F740
204995,54995,PayPal,Success,810.18,2025-05-04 00:43:00,TXN-3D038097188BEC
204996,54996,PayPal,Success,27331.01,2023-08-15 00:27:00,TXN-46465C02E73119
204997,54997,NetBanking,Success,4298.41,2022-07-08 00:03:00,TXN-B14B85F9D2BA7E
204998,54998,UPI,Success,29610.31,2024-05-09 01:55:00,TXN-93170336A44E2B
204999,54999,Debit Card,Success,72250.64,2025-12-30 01:42:00,TXN-BFCD6A907C591D
205000,55000,Credit Card,Refunded,20072.58,2023-12-31 00:25:00,TXN-5705E287311448
205001,55001,PayPal,Refunded,10000.17,2022-03-03 01:03:00,TXN-B05A25F689A287
205002,55002,Cash on Delivery,Success,28516.28,2026-05-01 01:45:00,TXN-3AD2CF35989774
205003,55003,Cash on Delivery,Success,22802.4,2024-12-11 00:46:00,TXN-A9B5C5E2A4D32B
205004,55004,Cash on Delivery,Success,12282.1,2026-04-08 01:23:00,TXN-053EF171B88B90
205005,55005,Cash on Delivery,Success,1799.42,2022-10-13 00:38:00,TXN-C9B34A399A8451
205006,55006,Credit Card,Success,118201.67,2025-01-24 01:38:00,TXN-790903269FC548
205007,55007,PayPal,Success,4352.44,2024-06-11 00:14:00,TXN-BCF30A909E9656
205008,55008,NetBanking,Success,2998.69,2023-10-16 01:51:00,TXN-4A7F06FA0EF5F0
205009,55009,Debit Card,Refunded,72512.95,2023-05-30 01:17:00,TXN-3033EC4C7F5013
205010,55010,Credit Card,Success,37190.04,2022-05-26 01:17:00,TXN-02906DA3785F68
205011,55011,NetBanking,Success,13950.73,2022-06-20 01:45:00,TXN-498D8689F19201
205012,55012,PayPal,Success,1784.62,2025-05-15 00:48:00,TXN-BDB9C7D82DD9BB
205013,55013,NetBanking,Success,2519.24,2024-09-17 00:20:00,TXN-87DF31FF03FE12
205014,55014,UPI,Success,23413.68,2025-11-09 00:23:00,TXN-35789DCA256F2E
205015,55015,NetBanking,Failed,1752.72,2022-07-27 00:34:00,TXN-5ECECF83473AC3
205016,55016,Debit Card,Success,6201.76,2023-01-16 01:43:00,TXN-27789C7E1188D8
205017,55017,UPI,Success,41739.01,2026-03-27 00:44:00,TXN-302BC975335367
205018,55018,Debit Card,Success,1189.2,2024-12-21 01:11:00,TXN-131CFE8C160FBD
205019,55019,Debit Card,Success,12347.82,2023-10-12 00:40:00,TXN-327191D4DF92E8
205020,55020,NetBanking,Failed,25256.4,2026-03-06 00:26:00,TXN-BA9D2AAECD5BCD
205021,55021,NetBanking,Success,16154.55,2023-08-24 01:14:00,TXN-C618DC31740B61
205022,55022,NetBanking,Success,2751.11,2026-03-29 01:47:00,TXN-C91AE829106048
205023,55023,Credit Card,Success,10268.99,2022-12-11 00:24:00,TXN-ED9C2275667D3D
205024,55024,Cash on Delivery,Refunded,24863.71,2023-06-19 02:00:00,TXN-E10F22FEA05368
205025,55025,Cash on Delivery,Success,18213.14,2025-09-14 01:12:00,TXN-5160DB26232FC7
205026,55026,PayPal,Success,7282.57,2024-04-09 00:31:00,TXN-33173005CF6AE1
205027,55027,Debit Card,Success,27271.27,2026-02-04 01:49:00,TXN-3ED62FD26C1C03
205028,55028,NetBanking,Refunded,44605.28,2023-06-26 01:49:00,TXN-F951C428A21AC4
205029,55029,Debit Card,Success,13276.74,2022-05-26 00:59:00,TXN-B890F12A803810
205030,55030,Cash on Delivery,Failed,4777.68,2023-09-28 01:26:00,TXN-24A07EA9A1B113
205031,55031,NetBanking,Success,1902.83,2023-09-14 00:55:00,TXN-ABAA28168F9FEC
205032,55032,NetBanking,Success,16792.96,2024-12-06 01:46:00,TXN-8C7FF44F9A2EEC
205033,55033,PayPal,Success,12560.68,2024-06-15 01:09:00,TXN-71972A63283477
205034,55034,Credit Card,Success,15141.74,2024-07-26 00:20:00,TXN-3F66C94AA2A71D
205035,55035,Credit Card,Success,53420.1,2024-12-22 00:17:00,TXN-66FF7306642790
205036,55036,Credit Card,Refunded,2377.08,2022-02-09 00:51:00,TXN-66D95B22E0EAFE
205037,55037,UPI,Success,18106.09,2022-06-01 01:37:00,TXN-FE99C50C01201B
205038,55038,UPI,Success,1022.55,2022-10-10 00:53:00,TXN-B023A644FC1698
205039,55039,NetBanking,Success,30767.81,2024-12-27 01:20:00,TXN-E108E58BF25CFE
205040,55040,UPI,Success,21602.04,2024-10-11 01:02:00,TXN-50E51112B8DC1F
205041,55041,NetBanking,Success,1707.1,2023-12-07 01:56:00,TXN-E85BA6C22C9E19
205042,55042,PayPal,Success,5467.85,2023-04-26 01:01:00,TXN-0BF59AF93C8A6F
205043,55043,PayPal,Success,5835.32,2024-02-27 00:47:00,TXN-AF684CC21B770B
205044,55044,Cash on Delivery,Success,7859.97,2022-03-08 01:22:00,TXN-726E3FB4F229E6
205045,55045,Cash on Delivery,Success,13622.05,2024-09-01 01:36:00,TXN-9956CDB95747C2
205046,55046,PayPal,Success,506.02,2023-09-16 00:31:00,TXN-EC28289DD99A6E
205047,55047,Cash on Delivery,Success,17478.67,2023-10-24 01:58:00,TXN-0FB543B1750CAC
205048,55048,Credit Card,Refunded,938.57,2024-03-22 02:00:00,TXN-E05F7FC28252F1
205049,55049,Credit Card,Success,24727.66,2025-10-04 01:18:00,TXN-71DFDE5F1D52E2
205050,55050,Cash on Delivery,Success,4265.2,2024-06-14 00:33:00,TXN-C214128A0B2854
205051,55051,Debit Card,Success,29197.9,2022-04-08 01:52:00,TXN-4282BB93B63E8F
205052,55052,PayPal,Success,368172.3,2022-08-21 00:51:00,TXN-0B0BD92EB09DB8
205053,55053,NetBanking,Success,1087.73,2024-06-13 00:18:00,TXN-EA294404351FAD
205054,55054,PayPal,Success,31640.52,2026-01-29 01:59:00,TXN-3D5DBEF2451F01
205055,55055,NetBanking,Success,34777.79,2022-12-24 00:03:00,TXN-5BA4757A3C1307
205056,55056,Debit Card,Success,46679.73,2026-05-17 00:50:00,TXN-74F2ECDC82D694
205057,55057,NetBanking,Success,4458.21,2025-04-20 00:45:00,TXN-61E338B881F7C2
205058,55058,PayPal,Success,841.99,2026-05-22 01:14:00,TXN-5D35C666B187CF
205059,55059,Credit Card,Refunded,8094.68,2022-02-13 01:15:00,TXN-EED6AF4D4D1BD2
205060,55060,Cash on Delivery,Success,32443.67,2022-08-03 00:18:00,TXN-83479222D5594A
205061,55061,PayPal,Success,23596.36,2024-01-09 00:29:00,TXN-1FD7E3317750F8
205062,55062,Debit Card,Success,175484.73,2023-11-15 00:37:00,TXN-3E2049A23F772D
205063,55063,NetBanking,Success,122072.11,2022-03-22 00:24:00,TXN-E8D5EEE12591CE
205064,55064,Debit Card,Refunded,1623.62,2022-03-21 01:11:00,TXN-CA67C7702DBE59
205065,55065,Credit Card,Success,110636.82,2025-05-03 01:34:00,TXN-DE8CB13D5D283A
205066,55066,Debit Card,Success,7059.04,2025-10-23 01:33:00,TXN-437155A2FB1854
205067,55067,Credit Card,Success,4895.06,2026-05-01 00:43:00,TXN-2A0AF88AA01C32
205068,55068,NetBanking,Refunded,119290.86,2022-02-17 00:41:00,TXN-14A80AEEF0AA9C
205069,55069,Cash on Delivery,Success,73049.39,2022-12-28 02:00:00,TXN-13AA5F1BF8776B
205070,55070,NetBanking,Success,34927.77,2023-11-12 00:45:00,TXN-DAB98FBAB8375C
205071,55071,NetBanking,Success,10693.44,2022-01-20 01:34:00,TXN-0997A4471AC23B
205072,55072,UPI,Success,40319.9,2024-10-12 01:10:00,TXN-5F4FE6504C80ED
205073,55073,Cash on Delivery,Success,14931.17,2025-04-05 01:46:00,TXN-BB17AE50100569
205074,55074,PayPal,Success,1048.97,2026-03-04 01:06:00,TXN-29646B6BBEBB39
205075,55075,Debit Card,Success,13769.81,2025-10-06 01:29:00,TXN-407777F08C07DE
205076,55076,Debit Card,Success,22165.9,2024-11-29 00:45:00,TXN-A9AFD92ADEDB33
205077,55077,Cash on Delivery,Success,99642.82,2025-08-30 00:01:00,TXN-2F2325F2C8BAB8
205078,55078,Debit Card,Success,11216.86,2024-06-27 00:16:00,TXN-349974550FEB9C
205079,55079,Debit Card,Success,14375.12,2024-12-29 00:21:00,TXN-4C69E52A08438B
205080,55080,UPI,Failed,10345.8,2023-04-12 01:34:00,TXN-211F6A5011C667
205081,55081,NetBanking,Success,8433.63,2022-05-18 00:16:00,TXN-F011F1263B18B4
205082,55082,PayPal,Success,3834.8,2022-05-28 00:15:00,TXN-0BD3E92B3B9F9C
205083,55083,Credit Card,Success,2348.69,2024-08-27 00:02:00,TXN-8F77FB0F219464
205084,55084,Credit Card,Success,20663.53,2022-09-19 00:54:00,TXN-55E9EE41779523
205085,55085,Credit Card,Success,5412.94,2026-03-04 00:44:00,TXN-5FDE558D037088
205086,55086,Debit Card,Refunded,4456.9,2026-03-04 01:05:00,TXN-E09B44A7D38FD9
205087,55087,PayPal,Success,8945.86,2024-09-14 01:10:00,TXN-56602B9779E0A4
205088,55088,Debit Card,Refunded,13361.62,2024-05-15 01:08:00,TXN-978A55FC7422A2
205089,55089,Debit Card,Success,20907.56,2022-11-14 00:27:00,TXN-776686F8A7F969
205090,55090,Debit Card,Success,1647.26,2025-04-04 01:11:00,TXN-969AD3907E71E4
205091,55091,Debit Card,Success,53186.08,2024-09-27 01:37:00,TXN-315D8B0CFBA0AE
205092,55092,Credit Card,Success,51635.55,2023-01-08 00:42:00,TXN-DA78969CF81454
205093,55093,UPI,Success,11893.29,2023-01-20 01:46:00,TXN-BC5AC29FCC485D
205094,55094,PayPal,Success,12067.89,2023-06-30 01:16:00,TXN-FFB66600698C8F
205095,55095,NetBanking,Success,1300.84,2023-02-19 00:04:00,TXN-33948D8E8110BD
205096,55096,Cash on Delivery,Success,1561.48,2023-07-11 01:46:00,TXN-3C39C9E0E1ED1B
205097,55097,UPI,Success,6857.43,2025-07-12 00:11:00,TXN-5474D5781308C5
205098,55098,Debit Card,Success,24310.04,2022-07-31 00:47:00,TXN-6B0CB19720C18C
205099,55099,Debit Card,Success,431.67,2023-03-29 01:30:00,TXN-6BF579EC9C008F
205100,55100,Cash on Delivery,Success,5143.58,2026-05-28 00:29:00,TXN-A336CDC4D06663
205101,55101,Cash on Delivery,Success,43476.34,2022-07-08 00:21:00,TXN-E6C356FEF8D2F4
205102,55102,NetBanking,Success,2012.92,2025-04-30 01:59:00,TXN-58EA95756DACFA
205103,55103,NetBanking,Success,2477.23,2024-12-19 01:24:00,TXN-9700A6CB8B35FE
205104,55104,PayPal,Success,13626.47,2023-12-09 01:52:00,TXN-49716FAFAB6824
205105,55105,UPI,Success,23488.04,2025-09-14 00:06:00,TXN-2652816E5528CE
205106,55106,NetBanking,Success,29583.39,2026-02-13 01:37:00,TXN-2ADACB78C74537
205107,55107,NetBanking,Success,2167.07,2022-12-11 00:45:00,TXN-C77CA408FB902F
205108,55108,Cash on Delivery,Success,6829.62,2023-07-13 01:59:00,TXN-5C6E05E7237E9A
205109,55109,Cash on Delivery,Success,27848.47,2023-03-16 00:35:00,TXN-CC497489BCFED3
205110,55110,PayPal,Success,2743.96,2025-07-17 01:06:00,TXN-D2B163B53F48BC
205111,55111,Cash on Delivery,Success,47552.6,2022-10-22 01:19:00,TXN-E30C3B143E0E13
205112,55112,PayPal,Success,39819.87,2023-03-09 00:13:00,TXN-C1889F8D204020
205113,55113,Cash on Delivery,Success,12943.06,2022-10-16 00:36:00,TXN-4D5CD4B0740059
205114,55114,NetBanking,Success,81240.28,2024-12-03 01:04:00,TXN-9727419E365877
205115,55115,Credit Card,Success,1214.64,2022-03-09 00:58:00,TXN-C7D9FD4E0C184B
205116,55116,UPI,Success,23144.2,2025-07-27 01:52:00,TXN-C2508F2EDE0679
205117,55117,UPI,Success,544.24,2024-03-03 00:49:00,TXN-8A9156F56E4420
205118,55118,Cash on Delivery,Success,57888.58,2023-06-09 00:16:00,TXN-384E5D73B44508
205119,55119,Credit Card,Success,23016.91,2025-03-27 00:24:00,TXN-FFC6137C8DB831
205120,55120,PayPal,Success,12034.28,2023-10-26 00:20:00,TXN-C45EC82231E37E
205121,55121,Debit Card,Success,3165.99,2025-01-30 01:07:00,TXN-3C0F71B329C0E6
205122,55122,UPI,Success,4182.59,2025-11-29 01:47:00,TXN-D2AAE53834F94B
205123,55123,Credit Card,Success,45292.52,2022-01-15 01:37:00,TXN-E3870A188BDCF7
205124,55124,NetBanking,Success,4230.29,2022-01-18 00:17:00,TXN-92FF0724F4F21D
205125,55125,Debit Card,Success,12854.71,2023-01-16 00:18:00,TXN-FB3FF34B0211E3
205126,55126,Cash on Delivery,Success,16830.39,2022-02-21 00:01:00,TXN-9BCCEC8B733BBE
205127,55127,Credit Card,Success,31400.45,2025-07-23 01:11:00,TXN-DE53133D40DB0F
205128,55128,Debit Card,Success,2289.62,2024-02-23 00:24:00,TXN-348C81A863B0C9
205129,55129,Cash on Delivery,Success,37606.92,2024-07-18 01:48:00,TXN-D92FF63D71D4E9
205130,55130,PayPal,Success,97331.82,2023-05-06 00:24:00,TXN-7444028B6D8A24
205131,55131,Credit Card,Success,39932.54,2024-04-03 00:59:00,TXN-A96C988349EB71
205132,55132,NetBanking,Success,16074.43,2024-04-18 01:05:00,TXN-404C98EC02309D
205133,55133,Debit Card,Success,28368.34,2022-09-14 01:00:00,TXN-8F4050FAA38E65
205134,55134,Cash on Delivery,Success,7917.63,2025-02-04 00:31:00,TXN-53CA410181EDDF
205135,55135,NetBanking,Success,798.68,2024-03-15 01:27:00,TXN-084C8F1BD0CC80
205136,55136,PayPal,Success,14498.95,2026-03-01 01:25:00,TXN-153C956D9BBC4B
205137,55137,PayPal,Success,40449.05,2023-02-14 00:58:00,TXN-845CB0D71982CE
205138,55138,NetBanking,Success,25228.76,2022-01-10 00:50:00,TXN-599A6B4AD317C3
205139,55139,Debit Card,Success,5706.88,2025-07-01 01:52:00,TXN-C4EB1DB1D5A464
205140,55140,UPI,Success,15179.02,2022-12-21 01:45:00,TXN-FB0430CF87D9CE
205141,55141,Cash on Delivery,Success,28986.78,2023-03-26 01:12:00,TXN-F62AD649142263
205142,55142,UPI,Success,351.94,2025-12-22 01:33:00,TXN-A2B38F94311D77
205143,55143,NetBanking,Success,6469.3,2023-04-30 01:23:00,TXN-5125FFD146872B
205144,55144,Debit Card,Success,22854.37,2026-01-25 01:03:00,TXN-EA8B22786C1C0F
205145,55145,Credit Card,Failed,3312.94,2023-09-14 01:16:00,TXN-F3627286FD64AD
205146,55146,Cash on Delivery,Success,17716.2,2023-12-29 00:10:00,TXN-77E4A5CDEB062A
205147,55147,UPI,Success,39234.63,2022-08-31 00:07:00,TXN-20710FDE4110E6
205148,55148,Debit Card,Success,6229.36,2022-08-13 00:37:00,TXN-4F5784060A249E
205149,55149,UPI,Success,23888.91,2022-07-30 01:22:00,TXN-825FA87CB85C8A
205150,55150,Credit Card,Success,4638.02,2026-04-05 00:37:00,TXN-06E7EDBD059F81
205151,55151,Cash on Delivery,Refunded,3482.5,2022-10-31 01:53:00,TXN-301855043AB7DA
205152,55152,UPI,Success,103238.62,2024-12-29 01:08:00,TXN-886A5CB7ED9447
205153,55153,PayPal,Success,1144.81,2023-12-26 00:14:00,TXN-83F86E33D23966
205154,55154,Credit Card,Success,138640.37,2025-10-19 00:06:00,TXN-7286966A694D61
205155,55155,NetBanking,Success,126381.62,2026-02-10 00:32:00,TXN-2BEE800AD07E26
205156,55156,Credit Card,Success,51677.83,2023-04-25 00:02:00,TXN-0FC79346C3236D
205157,55157,Cash on Delivery,Success,10622.67,2026-01-25 00:01:00,TXN-F60C213BB4AD9F
205158,55158,UPI,Success,817.17,2025-06-10 01:46:00,TXN-DF9B884262E1BB
205159,55159,PayPal,Success,12096.53,2023-10-31 00:58:00,TXN-7CD9BFEC471B16
205160,55160,UPI,Success,4400.69,2022-05-01 00:02:00,TXN-1A3111205A65B3
205161,55161,Cash on Delivery,Success,19796.94,2026-03-16 00:26:00,TXN-7D673FFD7721E3
205162,55162,Debit Card,Success,16539.27,2025-11-06 01:42:00,TXN-9C6204B9961C52
205163,55163,Cash on Delivery,Success,52684.37,2024-11-21 01:30:00,TXN-E75571DB2FE593
205164,55164,NetBanking,Success,72911.66,2023-06-24 01:46:00,TXN-2F179D2F8F28A5
205165,55165,NetBanking,Success,50967.72,2023-09-17 01:52:00,TXN-A41737827B313E
205166,55166,PayPal,Success,43871.21,2023-03-12 01:37:00,TXN-C8F3E981A29F6B
205167,55167,UPI,Success,1174.0,2023-12-26 01:54:00,TXN-AB5475E94B6594
205168,55168,PayPal,Success,62899.56,2023-05-17 01:18:00,TXN-5741D1CD01A106
205169,55169,NetBanking,Success,16797.42,2024-07-11 00:43:00,TXN-03C40592B8432E
205170,55170,UPI,Success,5026.95,2022-05-23 00:02:00,TXN-4D5FCE5C8916CA
205171,55171,NetBanking,Success,5485.59,2025-03-24 00:36:00,TXN-C77F38932ADB70
205172,55172,Debit Card,Refunded,36075.53,2025-05-26 01:10:00,TXN-0B567987C76838
205173,55173,Debit Card,Success,6094.07,2023-03-22 01:17:00,TXN-2CFD9B1ED81EFE
205174,55174,Cash on Delivery,Success,58397.92,2025-04-05 00:23:00,TXN-EE8F3954F58832
205175,55175,UPI,Success,60167.85,2025-05-01 00:31:00,TXN-5C56037CB9DEAF
205176,55176,PayPal,Success,21195.29,2023-09-10 01:03:00,TXN-6B914F1A383E2D
205177,55177,NetBanking,Success,2959.57,2026-05-02 01:03:00,TXN-37491C1F104858
205178,55178,Credit Card,Success,1277.35,2025-01-30 00:30:00,TXN-A9EA0C63BC4B75
205179,55179,Debit Card,Success,40542.39,2026-05-08 01:31:00,TXN-7622C98DFFC548
205180,55180,Credit Card,Success,19282.81,2024-08-04 00:24:00,TXN-1CA953415A7660
205181,55181,Credit Card,Success,43071.55,2023-11-19 00:52:00,TXN-65895A9DC4F63C
205182,55182,UPI,Success,10304.92,2025-12-04 01:10:00,TXN-D558BD08AFE809
205183,55183,PayPal,Success,13925.57,2022-03-06 01:07:00,TXN-7A3215ABCF44F1
205184,55184,Credit Card,Success,1631.24,2023-04-20 00:53:00,TXN-0DD01B80FBED5F
205185,55185,Debit Card,Failed,2818.39,2022-04-03 01:28:00,TXN-D335D54550F944
205186,55186,Debit Card,Success,3240.24,2024-05-28 01:45:00,TXN-AFF5FDEF1E91D2
205187,55187,UPI,Success,7486.66,2023-11-24 01:15:00,TXN-F80C7AA49A5938
205188,55188,Cash on Delivery,Success,9986.23,2023-07-24 01:05:00,TXN-32EE1A27D3AC50
205189,55189,Credit Card,Success,24553.0,2024-10-17 01:28:00,TXN-2D339A3CF4C4DB
205190,55190,NetBanking,Success,760.9,2022-11-11 01:37:00,TXN-C3D6A157462854
205191,55191,PayPal,Refunded,13191.61,2024-05-28 01:56:00,TXN-6B9128C1398EB6
205192,55192,UPI,Success,16808.41,2022-05-07 00:34:00,TXN-0AE82277478930
205193,55193,PayPal,Success,220808.34,2023-01-05 00:24:00,TXN-6D29503BDA8B69
205194,55194,Debit Card,Success,53461.03,2024-08-28 00:28:00,TXN-5D4BF069C4489C
205195,55195,UPI,Success,1597.66,2025-04-03 01:28:00,TXN-C624326C7384FF
205196,55196,NetBanking,Success,6175.25,2023-04-05 01:59:00,TXN-6930A795265E4D
205197,55197,Credit Card,Success,6318.44,2022-06-14 01:59:00,TXN-E69D28A7310457
205198,55198,Credit Card,Success,60699.01,2024-09-06 00:30:00,TXN-C0CA3277558848
205199,55199,Debit Card,Success,774.62,2025-09-08 00:06:00,TXN-95928C7D7FAD5D
205200,55200,PayPal,Failed,4560.22,2022-12-27 01:35:00,TXN-2537D422FD9698
205201,55201,Credit Card,Success,7343.38,2026-05-19 00:37:00,TXN-FE4EA44E7C6E47
205202,55202,Debit Card,Success,15667.04,2023-07-07 00:40:00,TXN-036EDB445B7946
205203,55203,PayPal,Success,16562.83,2022-10-31 00:17:00,TXN-C99D022747A052
205204,55204,Debit Card,Success,18411.37,2022-05-03 01:32:00,TXN-6B349B15E7DEDF
205205,55205,Cash on Delivery,Success,9615.4,2025-04-02 00:10:00,TXN-0D951C144F20A7
205206,55206,Cash on Delivery,Success,26090.4,2024-09-07 00:06:00,TXN-062CA767252D26
205207,55207,Cash on Delivery,Success,3816.62,2022-09-27 00:59:00,TXN-B6508BF9F1CE0B
205208,55208,PayPal,Success,7495.83,2026-04-28 00:51:00,TXN-00CC5E7FA401D8
205209,55209,PayPal,Success,1053.24,2022-07-13 01:27:00,TXN-27CFFA91B6281C
205210,55210,NetBanking,Success,222379.2,2022-02-03 00:16:00,TXN-E8B7C487963052
205211,55211,NetBanking,Success,29346.56,2024-05-03 00:31:00,TXN-604ADDC73F887D
205212,55212,Cash on Delivery,Success,8316.31,2024-03-27 00:54:00,TXN-1F6163D7B33C29
205213,55213,PayPal,Success,519.18,2024-11-26 01:21:00,TXN-665F61F611DCB6
205214,55214,Cash on Delivery,Refunded,19543.58,2024-08-20 00:19:00,TXN-7BCF4596658133
205215,55215,PayPal,Success,57257.11,2026-03-07 01:36:00,TXN-3C039B60CB863E
205216,55216,PayPal,Success,12212.38,2022-02-10 00:15:00,TXN-A71AFFCB110E6B
205217,55217,NetBanking,Success,553.39,2024-11-17 00:33:00,TXN-00F91357DCC94E
205218,55218,Cash on Delivery,Success,18695.4,2025-05-08 01:24:00,TXN-A51D7CD2F2E8CB
205219,55219,NetBanking,Success,13024.32,2022-01-26 00:36:00,TXN-5096DE41C2EACE
205220,55220,Credit Card,Success,11354.29,2024-10-28 00:32:00,TXN-D6CE1E4936698A
205221,55221,UPI,Success,2186.35,2025-01-22 00:44:00,TXN-6FD1FFAAD4556F
205222,55222,Credit Card,Success,56807.1,2024-07-30 00:37:00,TXN-B5EFEAF0D99275
205223,55223,Cash on Delivery,Success,22311.03,2024-12-30 00:34:00,TXN-147FABECEC03E5
205224,55224,Credit Card,Success,45166.8,2024-08-15 00:08:00,TXN-2426D42DAFD67E
205225,55225,NetBanking,Success,5578.78,2022-04-05 01:12:00,TXN-BEC23520AF2A75
205226,55226,NetBanking,Refunded,45007.85,2025-03-21 01:22:00,TXN-BA78D2DA11A805
205227,55227,UPI,Success,10546.73,2024-05-25 00:42:00,TXN-A409BE8E92C7C3
205228,55228,Cash on Delivery,Success,11605.56,2022-10-06 00:09:00,TXN-E4CF2E8B86999E
205229,55229,NetBanking,Success,1357.31,2025-07-13 01:04:00,TXN-F4876A88984704
205230,55230,Credit Card,Success,8304.75,2026-01-30 01:06:00,TXN-FB4DF7D494F279
205231,55231,NetBanking,Success,135877.56,2024-10-26 00:28:00,TXN-176BF485FBBE38
205232,55232,Debit Card,Success,2487.09,2024-05-25 00:52:00,TXN-C4154A78DC9B26
205233,55233,Cash on Delivery,Success,43404.44,2025-08-01 01:53:00,TXN-715E5C04EF61A9
205234,55234,Credit Card,Success,25438.03,2023-06-12 01:37:00,TXN-D63D21B3367FF8
205235,55235,UPI,Success,1757.89,2023-03-07 01:41:00,TXN-7021873241007F
205236,55236,UPI,Success,59876.98,2024-03-25 01:02:00,TXN-BE05C6B6F2EEA1
205237,55237,Cash on Delivery,Refunded,1273.95,2022-08-29 01:45:00,TXN-36D6FF48DA1E7D
205238,55238,Cash on Delivery,Success,54618.74,2025-10-12 01:27:00,TXN-6D380E5A480582
205239,55239,NetBanking,Refunded,88571.9,2025-06-12 01:46:00,TXN-DA3A7B7799F937
205240,55240,NetBanking,Success,1181.58,2023-01-10 01:38:00,TXN-82FF83285EF759
205241,55241,NetBanking,Success,10477.94,2025-04-11 00:20:00,TXN-EEA65010E3E29F
205242,55242,UPI,Success,39986.91,2026-06-11 01:17:00,TXN-3B1FE6914A1D5F
205243,55243,UPI,Success,3347.38,2023-01-11 01:06:00,TXN-6E1CB90A898BB6
205244,55244,PayPal,Success,104452.96,2026-03-28 00:46:00,TXN-E626644825FDB7
205245,55245,UPI,Success,17001.94,2025-09-21 01:17:00,TXN-A9F89E042FFD45
205246,55246,Debit Card,Success,38566.4,2025-05-18 00:56:00,TXN-F2B2235FF20F1B
205247,55247,Cash on Delivery,Success,2833.59,2025-02-15 00:24:00,TXN-E39C5322EC340A
205248,55248,Credit Card,Success,13711.44,2023-02-16 00:46:00,TXN-0215D963ADB1F1
205249,55249,Debit Card,Success,2552.13,2025-01-16 00:44:00,TXN-EFF9A9A03E1EA6
205250,55250,Debit Card,Success,4031.99,2024-11-22 00:03:00,TXN-99C4EECB8B371E
205251,55251,Credit Card,Refunded,1045.72,2022-03-05 01:50:00,TXN-7CB35F8A99D4BB
205252,55252,PayPal,Success,45559.85,2023-04-22 01:34:00,TXN-D6BDAB4960B50C
205253,55253,PayPal,Success,161.7,2025-12-25 00:49:00,TXN-F77E76C4232ABD
205254,55254,UPI,Success,2134.84,2023-10-17 00:34:00,TXN-2A69888E076F60
205255,55255,Credit Card,Success,59720.13,2025-02-28 00:46:00,TXN-A454A47927A0AD
205256,55256,Credit Card,Success,13945.53,2022-03-02 01:51:00,TXN-5D6441E0CE5110
205257,55257,PayPal,Success,20555.44,2023-10-23 01:41:00,TXN-E3C32096F04A53
205258,55258,Credit Card,Success,2802.14,2022-02-05 01:34:00,TXN-453B528CAB5DD5
205259,55259,PayPal,Success,261.05,2024-02-18 00:32:00,TXN-8E0727446480A3
205260,55260,Debit Card,Success,26800.87,2022-07-15 01:28:00,TXN-872C8279809C68
205261,55261,Debit Card,Success,5931.42,2023-07-05 00:34:00,TXN-3CDDFD798B51AE
205262,55262,Credit Card,Success,4195.88,2025-10-02 01:43:00,TXN-8359ECF263B1FC
205263,55263,Credit Card,Success,2659.81,2025-07-04 01:50:00,TXN-48C7DEF4E545D8
205264,55264,Debit Card,Success,108502.53,2026-02-25 00:08:00,TXN-C60B0CE4112236
205265,55265,Cash on Delivery,Success,23624.13,2026-06-24 01:32:00,TXN-6E965870530EE0
205266,55266,Credit Card,Success,4967.25,2022-02-14 00:27:00,TXN-98BBDC676F8D36
205267,55267,NetBanking,Success,47008.73,2024-11-19 00:23:00,TXN-062B94AD284773
205268,55268,PayPal,Success,30580.7,2026-06-15 00:51:00,TXN-2A58F12A1E5A9E
205269,55269,UPI,Success,12427.06,2023-09-01 00:43:00,TXN-920FF4F270CCDE
205270,55270,Cash on Delivery,Success,83211.75,2023-06-09 01:13:00,TXN-35DFB45F2D1EEC
205271,55271,PayPal,Success,5559.9,2023-10-23 00:19:00,TXN-DA9CD423A5C496
205272,55272,Cash on Delivery,Success,13150.38,2025-06-13 00:14:00,TXN-7A92116FFEAAE7
205273,55273,Debit Card,Success,23768.14,2024-06-28 00:15:00,TXN-C77067B75C312F
205274,55274,UPI,Success,34596.86,2024-08-09 01:56:00,TXN-B66F6705FD825F
205275,55275,Credit Card,Refunded,10728.9,2024-06-08 01:43:00,TXN-F2AEB51A515F05
205276,55276,UPI,Success,61356.58,2025-06-30 00:18:00,TXN-64C34A2172DE0D
205277,55277,NetBanking,Success,6979.27,2024-10-21 01:36:00,TXN-31FEE3ADD2B8BB
205278,55278,Debit Card,Success,7676.6,2022-01-25 01:38:00,TXN-1AAA02EDAF9CE7
205279,55279,Credit Card,Success,18183.14,2023-08-14 01:18:00,TXN-CF5EE8C970F280
205280,55280,Debit Card,Success,86143.1,2023-11-08 00:13:00,TXN-ADFD8FE2D2A276
205281,55281,Debit Card,Success,137706.33,2024-02-20 02:00:00,TXN-B8CFBC5BA4FA5F
205282,55282,Cash on Delivery,Success,2185.74,2024-05-25 00:49:00,TXN-F8F64C86B79F27
205283,55283,PayPal,Success,39888.66,2022-04-26 01:07:00,TXN-F2A3359C7B738F
205284,55284,Credit Card,Success,10856.12,2022-11-17 01:00:00,TXN-195962F103762B
205285,55285,NetBanking,Success,1717.49,2022-06-14 01:04:00,TXN-20DD9923E2E415
205286,55286,Credit Card,Success,23115.74,2025-07-21 00:45:00,TXN-4FBD149B17B51E
205287,55287,Debit Card,Success,20862.14,2024-07-10 01:19:00,TXN-24D876BF1A32AE
205288,55288,NetBanking,Success,2854.2,2024-10-25 00:34:00,TXN-5737F50E1B210D
205289,55289,UPI,Success,15479.01,2022-08-10 00:36:00,TXN-92B0765156FD70
205290,55290,Credit Card,Success,2145.78,2025-07-21 00:20:00,TXN-39523FF688A800
205291,55291,PayPal,Success,51671.89,2024-07-12 00:45:00,TXN-F3A5820B18E893
205292,55292,UPI,Success,15548.38,2025-10-30 01:30:00,TXN-0EA040DC1EB4EE
205293,55293,Credit Card,Success,54252.44,2025-01-13 01:12:00,TXN-C401117CD15F8C
205294,55294,PayPal,Failed,7868.07,2022-06-29 01:46:00,TXN-892FD4EBD3688C
205295,55295,NetBanking,Success,25396.51,2024-04-03 00:56:00,TXN-7FDCC6325389EE
205296,55296,PayPal,Success,18298.12,2024-11-07 01:45:00,TXN-B519E9E17594D9
205297,55297,Credit Card,Success,32644.82,2025-05-14 00:51:00,TXN-8FDC8FD6C4D929
205298,55298,UPI,Success,533145.29,2024-11-14 00:18:00,TXN-258DECA7B604B8
205299,55299,NetBanking,Success,1117.02,2024-08-06 01:39:00,TXN-186F950EC18E6C
205300,55300,PayPal,Success,1364.51,2022-06-13 00:09:00,TXN-4CF8BB6C73484B
205301,55301,NetBanking,Success,12293.25,2024-07-13 01:47:00,TXN-1BA4D22867F5AB
205302,55302,Debit Card,Success,6612.65,2025-01-27 00:37:00,TXN-51C0CF4A4E7801
205303,55303,Cash on Delivery,Success,1512.79,2023-07-13 00:38:00,TXN-BB2B136340260A
205304,55304,Debit Card,Success,4330.22,2024-05-03 00:14:00,TXN-8CA845DBEADAFA
205305,55305,Debit Card,Success,23773.7,2023-10-10 00:12:00,TXN-C8A12A7F6FC6EF
205306,55306,PayPal,Refunded,31890.97,2025-01-08 01:27:00,TXN-AE6B5E91F006C5
205307,55307,UPI,Success,260844.98,2025-11-10 00:24:00,TXN-FB969B7E5EFB77
205308,55308,NetBanking,Success,3851.58,2023-01-14 00:24:00,TXN-E5C28CF39C7E1E
205309,55309,Credit Card,Success,58689.9,2022-12-27 00:45:00,TXN-72B0C3401484EF
205310,55310,NetBanking,Success,4852.56,2024-08-15 01:21:00,TXN-E23E6F25773018
205311,55311,Cash on Delivery,Success,1104.73,2025-12-23 01:19:00,TXN-C31A1B6DC95EF8
205312,55312,UPI,Success,11249.99,2025-02-07 01:17:00,TXN-52B44AE52C1215
205313,55313,Cash on Delivery,Success,38318.1,2025-02-17 01:19:00,TXN-3337A946D613C8
205314,55314,Cash on Delivery,Success,12938.6,2023-10-11 00:07:00,TXN-4B795FFAC6FA91
205315,55315,UPI,Success,22793.34,2024-08-25 01:02:00,TXN-D48D78B9ADA29D
205316,55316,Credit Card,Success,17302.22,2024-06-05 01:07:00,TXN-4CAB768935AFE3
205317,55317,UPI,Success,38803.68,2026-02-26 00:07:00,TXN-36E0C815AEF1DA
205318,55318,PayPal,Success,42502.69,2025-01-14 00:44:00,TXN-0AA9228A4F7259
205319,55319,Cash on Delivery,Success,4677.42,2022-11-01 00:05:00,TXN-678B8432D88D3D
205320,55320,PayPal,Success,4071.17,2022-07-11 01:24:00,TXN-5C7724CAEA4A63
205321,55321,UPI,Refunded,10794.7,2026-02-07 00:40:00,TXN-590323F39F44ED
205322,55322,UPI,Success,4238.47,2023-01-21 00:19:00,TXN-27EFAC9457346D
205323,55323,Cash on Delivery,Failed,25795.39,2025-04-29 01:43:00,TXN-EBDE63C6E38135
205324,55324,Cash on Delivery,Success,1239.22,2024-08-15 01:19:00,TXN-E8319CEABD626B
205325,55325,Debit Card,Success,30782.91,2025-11-16 00:53:00,TXN-22747C851E491C
205326,55326,PayPal,Success,51099.82,2025-03-10 00:22:00,TXN-8EC8FF733E25A2
205327,55327,Cash on Delivery,Refunded,5943.73,2023-01-18 00:32:00,TXN-33ED3C49726E53
205328,55328,UPI,Success,9813.5,2024-06-15 00:34:00,TXN-CFE3A104220266
205329,55329,Debit Card,Success,2169.2,2025-11-15 00:23:00,TXN-8856DF384A9F1C
205330,55330,NetBanking,Success,3973.46,2025-06-08 01:56:00,TXN-EC1C0320E7EC82
205331,55331,Debit Card,Success,803.08,2025-06-16 00:39:00,TXN-58AC5D5EBC7470
205332,55332,Debit Card,Success,5585.5,2022-11-10 01:00:00,TXN-A2423945842289
205333,55333,Debit Card,Success,5968.06,2025-06-09 01:20:00,TXN-259E50D4095B2F
205334,55334,Credit Card,Success,1799.42,2026-05-21 00:49:00,TXN-988C7D589A5DFB
205335,55335,Debit Card,Success,1152.24,2024-10-24 00:44:00,TXN-A777955A75182F
205336,55336,Debit Card,Success,63839.23,2023-10-28 01:18:00,TXN-20B590869F5C9B
205337,55337,Credit Card,Success,1051.4,2024-12-09 01:19:00,TXN-FF8503836F4641
205338,55338,Debit Card,Success,3560.16,2023-05-27 00:44:00,TXN-1F436EF16363CF
205339,55339,Debit Card,Success,4129.78,2024-04-01 00:05:00,TXN-787B2198F83DA5
205340,55340,Credit Card,Success,43927.51,2022-08-20 00:32:00,TXN-16A2545C0880AC
205341,55341,UPI,Success,60593.54,2022-12-01 01:19:00,TXN-0CC8579476ACCD
205342,55342,NetBanking,Success,44345.74,2023-10-22 00:33:00,TXN-9863923ADCFCCD
205343,55343,UPI,Success,76310.86,2025-06-19 00:06:00,TXN-837DFF4D577F48
205344,55344,UPI,Success,53522.92,2022-06-12 00:27:00,TXN-1CABCF4EC254B8
205345,55345,Credit Card,Success,22744.24,2025-03-03 00:54:00,TXN-517EFA8BB05561
205346,55346,Debit Card,Success,130128.86,2025-04-02 01:26:00,TXN-C7D1939951197B
205347,55347,UPI,Success,15928.19,2022-04-11 01:58:00,TXN-F75A7D655D5AA7
205348,55348,PayPal,Failed,6090.15,2024-12-15 01:35:00,TXN-89826A4DD829CE
205349,55349,UPI,Success,19485.5,2025-12-10 00:13:00,TXN-9332BCC3A69839
205350,55350,NetBanking,Refunded,41374.31,2024-05-06 01:17:00,TXN-7E46ACED816F28
205351,55351,Credit Card,Success,19750.64,2026-02-20 00:08:00,TXN-2F0F68C476F191
205352,55352,Credit Card,Success,72608.75,2022-07-17 00:28:00,TXN-D20552FEFDAD88
205353,55353,Cash on Delivery,Refunded,178369.86,2025-11-04 01:55:00,TXN-F6E0C7BCD1D818
205354,55354,Cash on Delivery,Success,6585.52,2022-01-14 00:35:00,TXN-3B6DB090F3B95A
205355,55355,PayPal,Success,22565.44,2025-06-10 01:16:00,TXN-2E39EEF4C2727F
205356,55356,NetBanking,Success,2924.96,2025-08-17 00:19:00,TXN-2131FAC485EB15
205357,55357,NetBanking,Success,728.28,2023-08-12 01:34:00,TXN-9F140A4E68DAD9
205358,55358,Debit Card,Success,65066.49,2022-06-11 01:55:00,TXN-2452CB67D61AFA
205359,55359,NetBanking,Success,12472.29,2022-11-13 01:46:00,TXN-837F161A767342
205360,55360,Cash on Delivery,Success,2491.24,2024-05-28 00:30:00,TXN-099074801AC5BD
205361,55361,Credit Card,Success,28953.44,2023-10-13 01:10:00,TXN-250F6652E80DAE
205362,55362,Credit Card,Success,2348.14,2025-10-15 00:02:00,TXN-AD3CF645E3A993
205363,55363,NetBanking,Refunded,24301.94,2025-09-23 00:55:00,TXN-2604774B4F333A
205364,55364,UPI,Success,27086.75,2024-10-04 01:35:00,TXN-A34B13F3BDEA3E
205365,55365,PayPal,Success,29623.92,2023-06-14 00:24:00,TXN-7B5E4BF6301AA1
205366,55366,NetBanking,Success,11301.08,2023-05-03 00:35:00,TXN-69050ADE6D4D3F
205367,55367,PayPal,Success,6428.51,2024-02-25 00:07:00,TXN-262A3DC90C8266
205368,55368,UPI,Success,53122.59,2026-05-03 00:40:00,TXN-DFE5F96B22730D
205369,55369,Credit Card,Success,1462.48,2022-05-17 00:02:00,TXN-489087E73F7E5E
205370,55370,UPI,Failed,964.57,2023-02-20 01:37:00,TXN-198F430286000C
205371,55371,Credit Card,Success,46732.07,2025-08-13 00:09:00,TXN-D0DBF0836C31B0
205372,55372,NetBanking,Success,91044.26,2023-11-05 01:15:00,TXN-404813A3A38DFC
205373,55373,NetBanking,Success,13097.42,2024-12-07 01:45:00,TXN-A1D6FB5A4FCF52
205374,55374,Cash on Delivery,Success,59336.74,2023-08-24 00:59:00,TXN-0CB87D59F68A08
205375,55375,Cash on Delivery,Success,11702.7,2022-05-21 00:48:00,TXN-317568476BB2ED
205376,55376,PayPal,Success,12820.07,2024-01-07 01:30:00,TXN-F7B17A2AB6A9BE
205377,55377,PayPal,Success,2752.48,2022-03-19 01:04:00,TXN-E2189EA45BBB64
205378,55378,Debit Card,Success,34814.12,2022-04-16 01:25:00,TXN-1CC035A2D0AB8B
205379,55379,Debit Card,Success,22192.81,2024-02-04 00:24:00,TXN-E8CAACEEEB6851
205380,55380,Cash on Delivery,Success,59645.43,2024-04-02 01:31:00,TXN-E4819696A1550D
205381,55381,UPI,Success,30498.04,2023-02-27 01:39:00,TXN-82D7CE6EE6B970
205382,55382,Cash on Delivery,Success,1294.32,2025-12-11 02:00:00,TXN-F00093583418AE
205383,55383,UPI,Success,6201.76,2026-03-06 00:51:00,TXN-73CE4570FA4DA4
205384,55384,Debit Card,Success,22526.32,2025-08-13 01:03:00,TXN-41D950967D4438
205385,55385,UPI,Refunded,2286.93,2023-02-01 00:31:00,TXN-91D7B400ECF517
205386,55386,Debit Card,Success,39534.72,2024-12-22 00:13:00,TXN-5387BAA2442DF5
205387,55387,Debit Card,Refunded,2563.51,2023-06-18 00:12:00,TXN-C64A165A0F5F21
205388,55388,Credit Card,Success,11996.92,2022-02-25 00:25:00,TXN-8DF6415AD4C47E
205389,55389,Credit Card,Success,9687.25,2023-03-31 01:39:00,TXN-C5CAA2F94883CB
205390,55390,UPI,Success,95446.31,2026-03-18 01:13:00,TXN-C798F75C582986
205391,55391,Credit Card,Success,3402.81,2025-06-19 00:06:00,TXN-1296FD7C9ED970
205392,55392,Cash on Delivery,Failed,11772.39,2022-02-15 00:46:00,TXN-AF98B5667D8216
205393,55393,UPI,Success,19600.99,2024-10-08 00:52:00,TXN-E070B021C235A3
205394,55394,NetBanking,Success,31840.23,2024-03-10 00:29:00,TXN-CE3DD9E412E445
205395,55395,PayPal,Success,7890.33,2023-05-29 00:49:00,TXN-62BCF946434638
205396,55396,Credit Card,Success,4739.24,2024-07-28 01:21:00,TXN-9AC94B54C9E20E
205397,55397,PayPal,Success,1624.89,2024-12-23 01:31:00,TXN-2953E33B419228
205398,55398,Cash on Delivery,Success,38015.28,2026-02-06 01:18:00,TXN-ED4306B61D5BFA
205399,55399,Cash on Delivery,Success,100669.39,2022-06-13 00:24:00,TXN-76DACD4302385F
205400,55400,PayPal,Success,21365.07,2025-06-27 01:14:00,TXN-9FD7FC0596441A
205401,55401,Credit Card,Success,5671.4,2022-07-31 00:05:00,TXN-F886192BC1E5AF
205402,55402,Debit Card,Success,6170.91,2024-04-04 00:49:00,TXN-BB088218A594E9
205403,55403,PayPal,Refunded,3454.82,2026-02-07 00:59:00,TXN-35BB9A78E54FEB
205404,55404,Credit Card,Success,6055.34,2023-05-05 00:53:00,TXN-9414B8BBE575AB
205405,55405,Cash on Delivery,Success,10152.98,2022-08-28 01:27:00,TXN-0EA64959940D5A
205406,55406,NetBanking,Success,253.84,2022-07-18 01:02:00,TXN-EF7A58262BCCDE
205407,55407,Debit Card,Success,29717.13,2024-11-30 00:06:00,TXN-8D2DC6F74C4B94
205408,55408,Credit Card,Success,7243.99,2024-05-17 01:30:00,TXN-0568499453E499
205409,55409,NetBanking,Success,3295.46,2022-11-01 01:44:00,TXN-028F44459709A3
205410,55410,Credit Card,Success,15913.21,2025-08-19 01:37:00,TXN-3B19F378C2AF49
205411,55411,PayPal,Success,120450.18,2026-01-21 01:48:00,TXN-E57AE8502D73B3
205412,55412,Credit Card,Success,581.29,2022-02-03 00:53:00,TXN-11DB72CEB5FFF9
205413,55413,Credit Card,Success,49542.52,2026-04-01 00:26:00,TXN-B301E9E3C8E069
205414,55414,Credit Card,Success,389.06,2024-09-07 01:13:00,TXN-2949E6BD3CFFAB
205415,55415,UPI,Success,3163.71,2024-04-21 01:35:00,TXN-8A67038773EA6A
205416,55416,Credit Card,Success,3913.32,2025-04-06 00:42:00,TXN-F055DE59869E0D
205417,55417,UPI,Success,20023.49,2026-06-30 00:03:00,TXN-E8F3DADD13FEA0
205418,55418,UPI,Success,41077.48,2026-03-15 01:58:00,TXN-FF843ADE7B4D05
205419,55419,UPI,Refunded,10243.55,2023-05-15 01:51:00,TXN-601F9C45C80C39
205420,55420,Credit Card,Success,12587.64,2026-02-06 01:25:00,TXN-48438CDB34455D
205421,55421,NetBanking,Success,5497.85,2025-01-18 01:06:00,TXN-2BEDC09B44A83E
205422,55422,Credit Card,Refunded,9986.23,2026-03-14 00:14:00,TXN-0908647FA572A6
205423,55423,UPI,Success,18938.49,2024-05-12 00:41:00,TXN-3531D95DA2E3FE
205424,55424,Credit Card,Success,1855.82,2022-09-13 01:22:00,TXN-1B618700833ADA
205425,55425,Cash on Delivery,Success,94166.7,2025-10-06 00:22:00,TXN-0CA4DE8FC1693C
205426,55426,Credit Card,Success,99122.84,2024-05-09 01:22:00,TXN-DE412F0FD13E48
205427,55427,Debit Card,Failed,866.84,2023-04-09 00:35:00,TXN-215BD61E378D5A
205428,55428,UPI,Success,5211.31,2025-02-03 02:00:00,TXN-1392DCEF51B604
205429,55429,Credit Card,Success,4003.31,2024-01-02 00:50:00,TXN-1FC2AC32FCB8D6
205430,55430,NetBanking,Success,2202.18,2022-10-14 00:56:00,TXN-08968F023A803A
205431,55431,NetBanking,Success,24578.99,2022-12-29 01:20:00,TXN-AE11669409DBC8
205432,55432,UPI,Success,20395.35,2023-04-21 00:26:00,TXN-081A5549C5D4A5
205433,55433,Debit Card,Success,60669.3,2025-05-27 01:02:00,TXN-CFB691C127F95E
205434,55434,NetBanking,Success,24584.37,2023-03-20 01:26:00,TXN-122E30E3D38187
205435,55435,Credit Card,Success,39102.06,2025-02-08 00:14:00,TXN-C9AA0E653E92E6
205436,55436,Credit Card,Success,2429.28,2024-04-15 00:49:00,TXN-34E973119181F6
205437,55437,Cash on Delivery,Success,10699.33,2025-11-12 00:53:00,TXN-31238958C12616
205438,55438,Credit Card,Success,1732.13,2024-09-29 01:58:00,TXN-66A69251F83364
205439,55439,NetBanking,Success,3938.5,2024-09-09 01:47:00,TXN-85D8410B4C40C4
205440,55440,PayPal,Success,75555.89,2024-06-07 00:41:00,TXN-FA7836909A8BB0
205441,55441,UPI,Success,6824.95,2024-10-14 01:49:00,TXN-5BE2FC038C4299
205442,55442,Cash on Delivery,Success,12601.77,2024-06-04 01:38:00,TXN-BCD2A29095CEA1
205443,55443,Cash on Delivery,Success,5398.2,2024-05-03 01:28:00,TXN-1C5B8B4B725272
205444,55444,UPI,Success,3115.34,2024-01-21 00:20:00,TXN-C865F253C19B9B
205445,55445,Credit Card,Success,719.76,2025-09-21 01:18:00,TXN-5038CE99A830FC
205446,55446,NetBanking,Refunded,1524.57,2026-06-06 00:46:00,TXN-D1D1CCDD751CCA
205447,55447,Credit Card,Success,105340.51,2023-09-01 00:50:00,TXN-BC0CB5FA76C7AB
205448,55448,Debit Card,Success,20349.97,2023-08-26 01:37:00,TXN-0CCD6C2002E24A
205449,55449,Debit Card,Success,1438.76,2023-02-04 01:44:00,TXN-0CC0F4FAFB9709
205450,55450,Credit Card,Success,5353.16,2024-12-08 00:51:00,TXN-86D92A284AC431
205451,55451,UPI,Success,13379.1,2022-05-09 00:14:00,TXN-7994C2F8845FC2
205452,55452,NetBanking,Success,170982.3,2022-03-18 00:52:00,TXN-72EA1000C10A11
205453,55453,PayPal,Success,10867.52,2025-01-04 01:46:00,TXN-5D8672655AAE0C
205454,55454,UPI,Success,5950.19,2023-08-05 00:26:00,TXN-B1909A9F5C9977
205455,55455,UPI,Success,16815.66,2023-09-14 00:16:00,TXN-167C25B23FAC87
205456,55456,Credit Card,Success,1313.64,2024-11-07 01:19:00,TXN-3D485649707D74
205457,55457,Credit Card,Success,4697.38,2022-08-12 01:18:00,TXN-9C967795AE0380
205458,55458,PayPal,Success,40786.59,2026-01-12 02:00:00,TXN-E7E0E273E8F29C
205459,55459,Cash on Delivery,Success,16283.24,2025-05-03 01:05:00,TXN-D10F29D3E64CEC
205460,55460,Cash on Delivery,Success,34394.16,2022-03-30 01:47:00,TXN-D835C19875BD89
205461,55461,Debit Card,Success,13561.67,2025-07-16 00:14:00,TXN-F04EB01389ED55
205462,55462,Cash on Delivery,Success,3880.77,2024-11-06 01:06:00,TXN-737ECB0912B991
205463,55463,UPI,Success,964.11,2024-03-24 00:25:00,TXN-7BC45A90DF4C6E
205464,55464,UPI,Success,812.55,2024-10-01 00:44:00,TXN-6A5E79678F4BBC
205465,55465,PayPal,Refunded,14968.47,2022-05-25 00:08:00,TXN-170400BC14B68F
205466,55466,NetBanking,Success,4820.61,2024-08-24 00:47:00,TXN-3E899925B191D2
205467,55467,Credit Card,Failed,644.16,2024-01-12 00:05:00,TXN-19E3EC3BC7884A
205468,55468,Credit Card,Success,11461.88,2022-10-21 00:08:00,TXN-80D187F453E2F5
205469,55469,PayPal,Success,59105.95,2022-03-28 00:11:00,TXN-361B0CEB4ACDE6
205470,55470,Credit Card,Success,2414.25,2024-11-19 02:00:00,TXN-90108EF92CCFDE
205471,55471,Credit Card,Success,24996.46,2023-04-28 00:31:00,TXN-3FDE8EDEFD396C
205472,55472,Credit Card,Success,372.34,2026-02-06 01:30:00,TXN-E7D76779250299
205473,55473,NetBanking,Success,685.44,2022-02-14 00:03:00,TXN-CBF3291004EA93
205474,55474,NetBanking,Refunded,5211.63,2024-03-20 00:20:00,TXN-F61AB8DB5CB3A9
205475,55475,PayPal,Success,1557.67,2023-12-13 01:48:00,TXN-3AA2B3E4026A71
205476,55476,NetBanking,Success,18695.4,2026-02-22 01:05:00,TXN-1E373708D5CD50
205477,55477,Credit Card,Success,8272.67,2024-06-26 00:59:00,TXN-34044B03A0AACE
205478,55478,Cash on Delivery,Success,1511.43,2025-11-18 00:52:00,TXN-6F940CE7B24ED2
205479,55479,Credit Card,Success,4003.31,2025-11-23 01:59:00,TXN-5D7A2D391BBD95
205480,55480,PayPal,Success,5412.77,2025-06-07 01:06:00,TXN-C57ABBBA7BB6CE
205481,55481,PayPal,Success,13208.58,2024-01-21 00:25:00,TXN-F575C92268E104
205482,55482,Credit Card,Success,53128.36,2023-09-27 00:11:00,TXN-A68DBD1A6EE549
205483,55483,NetBanking,Success,7921.45,2026-05-15 01:26:00,TXN-590F103C8FC3B1
205484,55484,UPI,Success,8359.34,2024-12-05 01:43:00,TXN-E4BFF9096D8E16
205485,55485,Cash on Delivery,Success,43121.17,2023-01-12 01:41:00,TXN-2237038B286025
205486,55486,UPI,Success,180321.35,2023-06-16 01:24:00,TXN-C5FC38B7A1BA18
205487,55487,Cash on Delivery,Success,27835.17,2023-01-29 01:23:00,TXN-48C2F5CC15CEC7
205488,55488,PayPal,Success,482.78,2023-11-08 01:31:00,TXN-DCE46F8E864F4C
205489,55489,Debit Card,Success,17972.7,2022-04-18 00:52:00,TXN-F03B05036DA96B
205490,55490,Debit Card,Success,2192.78,2022-07-24 00:37:00,TXN-2AD71AEE26B1AA
205491,55491,UPI,Success,71809.76,2024-05-18 00:53:00,TXN-50F1600B86171A
205492,55492,Credit Card,Success,7607.88,2025-02-11 00:30:00,TXN-464C6BC9976CF3
205493,55493,Cash on Delivery,Success,122410.34,2022-01-11 01:59:00,TXN-13B2928248724E
205494,55494,PayPal,Success,2649.06,2022-12-03 01:39:00,TXN-ABEBCE7EF1CCD3
205495,55495,PayPal,Success,4814.6,2025-04-30 01:32:00,TXN-5EE866B8BAAEDA
205496,55496,Debit Card,Refunded,12862.74,2024-07-16 01:29:00,TXN-299D1208DE9BEF
205497,55497,Credit Card,Success,2835.7,2022-02-10 01:37:00,TXN-237662799CC72A
205498,55498,Debit Card,Success,1203.18,2023-06-30 00:18:00,TXN-06EAAF78B9631B
205499,55499,Credit Card,Success,31731.27,2022-06-21 01:30:00,TXN-DDD5944E82FC50
205500,55500,Debit Card,Failed,13322.54,2023-12-05 01:47:00,TXN-250AFB945495B0
205501,55501,PayPal,Success,1229.6,2022-02-19 00:51:00,TXN-279FD654CA4193
205502,55502,NetBanking,Success,675.62,2025-04-28 00:33:00,TXN-7FEA170A30A19F
205503,55503,PayPal,Success,3262.47,2023-11-12 00:57:00,TXN-E4B91457575193
205504,55504,Cash on Delivery,Success,713.55,2025-03-11 00:54:00,TXN-9A304E8FB496D3
205505,55505,Cash on Delivery,Success,142147.62,2024-08-09 00:56:00,TXN-CCD40DD7270ED4
205506,55506,UPI,Success,9107.06,2025-07-15 01:23:00,TXN-E452602F56F787
205507,55507,Debit Card,Failed,106677.68,2025-10-27 01:09:00,TXN-95351D5AB50354
205508,55508,NetBanking,Success,352.04,2022-08-24 00:19:00,TXN-E210AA893836F7
205509,55509,Credit Card,Success,1329.6,2025-07-02 00:43:00,TXN-E94E3A77A71668
205510,55510,NetBanking,Success,9720.92,2025-03-15 00:48:00,TXN-DD0FBCC5ABD204
205511,55511,Cash on Delivery,Success,1456.31,2025-07-16 00:51:00,TXN-3A718A4F763C05
205512,55512,Credit Card,Success,23742.45,2025-06-27 00:17:00,TXN-98F8222DFCB596
205513,55513,NetBanking,Success,5708.39,2024-10-19 00:43:00,TXN-5CA869DE902685
205514,55514,Cash on Delivery,Success,45643.61,2022-03-28 00:49:00,TXN-F55355D23478ED
205515,55515,UPI,Success,52350.4,2022-04-19 01:37:00,TXN-027F8E7586A578
205516,55516,NetBanking,Success,26209.25,2024-08-30 00:35:00,TXN-C5EF68E95B0D6D
205517,55517,Debit Card,Success,32054.12,2026-03-09 00:53:00,TXN-0C751A654DBEFC
205518,55518,PayPal,Success,1368.54,2022-01-14 01:39:00,TXN-0FD8E669537928
205519,55519,Cash on Delivery,Success,25657.88,2024-12-07 01:17:00,TXN-4F05DCABF13F92
205520,55520,Debit Card,Success,60037.48,2025-03-13 00:52:00,TXN-C2918B17E59EB9
205521,55521,PayPal,Success,293936.15,2022-12-26 00:45:00,TXN-50C34B7491E96C
205522,55522,Debit Card,Success,30967.48,2025-01-14 01:45:00,TXN-2A9BD9D6F2F4CE
205523,55523,Credit Card,Success,5371.45,2025-02-24 01:06:00,TXN-F1DE1F0771DD4E
205524,55524,NetBanking,Success,5041.71,2025-07-01 00:13:00,TXN-8FDBF923050C26
205525,55525,PayPal,Success,6086.55,2024-07-14 00:30:00,TXN-767AE5B16167E5
205526,55526,Credit Card,Success,39991.53,2023-06-17 00:02:00,TXN-BF9004C700327F
205527,55527,Debit Card,Success,13981.97,2022-03-16 00:38:00,TXN-11F201394872D7
205528,55528,Debit Card,Success,6761.04,2025-07-11 01:01:00,TXN-813F8A3BE89428
205529,55529,NetBanking,Success,45042.58,2024-08-21 01:08:00,TXN-F88246085E51A0
205530,55530,UPI,Success,175387.13,2026-01-29 01:53:00,TXN-28447D3C6D87A3
205531,55531,Credit Card,Success,697.21,2022-12-12 00:09:00,TXN-B7D5523A515E92
205532,55532,PayPal,Refunded,10425.13,2024-05-06 01:54:00,TXN-189709F9B2884A
205533,55533,NetBanking,Success,711.18,2025-05-27 01:35:00,TXN-84FA3833F2A7C8
205534,55534,UPI,Success,346.03,2023-04-03 01:40:00,TXN-DC7DC56B79142F
205535,55535,NetBanking,Success,2206.31,2025-04-27 01:46:00,TXN-7FD6A047E2F52E
205536,55536,Credit Card,Success,15431.65,2025-10-26 01:59:00,TXN-9B6638B752B129
205537,55537,NetBanking,Success,2531.02,2023-02-19 00:40:00,TXN-6514CF95D01C50
205538,55538,PayPal,Refunded,506.29,2024-05-13 01:27:00,TXN-276BEEA12C97D7
205539,55539,UPI,Success,38481.89,2025-12-02 00:49:00,TXN-5CA569710E7241
205540,55540,Credit Card,Success,32403.06,2025-10-08 00:47:00,TXN-E4F2D7B14E2DF2
205541,55541,Credit Card,Success,839.57,2022-06-26 01:51:00,TXN-989AB0BC3F0BD8
205542,55542,Debit Card,Success,8808.72,2023-01-24 01:08:00,TXN-0C5CE11C4D6BC1
205543,55543,PayPal,Success,59214.77,2022-06-09 01:20:00,TXN-370D9CEF944958
205544,55544,Debit Card,Success,790.56,2024-01-28 01:52:00,TXN-5B78CDE23FB13C
205545,55545,PayPal,Success,741.02,2022-01-29 01:56:00,TXN-FEB36658A6A665
205546,55546,PayPal,Refunded,10769.7,2023-07-29 01:18:00,TXN-25327A4BB22D1E
205547,55547,PayPal,Success,16609.34,2024-11-27 01:39:00,TXN-D8F2E6747CB3A2
205548,55548,NetBanking,Success,2478.44,2024-05-22 00:18:00,TXN-D940318342188F
205549,55549,UPI,Refunded,43678.19,2022-08-21 01:16:00,TXN-C6A1A17794F20B
205550,55550,Debit Card,Success,6098.4,2023-06-13 00:20:00,TXN-11E3E26AD4FA95
205551,55551,PayPal,Success,79298.27,2023-07-11 00:42:00,TXN-862C74A8196CB3
205552,55552,UPI,Failed,15259.31,2023-09-18 00:30:00,TXN-357E12B058791D
205553,55553,Debit Card,Success,14093.94,2022-11-20 00:29:00,TXN-EE2A8722B0F951
205554,55554,Cash on Delivery,Success,8212.88,2025-08-31 00:34:00,TXN-282DB46DC709EC
205555,55555,PayPal,Success,14556.39,2024-01-10 00:04:00,TXN-77A780FACC3736
205556,55556,Credit Card,Success,3564.48,2024-07-27 01:08:00,TXN-F975C116845C28
205557,55557,Credit Card,Success,1736.99,2022-06-23 00:32:00,TXN-52EB5DC2B15E06
205558,55558,Credit Card,Success,85894.7,2025-09-11 01:32:00,TXN-6F6D6DA4B9DD17
205559,55559,Debit Card,Success,21754.83,2022-10-30 01:44:00,TXN-63818917C83579
205560,55560,Credit Card,Success,13333.5,2026-03-21 01:12:00,TXN-6BD71EA4A07FFF
205561,55561,PayPal,Success,9318.48,2024-11-18 01:05:00,TXN-DAA077CDCA6885
205562,55562,Debit Card,Success,2407.3,2026-05-19 00:26:00,TXN-D42A87A7193F23
205563,55563,NetBanking,Success,1312.91,2022-03-01 00:37:00,TXN-E156652B6F170F
205564,55564,PayPal,Success,9690.41,2024-11-10 01:03:00,TXN-95E550C1FB674C
205565,55565,UPI,Refunded,559.74,2023-06-28 00:03:00,TXN-65A07C4EC07079
205566,55566,Cash on Delivery,Success,52397.27,2025-04-09 00:37:00,TXN-A41BE6D8FF2B04
205567,55567,PayPal,Success,4307.58,2024-07-14 00:23:00,TXN-E75458719B30BB
205568,55568,PayPal,Success,21815.92,2025-11-08 01:24:00,TXN-5A78F38E97C6ED
205569,55569,Debit Card,Refunded,55987.55,2022-12-31 01:13:00,TXN-5DB1FD86F4615F
205570,55570,UPI,Failed,35860.61,2022-11-14 01:50:00,TXN-08B9B83833CFD6
205571,55571,Credit Card,Success,3156.52,2025-08-26 00:58:00,TXN-1808BB6344E604
205572,55572,Cash on Delivery,Success,16601.82,2023-08-19 01:14:00,TXN-8AF971852CB63B
205573,55573,Credit Card,Failed,797.41,2023-04-26 01:35:00,TXN-701023FECB1E3E
205574,55574,NetBanking,Success,3085.35,2022-01-06 01:57:00,TXN-8D58442FA16136
205575,55575,Credit Card,Success,38776.55,2024-07-10 00:47:00,TXN-8249A6E74D6FF7
205576,55576,Cash on Delivery,Success,8272.67,2022-05-10 00:41:00,TXN-8716A9886FFAB9
205577,55577,Credit Card,Success,38974.75,2025-01-02 01:28:00,TXN-6F0CB9BAD2389B
205578,55578,Debit Card,Success,111592.47,2024-01-30 01:13:00,TXN-00C01154BACD8D
205579,55579,Credit Card,Success,21875.02,2025-12-07 00:13:00,TXN-064EF0AD9B4CE4
205580,55580,NetBanking,Success,86143.1,2024-07-19 00:26:00,TXN-98792CA41EE79A
205581,55581,Cash on Delivery,Success,2900.34,2024-11-27 01:12:00,TXN-3704AD4C17B688
205582,55582,NetBanking,Success,8063.98,2025-03-31 00:21:00,TXN-1F4F8D9A7611A0
205583,55583,UPI,Success,1273.0,2024-03-30 00:16:00,TXN-D4C3C7B745FFFE
205584,55584,Credit Card,Success,3250.0,2022-03-01 01:08:00,TXN-AEC7C02F424D37
205585,55585,Credit Card,Success,2137.48,2024-09-19 00:11:00,TXN-AEC800C77BBEB0
205586,55586,PayPal,Success,100376.51,2024-01-19 01:28:00,TXN-79935D214B8BEA
205587,55587,NetBanking,Success,3391.37,2023-04-05 00:36:00,TXN-44E2B3C3BF3839
205588,55588,Credit Card,Success,14319.89,2022-06-28 00:59:00,TXN-E8A7973460443B
205589,55589,PayPal,Success,6304.37,2022-01-17 00:25:00,TXN-3EB37B49C341A4
205590,55590,NetBanking,Success,8262.58,2026-02-12 00:21:00,TXN-0A2E958FDAAB9F
205591,55591,UPI,Refunded,3399.01,2024-02-22 01:13:00,TXN-377C3722BBFC60
205592,55592,Cash on Delivery,Success,857.46,2023-06-08 00:04:00,TXN-CAE065D21CE7CC
205593,55593,NetBanking,Failed,1555.27,2026-03-29 01:33:00,TXN-75D40F45435999
205594,55594,Debit Card,Success,21974.92,2023-02-16 01:04:00,TXN-1B7A7D18ABDF7B
205595,55595,NetBanking,Success,9782.7,2023-05-05 00:09:00,TXN-7E8C882266E6D2
205596,55596,NetBanking,Success,353.72,2022-03-30 01:45:00,TXN-3EBBE842E710DD
205597,55597,Credit Card,Failed,785.69,2023-02-07 00:56:00,TXN-917AD61FF649EC
205598,55598,UPI,Success,16418.6,2024-12-28 00:58:00,TXN-B5A6D60D62B743
205599,55599,Debit Card,Success,8141.89,2025-12-28 00:34:00,TXN-03E7E3BE94A7C6
205600,55600,PayPal,Success,29597.68,2025-08-09 01:13:00,TXN-50B4BE456A3749
205601,55601,Debit Card,Success,2068.11,2025-05-16 00:59:00,TXN-77EC4FE35FF464
205602,55602,UPI,Success,27072.2,2023-06-13 01:08:00,TXN-653CFFEC1520F8
205603,55603,NetBanking,Success,15346.82,2022-01-24 00:17:00,TXN-A9397B3E9D6F40
205604,55604,Debit Card,Success,101210.79,2022-09-19 01:32:00,TXN-512CB5C20ACC47
205605,55605,Cash on Delivery,Success,41904.74,2024-10-13 00:16:00,TXN-0E678EB81D24B4
205606,55606,PayPal,Success,2491.24,2023-05-08 00:06:00,TXN-54A543A3631894
205607,55607,PayPal,Success,10731.06,2024-12-14 01:06:00,TXN-7B73881FA1689D
205608,55608,Debit Card,Success,1137.9,2023-03-02 00:02:00,TXN-E5259E03F396BF
205609,55609,NetBanking,Success,717.69,2022-02-27 01:11:00,TXN-2BC9934096207F
205610,55610,Cash on Delivery,Success,5578.26,2024-09-20 00:25:00,TXN-BAB47E6C314840
205611,55611,Cash on Delivery,Success,17881.6,2025-01-23 01:59:00,TXN-6F575316236BB4
205612,55612,NetBanking,Success,16014.83,2022-01-14 01:30:00,TXN-DB5BA1E4F792CE
205613,55613,PayPal,Success,6592.14,2024-08-18 01:05:00,TXN-61425445BFBAB4
205614,55614,Debit Card,Success,13993.54,2023-08-27 01:12:00,TXN-3BE7BAB0C6ECEC
205615,55615,PayPal,Success,820.25,2026-02-17 01:38:00,TXN-922676360550E8
205616,55616,Credit Card,Success,95631.05,2025-03-11 00:22:00,TXN-6410B7A2985423
205617,55617,Cash on Delivery,Success,996.52,2024-05-11 01:46:00,TXN-3440F1F68F7D8D
205618,55618,UPI,Success,9322.14,2026-03-07 00:09:00,TXN-4BFC75440E8155
205619,55619,UPI,Success,16804.38,2026-06-14 00:06:00,TXN-8DB4D3658CF9C8
205620,55620,Debit Card,Success,3166.72,2022-09-24 00:03:00,TXN-B878E104B4DEAE
205621,55621,PayPal,Success,2699.1,2023-06-24 00:23:00,TXN-7267A94E2B476D
205622,55622,Credit Card,Refunded,20249.49,2025-01-25 01:44:00,TXN-36D29A8346877B
205623,55623,Debit Card,Success,13224.14,2022-08-12 02:00:00,TXN-EC255FB278A690
205624,55624,UPI,Success,2479.82,2024-11-22 01:42:00,TXN-944C2BB0FC3587
205625,55625,Credit Card,Success,73577.11,2023-08-04 01:39:00,TXN-F743AF2D43D77D
205626,55626,Credit Card,Success,285078.69,2024-01-03 00:47:00,TXN-1873F179CCA405
205627,55627,UPI,Success,82536.66,2024-10-04 00:03:00,TXN-C2F5F6E3473619
205628,55628,PayPal,Success,76127.79,2026-05-12 01:43:00,TXN-722453A9D7EB3A
205629,55629,Debit Card,Success,44699.71,2022-03-17 01:54:00,TXN-7FEE262C81F89D
205630,55630,Credit Card,Success,5147.31,2022-12-21 00:56:00,TXN-4F024D1C377CBB
205631,55631,Cash on Delivery,Success,39074.06,2024-06-30 00:07:00,TXN-1FB2D197C4A656
205632,55632,UPI,Success,122060.87,2022-06-14 00:49:00,TXN-4BE146D56A2DE4
205633,55633,PayPal,Success,225421.95,2022-12-04 00:54:00,TXN-AEBC44F4322728
205634,55634,Credit Card,Success,22230.99,2026-04-11 01:53:00,TXN-9185C782943378
205635,55635,Debit Card,Success,84364.86,2024-09-04 00:34:00,TXN-778C3242C92501
205636,55636,Debit Card,Success,2022.4,2026-05-02 00:10:00,TXN-066741C1FA5773
205637,55637,Debit Card,Failed,2954.64,2025-03-20 01:35:00,TXN-9141239CCA92FB
205638,55638,UPI,Failed,2586.24,2024-09-24 00:19:00,TXN-6A3D5C3A3245B3
205639,55639,Credit Card,Success,18214.12,2022-10-10 00:52:00,TXN-1ABAF77B508CBE
205640,55640,Debit Card,Success,3546.11,2025-04-27 01:16:00,TXN-B43F68373EB51D
205641,55641,PayPal,Success,13963.77,2022-12-25 00:24:00,TXN-FF032FB61029C6
205642,55642,PayPal,Success,124618.43,2022-12-14 00:25:00,TXN-CBAB1E49CD676D
205643,55643,PayPal,Success,43071.55,2023-08-17 00:35:00,TXN-777986B9678946
205644,55644,UPI,Success,41789.1,2025-01-03 01:20:00,TXN-BDBD5A968110C4
205645,55645,Debit Card,Success,5348.32,2022-08-29 00:58:00,TXN-91A25A21F1C4EA
205646,55646,Debit Card,Failed,29438.76,2025-07-15 01:25:00,TXN-58800FF352B695
205647,55647,PayPal,Success,13283.71,2025-05-08 00:39:00,TXN-2A2D599C4C4FF8
205648,55648,Credit Card,Success,56726.48,2022-01-31 01:23:00,TXN-87B035D3220D0D
205649,55649,Debit Card,Success,965.56,2026-01-23 01:25:00,TXN-E6526C61C07D97
205650,55650,NetBanking,Success,3265.27,2025-06-02 01:39:00,TXN-DDBC44151BBE9D
205651,55651,Credit Card,Success,28285.21,2025-02-14 01:32:00,TXN-D08BDE5549FB59
205652,55652,Credit Card,Success,6291.38,2025-07-20 00:28:00,TXN-0132A3056CC3A8
205653,55653,Credit Card,Success,54156.95,2022-07-02 00:26:00,TXN-11FC136349FEB6
205654,55654,PayPal,Success,16508.55,2024-12-21 01:15:00,TXN-6FA4FD04590B75
205655,55655,Debit Card,Success,5417.17,2024-01-22 01:35:00,TXN-3A59A9BCCB2402
205656,55656,PayPal,Success,40418.27,2025-05-02 00:12:00,TXN-D767BC68A24D3E
205657,55657,Debit Card,Refunded,40917.97,2022-11-22 01:31:00,TXN-920F9B01A22194
205658,55658,NetBanking,Success,35704.84,2022-05-09 00:24:00,TXN-AF08852E0A38B1
205659,55659,Credit Card,Success,72384.65,2023-07-01 01:18:00,TXN-C1B70116139A54
205660,55660,PayPal,Success,2451.97,2026-02-19 00:28:00,TXN-99295AB2B7CBF2
205661,55661,UPI,Success,10548.36,2024-10-28 01:04:00,TXN-6DBDECCDD01B9C
205662,55662,Cash on Delivery,Refunded,23945.67,2022-09-05 01:52:00,TXN-739C18D8D92C2F
205663,55663,PayPal,Success,3640.45,2025-03-24 01:13:00,TXN-F5C41F92570948
205664,55664,PayPal,Success,120615.95,2025-09-10 00:24:00,TXN-EE2932E1F52053
205665,55665,Credit Card,Success,5262.27,2025-12-13 01:14:00,TXN-129B52E37FF986
205666,55666,Cash on Delivery,Success,19177.69,2025-10-05 01:59:00,TXN-10B41444DBA33C
205667,55667,Cash on Delivery,Success,15100.85,2026-01-31 01:52:00,TXN-C42F74264DF3B7
205668,55668,UPI,Success,35988.22,2025-02-07 00:39:00,TXN-BB436D5AA2982A
205669,55669,PayPal,Success,14414.02,2022-03-19 01:36:00,TXN-5845D461B7F356
205670,55670,Cash on Delivery,Success,37681.29,2024-12-02 00:42:00,TXN-928BB91A255730
205671,55671,PayPal,Success,53440.99,2023-05-22 00:43:00,TXN-2EB162D18D9ECA
205672,55672,Cash on Delivery,Success,21602.04,2023-11-25 00:53:00,TXN-E4A4F5202C2D5C
205673,55673,NetBanking,Refunded,15389.48,2025-04-18 00:01:00,TXN-85B0F5B18AF3F2
205674,55674,PayPal,Refunded,87480.55,2025-11-06 00:52:00,TXN-EE0F92E40E1341
205675,55675,Debit Card,Success,53669.2,2026-04-06 00:02:00,TXN-12504AF8E176B0
205676,55676,Credit Card,Success,18695.4,2023-12-12 00:32:00,TXN-05FC48E68C736E
205677,55677,Cash on Delivery,Success,2202.18,2023-02-26 00:59:00,TXN-66C6D63B98270C
205678,55678,Debit Card,Success,17145.27,2023-02-10 00:20:00,TXN-CCCB58DB314054
205679,55679,Cash on Delivery,Success,2861.91,2024-08-25 00:08:00,TXN-05AAFCA07599DE
205680,55680,UPI,Refunded,13904.33,2023-11-26 01:26:00,TXN-5DEE41CFC4FAB8
205681,55681,Debit Card,Success,56402.29,2022-07-28 01:38:00,TXN-BB58FD9405BF52
205682,55682,UPI,Success,6761.04,2023-03-29 01:40:00,TXN-7C448B28297D77
205683,55683,NetBanking,Success,14654.92,2022-03-30 01:06:00,TXN-FEB66686E09161
205684,55684,NetBanking,Success,2276.66,2024-11-15 00:53:00,TXN-2086CB423BF10D
205685,55685,Debit Card,Success,11491.03,2023-06-28 01:52:00,TXN-EFC7D6C4A2CD00
205686,55686,Debit Card,Success,11524.82,2024-10-20 01:25:00,TXN-D855E6540C5E85
205687,55687,Debit Card,Success,4486.57,2025-07-01 01:05:00,TXN-0ECB500137968E
205688,55688,Credit Card,Success,5502.85,2025-12-01 01:56:00,TXN-CFCF5E688F1986
205689,55689,Credit Card,Success,6478.29,2023-06-19 00:58:00,TXN-0F7D54139A9F86
205690,55690,NetBanking,Success,14215.89,2026-02-02 01:14:00,TXN-5D5250706E01AC
205691,55691,Cash on Delivery,Success,9657.95,2022-04-24 01:14:00,TXN-867484552D5309
205692,55692,NetBanking,Success,1992.85,2022-02-25 00:50:00,TXN-204627BD1E71A6
205693,55693,UPI,Success,12584.56,2023-06-29 00:31:00,TXN-4175E8D5DE667D
205694,55694,UPI,Success,1441.49,2023-05-30 00:11:00,TXN-A473530E931051
205695,55695,NetBanking,Refunded,2929.77,2025-05-20 00:16:00,TXN-85B8E40AF59F04
205696,55696,Cash on Delivery,Success,67303.44,2022-06-12 00:12:00,TXN-FCD4291712FD6A
205697,55697,PayPal,Success,55298.82,2022-12-21 00:01:00,TXN-BA8FDF939AF324
205698,55698,UPI,Success,37896.98,2025-05-15 00:28:00,TXN-D1FE153B076C8E
205699,55699,Credit Card,Refunded,12159.81,2023-08-01 00:09:00,TXN-0F2F3B1041AE72
205700,55700,Debit Card,Success,122686.58,2024-04-10 00:04:00,TXN-4A1258F243F949
205701,55701,Credit Card,Success,2649.2,2022-02-15 01:42:00,TXN-840BE047FAD412
205702,55702,PayPal,Success,1143.47,2023-12-27 01:39:00,TXN-07B27F2DAB2D88
205703,55703,UPI,Success,12926.55,2024-06-14 01:35:00,TXN-78E882BDF7995E
205704,55704,NetBanking,Success,1136.17,2025-01-03 01:15:00,TXN-F775B7406E5893
205705,55705,PayPal,Success,11048.27,2024-05-22 01:29:00,TXN-8D8C4C84C48741
205706,55706,Credit Card,Success,17402.9,2022-04-26 01:23:00,TXN-7448697A3DA549
205707,55707,Credit Card,Success,19374.5,2023-09-08 01:53:00,TXN-4E57CF488C0191
205708,55708,Debit Card,Success,7407.54,2023-08-11 01:26:00,TXN-9BD9E02F17E803
205709,55709,NetBanking,Success,2739.74,2024-12-02 01:20:00,TXN-A1D42C32EB2C77
205710,55710,PayPal,Refunded,2926.61,2024-02-10 01:30:00,TXN-0F6944B7D840E6
205711,55711,NetBanking,Success,6592.77,2023-04-25 00:05:00,TXN-D7ADDF86D7010A
205712,55712,UPI,Success,15319.62,2022-06-30 02:00:00,TXN-2C0ADCD422E4A3
205713,55713,PayPal,Success,24553.0,2025-09-09 00:07:00,TXN-AFD97AB9EC8022
205714,55714,PayPal,Success,32429.64,2022-06-27 01:54:00,TXN-D61468B279732B
205715,55715,UPI,Success,182.17,2023-05-27 00:50:00,TXN-00330B31F047FA
205716,55716,PayPal,Refunded,892.31,2022-08-07 00:26:00,TXN-896EA5D3320701
205717,55717,UPI,Success,8285.36,2022-10-11 00:17:00,TXN-43FFA5717134A5
205718,55718,Cash on Delivery,Success,6829.62,2026-02-19 00:38:00,TXN-C89D83BEF75097
205719,55719,NetBanking,Success,841.99,2023-09-26 01:36:00,TXN-38F1944AE2B153
205720,55720,Credit Card,Success,9215.51,2025-02-17 00:56:00,TXN-53D402DCEA788E
205721,55721,Debit Card,Success,24310.04,2025-02-17 01:26:00,TXN-BC3A62F57C28DA
205722,55722,Credit Card,Success,723.68,2024-11-06 00:42:00,TXN-740756C38182D6
205723,55723,PayPal,Success,688.72,2025-04-20 00:11:00,TXN-7016AEBFB4ED79
205724,55724,Debit Card,Success,805.8,2022-10-17 00:07:00,TXN-DE074FCF899FB4
205725,55725,PayPal,Success,39828.08,2023-11-13 00:38:00,TXN-F32606F2A9733A
205726,55726,Debit Card,Success,115161.3,2023-07-24 01:55:00,TXN-1F932D269BC162
205727,55727,Cash on Delivery,Success,4358.64,2026-06-21 00:54:00,TXN-E37EC0553580BC
205728,55728,UPI,Success,5610.21,2026-02-10 01:36:00,TXN-9D96679BA6E620
205729,55729,PayPal,Success,10470.08,2022-08-29 00:32:00,TXN-429B3CBC6B419D
205730,55730,PayPal,Success,59645.43,2025-02-05 00:40:00,TXN-4761D9540FB996
205731,55731,UPI,Refunded,38799.36,2023-05-17 00:55:00,TXN-FAE4D469ABEB93
205732,55732,PayPal,Success,10852.16,2023-03-23 00:04:00,TXN-FBD36110EE9053
205733,55733,PayPal,Success,1710.15,2023-09-14 00:59:00,TXN-7BB30644FB4559
205734,55734,Cash on Delivery,Success,4036.32,2024-02-28 01:11:00,TXN-18D628FA97CF22
205735,55735,Cash on Delivery,Success,2271.03,2022-03-14 01:08:00,TXN-3FD153E1C10F95
205736,55736,NetBanking,Success,653.95,2026-06-24 01:06:00,TXN-A93B8F2C9F31C3
205737,55737,UPI,Success,9651.15,2026-01-27 00:24:00,TXN-4B592E9A197828
205738,55738,NetBanking,Success,107547.58,2022-08-06 01:50:00,TXN-53DF748995A0AC
205739,55739,Credit Card,Success,1344.72,2023-07-05 00:53:00,TXN-D2D09DE2588C20
205740,55740,Credit Card,Success,21573.15,2024-10-30 00:48:00,TXN-D1A4C41CB359D9
205741,55741,PayPal,Success,6445.12,2025-11-15 01:13:00,TXN-E6E0B3F63757D0
205742,55742,Debit Card,Refunded,14559.79,2025-09-02 01:11:00,TXN-5330240F92CEC6
205743,55743,Debit Card,Success,60471.94,2022-03-08 01:34:00,TXN-352412D7DE0517
205744,55744,NetBanking,Success,21249.08,2022-06-19 00:07:00,TXN-AC7F1B4CEF13E6
205745,55745,NetBanking,Success,8570.78,2026-02-11 01:44:00,TXN-38D41E3F9AC7E6
205746,55746,Cash on Delivery,Success,640.28,2025-12-22 00:48:00,TXN-C8C7B9F0776201
205747,55747,Debit Card,Failed,12644.27,2026-01-31 00:51:00,TXN-97DCAA800DE02D
205748,55748,Credit Card,Success,65101.52,2023-10-04 00:01:00,TXN-CC8B5BDF6723ED
205749,55749,Debit Card,Success,8286.16,2025-08-24 00:32:00,TXN-9AFC5B44127D5F
205750,55750,PayPal,Success,2518.85,2025-10-10 01:00:00,TXN-50E52FBE94AA04
205751,55751,Credit Card,Success,335.11,2023-05-26 00:49:00,TXN-8605676A7C4A78
205752,55752,Debit Card,Success,6908.43,2024-10-22 01:46:00,TXN-489AB35E8C33D2
205753,55753,Debit Card,Success,160852.85,2025-08-18 01:04:00,TXN-7DC8216C0173B8
205754,55754,Credit Card,Success,3670.43,2025-02-23 01:50:00,TXN-939A929E8B3EC8
205755,55755,Cash on Delivery,Success,16556.55,2024-07-06 01:34:00,TXN-BF1F1FAF4F1608
205756,55756,Cash on Delivery,Refunded,22885.5,2023-12-05 00:45:00,TXN-90FC0A15C7DC66
205757,55757,PayPal,Success,19977.74,2024-09-09 00:23:00,TXN-9D67B9B46BCA8F
205758,55758,NetBanking,Success,38459.24,2024-06-17 00:05:00,TXN-BE897CF64DFFC4
205759,55759,UPI,Success,11591.58,2022-04-22 01:41:00,TXN-A844BEE79208CB
205760,55760,PayPal,Success,2778.06,2022-11-09 01:14:00,TXN-849E7193F8FF7B
205761,55761,UPI,Success,11301.08,2023-04-11 00:06:00,TXN-DC2F06FFBAC609
205762,55762,UPI,Success,9180.4,2024-02-05 01:41:00,TXN-3C8203999873D7
205763,55763,PayPal,Success,16654.94,2024-08-21 01:16:00,TXN-14338DADCE9E3E
205764,55764,Cash on Delivery,Success,4282.35,2022-09-02 01:45:00,TXN-C1E0A121464AE6
205765,55765,NetBanking,Success,738.22,2023-06-29 02:00:00,TXN-DDFBABCF315E74
205766,55766,Debit Card,Success,6445.09,2025-05-20 00:41:00,TXN-819583C6978BEE
205767,55767,Credit Card,Success,17514.56,2025-05-17 00:01:00,TXN-8C733604AA8E8C
205768,55768,Cash on Delivery,Success,2659.81,2022-06-29 01:27:00,TXN-A16593506E7A80
205769,55769,Debit Card,Success,19312.24,2024-03-27 00:46:00,TXN-1A86B5F4CB1758
205770,55770,Cash on Delivery,Success,1919.15,2026-01-06 00:48:00,TXN-9FB3D7006F9644
205771,55771,Cash on Delivery,Success,13522.08,2023-11-19 01:24:00,TXN-6A84430147E159
205772,55772,PayPal,Failed,2710.59,2025-05-03 00:04:00,TXN-3D4260C62951B9
205773,55773,Debit Card,Success,59920.63,2025-03-11 00:32:00,TXN-31B48E01D4419C
205774,55774,PayPal,Success,239536.94,2024-04-19 00:16:00,TXN-A6D008BC42279D
205775,55775,Cash on Delivery,Failed,64334.24,2023-05-06 01:34:00,TXN-352B8509990826
205776,55776,UPI,Success,37939.81,2025-09-17 00:27:00,TXN-3BC13625AA2216
205777,55777,NetBanking,Success,60025.43,2023-04-15 00:34:00,TXN-9B334252C0FC07
205778,55778,Cash on Delivery,Success,53452.07,2024-03-31 00:33:00,TXN-59B5C42B957EE6
205779,55779,UPI,Success,31772.86,2024-09-20 00:15:00,TXN-5D827BCB6186A4
205780,55780,Credit Card,Success,9964.96,2024-11-13 00:53:00,TXN-E73BD219A47CBC
205781,55781,UPI,Success,2799.16,2022-11-21 01:58:00,TXN-FE28F98F67DC7A
205782,55782,NetBanking,Success,189603.28,2025-12-24 01:19:00,TXN-E409880944C2C3
205783,55783,PayPal,Success,2064.31,2025-12-23 00:31:00,TXN-227EC570681A83
205784,55784,Credit Card,Success,56500.71,2025-08-05 01:19:00,TXN-0564C740BAAB3F
205785,55785,PayPal,Success,42117.17,2023-08-04 00:13:00,TXN-3FF6AA2EDC748E
205786,55786,PayPal,Failed,41372.93,2026-04-14 00:17:00,TXN-F5CAB649BF47C0
205787,55787,Cash on Delivery,Refunded,2606.76,2023-05-12 01:04:00,TXN-7B81C76DAAC395
205788,55788,NetBanking,Success,8272.67,2022-05-26 01:45:00,TXN-1A7791C6766A0B
205789,55789,Debit Card,Success,65487.1,2024-05-18 01:25:00,TXN-AB0066604F78DB
205790,55790,NetBanking,Success,51711.4,2024-02-15 01:26:00,TXN-AE24C8713B0778
205791,55791,Cash on Delivery,Success,59645.43,2025-05-05 01:57:00,TXN-7396BD3BF68A4D
205792,55792,PayPal,Success,45711.34,2023-09-15 01:44:00,TXN-4531D62F28B9FD
205793,55793,Debit Card,Success,30231.45,2022-01-25 00:40:00,TXN-4C89EDE9EBCF4D
205794,55794,NetBanking,Success,928.87,2022-05-24 00:07:00,TXN-D11867F8E6F391
205795,55795,UPI,Failed,28846.34,2022-01-26 01:28:00,TXN-6162FE899D8C27
205796,55796,Debit Card,Failed,72991.59,2023-04-19 01:39:00,TXN-E4FBC9D3918CD0
205797,55797,UPI,Success,1639.31,2022-04-16 01:57:00,TXN-9AB383B9D316DE
205798,55798,Cash on Delivery,Success,666.2,2025-07-06 01:46:00,TXN-FC4CBB654C27F2
205799,55799,UPI,Success,5416.29,2026-06-15 01:13:00,TXN-797D6BC863C6F1
205800,55800,Debit Card,Success,3644.62,2024-02-29 00:35:00,TXN-F9A6A23AB591D6
205801,55801,PayPal,Success,23340.61,2026-02-19 01:48:00,TXN-22FDDA8A0A543B
205802,55802,Credit Card,Success,2202.18,2024-11-09 00:56:00,TXN-E88872611A3798
205803,55803,Credit Card,Refunded,4975.43,2026-02-26 01:19:00,TXN-6948F494E022E2
205804,55804,Cash on Delivery,Success,607.15,2024-10-19 01:30:00,TXN-6B8DD280C9B1B8
205805,55805,Cash on Delivery,Success,1028.45,2023-04-16 00:08:00,TXN-689216ABD4AB55
205806,55806,Debit Card,Success,34531.56,2022-07-07 00:54:00,TXN-D5C2C8FAD61CED
205807,55807,PayPal,Success,508.19,2023-02-08 01:59:00,TXN-D4F155C1CF4762
205808,55808,Credit Card,Success,25960.51,2022-04-08 01:19:00,TXN-AA347984D71155
205809,55809,NetBanking,Success,29215.33,2024-08-11 00:54:00,TXN-A360FA090E623C
205810,55810,Debit Card,Success,18375.29,2023-06-05 00:53:00,TXN-638E3B4DD10105
205811,55811,Debit Card,Success,9202.89,2023-01-14 00:52:00,TXN-7F6AE05125359C
205812,55812,PayPal,Success,4868.65,2023-01-09 00:41:00,TXN-7AF6E57F13C33D
205813,55813,PayPal,Success,722.02,2023-05-30 00:33:00,TXN-4223ADF961AA22
205814,55814,Credit Card,Failed,373.49,2024-08-02 00:12:00,TXN-8D6CA322CCF390
205815,55815,Credit Card,Success,2533.05,2023-04-04 00:22:00,TXN-7D91C59E05CD30
205816,55816,Credit Card,Success,805.8,2023-08-28 00:29:00,TXN-6288CDBDE11845
205817,55817,NetBanking,Success,115166.6,2022-05-19 01:46:00,TXN-B6C739652F60AB
205818,55818,PayPal,Success,53088.84,2022-08-17 01:48:00,TXN-FC427664C63DAF
205819,55819,NetBanking,Success,17220.79,2023-04-25 01:39:00,TXN-6646B23BD688F8
205820,55820,Cash on Delivery,Success,20609.65,2023-12-30 01:03:00,TXN-EC28141AE47997
205821,55821,UPI,Success,42829.07,2022-02-26 01:10:00,TXN-FB2AEDFEE893F4
205822,55822,Credit Card,Success,13788.21,2025-02-01 00:48:00,TXN-AF18F9E349689B
205823,55823,UPI,Success,9291.61,2025-08-08 01:56:00,TXN-522B6AF0721D45
205824,55824,UPI,Success,3382.97,2025-05-28 00:01:00,TXN-0EB99842B69A78
205825,55825,Credit Card,Success,52134.81,2025-12-10 00:45:00,TXN-B59C60AAC206FE
205826,55826,Cash on Delivery,Success,17813.81,2023-10-17 00:34:00,TXN-D59DC3A1B489BD
205827,55827,UPI,Success,70375.63,2025-03-16 01:50:00,TXN-47F70C8A344B98
205828,55828,Credit Card,Refunded,2202.18,2023-11-22 01:43:00,TXN-F1C79C63400B52
205829,55829,Cash on Delivery,Refunded,18947.0,2025-06-09 01:51:00,TXN-F6286CA17B09C5
205830,55830,Credit Card,Success,4023.23,2024-07-26 01:25:00,TXN-B4DDAB0E6FA8ED
205831,55831,NetBanking,Failed,6252.18,2022-09-08 00:25:00,TXN-07708ACDB67222
205832,55832,Cash on Delivery,Success,15633.93,2022-10-10 00:54:00,TXN-45B74134272B6C
205833,55833,UPI,Success,91151.0,2025-08-07 01:06:00,TXN-A308B2420382DE
205834,55834,Cash on Delivery,Success,6764.83,2026-04-25 01:59:00,TXN-0ABB0E0BF6F257
205835,55835,UPI,Success,2970.75,2025-09-05 00:56:00,TXN-2107C7D308782C
205836,55836,UPI,Refunded,58764.44,2023-04-29 00:02:00,TXN-DFAB6D7647F3AD
205837,55837,Debit Card,Success,2833.38,2023-07-14 01:04:00,TXN-D5CF1B2468FC65
205838,55838,UPI,Success,7317.24,2026-06-29 01:39:00,TXN-6B0D940B63CE5A
205839,55839,NetBanking,Success,8571.73,2024-08-15 01:57:00,TXN-7772C17AAF1621
205840,55840,PayPal,Success,11449.91,2025-02-05 00:37:00,TXN-F7B406683F6AF4
205841,55841,NetBanking,Refunded,812.36,2026-06-05 00:56:00,TXN-04F0D77EEBEF47
205842,55842,Credit Card,Success,24066.09,2025-07-17 00:07:00,TXN-B3ACE9CD8D02F0
205843,55843,Cash on Delivery,Success,3089.57,2023-11-19 01:50:00,TXN-C617C09D23042E
205844,55844,UPI,Success,16263.76,2026-04-11 00:52:00,TXN-99FB90A356077A
205845,55845,Credit Card,Success,589.72,2023-01-12 01:56:00,TXN-5A229AA076B599
205846,55846,PayPal,Success,7261.41,2025-04-06 00:39:00,TXN-AC900293AF2AE0
205847,55847,UPI,Success,5066.1,2023-08-15 00:29:00,TXN-2363714EE44673
205848,55848,Debit Card,Success,23326.21,2024-01-24 01:34:00,TXN-7AE659DCAFB609
205849,55849,PayPal,Success,7556.01,2026-02-25 00:11:00,TXN-11839CF13013C1
205850,55850,UPI,Success,18664.36,2023-10-09 01:11:00,TXN-7B3A5FFB186398
205851,55851,NetBanking,Success,19084.93,2022-05-03 01:34:00,TXN-DF5FD11541CB67
205852,55852,PayPal,Success,2859.5,2023-06-07 00:38:00,TXN-E594BD595EE9FE
205853,55853,Cash on Delivery,Success,1137.9,2022-12-03 00:39:00,TXN-BBCD39D2E09A96
205854,55854,Debit Card,Success,14472.8,2026-02-23 01:47:00,TXN-B32BF3D4FA5085
205855,55855,PayPal,Success,3464.26,2026-03-14 01:05:00,TXN-B8B439FCF4D64C
205856,55856,UPI,Failed,15711.61,2024-11-29 01:17:00,TXN-2F027A82D4E633
205857,55857,Cash on Delivery,Success,5447.98,2025-12-27 01:26:00,TXN-807812AB5FB9AB
205858,55858,PayPal,Success,13309.27,2022-03-25 01:15:00,TXN-1EB7EC60A31F08
205859,55859,Credit Card,Success,26782.13,2022-04-16 00:19:00,TXN-638A99BB12E24B
205860,55860,PayPal,Success,2649.06,2022-09-15 00:50:00,TXN-E7AE3516ED6CE1
205861,55861,Debit Card,Success,34931.29,2023-06-21 00:30:00,TXN-7ED68E6FE85B0D
205862,55862,Credit Card,Success,1329.6,2026-03-08 00:07:00,TXN-D0DCC309A3BB6E
205863,55863,Debit Card,Success,62792.42,2024-06-02 00:47:00,TXN-801ECB6936D683
205864,55864,Cash on Delivery,Failed,5197.53,2024-11-02 00:14:00,TXN-41FD825A93B2BC
205865,55865,Credit Card,Success,75213.84,2022-12-01 00:17:00,TXN-23959799BDC661
205866,55866,NetBanking,Success,4800.02,2022-09-02 00:15:00,TXN-7E552407556F29
205867,55867,Credit Card,Success,46547.67,2023-03-09 01:36:00,TXN-4EE92C6104E7AB
205868,55868,PayPal,Success,18363.23,2025-10-01 00:20:00,TXN-B824213D3DFC87
205869,55869,UPI,Success,18052.34,2025-09-28 00:50:00,TXN-F7299AD9EA8743
205870,55870,PayPal,Success,46241.88,2025-07-09 01:10:00,TXN-D08649A5C80A87
205871,55871,UPI,Success,9826.84,2024-06-20 01:05:00,TXN-B2A13365F45B25
205872,55872,UPI,Success,15471.04,2024-03-17 00:38:00,TXN-B2F567BF859E3B
205873,55873,NetBanking,Success,170447.8,2023-08-24 01:09:00,TXN-3D3F297F1A560A
205874,55874,PayPal,Success,675.62,2022-09-04 00:05:00,TXN-C6C4DAAA4737DA
205875,55875,UPI,Success,2895.35,2024-07-11 01:57:00,TXN-199AFBA44BC21F
205876,55876,PayPal,Success,14861.15,2026-04-15 01:16:00,TXN-E49D929F9E5C14
205877,55877,Credit Card,Success,26075.17,2026-01-12 01:27:00,TXN-5136E15FEAD315
205878,55878,Debit Card,Success,36928.4,2025-08-22 01:36:00,TXN-DAE41954F063FE
205879,55879,Debit Card,Success,5671.4,2024-03-25 00:10:00,TXN-3927AC1CEB6D53
205880,55880,Debit Card,Success,4407.27,2024-09-30 01:18:00,TXN-0E0BD2F1E3F69F
205881,55881,PayPal,Success,13594.93,2022-04-22 00:08:00,TXN-C47A9681A3C969
205882,55882,Cash on Delivery,Success,454.39,2023-01-21 00:02:00,TXN-FCD5F293C4DC2D
205883,55883,PayPal,Success,56378.92,2022-04-03 01:40:00,TXN-D9610B84766CEB
205884,55884,Debit Card,Success,102780.46,2022-07-04 01:50:00,TXN-7EF3A7D51FE60B
205885,55885,NetBanking,Refunded,154889.22,2025-04-27 01:10:00,TXN-552D84EEAC7A8D
205886,55886,UPI,Success,2531.02,2023-12-02 00:29:00,TXN-C8089646F58BE8
205887,55887,Credit Card,Success,667.69,2023-06-29 01:33:00,TXN-8404C3983B217D
205888,55888,UPI,Success,6820.81,2025-11-20 00:34:00,TXN-B842F8F118D587
205889,55889,NetBanking,Refunded,5598.32,2023-03-25 00:13:00,TXN-5FFF635E477C3A
205890,55890,NetBanking,Success,32613.14,2026-01-29 01:33:00,TXN-DE7EFD3A1034AC
205891,55891,Cash on Delivery,Success,713.36,2024-07-18 00:27:00,TXN-254BAB243C1DE7
205892,55892,Debit Card,Success,577.92,2023-03-04 01:20:00,TXN-E3EB9BCFEF0751
205893,55893,Debit Card,Refunded,22576.74,2025-01-31 00:14:00,TXN-41E34B78B8FF6D
205894,55894,PayPal,Success,35377.16,2025-09-18 00:15:00,TXN-05AC00C50218CC
205895,55895,Cash on Delivery,Success,27005.36,2024-06-28 01:19:00,TXN-6E3CB0A93C3C92
205896,55896,Debit Card,Success,17197.08,2023-03-30 00:30:00,TXN-076F128119FC85
205897,55897,PayPal,Success,134336.96,2024-03-31 00:15:00,TXN-505EA46EF133EC
205898,55898,Cash on Delivery,Success,7252.28,2022-06-12 01:27:00,TXN-AF4240BF6E11AD
205899,55899,PayPal,Success,68685.32,2022-05-08 01:29:00,TXN-317E08DA7E7D8F
205900,55900,UPI,Success,5919.92,2022-05-04 00:29:00,TXN-92E1DFAA669E61
205901,55901,Debit Card,Success,1946.18,2022-05-18 01:28:00,TXN-0AD9015F4EE125
205902,55902,Cash on Delivery,Success,1231.4,2023-10-05 01:53:00,TXN-EC2CA9D78B1685
205903,55903,PayPal,Success,1732.13,2024-05-24 00:13:00,TXN-AEDB5C0E375FFB
205904,55904,NetBanking,Success,68722.27,2023-01-03 00:42:00,TXN-ED538DD18A1D8C
205905,55905,PayPal,Success,58410.79,2023-11-24 00:31:00,TXN-D6DCB3D63F7036
205906,55906,Debit Card,Success,7877.0,2024-05-22 00:49:00,TXN-C17F886FDD4CDE
205907,55907,PayPal,Success,856.8,2022-06-12 01:46:00,TXN-55CA08ADCC4925
205908,55908,NetBanking,Success,182.17,2022-10-24 00:41:00,TXN-26918B89B8BF29
205909,55909,NetBanking,Refunded,6949.01,2022-07-06 00:51:00,TXN-07D96E4532C87A
205910,55910,UPI,Failed,455.32,2025-09-08 01:58:00,TXN-05828ED69214D5
205911,55911,PayPal,Success,2118.7,2023-06-03 01:43:00,TXN-1B840D4A438311
205912,55912,NetBanking,Refunded,5677.52,2026-05-26 00:32:00,TXN-8765FA63CAE2B9
205913,55913,Debit Card,Refunded,972.55,2023-03-05 01:21:00,TXN-26AD502284A3B6
205914,55914,Cash on Delivery,Success,3564.48,2026-01-27 01:39:00,TXN-48859E4BC4DF02
205915,55915,NetBanking,Success,15908.72,2024-08-17 00:12:00,TXN-0909517096A426
205916,55916,Cash on Delivery,Success,2596.01,2024-03-21 01:16:00,TXN-BCB6CEA46E7ACC
205917,55917,Credit Card,Success,46726.57,2025-12-20 00:25:00,TXN-3912E5A25DA27B
205918,55918,UPI,Success,103393.34,2025-10-23 01:26:00,TXN-18F91612226593
205919,55919,Credit Card,Success,8444.95,2023-01-26 01:46:00,TXN-39853EAA940A23
205920,55920,Cash on Delivery,Success,4676.75,2023-05-28 00:48:00,TXN-D92D51D6BC3D23
205921,55921,Debit Card,Success,10524.54,2024-02-04 00:30:00,TXN-2E94303BD98152
205922,55922,Debit Card,Success,5255.6,2025-01-25 01:50:00,TXN-8CFCC33A180082
205923,55923,Credit Card,Success,75032.73,2022-11-03 01:19:00,TXN-6EB88575238659
205924,55924,UPI,Success,13198.61,2023-05-13 00:31:00,TXN-60F6A48282B60F
205925,55925,UPI,Success,11417.02,2022-03-31 01:45:00,TXN-61073BF206D258
205926,55926,NetBanking,Success,10897.06,2025-03-05 00:17:00,TXN-7CD39360BD23E4
205927,55927,PayPal,Success,147336.8,2025-10-05 00:56:00,TXN-728C13BF883ED2
205928,55928,PayPal,Success,16755.29,2026-06-25 00:28:00,TXN-2DB90EEC2A9867
205929,55929,Cash on Delivery,Success,10194.51,2022-01-10 00:47:00,TXN-065642EB3FB591
205930,55930,Credit Card,Failed,6757.56,2025-12-04 01:31:00,TXN-E124ED0B801DBE
205931,55931,NetBanking,Success,2683.04,2022-05-11 00:56:00,TXN-354B098C0A894D
205932,55932,PayPal,Refunded,11598.12,2023-08-31 00:12:00,TXN-5B1AFE5DF435B0
205933,55933,Cash on Delivery,Success,6469.3,2024-12-29 01:15:00,TXN-437A119ECA4069
205934,55934,NetBanking,Success,61763.72,2023-08-22 00:09:00,TXN-EBA2F57170316E
205935,55935,NetBanking,Success,18134.5,2023-03-28 00:45:00,TXN-D3E39CD8CDF360
205936,55936,PayPal,Success,3325.0,2024-04-11 01:03:00,TXN-2293835C07F4FB
205937,55937,Credit Card,Success,5468.2,2023-11-20 00:54:00,TXN-D072F75FFC45B8
205938,55938,NetBanking,Success,19748.12,2025-05-24 00:28:00,TXN-E3E31D8A2609FF
205939,55939,Credit Card,Success,27681.51,2023-09-28 00:42:00,TXN-0DDD5A77617EB6
205940,55940,Credit Card,Success,105582.9,2024-08-09 00:11:00,TXN-BB4AAEB07C4C80
205941,55941,UPI,Success,4222.27,2026-02-11 01:55:00,TXN-34B2977722213A
205942,55942,NetBanking,Success,870.13,2024-07-09 00:55:00,TXN-F316110131FC84
205943,55943,Credit Card,Refunded,14933.06,2026-04-20 01:40:00,TXN-A10A34130FEC15
205944,55944,UPI,Success,9295.64,2025-07-05 01:13:00,TXN-B0BBB12C45749D
205945,55945,Cash on Delivery,Success,17100.24,2024-05-08 00:13:00,TXN-FCCE9C2B80BF46
205946,55946,NetBanking,Success,9423.07,2024-07-17 01:09:00,TXN-F9B62500668776
205947,55947,Credit Card,Success,17098.37,2023-11-25 01:48:00,TXN-62FF27E931C795
205948,55948,NetBanking,Success,68377.01,2026-06-16 01:44:00,TXN-568D034E2D1160
205949,55949,Cash on Delivery,Success,763.7,2024-12-13 00:03:00,TXN-8F8637F0CE4BA8
205950,55950,UPI,Success,8365.18,2022-02-05 01:54:00,TXN-29201353B15084
205951,55951,PayPal,Success,63866.92,2022-10-20 01:42:00,TXN-9BC535EC497908
205952,55952,Cash on Delivery,Success,92453.79,2023-03-22 00:24:00,TXN-B799D325FACFB7
205953,55953,Credit Card,Success,66346.51,2024-06-14 01:36:00,TXN-A33413D0069E8D
205954,55954,PayPal,Refunded,28503.41,2022-03-14 01:34:00,TXN-9507A1BE780652
205955,55955,Debit Card,Success,55089.87,2025-10-21 00:39:00,TXN-D43BFA06604856
205956,55956,Credit Card,Success,2743.96,2022-03-10 01:16:00,TXN-205F8F308BD1C9
205957,55957,NetBanking,Success,27456.98,2023-07-18 01:51:00,TXN-CCF62324D5408B
205958,55958,Cash on Delivery,Success,1376.35,2023-09-27 01:52:00,TXN-48B6498931CADB
205959,55959,Cash on Delivery,Success,43071.55,2022-04-05 01:05:00,TXN-E87731D03C3970
205960,55960,Cash on Delivery,Success,17760.63,2025-09-11 00:35:00,TXN-C328E30F1B9570
205961,55961,Credit Card,Success,5416.29,2024-05-02 01:00:00,TXN-6E875FA73E3E2B
205962,55962,Debit Card,Success,1740.85,2025-02-08 00:30:00,TXN-6E39F94F0CAA31
205963,55963,Cash on Delivery,Success,11500.09,2023-02-23 01:29:00,TXN-CA9F2B7A4D8772
205964,55964,NetBanking,Success,1647.26,2025-06-25 01:54:00,TXN-CC2F92849D9E24
205965,55965,NetBanking,Success,119236.69,2025-10-04 00:11:00,TXN-3467DD512E3136
205966,55966,Debit Card,Success,4773.3,2022-04-25 00:14:00,TXN-7A2CFD4E842719
205967,55967,UPI,Refunded,2465.56,2025-07-18 00:05:00,TXN-73ED40DC35C326
205968,55968,Cash on Delivery,Success,34302.94,2025-08-08 01:46:00,TXN-FDE73E669A16FB
205969,55969,UPI,Success,3809.7,2024-04-30 00:47:00,TXN-8EDA0389B53DD3
205970,55970,Credit Card,Success,19658.45,2025-07-15 01:44:00,TXN-4564DFC441D392
205971,55971,Credit Card,Success,30045.53,2024-05-08 01:27:00,TXN-62D9551D2F330D
205972,55972,NetBanking,Success,4939.31,2024-03-15 00:07:00,TXN-6180FD7A776693
205973,55973,Credit Card,Success,15615.5,2023-04-26 00:18:00,TXN-EB096BF3903F73
205974,55974,Cash on Delivery,Refunded,2789.39,2023-12-19 00:14:00,TXN-0E61839D448903
205975,55975,UPI,Success,56762.08,2022-11-30 01:15:00,TXN-CF83548D80784A
205976,55976,UPI,Success,11115.45,2024-07-18 01:01:00,TXN-2F97519FD68BAE
205977,55977,Debit Card,Success,34926.34,2024-04-12 01:15:00,TXN-6E943FB11BDDCF
205978,55978,NetBanking,Success,39986.91,2026-05-15 00:57:00,TXN-490C67FC8BC924
205979,55979,PayPal,Success,11416.78,2024-02-09 01:26:00,TXN-257E0E06996F23
205980,55980,Debit Card,Success,17936.06,2022-03-14 00:17:00,TXN-CA9264E7167C23
205981,55981,NetBanking,Success,12391.5,2024-03-22 00:19:00,TXN-9F9AAA818320F0
205982,55982,UPI,Success,22962.14,2023-02-22 01:46:00,TXN-03635C1F698734
205983,55983,NetBanking,Refunded,10430.87,2022-07-11 01:00:00,TXN-22ACD7A02B2D0D
205984,55984,UPI,Success,713.63,2026-02-13 00:30:00,TXN-6D0EEF795539CF
205985,55985,UPI,Success,21199.87,2025-11-05 01:06:00,TXN-09B89818BEF5C6
205986,55986,UPI,Success,1243.81,2024-09-03 00:12:00,TXN-A72C480E7BC1CB
205987,55987,PayPal,Refunded,4603.85,2025-11-28 00:48:00,TXN-F5AE7D68B85E52
205988,55988,PayPal,Success,5835.32,2025-05-09 01:35:00,TXN-5B4FE007112C44
205989,55989,UPI,Success,2018.16,2023-08-24 01:17:00,TXN-A6A616B8BE9949
205990,55990,UPI,Success,1398.32,2025-03-10 00:14:00,TXN-45AE44DA80D195
205991,55991,NetBanking,Success,11967.76,2022-11-27 00:49:00,TXN-A3A0C46973652D
205992,55992,Cash on Delivery,Success,14997.01,2023-01-31 00:44:00,TXN-15EBD26B30C71E
205993,55993,Credit Card,Success,48339.93,2024-09-17 01:13:00,TXN-F0BE034F02FC82
205994,55994,Debit Card,Refunded,38545.59,2022-11-05 01:01:00,TXN-41A391E02B157B
205995,55995,Cash on Delivery,Success,16815.66,2023-03-14 00:46:00,TXN-E2002EF45E5F7B
205996,55996,NetBanking,Success,26204.79,2023-03-23 01:47:00,TXN-3FF8E6F39405F7
205997,55997,UPI,Success,21200.39,2023-09-04 01:46:00,TXN-56479C706C2850
205998,55998,UPI,Refunded,23328.54,2023-08-06 00:15:00,TXN-13C9EC08BB6A70
205999,55999,Cash on Delivery,Success,2316.28,2022-01-27 01:07:00,TXN-586585A2EAF9BB
206000,56000,Debit Card,Success,31236.95,2022-02-20 01:35:00,TXN-7770FF63935819
206001,56001,PayPal,Success,2003.07,2025-07-03 01:08:00,TXN-49F970EF1E3BB9
206002,56002,UPI,Success,3307.61,2023-08-26 01:28:00,TXN-76A01D22A2D9A4
206003,56003,Debit Card,Success,74641.41,2025-11-03 00:26:00,TXN-06A0FB15231174
206004,56004,Cash on Delivery,Success,2202.18,2026-02-16 01:45:00,TXN-49C68011C196D6
206005,56005,UPI,Refunded,46826.39,2025-01-15 00:05:00,TXN-4A40846F695FED
206006,56006,NetBanking,Success,948.44,2022-06-25 01:00:00,TXN-5F1FCFF95D8F38
206007,56007,NetBanking,Success,18721.42,2023-10-16 01:57:00,TXN-E0798448391627
206008,56008,NetBanking,Success,31031.94,2022-01-31 01:18:00,TXN-9B708E77EEDF8E
206009,56009,Cash on Delivery,Success,111666.27,2022-05-06 01:48:00,TXN-DE5E7B31E281A5
206010,56010,Credit Card,Success,3240.75,2022-12-31 01:57:00,TXN-AD0588C29DB535
206011,56011,Debit Card,Success,25436.48,2024-06-02 01:52:00,TXN-23DAE6484FD3C7
206012,56012,PayPal,Success,5543.55,2022-12-28 00:40:00,TXN-6CAB5C77E8E427
206013,56013,Cash on Delivery,Success,2291.16,2026-01-02 00:06:00,TXN-3DB7F171FDB4D9
206014,56014,Cash on Delivery,Success,3626.14,2025-07-06 01:40:00,TXN-BD112A5C8DA39A
206015,56015,Debit Card,Success,55447.46,2025-07-06 00:19:00,TXN-0569A3A1885D14
206016,56016,Cash on Delivery,Success,736.58,2023-02-06 00:06:00,TXN-0FD0426378BF73
206017,56017,Debit Card,Success,4298.41,2025-02-23 01:53:00,TXN-C1F9007DBF0AC8
206018,56018,Cash on Delivery,Success,4137.48,2025-09-19 01:12:00,TXN-ADC4D0090D9B72
206019,56019,UPI,Success,13596.6,2025-04-20 00:48:00,TXN-24C4EB7C45EECE
206020,56020,Cash on Delivery,Success,3671.69,2022-07-03 00:30:00,TXN-834D155C26F343
206021,56021,UPI,Refunded,8409.83,2022-03-24 00:39:00,TXN-2C9532388F7967
206022,56022,NetBanking,Refunded,1058.22,2026-01-17 00:16:00,TXN-5D672B291D982D
206023,56023,PayPal,Success,2799.8,2023-09-24 00:59:00,TXN-299880AF8EE544
206024,56024,Credit Card,Success,20973.92,2025-10-17 00:10:00,TXN-0324E05995ED21
206025,56025,Debit Card,Success,17128.22,2023-09-19 01:11:00,TXN-DDE82ACB816E86
206026,56026,Cash on Delivery,Success,10379.11,2023-12-17 01:00:00,TXN-5BA3E45F864C3B
206027,56027,UPI,Success,21372.61,2023-02-07 01:56:00,TXN-6C698ACC350D00
206028,56028,NetBanking,Success,21875.99,2023-02-15 01:27:00,TXN-F9CF14CE52AC10
206029,56029,Debit Card,Success,7676.03,2022-10-26 00:13:00,TXN-E219BF091E90DF
206030,56030,NetBanking,Success,40040.55,2025-06-16 00:16:00,TXN-BCF6C91A387764
206031,56031,Credit Card,Success,7676.03,2026-02-04 01:43:00,TXN-8F6ED54FCDACFF
206032,56032,UPI,Success,6025.76,2023-04-06 00:36:00,TXN-E504B64A369903
206033,56033,Cash on Delivery,Success,12980.42,2022-07-27 00:24:00,TXN-1E080A2EF1024E
206034,56034,Cash on Delivery,Success,13553.29,2022-11-11 00:21:00,TXN-A1FE54F2507157
206035,56035,PayPal,Success,53195.25,2026-06-13 00:54:00,TXN-680EEFBF922460
206036,56036,PayPal,Success,48665.91,2026-03-25 01:06:00,TXN-8EECDEC65B81D4
206037,56037,PayPal,Success,9720.92,2024-06-22 00:39:00,TXN-6182B2F48A705F
206038,56038,Debit Card,Success,3777.83,2022-05-06 00:02:00,TXN-842870CC96A52A
206039,56039,UPI,Success,13208.31,2022-04-19 01:54:00,TXN-B214BDD46F811D
206040,56040,Credit Card,Success,1007.78,2025-08-25 00:29:00,TXN-92E0CD15958517
206041,56041,Debit Card,Success,44813.18,2023-11-25 01:45:00,TXN-C3DEF103D0DA9D
206042,56042,NetBanking,Success,5319.62,2022-02-25 00:57:00,TXN-E35CF5F097F3C5
206043,56043,PayPal,Success,3115.34,2022-10-07 00:13:00,TXN-79E721377B4950
206044,56044,UPI,Success,9106.57,2023-11-08 00:17:00,TXN-D44CF2CEA17CFA
206045,56045,Credit Card,Refunded,125678.65,2022-08-13 01:07:00,TXN-C0B2F654B96C64
206046,56046,NetBanking,Success,18169.41,2022-07-22 01:42:00,TXN-C699035E50B9A1
206047,56047,NetBanking,Success,4834.22,2023-02-27 01:04:00,TXN-56D38FF6A9AE2A
206048,56048,Debit Card,Success,235544.04,2022-05-31 00:47:00,TXN-7AA4341D70F440
206049,56049,Cash on Delivery,Success,6521.84,2022-06-27 00:11:00,TXN-AC457316B9BA34
206050,56050,NetBanking,Success,20979.02,2025-06-09 00:56:00,TXN-610CB332206655
206051,56051,Cash on Delivery,Success,5429.25,2025-01-03 02:00:00,TXN-56EA66972652D4
206052,56052,Cash on Delivery,Success,96587.09,2026-04-30 00:25:00,TXN-7C58A1304E282D
206053,56053,NetBanking,Success,10297.58,2023-08-07 01:30:00,TXN-8EB2C35EAF649B
206054,56054,UPI,Success,27431.46,2024-01-19 00:19:00,TXN-8A6340A00C9114
206055,56055,NetBanking,Success,16099.2,2025-03-27 00:47:00,TXN-1C0621200D79A1
206056,56056,UPI,Success,46067.69,2024-10-22 00:20:00,TXN-895A564ABBC599
206057,56057,PayPal,Success,12761.01,2024-11-17 00:18:00,TXN-0EA99F537F1740
206058,56058,PayPal,Success,10687.35,2023-08-17 01:42:00,TXN-585233D109F08C
206059,56059,Debit Card,Success,51690.52,2025-03-25 00:30:00,TXN-7D92B22A09C6FC
206060,56060,Credit Card,Success,27854.04,2026-05-11 00:53:00,TXN-A799E6C721A6E8
206061,56061,NetBanking,Success,6829.62,2024-12-24 00:27:00,TXN-E7F2CBE4E72397
206062,56062,Credit Card,Success,71189.62,2022-09-12 01:11:00,TXN-D9EE8DE7BC34A3
206063,56063,UPI,Success,16830.39,2023-08-17 01:30:00,TXN-36F7832C4B1861
206064,56064,NetBanking,Success,16754.98,2025-12-04 00:40:00,TXN-0E976DC35CB3CB
206065,56065,Debit Card,Success,335.68,2025-04-26 01:45:00,TXN-A64152C78ABC8D
206066,56066,Debit Card,Success,28812.39,2024-02-16 01:01:00,TXN-FE47DC4B9B45F1
206067,56067,Debit Card,Success,33460.96,2023-12-18 01:02:00,TXN-25BA6C34EC567F
206068,56068,UPI,Refunded,119513.57,2022-07-23 01:00:00,TXN-B147A4C08126E9
206069,56069,PayPal,Success,68415.49,2025-10-06 01:10:00,TXN-CD5A791476D1FE
206070,56070,NetBanking,Success,5138.19,2022-06-07 00:44:00,TXN-4C7F7CB56FA9F7
206071,56071,Cash on Delivery,Success,41795.96,2022-06-11 00:48:00,TXN-1E84955AEEA344
206072,56072,NetBanking,Success,6521.84,2026-05-27 00:20:00,TXN-82684B3A228097
206073,56073,Credit Card,Success,49355.28,2023-05-09 01:44:00,TXN-101B3F7A40346E
206074,56074,UPI,Success,197681.55,2023-12-04 00:57:00,TXN-EA9B4D5517B090
206075,56075,NetBanking,Success,23988.22,2024-01-10 00:57:00,TXN-19455CE2FE4025
206076,56076,UPI,Success,4691.47,2022-01-07 00:36:00,TXN-BCB357F6E6FB31
206077,56077,PayPal,Refunded,20666.49,2023-09-19 01:11:00,TXN-E60D468DD3B4C2
206078,56078,PayPal,Refunded,15828.05,2026-04-01 00:39:00,TXN-75B637E08C4F1D
206079,56079,NetBanking,Success,21926.09,2026-03-31 00:19:00,TXN-36451800E29C2A
206080,56080,Debit Card,Success,110310.04,2023-06-14 01:31:00,TXN-F6E0DD655F30B5
206081,56081,Cash on Delivery,Success,1557.67,2026-06-26 00:04:00,TXN-C1C219F4DA7836
206082,56082,Credit Card,Success,20779.46,2022-08-18 00:10:00,TXN-64FF1BCC4EF38F
206083,56083,PayPal,Success,640.06,2022-10-05 00:05:00,TXN-A9628CD77DD61B
206084,56084,UPI,Success,1590.2,2022-09-24 00:52:00,TXN-71ED753A92C82A
206085,56085,Debit Card,Success,1371.98,2025-11-05 01:59:00,TXN-1C8F1C09062B67
206086,56086,UPI,Success,2596.01,2024-08-11 01:59:00,TXN-1E7FCFDBA13D2C
206087,56087,Credit Card,Success,172111.58,2023-06-03 02:00:00,TXN-CF1D50D7E9F6D9
206088,56088,Credit Card,Refunded,67878.18,2024-01-30 01:14:00,TXN-08FB1D97311757
206089,56089,UPI,Refunded,9607.69,2023-07-28 01:07:00,TXN-F977E12AF65D4C
206090,56090,NetBanking,Success,6385.46,2022-09-24 00:21:00,TXN-90D599A42C8B13
206091,56091,UPI,Refunded,14258.57,2024-11-04 00:25:00,TXN-54F1186FF09E97
206092,56092,Cash on Delivery,Success,7325.8,2022-12-22 00:17:00,TXN-FD4CBF2A5A4D06
206093,56093,Debit Card,Success,58592.99,2024-08-31 01:11:00,TXN-110888A448397A
206094,56094,PayPal,Success,11369.6,2024-12-22 00:40:00,TXN-81AAD2F9B53467
206095,56095,PayPal,Success,41841.41,2022-04-21 00:33:00,TXN-839D873203C702
206096,56096,PayPal,Success,2578.89,2022-09-12 01:36:00,TXN-946F8645671F48
206097,56097,UPI,Success,17197.08,2025-10-06 01:04:00,TXN-E538B1D3F8FCA6
206098,56098,NetBanking,Success,1001.81,2022-08-04 01:52:00,TXN-6156207DD37C5F
206099,56099,PayPal,Success,120632.87,2026-04-30 01:07:00,TXN-7FB6F17369551B
206100,56100,Debit Card,Success,25134.75,2025-01-04 00:37:00,TXN-08D12ED4EFCBE0
206101,56101,Cash on Delivery,Success,37386.97,2025-12-31 00:35:00,TXN-58700446439A66
206102,56102,Cash on Delivery,Success,1124.55,2026-06-04 00:37:00,TXN-BB097AE4FEC68F
206103,56103,Cash on Delivery,Success,34695.17,2025-09-09 00:11:00,TXN-3CD16195D0F6B7
206104,56104,PayPal,Success,9986.23,2024-01-30 01:33:00,TXN-83D7A85B15F873
206105,56105,PayPal,Refunded,164859.11,2025-04-19 01:55:00,TXN-0C7F13A0D0413B
206106,56106,NetBanking,Success,286558.16,2026-05-27 00:38:00,TXN-3BF64AB8306ECF
206107,56107,Cash on Delivery,Success,112574.39,2023-01-24 00:22:00,TXN-CECB2B22C3D581
206108,56108,NetBanking,Success,11901.73,2023-11-09 01:07:00,TXN-A66CFE9EBC036D
206109,56109,NetBanking,Success,1376.24,2023-07-13 01:30:00,TXN-913C3D4B053E9D
206110,56110,UPI,Success,115922.58,2025-03-19 00:48:00,TXN-216118E3EAA1C2
206111,56111,Credit Card,Success,3503.53,2022-08-26 01:35:00,TXN-3B07A9C873200B
206112,56112,Credit Card,Success,10144.15,2024-09-07 01:17:00,TXN-6B331CBCDEBEFB
206113,56113,Cash on Delivery,Success,4444.5,2025-03-30 00:08:00,TXN-B70D41F45E1941
206114,56114,UPI,Success,46334.1,2023-03-08 01:30:00,TXN-A5C0860D3386D6
206115,56115,UPI,Success,10742.9,2025-04-07 01:21:00,TXN-24BC772DD7B0F5
206116,56116,Debit Card,Success,55447.46,2024-06-30 00:50:00,TXN-B58984F0DD555F
206117,56117,UPI,Success,84067.06,2025-11-22 00:02:00,TXN-624F3BCD468720
206118,56118,Debit Card,Refunded,41956.89,2023-04-29 01:14:00,TXN-D267D6DB19A5D2
206119,56119,NetBanking,Success,1797.72,2022-04-27 01:55:00,TXN-54D6E97A9EC4C6
206120,56120,Credit Card,Refunded,10726.2,2022-10-18 00:11:00,TXN-9D2F1919F4F0F4
206121,56121,Credit Card,Success,5115.61,2023-09-27 00:49:00,TXN-32D45F677E9137
206122,56122,NetBanking,Success,1919.15,2023-01-30 00:40:00,TXN-ECF1745DAD235E
206123,56123,UPI,Success,138850.86,2023-12-10 01:02:00,TXN-90C2A8E2BEFB68
206124,56124,PayPal,Success,61617.89,2023-07-31 00:31:00,TXN-CEE92396E82B67
206125,56125,NetBanking,Success,152495.88,2023-01-25 01:40:00,TXN-FAB1947EDA9007
206126,56126,Cash on Delivery,Success,914.74,2022-10-10 00:23:00,TXN-0243EB04B53054
206127,56127,Cash on Delivery,Success,11938.63,2023-05-13 00:45:00,TXN-84138EABE7DB17
206128,56128,UPI,Success,9314.62,2023-12-24 00:59:00,TXN-97F169E9278E6A
206129,56129,Debit Card,Success,82128.7,2023-04-10 00:49:00,TXN-1D371F9E6E1590
206130,56130,NetBanking,Success,4379.79,2023-03-19 00:10:00,TXN-B773B9CA7D9356
206131,56131,Debit Card,Success,6582.09,2023-11-29 00:27:00,TXN-ED6B47CAADB859
206132,56132,NetBanking,Success,9291.61,2022-05-13 00:05:00,TXN-D41F74FA4A3878
206133,56133,Cash on Delivery,Success,4881.28,2022-03-19 01:47:00,TXN-3C67A026D0B1B7
206134,56134,PayPal,Success,6149.33,2024-01-21 00:29:00,TXN-AE7DDE5F9EB9FD
206135,56135,PayPal,Success,6047.05,2025-09-08 00:11:00,TXN-224F965BA99095
206136,56136,NetBanking,Success,5677.52,2025-01-29 00:10:00,TXN-C16986F2FD04F6
206137,56137,Cash on Delivery,Refunded,39507.58,2022-08-20 01:30:00,TXN-B3D8262E222AA3
206138,56138,PayPal,Success,24818.01,2023-02-03 00:59:00,TXN-9C7538C6C4270A
206139,56139,UPI,Success,65508.05,2025-07-29 01:45:00,TXN-BF5C5FAED273AD
206140,56140,Credit Card,Success,944.07,2022-08-26 01:15:00,TXN-538FAF94BC17FA
206141,56141,UPI,Success,7080.52,2025-09-01 00:50:00,TXN-3851BDF6B5CD96
206142,56142,Cash on Delivery,Success,2348.69,2024-12-23 00:55:00,TXN-28D17DB8987BA1
206143,56143,Credit Card,Success,10226.67,2024-06-13 00:26:00,TXN-F346D0B2777865
206144,56144,NetBanking,Success,34770.86,2025-02-09 01:22:00,TXN-41D002D9B8D755
206145,56145,PayPal,Success,10282.05,2024-02-24 01:47:00,TXN-37D22119391FFC
206146,56146,Cash on Delivery,Success,7285.65,2025-08-28 01:54:00,TXN-1666FD27DF3A07
206147,56147,UPI,Success,136823.43,2022-08-17 01:16:00,TXN-539620EA7AFE8E
206148,56148,UPI,Success,24918.31,2023-08-18 01:18:00,TXN-BAA5B56EE43804
206149,56149,UPI,Success,4592.51,2026-05-13 00:35:00,TXN-164D25943DAB23
206150,56150,Debit Card,Refunded,58018.68,2026-02-21 00:27:00,TXN-D511ACF9194996
206151,56151,Credit Card,Success,42602.77,2022-01-09 01:47:00,TXN-379EBA36253010
206152,56152,UPI,Success,10828.83,2025-08-22 01:15:00,TXN-50F891EFC43ECB
206153,56153,UPI,Success,569.75,2025-01-12 01:18:00,TXN-3F9E9FB2EF7B54
206154,56154,Cash on Delivery,Success,985.5,2024-01-01 01:59:00,TXN-A437A26610BA2C
206155,56155,PayPal,Success,4930.32,2025-12-04 01:59:00,TXN-834E7668C06C55
206156,56156,Debit Card,Success,23886.83,2024-11-25 00:37:00,TXN-0CBAE20FD2B962
206157,56157,Cash on Delivery,Success,1189.64,2024-05-25 00:01:00,TXN-F9C91A5D811AB5
206158,56158,Cash on Delivery,Success,58726.73,2023-03-09 00:18:00,TXN-B1621DA2F4AE46
206159,56159,Debit Card,Success,3268.31,2026-05-13 00:54:00,TXN-D8FDA59078F6FA
206160,56160,PayPal,Success,3529.72,2025-02-04 01:03:00,TXN-7C7F40B4B32412
206161,56161,NetBanking,Success,41483.26,2025-04-30 00:20:00,TXN-0AE492EE9D833F
206162,56162,Cash on Delivery,Success,24553.0,2024-05-22 00:49:00,TXN-F27996B378F400
206163,56163,Cash on Delivery,Success,183054.09,2024-12-21 00:52:00,TXN-155590B3D8EC95
206164,56164,Credit Card,Failed,4705.83,2024-03-10 01:26:00,TXN-17F55B90FAAF3E
206165,56165,NetBanking,Success,24470.51,2026-03-13 00:49:00,TXN-BDEEF27833A494
206166,56166,Credit Card,Success,2351.28,2026-05-04 00:18:00,TXN-354FA0A362B7E5
206167,56167,Cash on Delivery,Success,32598.97,2025-02-22 00:11:00,TXN-99667EE8F4BD38
206168,56168,NetBanking,Success,26300.77,2022-05-04 01:35:00,TXN-2C7F3368B880F6
206169,56169,Credit Card,Success,2340.95,2024-07-20 01:52:00,TXN-1319ECBF1A7BC7
206170,56170,Cash on Delivery,Success,1273.0,2022-07-30 02:00:00,TXN-4A4B32E2CB037E
206171,56171,UPI,Success,5360.92,2025-05-29 00:58:00,TXN-A810F8773616D3
206172,56172,NetBanking,Success,1235.17,2025-02-02 01:47:00,TXN-3BA35FAEBF09A5
206173,56173,Credit Card,Success,109692.79,2024-08-21 00:22:00,TXN-C1FA0A13B46723
206174,56174,Credit Card,Success,68875.31,2024-06-23 00:14:00,TXN-D012C4A1100E9D
206175,56175,Cash on Delivery,Success,7129.64,2022-09-07 00:16:00,TXN-A9D74FA00DBFB0
206176,56176,Debit Card,Success,4166.28,2025-12-13 00:40:00,TXN-C2DBC8486CEACA
206177,56177,Cash on Delivery,Success,3468.52,2025-01-17 01:33:00,TXN-1C02D52E6D56E6
206178,56178,PayPal,Success,5393.64,2024-11-02 01:14:00,TXN-B204CD16CD48DE
206179,56179,NetBanking,Success,27874.83,2026-03-20 01:06:00,TXN-115DFD44C5AFE5
206180,56180,NetBanking,Success,2900.19,2024-10-03 00:34:00,TXN-DB33DBEA11799B
206181,56181,PayPal,Success,5888.93,2025-01-16 00:26:00,TXN-32B72EAC05B9DA
206182,56182,Debit Card,Success,1371.98,2024-11-21 00:35:00,TXN-CC0577A0FAAED2
206183,56183,Debit Card,Success,2588.64,2024-06-30 00:11:00,TXN-B0D4BACA5008A5
206184,56184,Credit Card,Success,14890.81,2025-10-24 00:46:00,TXN-2FC4D5802BFF05
206185,56185,Debit Card,Success,41168.2,2023-07-25 01:38:00,TXN-8908F4DE47E831
206186,56186,Credit Card,Success,1662.5,2025-05-11 01:41:00,TXN-C5ED08D016A8DE
206187,56187,Credit Card,Success,46107.66,2025-12-08 01:49:00,TXN-FB2631A171A11C
206188,56188,PayPal,Success,25845.26,2024-08-21 01:11:00,TXN-3E1503F9FB0F76
206189,56189,Debit Card,Success,13824.2,2023-03-15 01:41:00,TXN-3CFD83BE160DDD
206190,56190,UPI,Success,9563.76,2024-10-05 01:42:00,TXN-8AFF153D5AC5E7
206191,56191,NetBanking,Success,6345.8,2024-08-14 00:10:00,TXN-88E565CD19BAB8
206192,56192,Debit Card,Success,6201.76,2025-09-24 00:45:00,TXN-640A9CF16E0D5B
206193,56193,NetBanking,Refunded,20698.75,2026-03-07 01:45:00,TXN-FC89063AD6CD16
206194,56194,Debit Card,Success,31901.65,2023-06-28 01:28:00,TXN-D63F95A1E346CD
206195,56195,Credit Card,Success,17938.73,2025-07-20 00:07:00,TXN-F64F29B132858F
206196,56196,NetBanking,Success,4352.44,2023-05-11 01:56:00,TXN-D70E01F75F55E0
206197,56197,NetBanking,Success,4564.73,2023-06-04 01:26:00,TXN-0F92E5C280D1B4
206198,56198,PayPal,Success,9902.16,2024-02-22 01:10:00,TXN-BE8A97F9DCED73
206199,56199,UPI,Success,164563.47,2023-04-02 01:47:00,TXN-508FDFA8E7706E
206200,56200,Credit Card,Success,5207.33,2023-09-30 00:54:00,TXN-8823D3371DFA34
206201,56201,Debit Card,Success,3108.61,2025-02-27 01:34:00,TXN-2868E048C136B7
206202,56202,NetBanking,Success,53522.92,2025-08-02 00:20:00,TXN-9B58FA7107C715
206203,56203,Cash on Delivery,Success,935.01,2026-01-09 01:28:00,TXN-4FFD2014D08FC8
206204,56204,Credit Card,Refunded,30782.91,2025-08-19 00:19:00,TXN-8CBCA7E30E8599
206205,56205,NetBanking,Success,7284.69,2022-08-23 01:40:00,TXN-7AABE2C8A4421A
206206,56206,UPI,Success,5501.13,2025-04-18 01:21:00,TXN-673DC32230645B
206207,56207,UPI,Success,207394.42,2024-08-21 01:29:00,TXN-DB1C1272A32313
206208,56208,Credit Card,Success,1098.59,2024-06-01 00:15:00,TXN-EA8C4D6E058BEA
206209,56209,Credit Card,Success,21153.33,2022-06-15 00:57:00,TXN-BFC4E3A891135E
206210,56210,Credit Card,Failed,201860.55,2023-05-15 01:17:00,TXN-22D98282EF3F6B
206211,56211,Debit Card,Success,806.75,2024-12-18 01:36:00,TXN-55C0AD30E94357
206212,56212,Debit Card,Success,34403.72,2026-04-16 01:07:00,TXN-D8A0C25A31CD2E
206213,56213,Credit Card,Success,12092.74,2026-02-13 00:21:00,TXN-10D553EE59A06D
206214,56214,Cash on Delivery,Success,92600.0,2023-12-27 00:44:00,TXN-6A54F7367AF694
206215,56215,Cash on Delivery,Success,17115.0,2024-01-06 00:45:00,TXN-B20338FED56196
206216,56216,Cash on Delivery,Success,93325.9,2023-12-19 00:41:00,TXN-174C94286D7A3E
206217,56217,Cash on Delivery,Success,13690.05,2024-04-25 00:31:00,TXN-AC60444978E2F5
206218,56218,PayPal,Success,452.72,2025-01-21 01:35:00,TXN-D4B3928217D523
206219,56219,Credit Card,Success,1010.82,2022-01-02 00:19:00,TXN-CF11FC92B6D99B
206220,56220,Debit Card,Success,1454.05,2022-08-24 01:05:00,TXN-0E128AD304AB29
206221,56221,Cash on Delivery,Success,30088.93,2023-06-28 01:06:00,TXN-D3701C0AB7806B
206222,56222,Debit Card,Success,24818.01,2023-09-01 01:09:00,TXN-EFA0E7BC9279AF
206223,56223,Debit Card,Refunded,114499.27,2024-12-16 01:01:00,TXN-4DA47965B9863F
206224,56224,NetBanking,Success,33807.43,2023-06-07 01:43:00,TXN-A1634D560EC1C4
206225,56225,Credit Card,Success,2387.03,2023-03-14 01:04:00,TXN-85E24A3BA53ABB
206226,56226,Credit Card,Success,13164.4,2023-05-03 01:56:00,TXN-F40C51F7C42A58
206227,56227,NetBanking,Success,5202.29,2025-11-23 00:15:00,TXN-F5B2481229DE29
206228,56228,Credit Card,Success,2275.78,2025-07-23 00:20:00,TXN-9785AD12B4CE27
206229,56229,UPI,Refunded,4519.58,2022-09-19 01:06:00,TXN-75F72103F8138C
206230,56230,NetBanking,Success,5931.42,2024-12-01 00:32:00,TXN-6B7D8FC750A4DA
206231,56231,Credit Card,Success,29624.84,2024-04-23 01:02:00,TXN-5DE371BD9FADE3
206232,56232,UPI,Success,2653.11,2023-04-19 00:51:00,TXN-3EB3B545092A2E
206233,56233,Credit Card,Success,44354.24,2025-08-09 01:17:00,TXN-AD139EDD735B0C
206234,56234,PayPal,Success,11416.87,2025-02-09 00:35:00,TXN-48645C5A65DDB8
206235,56235,Credit Card,Success,38799.36,2022-04-03 01:29:00,TXN-188896A69A90E3
206236,56236,Debit Card,Success,2083.14,2024-01-28 01:27:00,TXN-641822FC56511F
206237,56237,NetBanking,Success,39234.63,2023-11-26 00:25:00,TXN-1FA2BFFD1A4109
206238,56238,Credit Card,Success,10731.06,2023-12-09 01:24:00,TXN-C2EFDCA85BB263
206239,56239,Cash on Delivery,Success,12594.17,2024-08-13 01:52:00,TXN-7383E66E0CD32A
206240,56240,PayPal,Success,408.95,2026-01-01 00:46:00,TXN-90473629B9F025
206241,56241,Cash on Delivery,Success,5151.27,2023-04-17 00:15:00,TXN-8EFEA25327F96E
206242,56242,NetBanking,Success,34441.69,2026-04-07 00:32:00,TXN-E2A8320B4CEF52
206243,56243,Cash on Delivery,Success,9383.84,2023-07-30 00:19:00,TXN-5D6D56A5EDF834
206244,56244,PayPal,Success,1456.56,2024-10-12 01:20:00,TXN-6E75ED015EAB8C
206245,56245,Cash on Delivery,Success,10503.58,2025-03-16 01:15:00,TXN-F5DEE1AF1F8E0F
206246,56246,Credit Card,Success,162379.85,2025-12-30 01:40:00,TXN-F5B8B5820CB933
206247,56247,Cash on Delivery,Success,847.69,2025-05-04 01:16:00,TXN-E9684799B6485F
206248,56248,Cash on Delivery,Success,4096.75,2023-02-15 01:27:00,TXN-2C0B54B2331D2E
206249,56249,Debit Card,Success,36909.64,2023-05-30 00:23:00,TXN-17CB6904E942FB
206250,56250,Cash on Delivery,Success,20449.7,2025-03-13 01:01:00,TXN-B4A55245006C4F
206251,56251,Debit Card,Success,62473.9,2024-10-17 00:08:00,TXN-B2797CB16FD3ED
206252,56252,Cash on Delivery,Success,33173.96,2022-10-01 01:01:00,TXN-F56BD275B03821
206253,56253,Cash on Delivery,Success,14356.16,2023-06-26 00:58:00,TXN-3C52F27744E877
206254,56254,UPI,Success,3026.56,2022-11-25 00:50:00,TXN-660E00A518FEE5
206255,56255,Debit Card,Success,78119.97,2024-01-12 01:10:00,TXN-3D7204BF6C9738
206256,56256,Debit Card,Success,69283.61,2024-04-17 01:02:00,TXN-06D73F47365C74
206257,56257,Debit Card,Success,40867.26,2024-10-21 01:36:00,TXN-E2A5ADE5BFF92A
206258,56258,Cash on Delivery,Refunded,33603.88,2022-08-28 01:44:00,TXN-70B40C130D86A9
206259,56259,Debit Card,Success,11758.56,2023-07-18 00:41:00,TXN-C6D7C2E16E72D0
206260,56260,UPI,Success,17121.84,2022-10-30 00:27:00,TXN-9178BDBD899A68
206261,56261,Cash on Delivery,Success,5907.75,2025-05-16 00:20:00,TXN-0BEE0414769D84
206262,56262,NetBanking,Success,16209.47,2026-02-24 00:03:00,TXN-E50CAE03223DA8
206263,56263,PayPal,Refunded,5579.92,2025-02-02 01:32:00,TXN-1E8BC72D6FD65B
206264,56264,NetBanking,Success,89718.44,2025-03-19 00:09:00,TXN-CC28F240FDCA9B
206265,56265,Credit Card,Success,44906.32,2026-03-04 01:15:00,TXN-C53E93C4F0BCCD
206266,56266,UPI,Success,244.74,2024-02-20 00:52:00,TXN-F25FD8CB33EFFE
206267,56267,NetBanking,Failed,1102.19,2022-10-02 01:43:00,TXN-D0E2926BF56F4A
206268,56268,UPI,Success,2609.04,2024-05-25 00:52:00,TXN-EF1F48FDE6631E
206269,56269,Credit Card,Success,2448.49,2022-07-20 00:15:00,TXN-E6328C0CD16881
206270,56270,PayPal,Success,34340.13,2026-05-03 00:44:00,TXN-139E4E66BFFD76
206271,56271,UPI,Success,579.36,2026-02-25 00:01:00,TXN-72C28307DF3C14
206272,56272,NetBanking,Success,6083.55,2026-02-26 00:16:00,TXN-6BB665A3E627DB
206273,56273,PayPal,Success,62017.02,2024-05-05 01:31:00,TXN-18A10A1D5C9D33
206274,56274,UPI,Success,119517.75,2022-08-19 00:59:00,TXN-A243000F4114F7
206275,56275,PayPal,Success,9130.06,2024-10-07 01:13:00,TXN-73CC8C0B838B97
206276,56276,Cash on Delivery,Success,6893.58,2023-07-30 01:38:00,TXN-B5D057AAB8A34C
206277,56277,UPI,Success,53522.92,2026-06-15 01:13:00,TXN-171E0DA7029698
206278,56278,Cash on Delivery,Success,3549.67,2025-07-17 01:29:00,TXN-5842B776A74EBD
206279,56279,UPI,Success,54746.26,2022-09-01 01:44:00,TXN-BA2BFE87D11236
206280,56280,PayPal,Success,24339.74,2024-10-27 00:08:00,TXN-B9E7CB8AD8FAFF
206281,56281,PayPal,Success,3920.18,2024-01-16 00:22:00,TXN-DAE487BDFE3921
206282,56282,Credit Card,Success,9800.49,2022-06-01 00:12:00,TXN-7CE35AE569CD29
206283,56283,Debit Card,Success,2145.78,2025-12-28 01:51:00,TXN-9F728F3E5A9974
206284,56284,UPI,Failed,1177.08,2026-04-30 02:00:00,TXN-61BE4AF84452C4
206285,56285,Credit Card,Success,7240.72,2024-12-12 01:51:00,TXN-46348413A63A76
206286,56286,PayPal,Failed,9995.92,2022-09-21 00:08:00,TXN-9DC2728FAFFA26
206287,56287,Cash on Delivery,Success,38422.75,2025-11-20 00:50:00,TXN-22790932FF3C10
206288,56288,PayPal,Success,1305.17,2025-06-19 01:56:00,TXN-D943402481BB0C
206289,56289,Cash on Delivery,Success,1111.76,2024-08-19 00:31:00,TXN-12CAD25F1B93AA
206290,56290,PayPal,Success,64797.61,2023-04-17 00:05:00,TXN-97658BC80A08D9
206291,56291,UPI,Success,26500.24,2024-03-26 00:37:00,TXN-97AE6ACD3CACDF
206292,56292,NetBanking,Success,1817.56,2024-09-15 01:21:00,TXN-04460A09D6C1BD
206293,56293,Credit Card,Success,30636.03,2023-04-19 01:38:00,TXN-AD4FCF03A522A0
206294,56294,Credit Card,Success,11805.02,2024-12-17 00:26:00,TXN-F749E9A19B4CA1
206295,56295,Credit Card,Success,136423.19,2024-01-19 00:23:00,TXN-50664CBEB8E189
206296,56296,Cash on Delivery,Success,12181.16,2024-08-22 00:50:00,TXN-807A5AEF8AF0B6
206297,56297,NetBanking,Success,17754.09,2026-03-02 00:18:00,TXN-6135BADB8F5610
206298,56298,Cash on Delivery,Success,1705.39,2025-09-14 01:47:00,TXN-CFDD314F890CB0
206299,56299,NetBanking,Success,30552.07,2024-10-08 01:23:00,TXN-676FB29A627F29
206300,56300,Cash on Delivery,Success,47453.69,2022-08-25 00:29:00,TXN-95C804ED24C80C
206301,56301,Cash on Delivery,Success,102179.01,2023-10-02 01:55:00,TXN-D072FA4795FFE7
206302,56302,UPI,Success,47304.12,2024-04-17 00:15:00,TXN-6F4474A25B8BB5
206303,56303,PayPal,Success,1607.49,2025-08-27 01:16:00,TXN-24E531F463A9D0
206304,56304,Debit Card,Success,2674.16,2025-01-21 01:28:00,TXN-710551F8110F86
206305,56305,Cash on Delivery,Success,10304.92,2024-09-29 01:48:00,TXN-079977D6579A33
206306,56306,NetBanking,Success,53183.69,2023-02-01 00:51:00,TXN-F12643AE3C31C6
206307,56307,Credit Card,Success,360.05,2023-02-05 00:39:00,TXN-95B2D25CF75EED
206308,56308,Cash on Delivery,Success,15823.88,2022-02-19 00:30:00,TXN-C76EA691CC3C89
206309,56309,UPI,Success,59645.43,2022-03-08 01:36:00,TXN-3F72BA4A51FB63
206310,56310,NetBanking,Success,4182.59,2023-02-20 01:02:00,TXN-142436FB09FF52
206311,56311,UPI,Success,1369.86,2026-03-12 00:01:00,TXN-0BDBDF156BEB9C
206312,56312,Debit Card,Success,2114.96,2025-03-29 01:02:00,TXN-43C5987A091899
206313,56313,NetBanking,Refunded,31051.49,2024-07-16 00:59:00,TXN-1467C82610AEFF
206314,56314,Credit Card,Success,6625.04,2024-01-16 00:44:00,TXN-EC29E2CA2D622A
206315,56315,NetBanking,Success,67110.41,2023-01-18 01:56:00,TXN-AB719C11911848
206316,56316,Debit Card,Success,17600.51,2023-09-01 01:11:00,TXN-3410FCBA1699A6
206317,56317,PayPal,Success,1546.36,2025-09-24 01:26:00,TXN-CBB2DDAAC4A3BB
206318,56318,UPI,Success,7289.52,2024-08-12 01:31:00,TXN-EEED5CB80A8285
206319,56319,UPI,Success,13955.06,2025-11-15 00:11:00,TXN-19DA331FE4B19A
206320,56320,PayPal,Success,10745.28,2023-08-29 01:52:00,TXN-F7B228C0016C5F
206321,56321,Credit Card,Success,15414.57,2024-02-16 00:10:00,TXN-3607F8281C5225
206322,56322,Credit Card,Success,7294.98,2023-05-22 01:36:00,TXN-DB10AE9C0E02F5
206323,56323,NetBanking,Success,74871.51,2026-01-16 01:43:00,TXN-EF3F49524AE80C
206324,56324,Credit Card,Success,933.88,2025-04-01 00:14:00,TXN-03637E69365EB4
206325,56325,Credit Card,Success,103164.86,2023-06-30 00:20:00,TXN-3E01D7E9BF21E8
206326,56326,UPI,Success,34251.62,2023-05-15 00:08:00,TXN-E947EFCEDDF4F7
206327,56327,Cash on Delivery,Success,17995.38,2023-05-24 01:13:00,TXN-5CC6405EF79EB8
206328,56328,Credit Card,Success,14212.75,2025-05-18 01:48:00,TXN-35D54FD2F21CAC
206329,56329,PayPal,Success,25071.19,2022-01-19 00:43:00,TXN-F98B01E27BFD1E
206330,56330,UPI,Success,51193.46,2025-09-13 00:23:00,TXN-822147C0CD4FC2
206331,56331,Debit Card,Success,4136.22,2025-11-26 00:34:00,TXN-AE97AD49210B53
206332,56332,UPI,Success,8368.17,2024-09-15 00:28:00,TXN-19A1CF8A4E858B
206333,56333,Credit Card,Success,15368.61,2022-02-09 01:11:00,TXN-F55FB5049301C7
206334,56334,Debit Card,Success,8419.85,2023-07-27 00:41:00,TXN-A5994F7E30B47E
206335,56335,NetBanking,Success,37272.9,2024-06-28 00:09:00,TXN-9EB3FD93E052CA
206336,56336,NetBanking,Success,8779.23,2022-03-25 01:49:00,TXN-A8E68BA5A66C68
206337,56337,NetBanking,Success,25845.26,2022-11-29 01:05:00,TXN-39F0DD698B2D60
206338,56338,UPI,Success,35982.33,2024-11-16 00:30:00,TXN-80E1E7DB584933
206339,56339,Debit Card,Success,17100.24,2026-04-23 01:28:00,TXN-73C2B57C5A0DFD
206340,56340,NetBanking,Success,4598.1,2024-04-26 00:09:00,TXN-AB1679D836A4CF
206341,56341,UPI,Success,151094.95,2023-11-29 00:46:00,TXN-1040D0402A407F
206342,56342,Cash on Delivery,Refunded,5677.52,2023-11-10 01:03:00,TXN-981152B35F4B4B
206343,56343,Debit Card,Success,1470.91,2023-02-25 01:44:00,TXN-79DF679AA0A559
206344,56344,Cash on Delivery,Success,4210.73,2022-02-09 01:59:00,TXN-2FD88498AB306A
206345,56345,UPI,Success,26046.87,2023-07-05 01:02:00,TXN-D72B1C4DDC64C3
206346,56346,NetBanking,Refunded,1617.01,2026-02-21 00:24:00,TXN-3E442FC7337123
206347,56347,Cash on Delivery,Success,1170.27,2026-04-20 01:30:00,TXN-4D16551C6E6F41
206348,56348,NetBanking,Refunded,13930.07,2026-06-26 01:59:00,TXN-BD9FB563D20ED0
206349,56349,Credit Card,Success,9667.44,2022-05-31 00:11:00,TXN-246AB5D1A337F7
206350,56350,UPI,Success,22708.58,2026-06-09 01:20:00,TXN-2EE12AEF45F430
206351,56351,Cash on Delivery,Success,4248.76,2022-07-10 01:59:00,TXN-951D2AA2E2FE32
206352,56352,Debit Card,Success,193571.03,2025-08-15 00:33:00,TXN-D97A33FA15E98D
206353,56353,UPI,Success,45189.37,2024-09-24 00:45:00,TXN-41A1F65978DA2A
206354,56354,Cash on Delivery,Success,332.95,2024-06-18 00:21:00,TXN-56E4E365E28EEE
206355,56355,Credit Card,Success,3344.49,2025-10-08 01:20:00,TXN-F317EA2DD371E7
206356,56356,Cash on Delivery,Success,27822.86,2024-12-05 00:12:00,TXN-D8D352FAEB8680
206357,56357,Debit Card,Success,16714.04,2026-05-07 00:43:00,TXN-42D8BDB94A4D50
206358,56358,PayPal,Refunded,18524.63,2025-01-21 01:18:00,TXN-43D700CBFC4586
206359,56359,Cash on Delivery,Success,668.75,2022-09-29 00:21:00,TXN-29ECDF0CAFB7BD
206360,56360,PayPal,Success,5371.45,2022-05-09 01:41:00,TXN-FF5F70D983E38C
206361,56361,Cash on Delivery,Success,2851.58,2023-01-27 00:13:00,TXN-2A81A9D32757EA
206362,56362,UPI,Success,6464.44,2023-10-06 01:47:00,TXN-8981ADABFB65F4
206363,56363,Credit Card,Success,38602.22,2022-10-31 00:35:00,TXN-AFBF408B545FE8
206364,56364,Cash on Delivery,Success,1241.52,2026-04-03 01:51:00,TXN-EA895DC85A438B
206365,56365,UPI,Success,10327.36,2024-12-16 01:36:00,TXN-8268C497D31D7E
206366,56366,UPI,Refunded,5994.63,2023-05-31 01:30:00,TXN-AF7C74B5C3DF8F
206367,56367,NetBanking,Success,1171.89,2025-01-02 01:04:00,TXN-BE7346687FF991
206368,56368,Credit Card,Success,5290.67,2025-03-12 01:57:00,TXN-C95202BFD776F5
206369,56369,Credit Card,Success,123159.56,2024-05-20 00:50:00,TXN-B7BFD5ABE1BEF7
206370,56370,UPI,Success,246427.48,2023-03-06 00:30:00,TXN-1FC14A4EA0403D
206371,56371,UPI,Success,7509.68,2024-04-07 01:03:00,TXN-21C1F2AA925BDD
206372,56372,Debit Card,Success,48675.66,2022-02-06 00:37:00,TXN-EDF4155DBDE13C
206373,56373,UPI,Success,11598.91,2025-07-04 00:25:00,TXN-486FD1A1499D67
206374,56374,Cash on Delivery,Success,110179.74,2026-05-10 01:35:00,TXN-DCF8BFA97D191D
206375,56375,Debit Card,Success,9114.89,2023-02-17 01:11:00,TXN-6F4A9325AB6C24
206376,56376,UPI,Success,17082.31,2025-02-02 01:55:00,TXN-735C7DD6B57D0F
206377,56377,PayPal,Success,89687.7,2025-09-14 00:12:00,TXN-977992BCF0BCA8
206378,56378,Credit Card,Success,9732.21,2022-01-20 01:31:00,TXN-E33ECF7F2619B3
206379,56379,Debit Card,Refunded,3673.45,2023-01-13 01:43:00,TXN-1940C45E03B6B3
206380,56380,Cash on Delivery,Refunded,1245.18,2025-08-21 01:02:00,TXN-7F93B3FF4EF464
206381,56381,Cash on Delivery,Success,10676.56,2023-01-29 00:32:00,TXN-37FC9C76B4A886
206382,56382,NetBanking,Failed,81538.14,2023-07-28 01:48:00,TXN-15D8F71F9658F7
206383,56383,NetBanking,Refunded,89945.88,2022-12-09 00:35:00,TXN-5F6F146BCA7EBB
206384,56384,NetBanking,Success,22899.82,2024-12-05 01:40:00,TXN-2488BAD374B936
206385,56385,Cash on Delivery,Success,11570.11,2024-02-28 00:35:00,TXN-93D1D5135EB1A9
206386,56386,PayPal,Success,3195.32,2022-10-10 00:46:00,TXN-E06F966AE0C189
206387,56387,Debit Card,Success,21249.04,2024-03-23 01:20:00,TXN-08C26222A15A43
206388,56388,Debit Card,Success,1475.14,2023-08-06 01:00:00,TXN-29F9538E62D8AE
206389,56389,Credit Card,Success,25510.65,2022-09-13 00:09:00,TXN-1A8E6DB61AC579
206390,56390,NetBanking,Success,75213.84,2025-01-22 00:57:00,TXN-5CCDC2B4049D35
206391,56391,UPI,Success,47474.39,2022-06-01 00:23:00,TXN-AACC39C99956BB
206392,56392,Debit Card,Failed,33865.49,2024-01-06 00:16:00,TXN-7CECA81A2AABDB
206393,56393,Credit Card,Success,54481.32,2024-07-31 01:37:00,TXN-5018CDF3710577
206394,56394,NetBanking,Success,9816.05,2026-06-04 01:14:00,TXN-91FC2599771626
206395,56395,Credit Card,Success,55890.86,2025-08-08 00:01:00,TXN-EC2E86B3BEF8BA
206396,56396,Credit Card,Success,22744.24,2026-03-20 00:58:00,TXN-639AFC332BFC47
206397,56397,Cash on Delivery,Success,22346.98,2023-01-03 00:31:00,TXN-A127171DD59B59
206398,56398,Debit Card,Success,7637.24,2023-12-04 01:14:00,TXN-E73789C280FDF5
206399,56399,NetBanking,Success,241338.81,2023-06-19 00:47:00,TXN-CF0FBA130B9320
206400,56400,UPI,Success,5492.24,2022-10-11 01:03:00,TXN-9168C1AF580034
206401,56401,NetBanking,Success,6097.97,2024-09-04 01:57:00,TXN-A87CBB0FB1FE86
206402,56402,Credit Card,Success,8777.64,2024-01-09 01:09:00,TXN-5D9E87EA600BAC
206403,56403,NetBanking,Success,535.83,2025-09-25 01:04:00,TXN-E4F8C4935B608D
206404,56404,Cash on Delivery,Success,36784.88,2024-03-02 00:07:00,TXN-D1435EAE863010
206405,56405,Debit Card,Success,11463.68,2026-05-17 01:52:00,TXN-57A905EA6EC266
206406,56406,Debit Card,Success,12222.48,2025-09-09 01:00:00,TXN-48FCD2F10F81FE
206407,56407,Credit Card,Success,37606.92,2026-03-25 00:25:00,TXN-8D78E2CCD4A0FC
206408,56408,Debit Card,Success,12308.06,2024-08-23 00:15:00,TXN-5460FD6EB252FC
206409,56409,Cash on Delivery,Success,7728.59,2025-07-25 01:19:00,TXN-2CBB84123CD118
206410,56410,UPI,Success,18298.07,2025-01-30 00:30:00,TXN-6ABF3503013E87
206411,56411,PayPal,Success,13975.79,2023-07-03 01:51:00,TXN-721DC3A963221D
206412,56412,NetBanking,Success,17142.94,2026-04-01 01:39:00,TXN-BCC42B7BA4AB50
206413,56413,PayPal,Success,18106.09,2024-01-16 00:31:00,TXN-D6D277D28726E4
206414,56414,PayPal,Success,697.21,2025-06-13 00:56:00,TXN-B92C0940931E95
206415,56415,Debit Card,Success,11416.78,2022-03-26 01:34:00,TXN-BCA93FAC28ABDC
206416,56416,UPI,Success,2973.0,2024-03-09 00:07:00,TXN-426A5087A71C1F
206417,56417,Cash on Delivery,Success,27987.08,2023-03-06 01:01:00,TXN-65B3FDB656A707
206418,56418,PayPal,Success,133073.9,2025-05-18 01:20:00,TXN-530D11003F3A16
206419,56419,UPI,Success,13563.11,2024-12-27 01:30:00,TXN-BEEE31C095DCEC
206420,56420,PayPal,Success,298.77,2023-11-23 00:46:00,TXN-2E2690055794A7
206421,56421,Credit Card,Success,22777.5,2026-01-28 01:22:00,TXN-45887ED2D9BF02
206422,56422,Cash on Delivery,Failed,8198.19,2026-01-24 01:15:00,TXN-A5A60F4E9C3954
206423,56423,UPI,Success,2946.01,2022-11-20 00:39:00,TXN-8FF9D26311FEDB
206424,56424,Cash on Delivery,Success,90630.86,2024-08-28 00:29:00,TXN-1EFAB155231B36
206425,56425,Credit Card,Success,14952.0,2022-07-24 00:52:00,TXN-5E99A3FE480EDF
206426,56426,NetBanking,Success,49932.3,2022-06-02 01:52:00,TXN-DD20BC7AFD40C4
206427,56427,Credit Card,Success,45951.02,2024-03-12 00:25:00,TXN-9B1FA7285CB4EC
206428,56428,Cash on Delivery,Success,24337.83,2026-01-07 00:17:00,TXN-A42B21C7CF35FC
206429,56429,Cash on Delivery,Success,561.34,2025-08-13 00:54:00,TXN-9862DB74D360BC
206430,56430,Cash on Delivery,Success,53128.36,2025-02-27 01:31:00,TXN-DDBC00C30A4515
206431,56431,PayPal,Success,4444.5,2023-03-01 01:50:00,TXN-E87F3E6E3A24B2
206432,56432,Cash on Delivery,Success,29257.2,2024-03-21 01:53:00,TXN-1B0E2E82E0E741
206433,56433,Debit Card,Success,22472.73,2023-08-05 00:24:00,TXN-8557B9F480906A
206434,56434,Credit Card,Success,76563.32,2023-06-11 01:38:00,TXN-C2F41FF2515FB6
206435,56435,PayPal,Success,37377.04,2022-03-21 01:00:00,TXN-8F4DD18DD03D20
206436,56436,PayPal,Success,116034.49,2024-11-10 01:28:00,TXN-671B6F2CDF4052
206437,56437,Debit Card,Success,13744.45,2024-11-25 01:37:00,TXN-099D834C7B887C
206438,56438,UPI,Failed,4204.16,2024-12-27 00:35:00,TXN-290D71FA42F0DA
206439,56439,Cash on Delivery,Success,46323.73,2024-10-08 01:06:00,TXN-C64D8DDD5408C1
206440,56440,PayPal,Success,309.6,2025-03-29 00:27:00,TXN-B5C75424B6733E
206441,56441,Credit Card,Success,20550.19,2026-05-19 00:08:00,TXN-DA8BD1ABC07E73
206442,56442,Credit Card,Success,66.59,2023-09-05 01:44:00,TXN-801F68DFC5B2AC
206443,56443,Credit Card,Success,3655.34,2022-02-05 01:35:00,TXN-BE63CED76B44B1
206444,56444,Credit Card,Success,3218.67,2022-07-27 01:48:00,TXN-8DDE5FF6798FAE
206445,56445,Cash on Delivery,Success,8219.54,2026-04-24 00:57:00,TXN-460CBFD52F4BCE
206446,56446,Credit Card,Success,10741.53,2022-08-14 00:02:00,TXN-B0687C4AF0EB58
206447,56447,Cash on Delivery,Success,1071.67,2025-04-13 00:27:00,TXN-760B6BD32614A2
206448,56448,UPI,Success,6582.2,2024-12-24 00:28:00,TXN-BA951252DBDE6B
206449,56449,UPI,Success,3555.9,2022-11-23 00:27:00,TXN-1FE717FE5E4574
206450,56450,UPI,Success,3079.07,2024-01-08 02:00:00,TXN-2FDDD592F84560
206451,56451,UPI,Success,15122.0,2025-01-18 00:35:00,TXN-48BD65E66D5C3B
206452,56452,NetBanking,Success,1601.66,2025-07-25 01:03:00,TXN-B980EF832D518D
206453,56453,NetBanking,Success,8701.45,2025-06-23 01:27:00,TXN-69FA11E235AB34
206454,56454,Credit Card,Refunded,16245.23,2022-05-12 00:15:00,TXN-18BD911B1F1415
206455,56455,NetBanking,Success,24413.6,2022-02-01 01:23:00,TXN-4A49665F50F583
206456,56456,UPI,Success,14763.86,2023-09-01 01:02:00,TXN-C7725683B0433B
206457,56457,NetBanking,Success,150301.56,2022-06-28 01:39:00,TXN-0AC02B7AFC97BD
206458,56458,NetBanking,Success,3516.12,2026-06-30 00:31:00,TXN-30D3E671E41DF0
206459,56459,UPI,Success,15408.08,2026-03-31 00:32:00,TXN-EB92456069D1EC
206460,56460,UPI,Success,26745.42,2025-12-31 01:57:00,TXN-68BBAE402361A4
206461,56461,Debit Card,Success,974.32,2025-10-06 02:00:00,TXN-991EC9D4C412AA
206462,56462,Cash on Delivery,Success,7445.4,2022-11-06 01:25:00,TXN-C8C28FAA8A7F41
206463,56463,UPI,Success,24140.64,2025-05-20 00:04:00,TXN-C9A107CE361C3C
206464,56464,NetBanking,Success,7289.61,2025-08-16 01:56:00,TXN-3A47DD87D49914
206465,56465,NetBanking,Success,1464.92,2025-05-05 01:09:00,TXN-680777485FA8C2
206466,56466,Cash on Delivery,Success,36922.63,2025-01-25 00:03:00,TXN-4BFB67A3F0CB89
206467,56467,Debit Card,Success,24167.25,2025-11-28 00:06:00,TXN-A618542ACCEFB1
206468,56468,Credit Card,Refunded,40286.73,2023-09-03 00:36:00,TXN-343362BE63B111
206469,56469,Cash on Delivery,Success,1307.43,2024-11-12 00:50:00,TXN-984BBE4A3B5F25
206470,56470,UPI,Success,5859.68,2023-04-07 01:26:00,TXN-BF4D092012EB53
206471,56471,Cash on Delivery,Success,64511.51,2023-07-16 01:55:00,TXN-C1B0BB3D007B54
206472,56472,Cash on Delivery,Success,14098.93,2026-03-19 01:32:00,TXN-4BD501DF42BDC5
206473,56473,UPI,Success,11054.86,2024-09-10 00:14:00,TXN-E2F157E2698AF3
206474,56474,Cash on Delivery,Success,53507.4,2025-02-19 00:57:00,TXN-BEE8F564CD23DE
206475,56475,Cash on Delivery,Success,13280.25,2025-10-19 01:12:00,TXN-1355DDE675C8B0
206476,56476,UPI,Success,9374.92,2022-12-30 01:05:00,TXN-57CE8A3867BB46
206477,56477,Cash on Delivery,Refunded,11994.11,2024-12-05 01:43:00,TXN-60127C31DAF77E
206478,56478,Debit Card,Success,61926.3,2026-06-26 01:15:00,TXN-07FAA1577E5A28
206479,56479,NetBanking,Success,7980.38,2025-11-14 00:34:00,TXN-390C875D3D0DCD
206480,56480,Cash on Delivery,Success,5751.24,2024-09-18 00:57:00,TXN-5A75A483872172
206481,56481,Debit Card,Success,1641.14,2023-05-02 00:09:00,TXN-5B728C8BA7F69C
206482,56482,Debit Card,Success,53913.66,2022-11-13 01:06:00,TXN-0BF2CFA78F9F9A
206483,56483,Debit Card,Success,2054.07,2024-05-28 00:16:00,TXN-79579A73827D43
206484,56484,Debit Card,Success,2673.68,2023-11-07 01:34:00,TXN-CD226F463C0226
206485,56485,NetBanking,Success,9526.32,2022-10-31 01:34:00,TXN-E9132806161C0C
206486,56486,UPI,Success,31881.68,2024-06-16 01:12:00,TXN-C075FF09A3607F
206487,56487,PayPal,Success,102697.17,2025-11-11 00:47:00,TXN-DFFE503EA06B57
206488,56488,PayPal,Success,17636.07,2025-10-09 01:26:00,TXN-3CB0DB6EBE18A3
206489,56489,Credit Card,Refunded,51507.47,2023-10-21 01:48:00,TXN-D2726E5B15CA6B
206490,56490,Cash on Delivery,Refunded,131397.96,2024-04-18 00:32:00,TXN-2BC21EA72BB849
206491,56491,NetBanking,Success,5412.77,2024-12-21 00:26:00,TXN-D6EB8ABFA2EAE8
206492,56492,NetBanking,Success,2491.24,2022-11-21 00:50:00,TXN-2B12242C50D380
206493,56493,UPI,Failed,40913.57,2026-03-27 00:33:00,TXN-25A60693E7E035
206494,56494,NetBanking,Success,4076.98,2022-11-07 00:16:00,TXN-7C6B7E69BBC9CF
206495,56495,Debit Card,Success,8776.94,2025-02-13 01:10:00,TXN-F9556372B306F6
206496,56496,Credit Card,Success,2331.44,2024-07-09 00:45:00,TXN-8436E77562FBD4
206497,56497,Debit Card,Success,728.28,2023-10-20 00:36:00,TXN-BF13B9B824E7DA
206498,56498,NetBanking,Success,3185.83,2023-07-16 00:01:00,TXN-9E9CAF3C51A86D
206499,56499,NetBanking,Success,8889.42,2023-04-17 00:03:00,TXN-40B13036D700DA
206500,56500,UPI,Success,16195.84,2024-09-13 01:12:00,TXN-259FB7F584B233
206501,56501,UPI,Success,2855.39,2024-03-19 01:58:00,TXN-F21357C3D780DC
206502,56502,UPI,Success,1797.72,2024-06-14 00:59:00,TXN-3ED3538A186B8B
206503,56503,Cash on Delivery,Success,12004.76,2025-05-02 00:27:00,TXN-92C74658FC98AA
206504,56504,Debit Card,Success,27933.8,2025-12-14 01:27:00,TXN-2ED6FC74EB4602
206505,56505,Credit Card,Success,2012.76,2025-02-27 01:04:00,TXN-DAD32BBE04292C
206506,56506,NetBanking,Success,563.66,2023-06-14 01:48:00,TXN-C4BA6E9ACE0EEB
206507,56507,Cash on Delivery,Refunded,290.06,2023-01-20 01:55:00,TXN-76423AE2981661
206508,56508,Credit Card,Success,103495.36,2022-08-06 00:37:00,TXN-6436A4F2BCD723
206509,56509,PayPal,Success,983.03,2022-07-14 01:16:00,TXN-C0F1AE35AF8F10
206510,56510,NetBanking,Success,569.75,2023-12-30 01:14:00,TXN-0A29C8480C01B1
206511,56511,PayPal,Success,43071.55,2022-05-29 01:50:00,TXN-20102A73978216
206512,56512,Debit Card,Success,29353.95,2024-08-03 01:37:00,TXN-4453D7BFBFC058
206513,56513,NetBanking,Success,8892.67,2022-01-14 00:07:00,TXN-5571649FC945C6
206514,56514,PayPal,Success,5449.26,2023-07-15 01:21:00,TXN-77351F66EE1A2E
206515,56515,Cash on Delivery,Success,47992.54,2022-04-07 00:55:00,TXN-4AC0A3BEC22464
206516,56516,PayPal,Success,1545.38,2025-01-31 01:28:00,TXN-BAF52F17B63A2C
206517,56517,NetBanking,Success,952.4,2026-01-08 00:09:00,TXN-FDC49A076F398E
206518,56518,NetBanking,Success,2674.87,2024-12-08 00:26:00,TXN-363CEB5CDA4878
206519,56519,NetBanking,Success,11598.8,2024-01-26 01:36:00,TXN-5742BE545C792E
206520,56520,NetBanking,Success,3838.3,2024-12-31 01:41:00,TXN-F8C1A989EBBA60
206521,56521,Cash on Delivery,Success,5568.93,2023-07-18 00:34:00,TXN-EA5EEA0223B438
206522,56522,PayPal,Success,1548.23,2022-12-05 00:28:00,TXN-8B328097BF75FA
206523,56523,PayPal,Failed,21806.63,2022-02-11 00:09:00,TXN-E3C48C3AAB455B
206524,56524,Cash on Delivery,Success,4814.6,2022-11-09 01:47:00,TXN-10AB4FDE13EC62
206525,56525,PayPal,Success,15985.31,2024-08-17 00:15:00,TXN-A19A578CBFADAE
206526,56526,Cash on Delivery,Success,19312.24,2022-01-31 00:50:00,TXN-0D8455125567F7
206527,56527,Credit Card,Success,11301.08,2025-10-18 01:54:00,TXN-DDC1981C181B20
206528,56528,Debit Card,Success,4195.88,2025-03-28 00:49:00,TXN-DD7711276731A4
206529,56529,UPI,Success,9832.11,2025-12-30 00:59:00,TXN-BC273B07D668FA
206530,56530,Debit Card,Success,1357.31,2025-04-20 01:52:00,TXN-DE5912DCAC866F
206531,56531,PayPal,Success,9024.67,2022-09-11 01:59:00,TXN-D1E8F78819EE5B
206532,56532,Debit Card,Refunded,52248.83,2025-11-24 01:08:00,TXN-B4B9E043D9811E
206533,56533,UPI,Success,137436.64,2026-02-28 01:59:00,TXN-199EB146610AFC
206534,56534,Debit Card,Failed,5388.61,2024-06-25 00:46:00,TXN-17C83E7C8FDF44
206535,56535,Debit Card,Success,184201.83,2026-02-19 00:06:00,TXN-FE751B3AE1B16F
206536,56536,Cash on Delivery,Success,13522.08,2025-02-22 01:55:00,TXN-2D75884896496F
206537,56537,Cash on Delivery,Refunded,17135.22,2023-08-26 00:25:00,TXN-085C77E368A134
206538,56538,NetBanking,Success,1823.19,2025-07-07 01:30:00,TXN-F407F13D870204
206539,56539,UPI,Success,17197.08,2023-11-15 00:37:00,TXN-F93E4B271CAEB1
206540,56540,Credit Card,Success,10690.18,2022-06-06 01:03:00,TXN-8DC0053624F237
206541,56541,NetBanking,Success,2588.64,2024-06-16 01:12:00,TXN-B43BE58BF706A2
206542,56542,PayPal,Refunded,430715.5,2025-02-14 00:43:00,TXN-F99813CA805724
206543,56543,Cash on Delivery,Success,150182.97,2024-11-10 01:21:00,TXN-111B5CC8ED5F1A
206544,56544,UPI,Success,17381.02,2024-12-26 01:05:00,TXN-09BAD51705908F
206545,56545,Credit Card,Success,220844.58,2023-09-28 01:47:00,TXN-4AF5CDFA574AB8
206546,56546,NetBanking,Success,506.29,2022-08-11 00:34:00,TXN-E8E80E81B28F4A
206547,56547,Debit Card,Success,16194.93,2025-05-22 01:23:00,TXN-327CF8E3DB70A1
206548,56548,Cash on Delivery,Success,290.06,2024-06-28 01:03:00,TXN-82ABE6DF212C0F
206549,56549,NetBanking,Success,1713.6,2022-02-03 00:44:00,TXN-36A409EE55FBEC
206550,56550,Credit Card,Success,63782.56,2025-06-30 00:05:00,TXN-559AB7AD922674
206551,56551,Debit Card,Success,14237.65,2025-06-02 01:15:00,TXN-C85CD084738790
206552,56552,Credit Card,Success,5888.93,2023-06-30 00:58:00,TXN-A8A3ADA97920BA
206553,56553,Credit Card,Success,706.15,2023-06-04 00:31:00,TXN-91EDF8B05E149B
206554,56554,Debit Card,Success,6175.25,2022-08-05 01:44:00,TXN-C44A4D79F2AA26
206555,56555,Cash on Delivery,Success,2326.07,2023-06-27 01:07:00,TXN-8A20FD2FFD1104
206556,56556,PayPal,Success,17344.63,2025-07-18 01:33:00,TXN-A444DD8FD949DA
206557,56557,Debit Card,Success,31731.27,2025-12-12 01:40:00,TXN-D9AD102AB3BAD0
206558,56558,PayPal,Success,39368.91,2024-01-01 00:39:00,TXN-1F0DCCBE5B3678
206559,56559,PayPal,Success,1196.37,2024-02-09 01:46:00,TXN-2DA6415383DB7E
206560,56560,Credit Card,Success,1005.73,2023-02-28 01:15:00,TXN-D6DE57A63F4272
206561,56561,Debit Card,Failed,95184.14,2024-03-09 00:44:00,TXN-20EE1272127848
206562,56562,Credit Card,Success,20616.36,2022-06-29 01:55:00,TXN-8D15648A547DD0
206563,56563,PayPal,Success,11328.88,2025-06-15 01:47:00,TXN-1ABAB6F9D70AD4
206564,56564,PayPal,Refunded,43799.32,2022-01-13 00:20:00,TXN-2D039CA202DE55
206565,56565,NetBanking,Success,6621.63,2026-06-25 00:01:00,TXN-4F6E6DF97DCA35
206566,56566,Debit Card,Success,677.69,2025-02-06 01:18:00,TXN-4B1CD98BE78995
206567,56567,UPI,Success,4575.44,2024-11-21 01:48:00,TXN-36CF3F037CCCC1
206568,56568,PayPal,Success,6071.24,2023-11-16 01:08:00,TXN-D7138F0D716416
206569,56569,UPI,Success,23826.51,2025-08-17 01:05:00,TXN-E86A6848CCEF44
206570,56570,PayPal,Success,3261.03,2024-07-24 00:15:00,TXN-EF836B5B86AE03
206571,56571,Cash on Delivery,Success,4932.36,2024-11-19 00:08:00,TXN-04E3408BB2F57B
206572,56572,Credit Card,Success,41353.86,2026-04-20 01:32:00,TXN-7F089A5B659F78
206573,56573,Debit Card,Success,3282.19,2026-05-01 01:09:00,TXN-F8649B5B1F0AF5
206574,56574,PayPal,Success,156327.7,2026-05-03 00:44:00,TXN-3553BA4E7D32AD
206575,56575,PayPal,Success,834.45,2022-01-25 01:26:00,TXN-2AA380B5E19B84
206576,56576,NetBanking,Success,115829.69,2024-05-01 00:32:00,TXN-D7C09619EA719C
206577,56577,Credit Card,Success,25974.36,2022-04-09 00:39:00,TXN-D4F2EFC172FDB9
206578,56578,UPI,Success,12148.2,2026-01-03 00:54:00,TXN-47FEE6ED38D466
206579,56579,PayPal,Success,4402.28,2024-01-26 01:03:00,TXN-A0848587B23A98
206580,56580,Debit Card,Success,56115.25,2022-08-08 00:38:00,TXN-8A579FDBA12826
206581,56581,PayPal,Success,817.44,2022-04-23 00:08:00,TXN-801D35DDBD1EB3
206582,56582,NetBanking,Success,2338.49,2024-08-15 01:47:00,TXN-1D5AE9EBA1864B
206583,56583,PayPal,Success,821.85,2023-09-18 00:42:00,TXN-4D1466A47D561C
206584,56584,Cash on Delivery,Success,42864.67,2023-02-04 01:03:00,TXN-FB7B8C5067303C
206585,56585,Debit Card,Success,3151.66,2023-05-02 01:34:00,TXN-CDCBED8F204B30
206586,56586,NetBanking,Success,58479.51,2026-03-03 01:05:00,TXN-BC74B9475A8BB2
206587,56587,NetBanking,Success,17440.53,2025-12-01 01:36:00,TXN-6209BF64D4A21D
206588,56588,Credit Card,Success,10371.84,2023-07-27 01:13:00,TXN-C34241CED64608
206589,56589,PayPal,Success,7024.56,2025-04-21 00:55:00,TXN-91EFE8EF0D373D
206590,56590,NetBanking,Success,2087.32,2025-01-01 01:15:00,TXN-275DCBBC9E146D
206591,56591,Cash on Delivery,Success,53.27,2023-03-21 00:44:00,TXN-B7E4429AC69A95
206592,56592,Cash on Delivery,Success,3117.83,2023-10-15 01:46:00,TXN-CBCDECEF9CABED
206593,56593,Cash on Delivery,Success,74159.76,2024-03-14 00:29:00,TXN-BA3A2D36597B7B
206594,56594,PayPal,Success,82959.39,2026-05-04 01:30:00,TXN-11A98C793F9D1E
206595,56595,NetBanking,Success,5502.85,2024-03-10 01:15:00,TXN-CC615B16BCD382
206596,56596,Credit Card,Success,18501.43,2025-11-30 00:10:00,TXN-129F645334D786
206597,56597,UPI,Success,16398.76,2026-03-17 01:07:00,TXN-D67DA187E7CE23
206598,56598,UPI,Success,1184.75,2025-06-03 01:57:00,TXN-3103A89FED5C0C
206599,56599,Debit Card,Success,35479.85,2022-04-16 00:22:00,TXN-AEC22A9C7465A8
206600,56600,NetBanking,Success,23275.24,2023-12-03 01:08:00,TXN-FC1F6E9BF9C777
206601,56601,NetBanking,Success,40917.97,2025-07-31 01:45:00,TXN-C5B0201A58F928
206602,56602,Debit Card,Success,3671.69,2022-02-19 00:10:00,TXN-322F5691D5267A
206603,56603,Credit Card,Success,58499.09,2024-02-29 01:48:00,TXN-D3F2B6D684B443
206604,56604,Credit Card,Success,36167.51,2022-09-04 01:25:00,TXN-090E8650CE1191
206605,56605,PayPal,Success,779.24,2024-09-13 01:03:00,TXN-0B4E1FEBEA678C
206606,56606,Cash on Delivery,Success,3564.48,2023-05-17 00:06:00,TXN-EF19E07D40E709
206607,56607,Credit Card,Success,114810.52,2022-05-09 00:40:00,TXN-FC8E9B067ABE7E
206608,56608,Debit Card,Success,6175.25,2024-12-02 01:57:00,TXN-65E8E8D3511651
206609,56609,Credit Card,Refunded,110120.27,2024-07-09 01:22:00,TXN-89DEB1151668A9
206610,56610,PayPal,Success,1067.42,2026-06-12 01:54:00,TXN-3D95ADE6D026B7
206611,56611,PayPal,Success,12231.09,2025-03-13 01:32:00,TXN-C61D082B114927
206612,56612,NetBanking,Success,9015.93,2026-02-09 00:15:00,TXN-B0AC3227C024C4
206613,56613,NetBanking,Success,2771.16,2026-04-01 01:51:00,TXN-F702CDE754B60B
206614,56614,Debit Card,Success,76677.18,2023-03-12 00:10:00,TXN-BA491A919F6F72
206615,56615,NetBanking,Success,9905.71,2026-02-08 01:55:00,TXN-ED07D9333071A0
206616,56616,UPI,Success,2366.68,2023-03-08 00:46:00,TXN-4656BC06AD5BA3
206617,56617,Debit Card,Success,2755.18,2022-01-15 01:27:00,TXN-A7576EF3C86EA2
206618,56618,Debit Card,Success,18461.03,2024-07-10 01:36:00,TXN-7E42137A78C950
206619,56619,NetBanking,Success,25930.16,2023-12-25 00:19:00,TXN-50852684B091DB
206620,56620,Debit Card,Success,7474.83,2023-02-24 01:59:00,TXN-897C0147F76730
206621,56621,Debit Card,Success,18688.08,2024-07-09 00:45:00,TXN-15BF2F949D6566
206622,56622,Debit Card,Success,42224.08,2025-09-04 00:26:00,TXN-C69A45687CF5BC
206623,56623,Debit Card,Success,10924.23,2023-09-14 01:21:00,TXN-BF5B595CC48243
206624,56624,UPI,Success,82056.25,2025-10-30 00:29:00,TXN-2063BE0517F502
206625,56625,Cash on Delivery,Refunded,1028.45,2025-12-22 01:21:00,TXN-D724B0431BD7DD
206626,56626,PayPal,Success,18695.4,2024-01-04 00:59:00,TXN-700E5E79423250
206627,56627,Credit Card,Success,4731.08,2026-05-06 00:47:00,TXN-4F3A1E9643600E
206628,56628,NetBanking,Refunded,6428.51,2025-02-18 01:28:00,TXN-5E48E6A573DED3
206629,56629,NetBanking,Refunded,6564.56,2024-09-06 00:39:00,TXN-5D2ECD67EA5248
206630,56630,Debit Card,Success,4630.57,2023-07-17 01:37:00,TXN-648378F9E1C56F
206631,56631,Cash on Delivery,Success,97471.08,2023-04-17 01:00:00,TXN-A19E1F71D5C7F9
206632,56632,Credit Card,Success,6521.1,2022-04-28 00:27:00,TXN-2DC0078222C4A1
206633,56633,UPI,Refunded,7063.9,2023-03-18 00:19:00,TXN-78738296E08094
206634,56634,PayPal,Success,2116.96,2022-03-11 00:13:00,TXN-CF19183144C26E
206635,56635,NetBanking,Success,90890.31,2024-09-10 01:55:00,TXN-6298F6D0CA5F5A
206636,56636,UPI,Success,1789.9,2022-11-29 01:22:00,TXN-211FCB7C982C66
206637,56637,PayPal,Success,19337.95,2025-07-18 01:02:00,TXN-B62AB35229EF56
206638,56638,UPI,Refunded,72335.02,2022-09-03 01:42:00,TXN-6EBEA8452B5C63
206639,56639,NetBanking,Success,30369.66,2026-03-01 00:28:00,TXN-676A4F77F976ED
206640,56640,Credit Card,Success,2017.09,2026-01-02 01:42:00,TXN-07DC19A84C8186
206641,56641,PayPal,Success,2717.46,2022-12-31 00:21:00,TXN-2E14178F9C1BCF
206642,56642,NetBanking,Refunded,84376.31,2023-08-04 00:53:00,TXN-6E5EA6B34B8706
206643,56643,PayPal,Success,31389.45,2024-09-14 01:12:00,TXN-2C8090E93827A6
206644,56644,NetBanking,Success,5719.45,2025-04-21 01:04:00,TXN-9BC93B2297F8BE
206645,56645,PayPal,Success,46539.39,2025-03-18 01:37:00,TXN-665133786EFAF2
206646,56646,NetBanking,Success,30757.64,2023-10-31 01:28:00,TXN-CBFE467BFD860F
206647,56647,UPI,Success,32829.42,2026-04-28 01:37:00,TXN-1D22E05E628DBE
206648,56648,NetBanking,Success,24505.1,2024-07-20 00:06:00,TXN-B9525DAB7E9C25
206649,56649,Credit Card,Success,5771.99,2024-07-05 01:17:00,TXN-262EA613D347B3
206650,56650,NetBanking,Success,13143.69,2026-01-31 00:06:00,TXN-0FA0C18BC2563A
206651,56651,Cash on Delivery,Success,25897.52,2022-02-06 01:20:00,TXN-248789061B17AD
206652,56652,NetBanking,Success,6725.93,2023-03-16 01:17:00,TXN-B0A1A89AB9C22E
206653,56653,Credit Card,Success,1165.72,2023-03-09 01:16:00,TXN-0F8F2C8DCDD712
206654,56654,Credit Card,Success,19335.71,2022-04-22 01:02:00,TXN-0C6525B8BC6A9A
206655,56655,UPI,Success,15136.32,2025-09-19 00:03:00,TXN-E1394BA847127A
206656,56656,NetBanking,Success,4222.27,2022-05-24 00:14:00,TXN-BABFAFD98E40F9
206657,56657,UPI,Refunded,8876.69,2022-12-23 00:51:00,TXN-F0CC43AD453B9B
206658,56658,Credit Card,Refunded,3185.41,2024-11-29 01:01:00,TXN-E9C14B90402CA4
206659,56659,NetBanking,Success,1181.52,2026-02-19 01:10:00,TXN-2955FF4613F6FA
206660,56660,PayPal,Success,8488.3,2026-05-24 01:14:00,TXN-728C321FEEE695
206661,56661,NetBanking,Success,68299.57,2022-10-30 00:27:00,TXN-D06CB9D27D7EDD
206662,56662,Cash on Delivery,Success,1694.96,2026-05-28 01:13:00,TXN-F6BC6B3DD4DC47
206663,56663,Credit Card,Success,13710.61,2022-04-26 01:32:00,TXN-A3B0D9C0666F2A
206664,56664,UPI,Success,45494.48,2023-01-26 01:48:00,TXN-8B3CB1EEF3D476
206665,56665,Debit Card,Success,16108.13,2024-03-31 01:56:00,TXN-F9FA5BD4BC7865
206666,56666,Debit Card,Success,121460.42,2024-10-25 00:24:00,TXN-1F4EACB54E44BC
206667,56667,Credit Card,Success,7905.81,2023-10-03 01:52:00,TXN-4694EFA1024A4C
206668,56668,UPI,Success,119267.02,2025-05-13 01:35:00,TXN-1E5C50CFE31413
206669,56669,Credit Card,Success,18691.1,2025-02-21 01:26:00,TXN-3692C0D4A2FB4D
206670,56670,NetBanking,Refunded,9969.93,2024-11-16 00:26:00,TXN-6FC1E6E0DA4DAE
206671,56671,NetBanking,Success,137475.64,2022-09-19 01:02:00,TXN-E27D24210CC804
206672,56672,UPI,Refunded,2516.91,2022-10-30 00:54:00,TXN-46A279121F602D
206673,56673,PayPal,Success,25773.88,2022-11-09 01:47:00,TXN-224BCADB9F32F7
206674,56674,Cash on Delivery,Success,13857.81,2023-06-18 00:24:00,TXN-A5DC0B1CAE1F24
206675,56675,PayPal,Success,551.11,2025-06-30 01:22:00,TXN-D3552B0ABFFA03
206676,56676,PayPal,Success,677.87,2025-05-28 00:54:00,TXN-E571F04E9E8832
206677,56677,Debit Card,Success,17059.66,2023-12-14 00:18:00,TXN-D8493D534BA38C
206678,56678,UPI,Failed,8873.56,2023-12-02 01:24:00,TXN-07164336716549
206679,56679,PayPal,Success,7388.22,2025-04-19 00:51:00,TXN-DFE3B323E0D8AB
206680,56680,Credit Card,Success,7924.57,2025-07-20 01:52:00,TXN-D24978D3087883
206681,56681,PayPal,Refunded,28648.36,2022-03-23 01:17:00,TXN-CF774D2CDA4B30
206682,56682,PayPal,Success,2171.04,2023-08-02 01:02:00,TXN-8170D525D4993E
206683,56683,PayPal,Success,3603.91,2026-02-26 00:43:00,TXN-2A8C8787B540F6
206684,56684,UPI,Success,4626.8,2025-05-17 01:46:00,TXN-32C913DB87FE0D
206685,56685,Credit Card,Success,56655.95,2025-05-14 00:05:00,TXN-54716367613224
206686,56686,PayPal,Success,3772.28,2022-08-13 00:06:00,TXN-F79E21D9B68011
206687,56687,UPI,Success,42237.29,2022-10-19 00:05:00,TXN-7D1CA7C7794461
206688,56688,UPI,Success,37053.66,2025-01-21 01:41:00,TXN-28B0FFD159C298
206689,56689,PayPal,Success,12434.18,2022-03-13 01:17:00,TXN-8B905E90E20358
206690,56690,PayPal,Success,13150.38,2025-03-06 01:06:00,TXN-4217F20EBBD667
206691,56691,Debit Card,Success,1254.84,2023-07-20 00:27:00,TXN-F213B423F85040
206692,56692,PayPal,Success,93478.19,2025-12-30 00:31:00,TXN-70FF9622FBEA61
206693,56693,UPI,Success,13088.88,2025-05-15 01:37:00,TXN-62EB7EFC6285EB
206694,56694,PayPal,Success,5947.54,2026-01-22 01:47:00,TXN-CB7055D2437692
206695,56695,PayPal,Success,8721.28,2022-03-30 01:58:00,TXN-048ABCA2C1F75C
206696,56696,PayPal,Success,15638.75,2025-12-02 01:33:00,TXN-2535FCDEE84619
206697,56697,Credit Card,Success,117060.0,2026-05-16 01:45:00,TXN-93460EA62A6BAD
206698,56698,UPI,Success,1110.61,2025-10-14 01:23:00,TXN-0C8DA9C5F62E53
206699,56699,Debit Card,Success,8218.04,2025-07-04 01:07:00,TXN-566F0E98DD5CB3
206700,56700,PayPal,Success,14098.93,2025-04-04 00:24:00,TXN-B8B27E688BD6BC
206701,56701,PayPal,Success,2627.09,2022-10-07 01:14:00,TXN-53B0AF760F3BB7
206702,56702,Credit Card,Success,9295.64,2024-09-06 01:58:00,TXN-DEF9872BAAE813
206703,56703,Cash on Delivery,Success,3628.79,2024-03-27 01:41:00,TXN-06D5316DA0E1B7
206704,56704,NetBanking,Success,5135.18,2025-07-02 00:48:00,TXN-BED962318439AE
206705,56705,UPI,Refunded,4444.5,2022-11-05 01:05:00,TXN-5996E34DE2CB59
206706,56706,PayPal,Success,2609.04,2022-02-10 00:04:00,TXN-E6B674E89EF314
206707,56707,UPI,Success,7728.74,2024-04-17 00:09:00,TXN-426953767FA3E7
206708,56708,PayPal,Success,1082.03,2023-12-14 01:48:00,TXN-570F415320E385
206709,56709,NetBanking,Success,52389.68,2022-11-09 00:21:00,TXN-9E62434395F2F6
206710,56710,NetBanking,Success,35159.47,2025-04-12 00:08:00,TXN-4E7AD32CCE0597
206711,56711,Debit Card,Success,16447.81,2023-03-08 00:30:00,TXN-57A1D7B15C9AE9
206712,56712,Credit Card,Failed,949.86,2025-03-16 01:59:00,TXN-65B1A517B5ABA7
206713,56713,PayPal,Success,8877.05,2023-08-19 01:01:00,TXN-990481D8574FE6
206714,56714,Debit Card,Success,55627.56,2022-05-10 01:45:00,TXN-40695E2ADA4603
206715,56715,UPI,Success,1561.48,2022-05-08 01:35:00,TXN-DC007CA3D4BD73
206716,56716,UPI,Refunded,30214.84,2025-04-10 00:24:00,TXN-99E782D265FE2E
206717,56717,UPI,Success,19836.21,2025-01-07 00:14:00,TXN-7307D4DDF40CF0
206718,56718,UPI,Success,8651.24,2023-05-08 00:24:00,TXN-E8A53120CE5385
206719,56719,Credit Card,Success,29156.48,2025-11-13 01:18:00,TXN-D7D957E2EC8E4A
206720,56720,Cash on Delivery,Success,948.44,2022-11-26 00:02:00,TXN-155E46081A300F
206721,56721,NetBanking,Success,26128.64,2022-12-22 01:27:00,TXN-55A6AAB98C9CC8
206722,56722,PayPal,Success,40050.96,2024-06-05 01:17:00,TXN-AF100B41BFF59F
206723,56723,Debit Card,Success,5538.85,2023-05-21 01:40:00,TXN-FF6DE581D093A9
206724,56724,UPI,Success,6483.35,2023-08-10 01:06:00,TXN-217AD52BB06B49
206725,56725,NetBanking,Success,29053.79,2022-01-11 01:10:00,TXN-36885F10438E2A
206726,56726,Credit Card,Success,1391.67,2025-12-10 01:36:00,TXN-0A792DE3CB3007
206727,56727,Cash on Delivery,Success,57243.53,2025-06-22 00:14:00,TXN-C52AB66ECE5E2C
206728,56728,NetBanking,Success,61911.43,2023-02-13 01:37:00,TXN-A000771647496A
206729,56729,UPI,Success,4129.02,2025-09-29 00:17:00,TXN-84BE5591BF9DD7
206730,56730,Credit Card,Success,2118.7,2025-09-18 00:36:00,TXN-676D8A0690B704
206731,56731,NetBanking,Success,91426.72,2025-07-18 01:51:00,TXN-D95AC139AF78B3
206732,56732,Credit Card,Success,1158.72,2023-12-24 01:15:00,TXN-9EC2193F90154A
206733,56733,NetBanking,Success,728.68,2023-03-20 01:05:00,TXN-3831809C40430D
206734,56734,UPI,Success,71824.99,2026-05-20 01:29:00,TXN-6F3FC4DF526C7D
206735,56735,Credit Card,Success,45206.77,2026-02-02 00:53:00,TXN-4C2BF0368ECCE8
206736,56736,UPI,Success,3624.55,2022-06-28 00:47:00,TXN-1EE2230E5D655B
206737,56737,Cash on Delivery,Success,2438.86,2026-03-11 00:04:00,TXN-88B16B545BF7A5
206738,56738,Debit Card,Success,88099.04,2023-04-19 01:23:00,TXN-117E83CA871BEC
206739,56739,Cash on Delivery,Success,27045.35,2023-11-14 00:38:00,TXN-C873F5FC6E9A7E
206740,56740,Credit Card,Success,6025.76,2022-03-17 00:34:00,TXN-64F3CF4D5FEFB0
206741,56741,PayPal,Success,7250.86,2022-05-30 00:23:00,TXN-8CDD9A2FAB07AC
206742,56742,NetBanking,Success,21472.05,2023-03-30 01:20:00,TXN-10661E516F4FDA
206743,56743,Credit Card,Success,755.34,2023-06-10 00:10:00,TXN-1762BA465686A4
206744,56744,UPI,Success,4834.22,2023-09-23 00:34:00,TXN-A808047CF43CCE
206745,56745,PayPal,Success,3427.19,2023-02-10 00:17:00,TXN-7B30934A1B96BC
206746,56746,Cash on Delivery,Success,32936.8,2023-09-19 00:37:00,TXN-FF5A9E56870539
206747,56747,UPI,Success,3009.93,2025-11-15 01:24:00,TXN-1741AEDD210CCF
206748,56748,Cash on Delivery,Refunded,46458.7,2023-05-19 00:35:00,TXN-227C82BAC482CE
206749,56749,Debit Card,Success,74490.69,2022-10-30 00:21:00,TXN-52ED4E8F539FB4
206750,56750,Debit Card,Success,55729.93,2024-06-06 01:28:00,TXN-05200323CF4E47
206751,56751,Debit Card,Success,9227.41,2023-02-19 00:17:00,TXN-52378C6B3DB510
206752,56752,Debit Card,Success,2886.6,2023-08-26 01:49:00,TXN-AD9B7C5354D723
206753,56753,Credit Card,Success,149648.16,2022-09-30 01:32:00,TXN-B8F717BB4D83E3
206754,56754,Debit Card,Success,1050.12,2026-01-18 01:01:00,TXN-692FC164A72673
206755,56755,Cash on Delivery,Success,13285.09,2026-06-17 00:21:00,TXN-57862B4279135C
206756,56756,Credit Card,Success,8801.89,2026-06-28 00:30:00,TXN-4B281671332F25
206757,56757,Debit Card,Success,14673.28,2023-11-11 01:48:00,TXN-E0534A810215A7
206758,56758,NetBanking,Success,17402.9,2026-04-18 01:24:00,TXN-B1A1075EF94D1F
206759,56759,Debit Card,Success,3414.81,2022-06-10 00:14:00,TXN-FB98F428B6A612
206760,56760,Debit Card,Success,49623.52,2025-01-03 00:15:00,TXN-53E54E7C524555
206761,56761,Credit Card,Success,10075.27,2022-11-13 01:58:00,TXN-91F202CD75B947
206762,56762,Cash on Delivery,Success,6521.84,2022-08-21 01:46:00,TXN-506594C6AB6322
206763,56763,PayPal,Refunded,67241.43,2026-06-26 01:45:00,TXN-EDFB4B9CEA9D85
206764,56764,UPI,Success,3164.51,2024-01-07 01:29:00,TXN-B9C9EFBA304EEC
206765,56765,PayPal,Success,8686.05,2025-03-15 01:20:00,TXN-40F1E25142A061
206766,56766,Debit Card,Refunded,4109.09,2024-12-04 00:57:00,TXN-90025DDC2E5FED
206767,56767,Cash on Delivery,Success,47716.34,2024-05-24 00:29:00,TXN-12F252394FCD9E
206768,56768,Cash on Delivery,Success,80137.26,2024-07-06 00:03:00,TXN-D9C865C3215479
206769,56769,PayPal,Success,6144.5,2023-01-11 01:48:00,TXN-E65D3BC721CDEA
206770,56770,UPI,Success,5217.47,2022-03-06 01:16:00,TXN-9CD2ABF3B9668E
206771,56771,Cash on Delivery,Success,31605.99,2025-02-09 00:16:00,TXN-C828B8C9AC75A8
206772,56772,Cash on Delivery,Success,66.59,2026-02-06 00:58:00,TXN-424F0FC9CAD459
206773,56773,Debit Card,Success,2192.78,2023-05-04 01:04:00,TXN-21EACF9C73B13C
206774,56774,Cash on Delivery,Success,31908.15,2022-05-11 01:29:00,TXN-C9568640CFB492
206775,56775,NetBanking,Success,2116.44,2024-01-20 00:08:00,TXN-281713C9A96CF7
206776,56776,Credit Card,Success,20940.16,2025-02-13 00:02:00,TXN-2D38493E1137F7
206777,56777,Credit Card,Success,201627.92,2025-12-12 01:08:00,TXN-585671A8D7DE88
206778,56778,UPI,Success,17831.68,2025-01-07 01:40:00,TXN-CB1A4BAC965D99
206779,56779,Cash on Delivery,Success,191833.55,2024-11-16 00:04:00,TXN-EFFFD16BD93CDB
206780,56780,NetBanking,Success,38983.78,2023-02-28 01:38:00,TXN-E24D7D19AAED1F
206781,56781,Cash on Delivery,Success,29133.86,2023-11-04 01:38:00,TXN-7A6BDB04ADF787
206782,56782,Credit Card,Success,10687.35,2024-09-27 01:12:00,TXN-FEF65026EF8C9B
206783,56783,PayPal,Success,17183.35,2025-07-03 01:37:00,TXN-19E2D42F52D5B3
206784,56784,Credit Card,Success,9585.89,2025-12-20 01:33:00,TXN-0C2AC2838A0608
206785,56785,PayPal,Success,1221.87,2026-06-28 00:46:00,TXN-48673A045FFF50
206786,56786,Cash on Delivery,Success,15621.73,2023-10-10 01:49:00,TXN-A122280B76D2B0
206787,56787,Cash on Delivery,Success,3643.92,2022-07-11 00:36:00,TXN-E88512E5F07FCA
206788,56788,PayPal,Success,3324.17,2025-05-07 01:48:00,TXN-51529F0FDE23A1
206789,56789,NetBanking,Success,14192.65,2024-04-11 00:41:00,TXN-716BB75137E65B
206790,56790,PayPal,Success,21889.95,2025-01-23 00:38:00,TXN-E5CE013A6D518D
206791,56791,UPI,Success,1970.24,2026-06-06 01:30:00,TXN-70C405FB230A8E
206792,56792,Credit Card,Success,1067.42,2022-12-31 01:27:00,TXN-783DBCF1056D06
206793,56793,UPI,Success,36115.01,2024-09-13 00:06:00,TXN-F84766397A5EC2
206794,56794,UPI,Success,13670.3,2024-04-04 01:50:00,TXN-3FC46804C7D9A5
206795,56795,Debit Card,Success,49002.47,2024-08-06 01:42:00,TXN-3E4386AE596693
206796,56796,PayPal,Success,15835.83,2026-05-26 01:29:00,TXN-3018BB631D4795
206797,56797,Credit Card,Success,79920.11,2023-03-09 00:06:00,TXN-F7930EF4ACB544
206798,56798,UPI,Success,7349.84,2023-04-11 00:40:00,TXN-88B0B290015A7D
206799,56799,Cash on Delivery,Success,2339.11,2023-09-08 01:40:00,TXN-DAF9975AB8ADF4
206800,56800,Debit Card,Success,3639.42,2024-01-12 00:52:00,TXN-98D33487E1D7AF
206801,56801,UPI,Success,35492.55,2022-02-19 01:09:00,TXN-0416DA551BECF6
206802,56802,Credit Card,Success,466797.3,2024-09-28 01:08:00,TXN-5EA60EBF033526
206803,56803,NetBanking,Success,252.62,2022-11-24 00:11:00,TXN-81251FFC69F4A6
206804,56804,Debit Card,Success,5998.46,2022-02-11 01:49:00,TXN-F45BD6BE6132C0
206805,56805,Cash on Delivery,Success,17417.01,2026-01-01 01:56:00,TXN-D441AF4D606446
206806,56806,Credit Card,Success,9905.71,2022-05-25 01:32:00,TXN-223EAB75773F4B
206807,56807,PayPal,Success,5800.38,2025-05-06 01:00:00,TXN-BC883E410E2A5E
206808,56808,PayPal,Success,28880.28,2023-12-10 00:28:00,TXN-23B6EBE20F34B3
206809,56809,PayPal,Success,5248.96,2022-09-05 01:38:00,TXN-0536A0F85C7B2B
206810,56810,Cash on Delivery,Success,18152.06,2026-05-28 01:27:00,TXN-F9AC6CDED31A53
206811,56811,Cash on Delivery,Success,17813.81,2024-02-27 01:48:00,TXN-F9FD3A40743F25
206812,56812,Credit Card,Success,39854.44,2023-08-26 00:15:00,TXN-5D9A66A043ECD4
206813,56813,Credit Card,Success,5409.35,2024-12-10 01:49:00,TXN-0A9090CFB3A3B0
206814,56814,Debit Card,Success,37508.2,2024-01-17 00:13:00,TXN-1BFD574209F355
206815,56815,Cash on Delivery,Success,6141.59,2025-08-20 00:09:00,TXN-5BCE6090DF4220
206816,56816,Credit Card,Success,8767.76,2022-04-03 01:04:00,TXN-CE101369EF7B50
206817,56817,UPI,Success,12519.22,2025-01-05 01:25:00,TXN-3BC46002B0B3E3
206818,56818,PayPal,Success,19948.57,2024-03-27 01:15:00,TXN-570170BC088870
206819,56819,Cash on Delivery,Success,51850.47,2023-02-20 00:54:00,TXN-F8A0D50CE7B600
206820,56820,UPI,Success,11880.85,2026-05-19 01:56:00,TXN-984D3A7271619F
206821,56821,Debit Card,Success,8218.04,2023-02-13 00:51:00,TXN-F603863CF164AD
206822,56822,UPI,Success,38799.36,2024-03-04 01:00:00,TXN-7E895FBA684F55
206823,56823,PayPal,Success,18358.45,2026-06-30 00:31:00,TXN-A1154241AFC3D2
206824,56824,PayPal,Refunded,6488.25,2022-07-27 01:35:00,TXN-13E6E8A53F21B2
206825,56825,Credit Card,Success,2792.75,2024-06-19 00:11:00,TXN-E9451BCE195FC7
206826,56826,Cash on Delivery,Success,8375.99,2024-07-10 00:56:00,TXN-41416011885465
206827,56827,Credit Card,Success,170297.93,2023-06-12 01:53:00,TXN-A68224E683AE10
206828,56828,Credit Card,Success,3715.29,2024-03-01 00:23:00,TXN-C30B04C07588F0
206829,56829,Credit Card,Success,5337.1,2022-02-12 00:05:00,TXN-B538FD775432FB
206830,56830,UPI,Success,15431.65,2022-11-26 01:58:00,TXN-F916D184C64936
206831,56831,Cash on Delivery,Success,8889.42,2026-02-13 00:30:00,TXN-FF9E7CE22B333B
206832,56832,Cash on Delivery,Success,1545.87,2025-03-09 01:26:00,TXN-A7A7789989D508
206833,56833,PayPal,Success,14398.33,2025-11-04 01:39:00,TXN-F2F179717EB75F
206834,56834,UPI,Failed,27145.66,2026-03-20 00:59:00,TXN-54327A97F8C97D
206835,56835,Cash on Delivery,Success,22056.76,2025-06-22 01:30:00,TXN-81BE6B0B23E362
206836,56836,UPI,Success,2596.01,2025-01-09 00:27:00,TXN-D98597DBEB6166
206837,56837,Credit Card,Success,54087.05,2024-02-02 01:01:00,TXN-6F29E2A9D4262C
206838,56838,PayPal,Success,4003.31,2024-09-23 00:07:00,TXN-F8C289A7DF4132
206839,56839,Credit Card,Success,220359.48,2023-07-08 01:04:00,TXN-29F17A9A82C666
206840,56840,Debit Card,Success,52554.52,2023-04-13 00:53:00,TXN-AF9E529FE1EC02
206841,56841,UPI,Success,2683.55,2025-07-02 01:47:00,TXN-C3D2862CC927F7
206842,56842,Debit Card,Success,32755.62,2025-08-28 00:03:00,TXN-0B4567A40E5C57
206843,56843,Cash on Delivery,Success,1166.18,2024-01-28 00:15:00,TXN-833469B65A32C6
206844,56844,PayPal,Success,65084.92,2022-02-28 01:32:00,TXN-0BAA24064EE477
206845,56845,UPI,Success,4858.56,2022-01-03 01:27:00,TXN-92E6A88B2E5513
206846,56846,PayPal,Success,4321.34,2023-11-28 01:24:00,TXN-2BBC39ACF5FAC0
206847,56847,PayPal,Success,2949.61,2023-10-03 01:56:00,TXN-C601F6F447F815
206848,56848,PayPal,Success,2348.69,2023-06-10 00:16:00,TXN-09494013BDFB7A
206849,56849,NetBanking,Success,31965.88,2022-06-18 00:32:00,TXN-EA2A52BA8A8E02
206850,56850,PayPal,Success,7897.87,2026-05-09 01:17:00,TXN-D1C4FCBACE2E69
206851,56851,Debit Card,Success,146215.62,2026-04-15 01:45:00,TXN-725511F67F2A1C
206852,56852,PayPal,Success,15352.06,2023-04-23 01:19:00,TXN-FDEBE29815CBC8
206853,56853,NetBanking,Success,1296.51,2022-05-19 01:59:00,TXN-9661E5CC70E8C1
206854,56854,UPI,Success,18106.09,2023-03-26 00:10:00,TXN-B53143E9E11FDE
206855,56855,Credit Card,Success,55960.73,2024-05-29 00:44:00,TXN-73FF39CDC3DD3F
206856,56856,UPI,Success,14192.65,2023-03-11 01:08:00,TXN-B996B6726DD730
206857,56857,UPI,Success,22899.82,2022-08-06 01:27:00,TXN-F978A2B42FC005
206858,56858,PayPal,Success,16238.31,2024-07-20 00:04:00,TXN-C711AC81475238
206859,56859,Cash on Delivery,Success,59645.43,2022-07-10 01:41:00,TXN-CED8FCAA77254B
206860,56860,Cash on Delivery,Success,51053.31,2022-12-24 00:30:00,TXN-88CB5627D5392B
206861,56861,PayPal,Success,1034.01,2025-02-01 00:54:00,TXN-72C602FD23AD5B
206862,56862,PayPal,Success,10769.77,2022-08-30 01:19:00,TXN-61CBD66B092A8C
206863,56863,Debit Card,Success,20068.53,2026-02-19 00:07:00,TXN-7D304A5AF525D6
206864,56864,NetBanking,Success,10170.97,2025-07-30 01:40:00,TXN-5E21A1947BDBFD
206865,56865,NetBanking,Success,12777.71,2024-06-04 01:19:00,TXN-591D6DA0600530
206866,56866,Credit Card,Success,12330.68,2025-02-15 01:50:00,TXN-C46767DD3F890D
206867,56867,NetBanking,Refunded,668.75,2022-03-08 01:53:00,TXN-BB648FB6E7E401
206868,56868,PayPal,Success,10852.16,2025-04-18 01:21:00,TXN-6F813897D47AD8
206869,56869,Debit Card,Success,10260.26,2022-12-10 01:18:00,TXN-38CB58C8C2618E
206870,56870,UPI,Success,1313.64,2023-08-07 01:14:00,TXN-B78DFCE99CD87B
206871,56871,NetBanking,Success,14928.28,2025-01-11 00:35:00,TXN-A10F47B9DBA6D3
206872,56872,Debit Card,Success,2460.75,2022-10-18 01:55:00,TXN-E67549896B5B43
206873,56873,Credit Card,Success,66.59,2023-02-21 00:47:00,TXN-B1A8042DEB25E8
206874,56874,UPI,Success,3967.09,2022-11-30 01:06:00,TXN-E968A73B01B3A8
206875,56875,PayPal,Success,8000.48,2022-01-17 00:36:00,TXN-7FC05B321CE6AD
206876,56876,Cash on Delivery,Success,125087.09,2022-07-01 00:30:00,TXN-45BEFDAC1383B0
206877,56877,Cash on Delivery,Success,1546.36,2026-01-02 01:07:00,TXN-541F3522D31F6B
206878,56878,Cash on Delivery,Success,589.72,2023-10-15 01:21:00,TXN-563ED892EFBAB3
206879,56879,Credit Card,Success,18108.65,2024-07-20 00:38:00,TXN-BB21CED0D3473F
206880,56880,Cash on Delivery,Success,4358.64,2022-03-15 01:38:00,TXN-6ED0FFD8CFFE91
206881,56881,PayPal,Success,31521.28,2022-07-31 01:12:00,TXN-F58904E1FCE372
206882,56882,PayPal,Success,5950.86,2022-04-25 00:23:00,TXN-1867163FD21556
206883,56883,Credit Card,Success,5802.78,2024-01-24 00:52:00,TXN-96A4797BC4CC68
206884,56884,UPI,Success,28105.14,2026-06-02 01:07:00,TXN-D28A61479BFE8F
206885,56885,Cash on Delivery,Success,19312.24,2024-02-02 01:20:00,TXN-E958B1CE2F2357
206886,56886,UPI,Success,23988.22,2024-06-02 00:33:00,TXN-E73E320B86254E
206887,56887,UPI,Success,3218.67,2023-04-03 00:58:00,TXN-F2B0C67BB77B72
206888,56888,Cash on Delivery,Success,2387.03,2023-10-04 01:43:00,TXN-2680ED208665E6
206889,56889,Debit Card,Success,2792.75,2026-03-02 00:53:00,TXN-0C786B77051ADC
206890,56890,Debit Card,Success,18159.95,2025-08-17 01:08:00,TXN-3C98B123D5EBF4
206891,56891,Debit Card,Success,1015.3,2023-08-19 00:38:00,TXN-029067982C0E9D
206892,56892,NetBanking,Success,31803.7,2025-11-17 00:33:00,TXN-7DE4817B7545B4
206893,56893,UPI,Success,41857.7,2023-07-29 01:20:00,TXN-607B2516E9B582
206894,56894,PayPal,Success,77555.83,2022-02-13 01:41:00,TXN-51079098AEBAF4
206895,56895,PayPal,Success,2348.69,2025-02-17 00:04:00,TXN-55FE35BBF10E56
206896,56896,Cash on Delivery,Success,743.54,2022-02-26 01:06:00,TXN-A72FB3C7CE068C
206897,56897,Credit Card,Success,46883.02,2022-08-23 00:12:00,TXN-998E2EE20951A7
206898,56898,NetBanking,Success,8546.23,2022-08-12 01:58:00,TXN-6696AC27BE3D0D
206899,56899,Credit Card,Success,15431.35,2024-10-15 00:26:00,TXN-500A3F9C6A15C5
206900,56900,Cash on Delivery,Success,2448.49,2023-10-16 00:41:00,TXN-2CC1EEB11B0588
206901,56901,NetBanking,Success,13433.42,2026-03-18 00:37:00,TXN-5EA4A60429CC70
206902,56902,UPI,Success,42883.36,2024-07-06 01:44:00,TXN-68EDBAD93BD6B1
206903,56903,UPI,Success,89937.88,2022-06-04 00:47:00,TXN-6283077A390270
206904,56904,PayPal,Refunded,26591.4,2024-09-24 01:06:00,TXN-A09CE5E9572330
206905,56905,Cash on Delivery,Success,26733.01,2022-12-23 01:51:00,TXN-3D6E101729C9C4
206906,56906,Credit Card,Success,2338.49,2026-04-09 00:57:00,TXN-B16BCFA4872284
206907,56907,UPI,Success,6416.06,2023-06-19 01:27:00,TXN-23AD6EC4DB1D3D
206908,56908,Debit Card,Success,40658.51,2025-12-23 00:56:00,TXN-2046F2F10B54DB
206909,56909,PayPal,Success,1136.17,2022-09-23 01:29:00,TXN-7E8D48A4617DF3
206910,56910,UPI,Success,3253.13,2023-06-09 00:50:00,TXN-8CEAE386D7D3E5
206911,56911,Credit Card,Success,24362.32,2023-02-11 01:54:00,TXN-5FE7451CE4910B
206912,56912,Credit Card,Success,3973.16,2025-10-04 01:18:00,TXN-41E333B6606BD6
206913,56913,Debit Card,Success,1294.32,2022-11-17 00:15:00,TXN-3B9F584D914FD5
206914,56914,NetBanking,Success,29050.19,2023-06-14 01:30:00,TXN-FFC6A752C6B5BF
206915,56915,PayPal,Success,110179.74,2022-05-07 01:08:00,TXN-4066FB29311F35
206916,56916,UPI,Success,3744.16,2025-07-04 01:02:00,TXN-84302A199FDDBE
206917,56917,Credit Card,Success,9398.04,2022-08-23 01:29:00,TXN-17AA45B24A19DB
206918,56918,Cash on Delivery,Success,5923.98,2026-06-08 01:23:00,TXN-0441EC96270D20
206919,56919,NetBanking,Success,39330.71,2023-06-03 00:27:00,TXN-FA7C7A721ACA79
206920,56920,PayPal,Success,68016.47,2023-03-16 01:37:00,TXN-4FBD849FC66EBB
206921,56921,Credit Card,Success,17255.56,2024-09-17 00:19:00,TXN-44EF854B6729A4
206922,56922,PayPal,Success,37606.92,2025-10-05 00:27:00,TXN-954C109CA034E4
206923,56923,Credit Card,Success,115467.99,2024-08-13 00:54:00,TXN-F5A5CB585753FD
206924,56924,Credit Card,Success,24158.62,2023-12-27 00:15:00,TXN-BF55B8F4C0FFAD
206925,56925,NetBanking,Success,14697.57,2025-02-17 01:26:00,TXN-5AAC9BFED0DA93
206926,56926,Debit Card,Success,7633.94,2024-10-08 00:39:00,TXN-5E95807A0198B4
206927,56927,Debit Card,Success,3433.79,2022-04-21 01:37:00,TXN-ADC8BE1939AA62
206928,56928,PayPal,Refunded,113195.21,2026-01-13 00:34:00,TXN-55FDD88FF593AA
206929,56929,NetBanking,Refunded,33787.58,2025-01-29 01:05:00,TXN-EAF333BE0A05DB
206930,56930,Debit Card,Success,86389.54,2024-03-05 02:00:00,TXN-E7DF8FB8DB5084
206931,56931,UPI,Success,19407.72,2024-09-14 00:57:00,TXN-F60004ADF5F453
206932,56932,Cash on Delivery,Success,1733.76,2026-01-04 00:05:00,TXN-216F0908D908BE
206933,56933,Cash on Delivery,Success,55974.16,2025-06-01 01:01:00,TXN-61F0F3FA38381C
206934,56934,NetBanking,Failed,2785.89,2026-01-20 01:08:00,TXN-3E284B9E4F7F5B
206935,56935,Cash on Delivery,Success,10354.62,2022-02-12 00:19:00,TXN-48E60CE68A2B2B
206936,56936,PayPal,Success,15889.63,2023-06-11 01:04:00,TXN-71C6F894BD27D9
206937,56937,NetBanking,Success,18733.68,2022-02-26 01:45:00,TXN-FF3BA608154763
206938,56938,NetBanking,Success,106256.72,2026-05-16 01:43:00,TXN-D539EE7F8539F7
206939,56939,Credit Card,Success,12817.11,2022-12-03 01:10:00,TXN-079D635E376AF0
206940,56940,Debit Card,Success,8973.14,2024-04-16 00:23:00,TXN-A7E36464F9DAC1
206941,56941,Credit Card,Success,1156.71,2024-08-10 01:19:00,TXN-1A2729ADEEB307
206942,56942,Credit Card,Refunded,4008.96,2024-11-23 01:12:00,TXN-44EA21D4AB146D
206943,56943,Debit Card,Success,28980.52,2025-06-04 00:11:00,TXN-0FE50A32394A9E
206944,56944,Credit Card,Success,15960.76,2025-07-21 01:26:00,TXN-FD005E3A400C6A
206945,56945,Credit Card,Success,53880.2,2026-06-29 00:43:00,TXN-A3E07BD8C79134
206946,56946,PayPal,Success,17675.24,2022-08-04 01:46:00,TXN-EEB7FA06029713
206947,56947,PayPal,Success,739.28,2024-11-11 00:18:00,TXN-6F01FC7AF04C3F
206948,56948,Credit Card,Success,2158.72,2025-01-23 00:52:00,TXN-73CDFE00E032AE
206949,56949,Debit Card,Success,6175.25,2023-09-08 01:13:00,TXN-EEDC1D1D39BF60
206950,56950,NetBanking,Success,10295.07,2022-10-26 00:06:00,TXN-CA63EA1194DC69
206951,56951,PayPal,Success,1170.81,2026-04-21 01:24:00,TXN-A72DB05612CA3C
206952,56952,Cash on Delivery,Success,21098.53,2023-08-22 00:39:00,TXN-41F47CF7B493BD
206953,56953,Credit Card,Refunded,1476.23,2025-08-30 01:40:00,TXN-C6903D84EA7ED2
206954,56954,Debit Card,Success,9656.12,2024-08-24 00:52:00,TXN-FA0728F4863BAC
206955,56955,Credit Card,Success,1157.22,2025-10-03 00:46:00,TXN-EFB482076C774B
206956,56956,UPI,Success,969.18,2023-04-26 01:21:00,TXN-1F4BCE5C4D0E2C
206957,56957,Cash on Delivery,Success,5568.93,2025-11-29 00:44:00,TXN-41E9A35ED4D66D
206958,56958,Debit Card,Success,30296.77,2023-05-03 01:27:00,TXN-ACACCC7453CAFD
206959,56959,Credit Card,Success,14594.04,2023-03-20 01:05:00,TXN-336BF594386D3A
206960,56960,Debit Card,Success,11693.91,2024-03-18 01:22:00,TXN-773600ACDDBF37
206961,56961,PayPal,Success,23261.31,2025-06-24 00:12:00,TXN-E5501103DA2058
206962,56962,Cash on Delivery,Success,30780.43,2023-10-15 00:08:00,TXN-12C4C0EB1D8568
206963,56963,Credit Card,Success,80741.6,2022-01-23 01:32:00,TXN-A81D12C3CABAFD
206964,56964,NetBanking,Success,77227.7,2023-03-23 00:12:00,TXN-F4EE4AD5DE3E50
206965,56965,NetBanking,Success,10873.66,2026-05-08 00:40:00,TXN-9CA9D06C90C703
206966,56966,Credit Card,Success,12938.6,2024-02-18 00:07:00,TXN-DAD7B9D451DD90
206967,56967,NetBanking,Success,5552.21,2026-04-11 00:13:00,TXN-EE36A4B376F640
206968,56968,Credit Card,Success,4380.44,2025-12-28 01:05:00,TXN-845C5C4EC4E994
206969,56969,NetBanking,Success,5897.26,2023-10-12 00:52:00,TXN-8E443AA557B3D9
206970,56970,Cash on Delivery,Success,37523.69,2026-04-09 01:28:00,TXN-3B9652DE9598BF
206971,56971,PayPal,Success,9668.28,2022-11-27 00:48:00,TXN-863458E601F665
206972,56972,Cash on Delivery,Success,24651.56,2023-04-10 01:47:00,TXN-97F3982E0056AC
206973,56973,Debit Card,Success,2159.28,2022-01-21 00:42:00,TXN-22F70DB0B47317
206974,56974,Credit Card,Success,232.05,2026-05-20 01:24:00,TXN-3F716746D292E5
206975,56975,Cash on Delivery,Success,1197.59,2024-07-16 01:59:00,TXN-DA1865947B5782
206976,56976,Debit Card,Success,2272.34,2025-03-02 00:04:00,TXN-1318BF56D79F0A
206977,56977,NetBanking,Success,65722.56,2024-09-10 01:33:00,TXN-F05E55D4A85CBD
206978,56978,Debit Card,Success,23180.89,2024-11-25 00:56:00,TXN-67A73350A9F1EA
206979,56979,Cash on Delivery,Refunded,14564.07,2025-09-25 00:18:00,TXN-502D0B371A3A8E
206980,56980,Cash on Delivery,Success,39997.22,2024-10-09 00:45:00,TXN-3D26D506DC69A7
206981,56981,UPI,Success,1136.17,2023-03-24 01:45:00,TXN-3D65235AA45E8A
206982,56982,PayPal,Success,1205.04,2022-01-23 00:48:00,TXN-A87A1D4CFC5B2F
206983,56983,NetBanking,Success,12458.72,2025-07-17 01:23:00,TXN-8D5B80739F03A7
206984,56984,NetBanking,Success,15498.96,2024-08-14 00:06:00,TXN-55745F13124AA6
206985,56985,Credit Card,Refunded,173033.37,2026-05-31 00:37:00,TXN-E3AE3C1005801F
206986,56986,UPI,Success,148895.4,2025-04-27 00:59:00,TXN-3D1740562E115E
206987,56987,Credit Card,Success,21992.48,2025-02-04 00:54:00,TXN-92CBA49C0991B2
206988,56988,UPI,Success,16732.15,2024-10-23 01:37:00,TXN-20FBDA53BF3D27
206989,56989,UPI,Refunded,27682.23,2025-10-14 01:05:00,TXN-F5FF18020D7DB1
206990,56990,NetBanking,Success,3277.37,2022-02-25 01:12:00,TXN-6ADE499725F030
206991,56991,UPI,Success,797.59,2026-03-23 01:19:00,TXN-818BDDE495EEAF
206992,56992,Debit Card,Success,4298.99,2022-09-20 00:08:00,TXN-4B82979FB438E5
206993,56993,Credit Card,Success,8409.83,2025-02-01 01:41:00,TXN-2153A68E4B3536
206994,56994,NetBanking,Success,5262.27,2025-06-08 00:26:00,TXN-37DA1769D7D7D6
206995,56995,Credit Card,Success,12437.13,2023-03-29 00:32:00,TXN-CC087795BA227B
206996,56996,Cash on Delivery,Success,2234.2,2025-02-17 00:31:00,TXN-0951D2F255018F
206997,56997,Credit Card,Success,272.06,2022-08-06 00:36:00,TXN-0190166DBDB93C
206998,56998,Cash on Delivery,Success,1543.44,2024-12-04 01:57:00,TXN-3880D2BBEEB702
206999,56999,UPI,Success,3012.88,2022-05-01 01:17:00,TXN-BF2B522171DEA5
207000,57000,NetBanking,Success,7325.8,2022-01-30 01:13:00,TXN-9A5FDBC9DA6280
207001,57001,Debit Card,Success,30863.3,2024-09-16 00:13:00,TXN-0F8D50A39D30A6
207002,57002,Debit Card,Success,2973.0,2022-03-01 01:54:00,TXN-4FDA9C65E6B200
207003,57003,PayPal,Success,2316.28,2026-06-13 01:38:00,TXN-D75F42B56006C6
207004,57004,Credit Card,Success,4262.2,2022-06-24 00:14:00,TXN-C350F61A7FED5E
207005,57005,Cash on Delivery,Success,95218.96,2025-06-04 01:17:00,TXN-4C160E7859643E
207006,57006,Cash on Delivery,Success,283537.92,2025-07-09 00:54:00,TXN-7A2C3E79C373C6
207007,57007,Cash on Delivery,Success,161969.95,2022-08-04 00:41:00,TXN-8510F718E75EBF
207008,57008,Cash on Delivery,Success,2403.68,2026-01-27 01:33:00,TXN-BB220F5017F2FB
207009,57009,NetBanking,Success,38591.01,2026-03-08 00:12:00,TXN-6EEAD3D20879D4
207010,57010,NetBanking,Success,951.12,2022-05-06 00:20:00,TXN-853FE35A45AF8B
207011,57011,Credit Card,Success,33903.24,2025-09-19 01:46:00,TXN-96D9AEFDFF8287
207012,57012,NetBanking,Success,33312.82,2024-07-22 01:26:00,TXN-1FF73ECCF222A8
207013,57013,Debit Card,Success,49865.23,2023-04-05 00:56:00,TXN-8E043BB56C88A4
207014,57014,Cash on Delivery,Success,19943.36,2024-06-29 01:16:00,TXN-1008972D457BCF
207015,57015,PayPal,Success,59249.68,2022-09-14 00:41:00,TXN-140F468AF6C660
207016,57016,NetBanking,Success,12476.32,2025-05-05 00:05:00,TXN-E399B14E07294F
207017,57017,UPI,Success,1048.97,2026-02-08 01:24:00,TXN-908110B209D359
207018,57018,UPI,Success,10367.42,2024-04-28 00:40:00,TXN-82E3DF752CF747
207019,57019,UPI,Success,49763.22,2023-03-03 01:39:00,TXN-6E6301AFEE3BC8
207020,57020,UPI,Failed,10412.54,2023-03-21 01:57:00,TXN-1E7CDBA85BF232
207021,57021,Debit Card,Success,14673.28,2024-03-13 01:49:00,TXN-E8D5DE0294043D
207022,57022,NetBanking,Success,21411.11,2025-10-10 00:45:00,TXN-0C54900E736F8F
207023,57023,Debit Card,Success,42449.27,2024-02-17 01:15:00,TXN-3EC4DE8C6E2A17
207024,57024,NetBanking,Success,4150.08,2023-12-19 00:23:00,TXN-5C449D3E36BEE8
207025,57025,UPI,Success,2738.55,2025-11-13 00:48:00,TXN-14E25F5620ABB8
207026,57026,UPI,Success,9742.99,2024-05-19 00:05:00,TXN-60B3856DE0A333
207027,57027,PayPal,Success,5835.32,2026-01-18 00:49:00,TXN-42DB201B8491A3
207028,57028,PayPal,Success,21382.45,2024-07-11 00:50:00,TXN-B5ADDA911FECC4
207029,57029,PayPal,Success,120813.39,2025-10-10 01:58:00,TXN-D5F665BB7CEECF
207030,57030,NetBanking,Success,1074.44,2022-09-10 00:22:00,TXN-0720D318D2FBD4
207031,57031,PayPal,Success,24553.0,2023-11-02 01:13:00,TXN-C94011451418AE
207032,57032,PayPal,Success,7460.94,2024-07-10 00:48:00,TXN-FF75532CE93BF4
207033,57033,Cash on Delivery,Success,27513.72,2023-05-18 00:18:00,TXN-F68974978B000B
207034,57034,Debit Card,Success,23540.84,2023-06-17 01:48:00,TXN-C2600E4BDF416D
207035,57035,NetBanking,Success,3249.28,2022-02-06 00:52:00,TXN-EE036AA1E4918A
207036,57036,PayPal,Success,23145.55,2023-05-06 00:52:00,TXN-55C669230054B9
207037,57037,NetBanking,Success,16455.23,2025-07-11 00:11:00,TXN-8CDCD649ABD8AD
207038,57038,NetBanking,Success,38640.65,2022-07-21 00:36:00,TXN-94A60D1579A653
207039,57039,UPI,Success,23555.72,2023-02-10 00:15:00,TXN-2F8569F85DFE3E
207040,57040,Credit Card,Success,124729.16,2022-06-26 01:34:00,TXN-DCF740EF947C84
207041,57041,UPI,Success,11825.01,2026-01-31 01:33:00,TXN-7E93D601BDD6FD
207042,57042,Credit Card,Success,28217.52,2022-07-15 00:21:00,TXN-A7559528BA52D9
207043,57043,UPI,Success,57512.52,2024-03-30 00:57:00,TXN-D981D044471759
207044,57044,NetBanking,Success,2221.57,2022-09-15 01:23:00,TXN-86418C8593ACA8
207045,57045,UPI,Success,9107.06,2025-10-05 00:10:00,TXN-B51E3613471EC8
207046,57046,UPI,Success,5812.1,2022-11-14 01:58:00,TXN-8E11F5733995CF
207047,57047,NetBanking,Refunded,14049.4,2025-08-05 01:10:00,TXN-7F7105C32D34A7
207048,57048,NetBanking,Refunded,11414.22,2024-10-11 00:03:00,TXN-5DA356D12712F6
207049,57049,Debit Card,Success,156938.52,2024-06-25 00:17:00,TXN-FB48791F8BC36A
207050,57050,Cash on Delivery,Success,14529.18,2026-01-07 01:44:00,TXN-A1350974E0C8D8
207051,57051,UPI,Refunded,3839.26,2023-10-20 00:46:00,TXN-7072D06159E539
207052,57052,UPI,Success,9291.61,2023-08-02 00:44:00,TXN-B0380CB102EF9F
207053,57053,Cash on Delivery,Success,9886.66,2024-09-08 00:51:00,TXN-6E64E474DFC670
207054,57054,UPI,Success,92575.76,2023-06-29 01:04:00,TXN-6C6A30B1B830A9
207055,57055,UPI,Success,33251.78,2024-01-04 00:57:00,TXN-49DF832E21C0ED
207056,57056,Cash on Delivery,Success,11478.96,2025-10-05 00:23:00,TXN-21647B79E4A85F
207057,57057,Credit Card,Success,31157.26,2024-11-14 01:54:00,TXN-28AD9D38E48FEE
207058,57058,Credit Card,Success,8899.57,2023-12-16 01:23:00,TXN-E96E566F5FFAE9
207059,57059,Debit Card,Success,14651.6,2023-05-13 01:54:00,TXN-1CF37E03009BAA
207060,57060,PayPal,Success,13836.5,2026-01-27 01:14:00,TXN-73624C5C0C5910
207061,57061,UPI,Success,31978.7,2024-11-25 00:22:00,TXN-7F125E4EB858F4
207062,57062,Debit Card,Success,6755.33,2025-05-02 01:45:00,TXN-FD73F7E18BE7A9
207063,57063,Debit Card,Success,19854.41,2024-12-04 01:03:00,TXN-1BE07B08A1CBB2
207064,57064,NetBanking,Success,8873.85,2024-07-06 01:53:00,TXN-0E0217A65290EF
207065,57065,NetBanking,Success,157739.27,2022-06-07 00:33:00,TXN-D8FEB6D15BCE9C
207066,57066,Credit Card,Success,188034.6,2026-01-06 01:24:00,TXN-BAB819C1E39315
207067,57067,NetBanking,Success,20755.5,2023-05-12 01:45:00,TXN-06E8B71A068D22
207068,57068,NetBanking,Refunded,43067.15,2023-07-03 00:43:00,TXN-CB6B78F1E501EE
207069,57069,NetBanking,Success,15831.44,2025-12-30 00:05:00,TXN-60690C8A14E24B
207070,57070,Cash on Delivery,Success,640.28,2024-09-21 00:23:00,TXN-5D2881A51BEFC5
207071,57071,Credit Card,Success,431.96,2023-05-16 01:12:00,TXN-85516934CA1A4A
207072,57072,NetBanking,Success,20524.1,2026-06-02 01:56:00,TXN-7D71CFF753F8C1
207073,57073,Debit Card,Failed,619.62,2024-10-23 00:52:00,TXN-F3C704FE69848C
207074,57074,Debit Card,Success,18501.43,2025-09-25 01:53:00,TXN-79B64871BE9F87
207075,57075,Credit Card,Success,11449.91,2024-04-23 00:02:00,TXN-C8859CE1ED1444
207076,57076,Cash on Delivery,Success,983.45,2025-03-07 00:04:00,TXN-F02874CF9317C6
207077,57077,PayPal,Success,11994.11,2024-06-07 01:30:00,TXN-9AC15E746B3AC3
207078,57078,NetBanking,Success,581.25,2022-07-24 00:35:00,TXN-5B1DA5B5E48244
207079,57079,UPI,Success,2023.84,2023-07-03 01:09:00,TXN-E9C72759062ABA
207080,57080,NetBanking,Success,3699.57,2024-04-19 00:31:00,TXN-F5DA80AC043AAE
207081,57081,Credit Card,Success,2683.04,2022-05-04 00:57:00,TXN-E96D2C19374BBA
207082,57082,UPI,Success,923.61,2023-08-13 00:32:00,TXN-1373D9521111E3
207083,57083,UPI,Success,2267.68,2023-01-07 00:10:00,TXN-CCCB8915B36656
207084,57084,Debit Card,Success,31921.52,2024-08-17 01:59:00,TXN-F3683D95795D3E
207085,57085,Cash on Delivery,Success,2118.7,2026-05-31 01:40:00,TXN-C6C31403B6D1DC
207086,57086,Cash on Delivery,Success,4049.26,2024-09-26 01:25:00,TXN-C34D983734D02C
207087,57087,Credit Card,Success,9201.4,2024-06-13 01:36:00,TXN-834994A22A9879
207088,57088,Debit Card,Success,95631.05,2023-12-25 00:27:00,TXN-8EB6A0DDB3CA3F
207089,57089,UPI,Success,6680.81,2022-05-07 01:34:00,TXN-BD08BA7D529679
207090,57090,Cash on Delivery,Refunded,3525.14,2025-01-02 00:44:00,TXN-C31E7283A85A3B
207091,57091,UPI,Success,6141.59,2026-06-30 01:46:00,TXN-0398DA584278B6
207092,57092,NetBanking,Success,2835.7,2023-12-15 00:43:00,TXN-6E5D547F184273
207093,57093,Cash on Delivery,Success,2145.78,2024-08-22 01:01:00,TXN-E56268BD5E5383
207094,57094,NetBanking,Success,74421.78,2025-06-27 01:51:00,TXN-7787F15C759B5D
207095,57095,Credit Card,Success,2104.64,2023-04-10 00:12:00,TXN-1228621470615F
207096,57096,NetBanking,Refunded,3454.82,2023-09-12 00:13:00,TXN-69E28AAEB2FFA1
207097,57097,PayPal,Success,3272.22,2022-12-14 00:58:00,TXN-2C1828912F65C4
207098,57098,Credit Card,Refunded,1399.58,2023-11-17 00:24:00,TXN-34167AB6150236
207099,57099,Cash on Delivery,Success,7420.27,2023-07-02 00:55:00,TXN-C5211E81E0F546
207100,57100,PayPal,Success,1539.57,2025-03-16 00:24:00,TXN-FD118C5075DC66
207101,57101,Cash on Delivery,Success,3579.88,2025-09-14 00:28:00,TXN-B300C8EBB41EF4
207102,57102,NetBanking,Success,163.95,2022-11-08 00:26:00,TXN-F3CD51FB0C98DD
207103,57103,PayPal,Success,5138.19,2023-10-08 01:30:00,TXN-C39CE80C10D470
207104,57104,UPI,Refunded,1562.39,2022-02-24 01:53:00,TXN-F9D3E9393B4AE2
207105,57105,NetBanking,Success,6601.44,2022-08-03 00:38:00,TXN-A890142BBE6ABB
207106,57106,Debit Card,Success,6626.09,2023-05-12 01:43:00,TXN-2F7E4644FE42EF
207107,57107,Credit Card,Success,5412.77,2024-09-27 00:26:00,TXN-CEED89DA81E112
207108,57108,Cash on Delivery,Success,64059.84,2026-01-07 00:10:00,TXN-663ED5118F416F
207109,57109,Credit Card,Success,2799.8,2023-01-15 01:12:00,TXN-86ECDFBC02A7A3
207110,57110,Debit Card,Success,9720.92,2023-03-13 01:43:00,TXN-7BA98FD0F51C8C
207111,57111,Debit Card,Success,3940.48,2025-02-21 00:25:00,TXN-362DBA71FA7B4C
207112,57112,PayPal,Success,11354.29,2025-08-01 00:25:00,TXN-D1F7B1D7375427
207113,57113,Cash on Delivery,Success,9605.92,2026-03-02 00:31:00,TXN-D89008749E3349
207114,57114,Cash on Delivery,Success,12747.11,2024-03-26 00:33:00,TXN-B469154C8F523D
207115,57115,Debit Card,Success,3860.63,2026-05-30 01:55:00,TXN-3EDAE6E3975ACA
207116,57116,PayPal,Success,921.47,2024-01-26 01:26:00,TXN-ED58B98CAB9EFB
207117,57117,NetBanking,Success,1730.22,2022-08-30 00:16:00,TXN-A0C5D39199A052
207118,57118,UPI,Success,42078.31,2024-11-11 01:11:00,TXN-A8A1714673F30B
207119,57119,Credit Card,Success,2548.32,2023-02-24 01:53:00,TXN-20D0673AF85030
207120,57120,Credit Card,Success,21347.15,2025-11-03 01:16:00,TXN-AA888F3E38E84C
207121,57121,Debit Card,Success,1214.64,2025-04-22 01:57:00,TXN-BC10127F5BD827
207122,57122,Credit Card,Success,98345.51,2023-08-03 01:48:00,TXN-DFD15B9D082135
207123,57123,Credit Card,Success,2792.75,2024-04-14 01:44:00,TXN-EFEF5C7E2C4CE5
207124,57124,Debit Card,Failed,4893.95,2023-06-11 00:50:00,TXN-9E6A390EF4DF32
207125,57125,NetBanking,Success,14566.65,2025-10-06 01:16:00,TXN-8C1BFD6AF802D5
207126,57126,Cash on Delivery,Success,22279.3,2026-04-17 00:35:00,TXN-DDBC3568703F42
207127,57127,NetBanking,Success,2888.88,2026-06-27 00:28:00,TXN-89DD17E187192B
207128,57128,Debit Card,Success,7308.09,2022-01-06 00:30:00,TXN-3C09D5D331EDD7
207129,57129,Credit Card,Success,65057.24,2025-06-11 00:32:00,TXN-612C2299D39BC2
207130,57130,UPI,Success,1521.58,2024-12-13 01:26:00,TXN-F453C2037DD9EE
207131,57131,NetBanking,Success,53128.36,2024-07-08 00:09:00,TXN-7D0025552507FB
207132,57132,Debit Card,Success,24310.04,2022-06-25 01:01:00,TXN-E2C06357D73689
207133,57133,PayPal,Refunded,9107.06,2025-10-14 01:41:00,TXN-8375865E25ACD3
207134,57134,PayPal,Success,2100.4,2024-06-06 01:24:00,TXN-910CED3A74960A
207135,57135,PayPal,Success,952.4,2022-08-07 00:12:00,TXN-28E4EC715A7FCA
207136,57136,NetBanking,Success,4358.64,2025-08-22 00:40:00,TXN-9E95D48103CFCE
207137,57137,NetBanking,Success,5677.52,2026-03-24 01:43:00,TXN-8AA5AF33A5E56F
207138,57138,Credit Card,Success,473.36,2022-11-19 00:58:00,TXN-49594180A6EC27
207139,57139,Credit Card,Success,25845.26,2026-04-25 01:39:00,TXN-BE5A85694ED54C
207140,57140,UPI,Success,6582.2,2024-05-11 00:36:00,TXN-B0B6DA12B73F13
207141,57141,Credit Card,Success,17417.89,2024-06-14 01:18:00,TXN-839621AD47231F
207142,57142,UPI,Success,11775.92,2023-01-17 01:40:00,TXN-8B53BEDB71ECEF
207143,57143,UPI,Success,2895.35,2026-03-11 00:02:00,TXN-AA6654C4F7CAB3
207144,57144,Cash on Delivery,Success,3644.62,2023-05-15 00:49:00,TXN-7EECFB0582A240
207145,57145,Cash on Delivery,Refunded,75420.2,2026-02-26 01:45:00,TXN-5D10B65DAF9B3C
207146,57146,NetBanking,Success,11372.12,2022-03-27 00:06:00,TXN-9A83D578743FF8
207147,57147,PayPal,Success,21373.15,2025-07-24 01:11:00,TXN-4CABACF8C069B1
207148,57148,Cash on Delivery,Success,10018.45,2026-03-03 00:48:00,TXN-8AF67CEEDC669A
207149,57149,UPI,Success,109493.23,2022-06-07 00:33:00,TXN-50F4D03AF47703
207150,57150,Debit Card,Success,6469.3,2024-02-27 00:54:00,TXN-78022B3512D9C2
207151,57151,Cash on Delivery,Success,5562.77,2025-01-27 01:53:00,TXN-689EF3B1D81E83
207152,57152,Credit Card,Success,39986.91,2023-11-29 00:22:00,TXN-A9B9FB4A202E30
207153,57153,Debit Card,Failed,221.33,2026-03-05 00:38:00,TXN-345A4827D128BD
207154,57154,PayPal,Success,99638.25,2022-02-06 01:42:00,TXN-5ED811D680A0BF
207155,57155,Debit Card,Success,56276.57,2024-10-28 01:42:00,TXN-C20DB6B0ED17CE
207156,57156,NetBanking,Success,74447.88,2023-07-09 00:35:00,TXN-70676D958B567B
207157,57157,Credit Card,Success,814.58,2024-10-21 01:56:00,TXN-1D197B5699EE91
207158,57158,NetBanking,Success,10400.11,2022-09-11 01:11:00,TXN-63FBB56D4390A0
207159,57159,NetBanking,Success,30229.37,2025-08-11 01:49:00,TXN-869A0FBA058986
207160,57160,Debit Card,Success,28532.02,2022-04-28 01:03:00,TXN-9AE3CB09781CF6
207161,57161,Debit Card,Success,12754.73,2024-01-22 00:28:00,TXN-99BE6B9EB0F7D9
207162,57162,NetBanking,Success,18242.91,2024-12-03 01:18:00,TXN-4A9B98CA06BCDC
207163,57163,UPI,Refunded,161.7,2025-11-13 00:30:00,TXN-2F2F77DFDE8F94
207164,57164,Debit Card,Success,9720.23,2024-07-13 00:08:00,TXN-5A877BEF8B7EDC
207165,57165,NetBanking,Success,12491.04,2024-05-26 01:30:00,TXN-94212827A6CAE1
207166,57166,Debit Card,Success,47474.39,2024-06-06 00:16:00,TXN-2D0AD39AFB31E2
207167,57167,Debit Card,Success,9909.29,2022-02-26 01:25:00,TXN-B07AA62C35EE42
207168,57168,Credit Card,Success,16543.93,2022-12-10 00:50:00,TXN-AEEA309EE0B4C7
207169,57169,UPI,Success,9656.12,2024-03-17 01:30:00,TXN-F9C93C2C5A9B87
207170,57170,Debit Card,Success,1470.98,2022-10-06 00:29:00,TXN-C0C7F36EBB51D8
207171,57171,Credit Card,Success,75098.11,2022-01-07 01:57:00,TXN-6DA3C30F6F4BA4
207172,57172,Credit Card,Refunded,655.63,2023-11-11 00:38:00,TXN-56F6B3F322DCBD
207173,57173,Debit Card,Success,70579.29,2025-07-24 00:48:00,TXN-F19070C084251A
207174,57174,NetBanking,Failed,622.96,2023-02-16 00:32:00,TXN-EC10FA0185CD74
207175,57175,Debit Card,Success,10274.64,2025-08-27 00:35:00,TXN-74C00E20F8D7C7
207176,57176,PayPal,Success,1588.45,2023-02-09 00:10:00,TXN-59881876AEC746
207177,57177,Credit Card,Success,5888.93,2024-01-02 00:24:00,TXN-0962DCC4389834
207178,57178,Credit Card,Success,35402.63,2025-12-23 01:46:00,TXN-98C5C8C5AD6EAE
207179,57179,Credit Card,Success,8808.72,2024-03-09 01:20:00,TXN-D5ECA7EA32BAC1
207180,57180,Cash on Delivery,Success,14244.6,2023-08-08 00:48:00,TXN-46154EAC24EA60
207181,57181,Credit Card,Success,8768.39,2024-07-09 00:30:00,TXN-25C6B7BC319B27
207182,57182,NetBanking,Success,54366.19,2024-07-24 01:05:00,TXN-FC129E946D4923
207183,57183,Cash on Delivery,Success,16948.91,2024-02-23 01:32:00,TXN-6203150B9FA85B
207184,57184,UPI,Success,19312.24,2026-02-11 01:34:00,TXN-71C710ACCBAC95
207185,57185,Debit Card,Success,18475.94,2022-12-12 00:21:00,TXN-0FF2AB0937C317
207186,57186,UPI,Success,21458.74,2024-02-16 00:37:00,TXN-32B396660F5852
207187,57187,Cash on Delivery,Success,53229.35,2025-05-05 00:27:00,TXN-ECCFE009891D3B
207188,57188,Debit Card,Success,24762.82,2026-04-12 00:23:00,TXN-BB701459DDCEC6
207189,57189,Credit Card,Success,17082.08,2025-07-24 01:44:00,TXN-DA68B9A286D483
207190,57190,Cash on Delivery,Success,19553.19,2024-10-29 01:03:00,TXN-EC9AD1CB088616
207191,57191,NetBanking,Success,14893.68,2024-03-22 00:16:00,TXN-D35DAD2954ECA7
207192,57192,Cash on Delivery,Success,6229.36,2025-07-10 00:14:00,TXN-517C23B91C4ACA
207193,57193,NetBanking,Success,165.59,2024-01-16 00:57:00,TXN-8A4CA52C1F0579
207194,57194,Cash on Delivery,Success,56770.6,2025-09-06 01:54:00,TXN-ECE11032E9250C
207195,57195,Debit Card,Success,76263.65,2025-02-20 01:40:00,TXN-2BE06DF15856D7
207196,57196,PayPal,Success,19016.85,2024-07-19 01:03:00,TXN-468EE2D2094AAD
207197,57197,UPI,Success,17785.35,2023-02-01 00:30:00,TXN-79195CCAFE667F
207198,57198,Credit Card,Success,1923.73,2024-08-21 00:32:00,TXN-0D2B7957C5CA2A
207199,57199,Debit Card,Refunded,222120.6,2023-01-13 01:10:00,TXN-BDBF317B96C7A8
207200,57200,PayPal,Success,4405.27,2024-07-23 00:44:00,TXN-AEF74D0FC689AA
207201,57201,Debit Card,Refunded,820.25,2025-05-15 00:47:00,TXN-169585823654BB
207202,57202,UPI,Success,188703.47,2022-03-16 00:27:00,TXN-6A8D2BDF5F1348
207203,57203,Debit Card,Success,5300.13,2025-04-07 01:52:00,TXN-FA2788171F17E4
207204,57204,UPI,Success,11354.29,2025-02-18 00:51:00,TXN-63AF73A78BD2E7
207205,57205,Credit Card,Success,13653.29,2025-08-11 01:49:00,TXN-FC853D1A946C05
207206,57206,PayPal,Success,28638.37,2023-02-10 00:21:00,TXN-465FC13DD4004E
207207,57207,NetBanking,Success,7630.64,2024-02-07 00:11:00,TXN-688CC121B63F5A
207208,57208,PayPal,Success,1650.14,2022-08-07 00:26:00,TXN-61BF6177C54005
207209,57209,PayPal,Success,10305.38,2024-12-12 00:41:00,TXN-FEB908E0CAF36C
207210,57210,NetBanking,Success,7904.72,2022-04-22 00:38:00,TXN-E966CFA251D790
207211,57211,UPI,Success,2699.1,2023-05-29 00:45:00,TXN-9E5C6BF2A1FD7F
207212,57212,NetBanking,Success,43006.43,2026-01-29 00:19:00,TXN-29FCA25260E2F7
207213,57213,Cash on Delivery,Success,11416.78,2022-01-16 01:23:00,TXN-E0B3C954222F4D
207214,57214,Cash on Delivery,Failed,10319.62,2022-01-13 00:02:00,TXN-16DFA1829E39DC
207215,57215,Cash on Delivery,Success,2970.75,2024-10-31 00:58:00,TXN-4978824064D480
207216,57216,Cash on Delivery,Success,6554.74,2025-02-26 00:48:00,TXN-8124A51462EAA2
207217,57217,PayPal,Success,1312.14,2022-09-28 00:10:00,TXN-B3BEF80E5C33FE
207218,57218,UPI,Success,31226.02,2023-05-12 00:19:00,TXN-CC919EF939D9A3
207219,57219,UPI,Success,20595.16,2022-10-05 01:25:00,TXN-BF3DC43ADBBEBC
207220,57220,NetBanking,Success,9237.21,2023-07-04 00:42:00,TXN-38DF5D290B35E1
207221,57221,NetBanking,Success,19283.2,2024-02-19 00:14:00,TXN-016C3435B3DE1B
207222,57222,Cash on Delivery,Refunded,2429.19,2025-04-29 01:07:00,TXN-223C4F50A30051
207223,57223,Cash on Delivery,Success,130632.38,2022-06-13 00:15:00,TXN-933BFE37DD8656
207224,57224,UPI,Success,166627.62,2023-10-29 01:47:00,TXN-25121F8EF8E942
207225,57225,NetBanking,Success,2519.24,2025-12-29 00:19:00,TXN-70F352C7EC3C46
207226,57226,Cash on Delivery,Success,14617.52,2022-06-25 00:04:00,TXN-69925AB68D6631
207227,57227,Debit Card,Success,10231.21,2025-04-28 01:36:00,TXN-73577D7BE8EF5A
207228,57228,UPI,Success,7676.03,2023-04-30 00:14:00,TXN-10412E0176EC03
207229,57229,Debit Card,Success,1098.59,2025-06-03 01:09:00,TXN-2A093D315D5252
207230,57230,Debit Card,Success,1203.65,2023-03-15 01:05:00,TXN-29870843117B89
207231,57231,UPI,Success,73013.49,2022-09-05 00:25:00,TXN-7E74D4B5CE094D
207232,57232,NetBanking,Refunded,466.11,2025-03-31 00:43:00,TXN-D37DC76BD6A698
207233,57233,PayPal,Success,6428.51,2023-04-29 01:10:00,TXN-2697B0939CEB5E
207234,57234,Debit Card,Success,1391.67,2022-09-26 01:51:00,TXN-25CF4B6AB9267A
207235,57235,NetBanking,Success,3922.28,2023-03-28 00:38:00,TXN-F600D7B16AAA0C
207236,57236,Cash on Delivery,Success,29284.76,2025-12-28 00:38:00,TXN-D3335123D199D6
207237,57237,Credit Card,Success,1679.14,2022-05-31 00:54:00,TXN-F6F6F0B2364D79
207238,57238,Cash on Delivery,Success,5469.35,2024-10-30 01:53:00,TXN-BF0A288895C6AE
207239,57239,UPI,Success,32235.86,2026-03-15 01:34:00,TXN-285FEFAB2A2650
207240,57240,Cash on Delivery,Success,13861.61,2024-12-15 00:13:00,TXN-BA7E42B31C8B09
207241,57241,Cash on Delivery,Success,18591.81,2022-03-15 01:49:00,TXN-33287318DE03C4
207242,57242,Credit Card,Success,94027.21,2022-05-09 00:57:00,TXN-04636805881036
207243,57243,NetBanking,Success,372.34,2024-08-13 00:39:00,TXN-05B9534065E07E
207244,57244,Credit Card,Success,23534.07,2022-01-31 01:25:00,TXN-3F9AD47826A263
207245,57245,NetBanking,Refunded,36167.51,2026-06-28 00:55:00,TXN-41009686EE9FBE
207246,57246,NetBanking,Success,3663.68,2022-10-07 01:56:00,TXN-28C25830054847
207247,57247,Cash on Delivery,Success,10430.67,2024-01-31 01:14:00,TXN-A0564EE4BBA34C
207248,57248,Cash on Delivery,Success,14651.6,2023-02-17 01:58:00,TXN-6EDB5E81D96BEA
207249,57249,Cash on Delivery,Success,49734.34,2026-05-22 00:57:00,TXN-7D58E8A0299EBF
207250,57250,Debit Card,Success,9121.4,2022-12-05 00:59:00,TXN-CB1209F6E186A8
207251,57251,UPI,Success,56352.96,2023-07-10 00:14:00,TXN-258128989F445C
207252,57252,UPI,Success,7124.96,2025-08-26 01:13:00,TXN-860266A074EB6A
207253,57253,UPI,Refunded,230580.83,2026-06-23 00:23:00,TXN-1405291DB8AD9A
207254,57254,Credit Card,Success,1364.31,2025-12-02 00:39:00,TXN-B2071E6E059F5F
207255,57255,Credit Card,Success,9227.41,2025-04-06 00:50:00,TXN-8BADECEDE65489
207256,57256,Debit Card,Success,1357.31,2026-01-04 01:25:00,TXN-F98DCF70516361
207257,57257,UPI,Success,1097.37,2024-09-16 01:45:00,TXN-D9794F457BAD9C
207258,57258,UPI,Success,54397.72,2022-09-01 00:51:00,TXN-0A319A7EDAB75F
207259,57259,Cash on Delivery,Refunded,71672.7,2022-07-26 00:58:00,TXN-B7FB2A8C606E67
207260,57260,Cash on Delivery,Failed,54878.82,2022-12-12 01:35:00,TXN-400775F8430010
207261,57261,NetBanking,Success,22521.4,2022-05-21 01:47:00,TXN-86A2CA44FE01B1
207262,57262,Cash on Delivery,Success,1732.13,2026-06-17 00:22:00,TXN-754771DAB73E28
207263,57263,NetBanking,Success,6725.93,2025-04-27 01:17:00,TXN-FCC06083244D7D
207264,57264,Debit Card,Success,7273.93,2023-03-23 00:53:00,TXN-55DCE68FC437FF
207265,57265,Debit Card,Success,8104.21,2024-11-23 01:01:00,TXN-4F9065C33265FA
207266,57266,NetBanking,Refunded,402.36,2022-12-21 00:39:00,TXN-B4347D5FBC4E78
207267,57267,UPI,Success,5802.78,2024-10-26 01:00:00,TXN-BC4B732202FEA9
207268,57268,NetBanking,Success,3474.44,2024-03-09 00:36:00,TXN-30B8A2C30172FA
207269,57269,Cash on Delivery,Success,28781.93,2024-07-20 00:25:00,TXN-5E4180BF999005
207270,57270,PayPal,Failed,26124.45,2023-07-19 01:08:00,TXN-750A2FD54F7098
207271,57271,Credit Card,Success,42916.86,2026-06-13 00:28:00,TXN-07CB8A147C0B5A
207272,57272,UPI,Success,64741.14,2022-01-13 00:35:00,TXN-EFCEC05E723C99
207273,57273,Credit Card,Success,9159.52,2024-02-01 00:03:00,TXN-9F498516B05363
207274,57274,Credit Card,Success,32043.32,2022-03-13 01:36:00,TXN-3E856E0901605D
207275,57275,Credit Card,Refunded,90897.03,2025-01-02 01:29:00,TXN-8F0691C43D2532
207276,57276,Debit Card,Success,2202.18,2023-02-11 01:04:00,TXN-82441CF44691F3
207277,57277,PayPal,Success,506.29,2024-04-11 00:22:00,TXN-23DA264716F8E5
207278,57278,Credit Card,Success,2134.84,2026-05-20 01:54:00,TXN-8F7DF764C8EFFF
207279,57279,Cash on Delivery,Success,31144.54,2025-01-12 01:34:00,TXN-D871594617F9AC
207280,57280,NetBanking,Success,28831.24,2023-08-08 01:04:00,TXN-D0BD0CF1030605
207281,57281,Debit Card,Success,43601.34,2022-08-05 00:09:00,TXN-31FAA1FC74C8D6
207282,57282,Credit Card,Success,3816.99,2025-11-18 00:14:00,TXN-515FC5397DB07B
207283,57283,Credit Card,Success,18963.86,2025-02-19 01:25:00,TXN-61226267176491
207284,57284,Credit Card,Success,16110.15,2025-12-06 01:34:00,TXN-B1FE6AA97F15E2
207285,57285,PayPal,Success,392560.06,2022-03-25 01:09:00,TXN-407F11684564D7
207286,57286,UPI,Success,22603.4,2023-07-29 01:16:00,TXN-EB97C82EE77951
207287,57287,Credit Card,Refunded,4298.41,2026-06-18 01:39:00,TXN-2026D18E298F5E
207288,57288,PayPal,Success,114232.57,2025-07-28 00:52:00,TXN-165B690A35325E
207289,57289,Cash on Delivery,Success,6158.14,2022-02-26 01:37:00,TXN-4BC1DDEF6BF8A7
207290,57290,Cash on Delivery,Success,6229.36,2022-10-19 00:29:00,TXN-2B94BD35B7D21E
207291,57291,Debit Card,Success,20177.79,2023-08-01 01:21:00,TXN-D76E739009098B
207292,57292,PayPal,Success,36017.2,2025-08-03 01:07:00,TXN-950730FD585E7C
207293,57293,NetBanking,Refunded,49556.98,2022-05-25 00:41:00,TXN-6759763C333733
207294,57294,Cash on Delivery,Success,6468.04,2023-10-31 00:05:00,TXN-9BB89914E2B911
207295,57295,PayPal,Refunded,9382.94,2024-05-16 00:22:00,TXN-BD2A2563897DF4
207296,57296,Cash on Delivery,Success,45292.52,2024-12-08 00:10:00,TXN-D72E75E99E28BD
207297,57297,Credit Card,Success,3408.51,2023-08-11 01:28:00,TXN-5ED7D4DD62BC89
207298,57298,Debit Card,Success,2796.57,2023-11-22 00:33:00,TXN-AB0EA2A2B6D030
207299,57299,Credit Card,Success,51631.73,2025-06-06 00:18:00,TXN-9390CCA89A0A2C
207300,57300,NetBanking,Success,13333.5,2022-01-16 00:17:00,TXN-B274F8B46060C0
207301,57301,NetBanking,Success,4195.88,2024-04-03 00:30:00,TXN-5D80C19DA1CDC3
207302,57302,Cash on Delivery,Success,10082.74,2022-06-06 01:36:00,TXN-302C5668F41855
207303,57303,Credit Card,Success,4768.59,2022-12-15 01:21:00,TXN-CB73DB3B64442B
207304,57304,Cash on Delivery,Success,10801.12,2024-12-28 00:53:00,TXN-74B87A38B474C2
207305,57305,PayPal,Success,2077.8,2022-09-30 01:49:00,TXN-857D73000E32C0
207306,57306,UPI,Success,22938.08,2024-08-26 00:16:00,TXN-92385A2A135123
207307,57307,UPI,Success,77314.72,2023-06-01 00:27:00,TXN-72DC2D0F106FAB
207308,57308,NetBanking,Success,7726.91,2022-03-15 01:07:00,TXN-22CB245D23348A
207309,57309,UPI,Success,67122.7,2025-06-15 01:16:00,TXN-DA00155411CF9A
207310,57310,NetBanking,Success,454.39,2022-03-29 01:33:00,TXN-25C487FED718FB
207311,57311,UPI,Success,35636.02,2023-04-23 00:51:00,TXN-B919E9F92D3379
207312,57312,UPI,Success,27939.47,2022-11-18 00:16:00,TXN-9E229CB062D347
207313,57313,PayPal,Success,50753.03,2023-08-02 00:41:00,TXN-DCD9C55DDABFBF
207314,57314,Cash on Delivery,Success,1713.6,2025-07-19 00:41:00,TXN-E4E204191BE164
207315,57315,Debit Card,Success,160354.64,2023-03-26 00:13:00,TXN-B85B1260810EEC
207316,57316,PayPal,Success,55447.46,2026-01-26 00:12:00,TXN-6CBE73C7C72B28
207317,57317,Cash on Delivery,Refunded,159853.83,2023-07-18 01:43:00,TXN-0BB85FA67F400B
207318,57318,PayPal,Success,32889.96,2022-09-23 00:33:00,TXN-6D671C57A7BF5A
207319,57319,PayPal,Success,26176.67,2022-06-15 00:30:00,TXN-11DC48B64D89A4
207320,57320,Credit Card,Success,23311.85,2025-12-17 01:41:00,TXN-A556F64F8B2227
207321,57321,NetBanking,Success,61133.6,2022-02-20 01:09:00,TXN-A822F81FE5E0E7
207322,57322,UPI,Success,8892.67,2023-11-06 01:44:00,TXN-EAD3B1265A4E9C
207323,57323,PayPal,Success,14789.89,2022-01-01 01:55:00,TXN-3C4352B339F94D
207324,57324,UPI,Success,1578.26,2026-05-23 00:10:00,TXN-8FDAAA440C3707
207325,57325,NetBanking,Success,46552.55,2025-11-26 01:57:00,TXN-729C735519F02F
207326,57326,UPI,Success,93766.04,2022-07-06 00:17:00,TXN-B23598ACBD08A7
207327,57327,Debit Card,Failed,8256.05,2023-06-02 01:16:00,TXN-7D24452E47A928
207328,57328,Cash on Delivery,Success,6612.07,2022-02-06 00:22:00,TXN-72536D5E3AEA14
207329,57329,PayPal,Success,27126.22,2023-01-10 00:06:00,TXN-3589D6FE384FFD
207330,57330,Credit Card,Success,1171.89,2022-11-10 00:37:00,TXN-C618A8D3BB0CF0
207331,57331,Cash on Delivery,Success,10190.13,2023-11-22 00:07:00,TXN-1DF7534C07C07D
207332,57332,Debit Card,Success,5671.4,2024-05-30 01:52:00,TXN-6AAE358E868D6C
207333,57333,PayPal,Success,140345.22,2024-09-07 01:10:00,TXN-3C50C705A1C3E2
207334,57334,UPI,Success,48675.66,2025-10-27 00:29:00,TXN-DF9E4EB40EF6FC
207335,57335,NetBanking,Success,2610.17,2023-06-13 01:07:00,TXN-B48A793770985D
207336,57336,Credit Card,Refunded,4711.14,2024-08-03 01:38:00,TXN-FBF4D0D8F39B93
207337,57337,NetBanking,Success,161.7,2024-02-19 00:56:00,TXN-6E8B50BB2344D9
207338,57338,Credit Card,Success,63316.33,2024-11-17 01:12:00,TXN-0254C597776955
207339,57339,Cash on Delivery,Success,6802.68,2024-08-27 01:24:00,TXN-AC83F7587DE385
207340,57340,Credit Card,Success,75736.24,2026-03-10 01:31:00,TXN-6984D0384BD9B9
207341,57341,UPI,Success,68125.66,2023-06-13 01:11:00,TXN-3FEFB045877015
207342,57342,NetBanking,Success,36167.51,2025-05-15 00:06:00,TXN-C7EADB4EFBE1A3
207343,57343,PayPal,Refunded,52176.87,2025-09-06 01:58:00,TXN-3029AC427686EF
207344,57344,NetBanking,Success,8678.4,2022-01-05 01:07:00,TXN-B0848584B53E1A
207345,57345,Credit Card,Success,4592.51,2024-05-20 01:14:00,TXN-71812B7A88F44B
207346,57346,PayPal,Success,983.03,2024-06-24 00:26:00,TXN-2F36DBE4F8AEDF
207347,57347,NetBanking,Success,56930.77,2025-07-09 00:42:00,TXN-B95AD14D5DED02
207348,57348,Cash on Delivery,Success,30863.3,2026-02-10 00:44:00,TXN-90DCC4EB0D52B1
207349,57349,Cash on Delivery,Success,9166.85,2022-04-05 00:52:00,TXN-51BB3296E24859
207350,57350,Cash on Delivery,Success,11354.29,2022-06-07 00:14:00,TXN-5B89E9A148BD0F
207351,57351,NetBanking,Success,1847.22,2023-07-03 00:39:00,TXN-56258FF6DFDC04
207352,57352,Cash on Delivery,Success,5538.85,2026-03-04 01:36:00,TXN-C1595B128E3657
207353,57353,Credit Card,Success,3625.43,2025-04-16 00:01:00,TXN-7517F0AF3D6ACD
207354,57354,PayPal,Success,12383.21,2024-07-05 01:18:00,TXN-DCB4F080A4675D
207355,57355,PayPal,Success,19804.06,2025-11-04 00:49:00,TXN-A6CA9F8BAD782C
207356,57356,NetBanking,Success,6772.51,2023-08-11 00:47:00,TXN-D8440734001B71
207357,57357,NetBanking,Success,8913.79,2024-10-13 00:56:00,TXN-08D5EFC52EF96D
207358,57358,Debit Card,Success,49678.55,2022-06-25 01:23:00,TXN-D59495402FA9FB
207359,57359,Debit Card,Success,3166.72,2024-11-29 00:59:00,TXN-219D5A7312E129
207360,57360,PayPal,Success,30202.76,2025-06-12 00:29:00,TXN-469726E1788F7C
207361,57361,Credit Card,Success,14535.2,2024-10-04 01:48:00,TXN-FFD5A43C4317EE
207362,57362,NetBanking,Success,5106.77,2022-09-05 01:51:00,TXN-9497E086B90C75
207363,57363,UPI,Success,19442.99,2022-10-24 01:15:00,TXN-80D4A3B9FCDDCA
207364,57364,Credit Card,Success,10797.23,2022-12-27 00:49:00,TXN-A993711AC19A89
207365,57365,PayPal,Success,35774.69,2026-05-24 00:54:00,TXN-FF47F8226AFDF6
207366,57366,Debit Card,Success,30697.92,2022-09-28 00:17:00,TXN-D7F67ABA88C164
207367,57367,Credit Card,Success,181237.46,2024-08-03 00:48:00,TXN-199719761A6D45
207368,57368,NetBanking,Success,11410.6,2026-04-23 01:29:00,TXN-005A452A5E1202
207369,57369,Debit Card,Success,27755.76,2024-04-07 00:53:00,TXN-BBDD29129F9195
207370,57370,PayPal,Success,11587.61,2022-04-25 01:59:00,TXN-D316835A0A3072
207371,57371,NetBanking,Success,482.29,2026-01-10 00:47:00,TXN-76CA37385AC533
207372,57372,PayPal,Success,102858.6,2023-02-16 00:14:00,TXN-D85C0D4B2FFDF1
207373,57373,Cash on Delivery,Success,3454.82,2023-11-10 01:02:00,TXN-7DC195D88C1F9F
207374,57374,Credit Card,Success,58581.94,2023-02-01 01:29:00,TXN-C5EF94B90C2796
207375,57375,Cash on Delivery,Success,24587.74,2022-08-23 00:43:00,TXN-014F733FE0130C
207376,57376,Cash on Delivery,Refunded,23120.94,2024-04-07 00:09:00,TXN-155A3917C92FAB
207377,57377,NetBanking,Success,19316.22,2023-08-24 00:06:00,TXN-A7EF0972A52002
207378,57378,Debit Card,Success,8704.88,2022-03-08 01:23:00,TXN-51F279B11FC624
207379,57379,Cash on Delivery,Success,33983.47,2022-02-27 00:14:00,TXN-59D3E78081A93E
207380,57380,Credit Card,Success,84379.31,2023-04-21 01:17:00,TXN-14E6C4CF96F334
207381,57381,Cash on Delivery,Success,21286.63,2022-04-30 00:48:00,TXN-52A06B09B5B6B4
207382,57382,UPI,Refunded,61664.56,2025-10-24 01:33:00,TXN-1EB2C83042065B
207383,57383,Debit Card,Refunded,2609.04,2022-06-14 01:51:00,TXN-7D9C4A35259EFD
207384,57384,UPI,Success,50737.28,2024-01-29 00:24:00,TXN-BF82F3A3BEBEDD
207385,57385,Credit Card,Success,10008.58,2023-08-09 01:46:00,TXN-51FAC9FD251FF7
207386,57386,Credit Card,Refunded,13533.47,2023-07-21 01:11:00,TXN-40C6C0E97EC305
207387,57387,PayPal,Success,95193.81,2023-11-11 01:05:00,TXN-B13E9B2065E80A
207388,57388,UPI,Success,2695.68,2022-09-13 01:32:00,TXN-DE5C4243B23CA8
207389,57389,Cash on Delivery,Success,21739.36,2022-03-06 01:02:00,TXN-BC4634329AC947
207390,57390,PayPal,Success,30782.91,2022-01-12 00:47:00,TXN-74540E8270DF12
207391,57391,NetBanking,Success,60510.54,2024-03-05 01:23:00,TXN-752A39C68D7705
207392,57392,Cash on Delivery,Success,7889.51,2026-05-10 01:11:00,TXN-B742DF2CC7498D
207393,57393,PayPal,Success,17409.76,2022-12-12 01:16:00,TXN-4E364E09214B29
207394,57394,Cash on Delivery,Success,31320.68,2026-03-24 00:06:00,TXN-2A3DE425DE18C7
207395,57395,UPI,Success,58531.73,2025-08-06 00:12:00,TXN-FB640C90453C7E
207396,57396,Cash on Delivery,Success,2376.6,2023-04-29 00:20:00,TXN-521E1E1DEDF129
207397,57397,Credit Card,Success,556.37,2022-05-04 01:21:00,TXN-E17F1D70A37960
207398,57398,NetBanking,Success,18213.72,2023-05-20 00:11:00,TXN-F4F37768C671C2
207399,57399,Credit Card,Refunded,14211.08,2023-02-06 01:07:00,TXN-77695F10FF8B82
207400,57400,Cash on Delivery,Success,19403.74,2026-01-14 00:05:00,TXN-47523B317FD282
207401,57401,Cash on Delivery,Success,10629.29,2023-02-03 00:42:00,TXN-03A0C6385CCBBE
207402,57402,Debit Card,Success,110894.92,2022-03-25 00:30:00,TXN-D89B02EF5BF30E
207403,57403,Debit Card,Success,78989.65,2022-06-23 01:25:00,TXN-9EAAE2D7E075EC
207404,57404,UPI,Success,51399.46,2025-08-20 00:19:00,TXN-CBD847FD88B548
207405,57405,NetBanking,Success,30085.54,2025-02-24 01:16:00,TXN-C30F949165FEEE
207406,57406,NetBanking,Success,48436.89,2024-03-10 00:31:00,TXN-1F4A9A964B64B1
207407,57407,Debit Card,Success,2359.11,2024-08-11 01:53:00,TXN-77BD129D7EA1F2
207408,57408,Cash on Delivery,Refunded,37002.86,2025-11-28 00:06:00,TXN-F27C8728412A4F
207409,57409,PayPal,Success,15946.04,2025-10-05 00:01:00,TXN-1B49E96E2CAB49
207410,57410,Cash on Delivery,Success,765.51,2024-10-25 01:25:00,TXN-85B0210BCF6236
207411,57411,PayPal,Failed,23578.23,2024-11-11 01:10:00,TXN-C9B6CC11285DD8
207412,57412,Cash on Delivery,Success,16819.27,2022-08-04 00:46:00,TXN-A90D1E6D0ACE37
207413,57413,Cash on Delivery,Success,40361.85,2023-01-16 00:52:00,TXN-D638F713AB8844
207414,57414,Debit Card,Failed,7423.32,2023-08-26 00:28:00,TXN-32182A630512D4
207415,57415,Credit Card,Success,13680.9,2022-08-30 01:38:00,TXN-4373510606DA65
207416,57416,Credit Card,Success,33645.83,2024-10-13 00:50:00,TXN-DA763492386737
207417,57417,UPI,Success,30785.16,2023-12-06 01:12:00,TXN-D96807638BAE3A
207418,57418,NetBanking,Success,79973.82,2025-11-15 00:09:00,TXN-2E37F1D515FB0A
207419,57419,UPI,Success,87638.56,2024-05-30 01:11:00,TXN-66D1E64D4DDDA0
207420,57420,Debit Card,Success,19024.9,2022-07-11 00:02:00,TXN-A8E4DD49BCF045
207421,57421,UPI,Success,11805.02,2024-08-19 01:53:00,TXN-23C3CD820FA866
207422,57422,UPI,Success,44195.72,2024-07-26 00:13:00,TXN-E775414007EF83
207423,57423,NetBanking,Success,210700.35,2026-02-04 00:08:00,TXN-6951F7D8B2396D
207424,57424,PayPal,Success,3113.5,2025-04-24 00:37:00,TXN-EDCB388AB441D4
207425,57425,NetBanking,Success,3940.48,2025-05-03 00:23:00,TXN-09EE4CD2FD90A0
207426,57426,Credit Card,Success,15404.71,2026-02-15 00:49:00,TXN-BEE2BFAFB833E9
207427,57427,Credit Card,Success,32571.12,2022-07-30 01:28:00,TXN-1C037D7A457B5B
207428,57428,Credit Card,Success,2900.19,2023-10-28 01:21:00,TXN-A36E4DCC9BF7A8
207429,57429,UPI,Success,1229.12,2022-11-21 01:13:00,TXN-B70227D673DE8E
207430,57430,Cash on Delivery,Success,810.18,2022-07-15 00:25:00,TXN-F0EC6CCC9CB355
207431,57431,NetBanking,Success,3454.82,2025-03-07 01:01:00,TXN-52BE94C47B433E
207432,57432,PayPal,Success,18557.64,2024-07-14 00:32:00,TXN-4568A2E22E87D8
207433,57433,NetBanking,Success,5502.85,2026-06-26 01:02:00,TXN-851CB2CEAE0121
207434,57434,Cash on Delivery,Success,8581.73,2024-05-08 01:05:00,TXN-AC5B11D9E3A0B9
207435,57435,Debit Card,Success,20609.84,2025-03-23 01:58:00,TXN-821E16B952EF3C
207436,57436,Cash on Delivery,Success,744.57,2024-01-05 00:11:00,TXN-BBEC08D4C95239
207437,57437,PayPal,Success,61560.86,2022-07-25 01:27:00,TXN-45A925608E78C0
207438,57438,NetBanking,Success,70081.3,2026-06-17 00:10:00,TXN-6CEDA9B794005E
207439,57439,NetBanking,Success,21049.08,2025-10-30 00:50:00,TXN-39CDAFA3307F25
207440,57440,NetBanking,Success,1730.22,2022-03-16 01:22:00,TXN-985C702E1CADE3
207441,57441,NetBanking,Success,322.27,2023-09-19 01:02:00,TXN-32CF17C0D433FC
207442,57442,Cash on Delivery,Success,18106.09,2025-11-28 01:38:00,TXN-EF10A73689983C
207443,57443,PayPal,Success,2711.59,2025-11-28 00:16:00,TXN-552DBD1A97FF19
207444,57444,PayPal,Success,22146.39,2023-10-16 00:20:00,TXN-AB0C9464CA79FB
207445,57445,Debit Card,Success,9106.57,2024-01-08 00:45:00,TXN-B682B592D19387
207446,57446,NetBanking,Success,1558.47,2025-04-28 01:43:00,TXN-40C3ED1A66B055
207447,57447,PayPal,Success,5790.7,2024-08-06 01:43:00,TXN-349B5CA88940AC
207448,57448,Debit Card,Success,49266.0,2023-01-02 00:54:00,TXN-F1D49DA38DF6AD
207449,57449,Cash on Delivery,Success,2799.8,2024-08-02 00:49:00,TXN-CE28C7BD571085
207450,57450,Debit Card,Success,39986.91,2023-04-12 00:18:00,TXN-7A341C5E9BE505
207451,57451,PayPal,Success,2554.7,2024-11-22 00:15:00,TXN-E22785D726D415
207452,57452,Cash on Delivery,Success,13563.11,2023-01-08 00:12:00,TXN-D0A8E454EEF5C6
207453,57453,Debit Card,Success,1783.25,2024-10-30 00:20:00,TXN-95FFC908DBBE39
207454,57454,Debit Card,Success,1144.81,2026-01-03 01:57:00,TXN-C6860EBE0D62FF
207455,57455,Cash on Delivery,Failed,8204.33,2023-07-30 01:50:00,TXN-7AD659427F933C
207456,57456,UPI,Success,10012.49,2023-05-20 00:40:00,TXN-BC01A3092735CE
207457,57457,Debit Card,Success,1035.46,2025-05-28 00:24:00,TXN-D25FB87D407C6B
207458,57458,Debit Card,Success,3109.34,2024-12-29 00:10:00,TXN-DA84481A0D114C
207459,57459,Cash on Delivery,Success,783.93,2025-05-07 01:42:00,TXN-B34356112D26DC
207460,57460,Cash on Delivery,Success,171614.68,2023-07-31 01:37:00,TXN-A447EC5F04E32D
207461,57461,Credit Card,Success,5109.77,2025-06-04 00:32:00,TXN-F4C1674E9D43F5
207462,57462,PayPal,Success,4298.41,2025-02-01 00:04:00,TXN-E2902C1360ECF1
207463,57463,Credit Card,Success,335.68,2022-04-26 01:29:00,TXN-3DF301F1B965B9
207464,57464,Cash on Delivery,Success,87833.84,2024-08-15 00:13:00,TXN-355E1BEE68CBBA
207465,57465,PayPal,Success,37606.92,2025-05-09 00:45:00,TXN-9782B3BF867D9C
207466,57466,Credit Card,Success,6229.36,2024-10-21 00:04:00,TXN-A49E16A857452F
207467,57467,UPI,Success,8717.28,2023-12-23 00:30:00,TXN-426C0E6C669A11
207468,57468,Cash on Delivery,Success,3816.62,2025-08-29 00:23:00,TXN-186A0AB7D8AE14
207469,57469,PayPal,Success,112538.42,2026-01-28 00:55:00,TXN-31A5171D4014AF
207470,57470,PayPal,Success,80820.63,2023-02-27 00:38:00,TXN-7535AD4C1AD175
207471,57471,PayPal,Success,79371.84,2022-08-20 01:31:00,TXN-2E0843C88B2D81
207472,57472,UPI,Success,24543.03,2023-05-13 01:56:00,TXN-6BF5890D22E6F8
207473,57473,Credit Card,Refunded,12303.58,2022-03-29 01:04:00,TXN-FBA0C8C8CAF78C
207474,57474,Cash on Delivery,Success,9677.22,2022-07-14 01:29:00,TXN-BA4F21968B1041
207475,57475,Credit Card,Success,24310.04,2024-03-05 01:56:00,TXN-9AC3A2ED15D487
207476,57476,Cash on Delivery,Success,8779.23,2023-06-03 00:56:00,TXN-A3F49DE542BC1D
207477,57477,UPI,Success,57370.79,2026-02-12 01:53:00,TXN-BAAB61D82BDDA8
207478,57478,UPI,Success,30863.3,2023-03-15 01:59:00,TXN-D6DE757817A6D6
207479,57479,Debit Card,Success,8724.17,2024-08-14 00:25:00,TXN-A4DE5ECAA9DAF6
207480,57480,Cash on Delivery,Success,12857.02,2024-12-22 00:20:00,TXN-1A37F4E8DE3AD4
207481,57481,Cash on Delivery,Success,51390.41,2022-10-17 00:34:00,TXN-668E80C25058CB
207482,57482,Credit Card,Success,8166.98,2024-02-22 01:31:00,TXN-E5DE250C2B801A
207483,57483,UPI,Success,2116.96,2022-12-23 00:19:00,TXN-EA562E87466037
207484,57484,PayPal,Success,9166.85,2025-02-20 01:31:00,TXN-AE997F372EE5F2
207485,57485,UPI,Success,19803.28,2023-12-25 01:29:00,TXN-9B462146DE36E3
207486,57486,Credit Card,Success,1304.44,2024-05-07 01:05:00,TXN-B191AF435D064F
207487,57487,PayPal,Success,8779.23,2025-08-19 00:40:00,TXN-48EAA78A37DCA7
207488,57488,NetBanking,Success,71160.97,2023-05-13 01:56:00,TXN-301ADF5E623403
207489,57489,NetBanking,Success,8851.21,2023-02-26 00:46:00,TXN-B1A7DF8D00313D
207490,57490,Debit Card,Success,15029.57,2023-08-11 00:14:00,TXN-A0E9C0F85DE510
207491,57491,Debit Card,Success,7475.41,2026-05-04 00:46:00,TXN-65ADFCB0BA8DBD
207492,57492,Debit Card,Success,1490.67,2024-04-08 00:55:00,TXN-9408FA75857FEF
207493,57493,Debit Card,Success,20910.15,2022-05-09 01:03:00,TXN-AA8AED7D85A423
207494,57494,PayPal,Success,905.97,2023-11-03 01:54:00,TXN-15946D3608819D
207495,57495,NetBanking,Success,6054.48,2024-03-15 00:40:00,TXN-2E6C6FE6EAF190
207496,57496,Cash on Delivery,Success,17197.08,2025-05-21 01:04:00,TXN-60A1D5FDC102EE
207497,57497,UPI,Success,13129.8,2023-05-16 00:22:00,TXN-CCB2580694427F
207498,57498,UPI,Success,32283.36,2023-07-12 01:42:00,TXN-28A42E4250B077
207499,57499,NetBanking,Success,1357.3,2025-11-23 01:45:00,TXN-05A8D6AAE60E98
207500,57500,Debit Card,Success,14630.72,2025-11-04 00:16:00,TXN-33DC819EAD220D
207501,57501,Credit Card,Success,665.2,2025-02-06 01:07:00,TXN-54F66D78E7E229
207502,57502,Debit Card,Success,3464.26,2022-11-29 01:20:00,TXN-A258C527F6C1E8
207503,57503,Credit Card,Success,4489.22,2022-07-09 00:29:00,TXN-AE14CC50D659C7
207504,57504,PayPal,Success,11600.37,2022-01-14 00:47:00,TXN-83AFB3FED4761D
207505,57505,NetBanking,Success,29401.48,2024-05-09 00:04:00,TXN-F4F280FE49D808
207506,57506,Debit Card,Success,4923.42,2026-04-29 00:17:00,TXN-9AB2DEA609974B
207507,57507,PayPal,Success,94935.33,2022-07-31 02:00:00,TXN-95DB7625EB8EAC
207508,57508,Cash on Delivery,Success,2348.69,2023-10-07 00:10:00,TXN-2FC60AF21636D6
207509,57509,NetBanking,Success,11301.08,2025-09-08 01:24:00,TXN-D14198B76BFC6E
207510,57510,PayPal,Success,23877.89,2025-04-11 00:57:00,TXN-8AC17E8FD51C68
207511,57511,UPI,Success,4510.37,2025-03-11 01:09:00,TXN-E85F4133B7C202
207512,57512,Debit Card,Success,4806.76,2025-11-05 00:41:00,TXN-06AD5DFE2B934C
207513,57513,Cash on Delivery,Success,14253.65,2022-01-12 01:15:00,TXN-ADF6B6627EF55D
207514,57514,Cash on Delivery,Success,31385.0,2024-08-02 01:10:00,TXN-706780E6F6A7B5
207515,57515,PayPal,Success,805.8,2025-01-28 01:58:00,TXN-80D48A391D4BB4
207516,57516,UPI,Success,6373.14,2022-08-10 00:09:00,TXN-9D47B71B6AF390
207517,57517,Debit Card,Success,41407.08,2024-11-13 00:51:00,TXN-1C9F9783E36EE6
207518,57518,Debit Card,Success,6084.94,2023-02-20 01:41:00,TXN-4B37AAD8CBDFF6
207519,57519,Debit Card,Success,2796.57,2023-09-05 01:51:00,TXN-EC5A1F1D27E95E
207520,57520,Credit Card,Refunded,5502.85,2022-11-30 00:56:00,TXN-C5056E47BDEEB6
207521,57521,Debit Card,Success,2789.39,2022-12-09 00:15:00,TXN-96C69531CD004C
207522,57522,Credit Card,Success,12350.5,2026-02-17 01:29:00,TXN-01A791D1408E57
207523,57523,Credit Card,Success,1653.81,2022-12-10 00:38:00,TXN-22CD4F3D024349
207524,57524,Cash on Delivery,Failed,887.1,2023-07-23 01:26:00,TXN-D3D743E91A1B05
207525,57525,PayPal,Success,38368.4,2022-02-14 00:46:00,TXN-AEF88C2AF69054
207526,57526,Cash on Delivery,Success,1470.98,2023-11-19 00:17:00,TXN-61754F6526E970
207527,57527,Credit Card,Success,4122.51,2022-12-01 01:00:00,TXN-CAA534A34DF852
207528,57528,PayPal,Success,9038.64,2026-01-25 01:16:00,TXN-F867F2ED8F281A
207529,57529,UPI,Success,86408.16,2024-08-23 01:54:00,TXN-CE3E6A82210A48
207530,57530,NetBanking,Success,12027.73,2022-08-08 01:28:00,TXN-6CEB8EA3C4B722
207531,57531,Debit Card,Success,11301.08,2023-04-08 00:34:00,TXN-E9F015DBA46113
207532,57532,Credit Card,Success,5131.47,2023-11-23 01:40:00,TXN-8EE6FE2ABF2C01
207533,57533,UPI,Success,2853.36,2023-12-29 01:58:00,TXN-E38EAC9E1E22E0
207534,57534,NetBanking,Success,352.01,2024-12-28 00:57:00,TXN-BFB20DC615A0D6
207535,57535,UPI,Success,10470.08,2022-03-14 00:05:00,TXN-3FBAB55F4ACD57
207536,57536,Debit Card,Success,1239.22,2022-01-08 01:09:00,TXN-0A474D714FD3A3
207537,57537,Debit Card,Success,1071.66,2022-03-20 01:41:00,TXN-2A51FB0CDB84A7
207538,57538,UPI,Success,10321.26,2023-04-01 01:17:00,TXN-361A80A082E6AE
207539,57539,Debit Card,Success,1197.59,2023-07-22 01:39:00,TXN-D8B9A4B389A07F
207540,57540,Cash on Delivery,Success,6876.16,2023-11-15 01:29:00,TXN-BB60FA06AAB304
207541,57541,Debit Card,Success,36057.25,2022-04-16 01:20:00,TXN-7F5EAF65B5785E
207542,57542,NetBanking,Success,17320.86,2024-02-29 00:13:00,TXN-3FAB08D3563072
207543,57543,NetBanking,Success,2755.18,2024-07-25 01:58:00,TXN-011D9661FAB030
207544,57544,PayPal,Success,94441.94,2026-01-27 01:07:00,TXN-97A39867702A4B
207545,57545,Credit Card,Success,36306.1,2022-06-25 01:42:00,TXN-16DD4AE66C8A43
207546,57546,NetBanking,Success,105182.6,2025-04-15 00:13:00,TXN-FCAE689076A446
207547,57547,PayPal,Success,12847.58,2023-03-02 00:19:00,TXN-00F347369CABD0
207548,57548,NetBanking,Success,3272.22,2026-03-13 01:07:00,TXN-9E435A500318B9
207549,57549,Credit Card,Success,18308.09,2025-12-17 00:15:00,TXN-6A835B0FDD833D
207550,57550,UPI,Success,5183.71,2022-07-18 01:37:00,TXN-0A0C22838EC2C2
207551,57551,NetBanking,Success,3167.93,2026-06-20 00:06:00,TXN-88602FED4CE744
207552,57552,Credit Card,Success,25769.91,2025-04-12 00:58:00,TXN-461256E184E8A7
207553,57553,UPI,Success,12119.23,2025-01-06 00:59:00,TXN-C2D337D831104F
207554,57554,NetBanking,Success,4572.07,2023-01-03 01:43:00,TXN-59F0332D5473A3
207555,57555,UPI,Success,17434.56,2025-04-08 01:37:00,TXN-3371771708F643
207556,57556,Debit Card,Success,20510.01,2023-04-15 01:32:00,TXN-DC973D99535EB9
207557,57557,NetBanking,Success,6766.17,2022-05-14 01:40:00,TXN-3837FA9A6E106F
207558,57558,Debit Card,Success,11636.25,2022-02-02 01:45:00,TXN-55EAB7E6904808
207559,57559,UPI,Success,138261.13,2023-07-10 00:41:00,TXN-3545370D07D530
207560,57560,NetBanking,Failed,2396.28,2024-12-27 01:00:00,TXN-530103920B7E41
207561,57561,Cash on Delivery,Success,13141.66,2026-01-07 00:25:00,TXN-BCE3440B7602B5
207562,57562,Debit Card,Success,37481.46,2025-08-30 00:21:00,TXN-0CF97F7B9C1566
207563,57563,NetBanking,Success,46652.4,2025-03-19 00:37:00,TXN-A677E94296CE8D
207564,57564,Credit Card,Success,1650.14,2024-02-28 00:04:00,TXN-BF8AE8D5BEFD31
207565,57565,Debit Card,Success,25695.62,2023-05-08 00:21:00,TXN-19E6079E712253
207566,57566,Debit Card,Success,8911.65,2025-08-03 01:20:00,TXN-386EF52D757010
207567,57567,UPI,Success,1946.18,2024-03-08 00:16:00,TXN-720E34A4EC08E4
207568,57568,Credit Card,Success,13266.43,2024-08-29 01:49:00,TXN-5747775CB7D65D
207569,57569,UPI,Success,11805.02,2024-08-26 00:59:00,TXN-76EA46FDCC2960
207570,57570,UPI,Success,589.64,2024-07-03 01:36:00,TXN-4DF1280C9242CA
207571,57571,NetBanking,Success,11876.88,2025-08-13 00:55:00,TXN-4BE9130F41C0BD
207572,57572,Debit Card,Success,24041.65,2023-12-05 01:54:00,TXN-DE4B482B47C477
207573,57573,NetBanking,Success,18322.38,2026-05-29 00:35:00,TXN-517CA6F209DA86
207574,57574,Credit Card,Success,5316.03,2026-05-08 00:52:00,TXN-8716AB0AE9AA75
207575,57575,PayPal,Success,11185.89,2023-05-03 00:26:00,TXN-02172C89446319
207576,57576,NetBanking,Success,178632.87,2023-05-18 00:52:00,TXN-ED7D6705922DBC
207577,57577,UPI,Success,5183.71,2023-08-04 00:45:00,TXN-B0A802366153C1
207578,57578,PayPal,Success,10806.75,2022-11-12 00:19:00,TXN-A2E2E926ADB732
207579,57579,NetBanking,Success,964.11,2023-04-12 00:52:00,TXN-99FEE00669B822
207580,57580,PayPal,Success,158.93,2024-01-26 00:14:00,TXN-79D2654CD5CB1B
207581,57581,UPI,Success,10613.41,2024-01-01 00:38:00,TXN-BAF283706B10CB
207582,57582,Cash on Delivery,Success,1413.19,2025-03-16 01:34:00,TXN-68FBCD219F22E2
207583,57583,NetBanking,Success,1511.43,2026-04-02 00:21:00,TXN-E6D155A818150A
207584,57584,Credit Card,Success,8195.91,2022-07-02 00:43:00,TXN-693C21896E1264
207585,57585,UPI,Refunded,39806.91,2025-10-12 00:27:00,TXN-5E067940D03500
207586,57586,PayPal,Success,21741.76,2025-02-06 00:26:00,TXN-40A69438C92552
207587,57587,PayPal,Refunded,56.6,2025-12-11 00:45:00,TXN-1C73D7FB84A73F
207588,57588,NetBanking,Success,126856.05,2026-02-26 01:11:00,TXN-19B34A32989D6B
207589,57589,UPI,Success,3268.31,2023-05-05 01:19:00,TXN-6C0C4DD55A003A
207590,57590,PayPal,Refunded,11008.12,2023-04-06 00:04:00,TXN-4335A9B8C38088
207591,57591,Credit Card,Success,15870.15,2022-01-29 01:29:00,TXN-3B60067FD489B0
207592,57592,PayPal,Refunded,3038.53,2026-02-22 00:23:00,TXN-CAFF459476E157
207593,57593,UPI,Success,7409.69,2024-01-06 00:29:00,TXN-116B380FC3830D
207594,57594,NetBanking,Refunded,5524.44,2025-06-11 00:46:00,TXN-F460985EF426CE
207595,57595,Debit Card,Success,1214.64,2026-01-03 00:46:00,TXN-7E37B4AFD31A52
207596,57596,UPI,Success,58223.7,2022-12-30 01:54:00,TXN-6D882589E5D339
207597,57597,UPI,Success,95185.46,2026-02-20 00:08:00,TXN-33B14F3389B2D2
207598,57598,UPI,Success,27126.22,2025-06-30 00:43:00,TXN-99102A622E2660
207599,57599,Credit Card,Success,1946.28,2024-04-11 00:29:00,TXN-03545D612E6974
207600,57600,Credit Card,Success,45478.4,2025-04-02 00:17:00,TXN-E67FCAA4485A5B
207601,57601,Cash on Delivery,Success,5708.39,2024-12-07 01:33:00,TXN-1C7DA5DFEFA641
207602,57602,UPI,Success,23958.96,2025-01-31 01:21:00,TXN-45CC3835F31A5E
207603,57603,Cash on Delivery,Success,32834.15,2024-01-30 00:56:00,TXN-C68918448515C9
207604,57604,UPI,Success,5472.72,2024-07-19 00:15:00,TXN-FAA51CC0AA1344
207605,57605,NetBanking,Success,955.8,2025-02-24 00:51:00,TXN-37B499A5A8CE45
207606,57606,Credit Card,Success,30580.9,2023-06-27 00:08:00,TXN-DC5C2DDA53060A
207607,57607,PayPal,Success,21626.73,2024-07-30 00:56:00,TXN-93FE8018F65B27
207608,57608,Credit Card,Success,2012.76,2025-08-27 01:08:00,TXN-EBDB63347E661C
207609,57609,UPI,Success,2941.42,2025-11-05 00:20:00,TXN-6133F948A7FB57
207610,57610,NetBanking,Success,3494.66,2022-09-10 00:14:00,TXN-90D256D00C4EAC
207611,57611,UPI,Success,7325.8,2026-03-12 01:56:00,TXN-E1CE81991D8250
207612,57612,NetBanking,Refunded,124581.34,2023-02-08 01:26:00,TXN-B6F0F53629AF72
207613,57613,Debit Card,Success,28234.54,2023-06-08 00:05:00,TXN-8158E4EBAD8CF0
207614,57614,Debit Card,Success,60858.27,2023-04-16 00:36:00,TXN-AABA0DB1136DAB
207615,57615,UPI,Success,7089.58,2024-02-20 00:43:00,TXN-F7FB730E3A25B4
207616,57616,NetBanking,Success,1171.89,2024-12-20 01:52:00,TXN-1EB305F4DC2545
207617,57617,PayPal,Success,18591.19,2023-02-15 01:14:00,TXN-731E402262B935
207618,57618,Debit Card,Success,9051.14,2022-02-10 01:51:00,TXN-1DB658C6840940
207619,57619,Cash on Delivery,Success,46724.17,2025-10-02 01:36:00,TXN-A8EA6FDB6299A2
207620,57620,Debit Card,Refunded,143006.3,2023-12-31 00:18:00,TXN-1E958E2BFE339C
207621,57621,NetBanking,Success,51677.83,2022-01-08 00:42:00,TXN-B3417F4B4CA6A9
207622,57622,Credit Card,Success,1139.5,2026-04-05 01:38:00,TXN-2D3D3CD44B41EE
207623,57623,PayPal,Success,152401.47,2025-05-18 01:51:00,TXN-27DBB8E992DB86
207624,57624,NetBanking,Success,9199.68,2026-01-16 00:36:00,TXN-42D815E7D62832
207625,57625,UPI,Success,87605.05,2026-01-25 00:05:00,TXN-4BA2E9F87AFAD1
207626,57626,NetBanking,Success,20296.1,2026-04-29 00:55:00,TXN-B5152A24E46EB1
207627,57627,Credit Card,Refunded,7460.62,2022-12-15 01:34:00,TXN-BB9228736A94ED
207628,57628,NetBanking,Success,18514.31,2024-11-06 00:24:00,TXN-8A0E392874AE5C
207629,57629,Cash on Delivery,Success,3434.18,2023-01-21 00:19:00,TXN-DBBD808484B411
207630,57630,NetBanking,Success,22047.55,2023-08-22 00:25:00,TXN-72F0B03A4EA84D
207631,57631,Cash on Delivery,Success,2835.7,2026-06-22 00:49:00,TXN-9A45AC194B30C3
207632,57632,NetBanking,Success,25922.79,2026-06-20 00:30:00,TXN-0934B1AC0769EA
207633,57633,NetBanking,Success,94948.78,2025-03-05 01:38:00,TXN-96211605BA145D
207634,57634,Credit Card,Success,30649.32,2024-07-27 01:27:00,TXN-89E0A16AF1F511
207635,57635,Cash on Delivery,Refunded,9728.91,2022-07-09 00:55:00,TXN-EB6B0B32B08A36
207636,57636,PayPal,Success,1717.09,2023-07-10 01:41:00,TXN-1D4469F927BF48
207637,57637,NetBanking,Success,1898.57,2022-03-07 01:45:00,TXN-C4C0120AFE65EC
207638,57638,UPI,Success,5211.63,2025-02-25 01:18:00,TXN-94BDC5942C5D51
207639,57639,Credit Card,Success,391.05,2023-12-28 00:12:00,TXN-FEC629D0CA2598
207640,57640,UPI,Success,83795.02,2022-09-15 00:25:00,TXN-EAAB400A3416B3
207641,57641,NetBanking,Success,9106.57,2024-03-19 00:36:00,TXN-A4E8B082CF7265
207642,57642,Cash on Delivery,Refunded,4161.48,2025-11-23 01:39:00,TXN-227A1E02D1737D
207643,57643,Debit Card,Success,5859.68,2022-05-31 01:47:00,TXN-25864D44E4D3BB
207644,57644,NetBanking,Success,59459.98,2025-01-28 01:53:00,TXN-DE148478C2902D
207645,57645,NetBanking,Success,19215.84,2025-06-07 01:08:00,TXN-7142A69DAFC708
207646,57646,UPI,Success,23437.52,2023-11-05 01:36:00,TXN-EFFA3B08BB456D
207647,57647,UPI,Success,2209.49,2025-12-17 00:27:00,TXN-3B391F577F779A
207648,57648,Debit Card,Success,3968.02,2022-04-10 01:32:00,TXN-ADE4B5566EF21D
207649,57649,PayPal,Success,9284.45,2026-05-05 00:32:00,TXN-5EAA0CF650EF6D
207650,57650,PayPal,Success,454.39,2024-05-10 01:03:00,TXN-FEAF85B1089182
207651,57651,NetBanking,Success,13888.49,2025-12-15 00:47:00,TXN-183DE0B78C5197
207652,57652,Debit Card,Success,2217.55,2024-03-29 01:40:00,TXN-D08AA319BF404B
207653,57653,Cash on Delivery,Refunded,164509.32,2023-11-16 01:09:00,TXN-35D13759DFC1C5
207654,57654,PayPal,Success,40245.27,2022-08-20 01:29:00,TXN-9FB90C81526E97
207655,57655,NetBanking,Success,57512.29,2025-04-26 01:40:00,TXN-AA10F3AFDE342C
207656,57656,Cash on Delivery,Success,181674.02,2023-02-08 01:02:00,TXN-318D12E3793A2C
207657,57657,Debit Card,Success,1277.35,2022-03-03 01:44:00,TXN-C99C55E3D4560D
207658,57658,UPI,Success,16245.23,2024-05-07 00:15:00,TXN-4403994936B3FB
207659,57659,PayPal,Success,2970.75,2026-02-26 00:01:00,TXN-39FD1FF3370CE5
207660,57660,PayPal,Success,43022.18,2024-07-02 01:28:00,TXN-5CF081EFCCF557
207661,57661,Credit Card,Refunded,45292.52,2026-06-28 00:34:00,TXN-A55A301CE97907
207662,57662,UPI,Success,4867.77,2024-04-18 00:19:00,TXN-5CD4080A55D3DE
207663,57663,Debit Card,Success,2693.92,2023-05-17 01:24:00,TXN-B074C6769FC1DA
207664,57664,Credit Card,Success,3903.12,2026-06-23 00:06:00,TXN-C656CEF3E032C8
207665,57665,Cash on Delivery,Success,9744.93,2025-04-07 00:35:00,TXN-81771FC9086DCB
207666,57666,UPI,Success,21056.73,2023-10-19 00:14:00,TXN-5278FCFAD09618
207667,57667,Debit Card,Success,102600.9,2024-12-27 01:10:00,TXN-328E9A8B1EDF99
207668,57668,UPI,Success,6420.6,2023-03-31 01:38:00,TXN-B3908A1377E198
207669,57669,PayPal,Success,8889.0,2023-08-17 00:25:00,TXN-AE3CDF0B07A76B
207670,57670,NetBanking,Failed,235.84,2024-04-15 01:13:00,TXN-8716D93946AA5D
207671,57671,NetBanking,Success,2712.94,2024-05-16 01:36:00,TXN-6C0F37E65D063F
207672,57672,UPI,Success,10936.4,2024-12-30 01:43:00,TXN-2E425730D7FDC2
207673,57673,Debit Card,Success,5950.86,2022-10-27 01:28:00,TXN-E53A1039433EE8
207674,57674,Credit Card,Failed,9692.91,2022-06-18 00:22:00,TXN-7E4B497BE50614
207675,57675,UPI,Success,35425.79,2025-08-02 00:27:00,TXN-A75146A2D0463A
207676,57676,UPI,Refunded,13306.03,2024-05-25 01:31:00,TXN-87138D7BF2557B
207677,57677,Cash on Delivery,Success,145.53,2023-11-21 00:16:00,TXN-B5624BDE1E52F0
207678,57678,NetBanking,Success,42859.15,2025-06-20 00:46:00,TXN-8A808309848D44
207679,57679,UPI,Success,27656.21,2025-02-10 00:32:00,TXN-6CB92F3460C180
207680,57680,NetBanking,Success,36289.59,2022-07-03 00:14:00,TXN-CDB114C1CD6F7C
207681,57681,Credit Card,Success,6045.72,2024-01-28 00:58:00,TXN-3CFE9844C9F1AD
207682,57682,Credit Card,Refunded,158420.74,2026-03-17 00:16:00,TXN-407DED95DD58D7
207683,57683,Credit Card,Success,6145.83,2022-10-27 01:15:00,TXN-929D79C8E79F90
207684,57684,Cash on Delivery,Success,1087.57,2022-11-28 00:14:00,TXN-3F54E88491E1A1
207685,57685,UPI,Success,11267.86,2024-07-13 00:42:00,TXN-55432675A19C96
207686,57686,PayPal,Success,28660.8,2025-11-29 00:48:00,TXN-40663CDDF4459C
207687,57687,Debit Card,Success,38517.17,2023-11-12 01:31:00,TXN-76831E4337A3A8
207688,57688,UPI,Success,18621.16,2023-03-28 01:13:00,TXN-E1A033355CDCD3
207689,57689,Credit Card,Success,21651.08,2024-08-22 00:28:00,TXN-D33695EAC10659
207690,57690,Credit Card,Success,417.04,2022-05-25 01:08:00,TXN-0BEF41AFF171A0
207691,57691,NetBanking,Success,7127.4,2023-12-15 01:40:00,TXN-75A79BC5A161A3
207692,57692,UPI,Success,9986.23,2023-07-13 00:04:00,TXN-2CE664274886C6
207693,57693,Cash on Delivery,Success,6908.43,2025-03-27 01:08:00,TXN-B949363868F80D
207694,57694,Credit Card,Success,31127.18,2023-06-23 00:40:00,TXN-13CD637C9E8D53
207695,57695,Cash on Delivery,Success,5677.52,2024-11-12 00:36:00,TXN-5E39031C3AD378
207696,57696,UPI,Success,3504.61,2024-05-18 00:21:00,TXN-64A16474B0DA55
207697,57697,Credit Card,Success,1805.62,2025-01-17 00:57:00,TXN-125322BDFDD714
207698,57698,Cash on Delivery,Success,17379.3,2022-08-24 01:06:00,TXN-AFE4F4C5743A71
207699,57699,NetBanking,Success,3268.31,2023-09-12 00:08:00,TXN-5087649FCE936C
207700,57700,Debit Card,Success,10886.42,2026-01-29 01:32:00,TXN-97EF3F01622908
207701,57701,Credit Card,Success,971.71,2024-11-22 00:19:00,TXN-2B1735A32C919D
207702,57702,PayPal,Success,6554.74,2023-10-19 01:07:00,TXN-36829B7B47C1BF
207703,57703,Credit Card,Success,2796.57,2025-05-25 00:06:00,TXN-7C322309EC7B95
207704,57704,Debit Card,Success,54397.72,2023-05-02 01:49:00,TXN-D2EFB48CF8DF81
207705,57705,Credit Card,Success,45934.96,2022-08-30 00:38:00,TXN-9CAC8FA015CAD9
207706,57706,Cash on Delivery,Success,1542.24,2025-03-28 00:36:00,TXN-1211BB47B3D6A4
207707,57707,Credit Card,Success,2609.04,2026-05-23 01:58:00,TXN-C26F1ADC2B0123
207708,57708,Debit Card,Success,41268.14,2024-06-12 01:12:00,TXN-B94A60CACA1ACF
207709,57709,Credit Card,Success,75451.18,2023-11-08 00:04:00,TXN-2CA09285EC208C
207710,57710,NetBanking,Success,59106.46,2023-11-29 01:48:00,TXN-93C7B491AA88E5
207711,57711,NetBanking,Success,22621.57,2023-08-07 01:55:00,TXN-12057FA5CB570C
207712,57712,UPI,Success,1058.22,2024-07-22 00:23:00,TXN-A8682223C6FD36
207713,57713,Cash on Delivery,Success,24143.35,2023-08-29 00:14:00,TXN-96E6CCC6B1DDE7
207714,57714,UPI,Success,4999.16,2026-05-18 00:08:00,TXN-2F37A9812CAAB6
207715,57715,Cash on Delivery,Success,5372.99,2024-12-14 01:58:00,TXN-9C99E6575E457B
207716,57716,Cash on Delivery,Success,72225.21,2024-09-04 01:37:00,TXN-A435C7FFBE6327
207717,57717,Credit Card,Success,1696.21,2023-05-07 00:01:00,TXN-69549986134AD0
207718,57718,Credit Card,Success,10878.42,2023-12-08 01:29:00,TXN-113E512CCEF45F
207719,57719,PayPal,Success,10207.31,2026-04-07 00:21:00,TXN-DAA521758D4C69
207720,57720,PayPal,Success,579.36,2022-07-03 01:32:00,TXN-9CFD2603D7CECB
207721,57721,Cash on Delivery,Success,1358.01,2024-04-18 01:52:00,TXN-5F985F1D6B7D35
207722,57722,Debit Card,Success,14651.6,2026-01-24 00:05:00,TXN-BCE8DC458799DF
207723,57723,PayPal,Success,5077.65,2022-09-17 00:36:00,TXN-13BC81F91CC022
207724,57724,Credit Card,Success,78750.18,2024-12-12 00:14:00,TXN-50413079E5749B
207725,57725,UPI,Success,88123.54,2025-04-23 00:21:00,TXN-786D18DCFA0E54
207726,57726,Cash on Delivery,Success,137262.31,2022-09-04 00:12:00,TXN-EDB73D22C2AB3A
207727,57727,Cash on Delivery,Success,3258.51,2022-02-12 01:14:00,TXN-F68A4BA0BA5B08
207728,57728,Cash on Delivery,Success,177278.0,2023-01-31 00:12:00,TXN-B9EFA127CDD9B3
207729,57729,PayPal,Refunded,80199.03,2023-07-25 00:35:00,TXN-3DFC35F70BE2D9
207730,57730,NetBanking,Success,12948.34,2024-09-15 00:12:00,TXN-1116F133A0934A
207731,57731,NetBanking,Success,101455.99,2022-11-17 00:50:00,TXN-85B45179D137E1
207732,57732,NetBanking,Success,59723.94,2024-03-11 01:23:00,TXN-3AAA3B4EC6E6C5
207733,57733,Debit Card,Refunded,11369.6,2022-05-07 00:01:00,TXN-706D98A4708C03
207734,57734,Cash on Delivery,Success,10790.68,2025-05-02 00:34:00,TXN-8CF7EB02CB7E0B
207735,57735,PayPal,Refunded,4634.21,2022-07-13 01:34:00,TXN-0E1FB1DBF38750
207736,57736,Cash on Delivery,Success,3022.86,2022-08-16 01:40:00,TXN-0706D39A544444
207737,57737,Debit Card,Refunded,9257.01,2023-08-09 01:39:00,TXN-9EF215361492AA
207738,57738,PayPal,Success,21165.84,2023-01-07 00:11:00,TXN-C9328DBCAEA08F
207739,57739,UPI,Refunded,16354.09,2023-08-11 01:57:00,TXN-1A3691B1E323C8
207740,57740,Debit Card,Success,74329.68,2023-04-14 01:08:00,TXN-20D8A1D769148F
207741,57741,PayPal,Success,391.05,2022-06-13 00:28:00,TXN-961FADEEA0ECEC
207742,57742,NetBanking,Success,12316.28,2024-10-18 00:46:00,TXN-D6CC1448B2314B
207743,57743,Credit Card,Success,37752.85,2026-01-20 00:40:00,TXN-C2A03A7A795B02
207744,57744,Cash on Delivery,Success,35860.45,2025-08-08 01:48:00,TXN-D332D0D1328CEC
207745,57745,Debit Card,Refunded,13225.09,2022-06-15 01:59:00,TXN-D3A845274434C1
207746,57746,Credit Card,Success,26333.31,2025-08-22 01:15:00,TXN-165A8BEF68DD63
207747,57747,Credit Card,Success,31731.27,2022-09-23 01:29:00,TXN-7AB0FF327803D4
207748,57748,UPI,Success,40148.02,2025-11-12 00:31:00,TXN-9AFF0DE375E07D
207749,57749,Cash on Delivery,Success,7252.29,2023-06-13 00:56:00,TXN-445260F3CAE311
207750,57750,Credit Card,Success,2387.03,2022-07-28 01:43:00,TXN-15A402863E2FD1
207751,57751,NetBanking,Success,40779.97,2023-08-29 00:35:00,TXN-48EC64A93BF407
207752,57752,Credit Card,Success,30296.77,2025-02-11 00:05:00,TXN-55C4A94F0E8E47
207753,57753,PayPal,Success,11538.06,2024-01-15 01:27:00,TXN-0B21C86E99EA66
207754,57754,Credit Card,Success,8768.86,2023-07-05 00:48:00,TXN-3F37312FABE6C1
207755,57755,NetBanking,Success,1742.37,2022-07-26 01:30:00,TXN-B8B5984DD796F3
207756,57756,PayPal,Success,6554.74,2024-10-03 00:23:00,TXN-D2847A3D26A946
207757,57757,PayPal,Success,2674.16,2025-08-07 00:21:00,TXN-10F53FC6FDF507
207758,57758,Debit Card,Success,4092.71,2022-09-01 01:34:00,TXN-14987B2CFBC3E7
207759,57759,UPI,Refunded,5156.58,2022-11-11 01:56:00,TXN-B0BBB7A8883550
207760,57760,Cash on Delivery,Success,584.72,2023-09-30 01:36:00,TXN-D086A41359D60D
207761,57761,Cash on Delivery,Success,25563.58,2026-05-25 00:33:00,TXN-C3F1D38D958937
207762,57762,NetBanking,Success,455.46,2024-01-15 00:36:00,TXN-FDFD9E1899FD13
207763,57763,Credit Card,Success,5504.96,2022-09-12 01:04:00,TXN-CCDB822297E90D
207764,57764,Debit Card,Success,16341.76,2025-10-17 00:33:00,TXN-A8F2C00F2E6134
207765,57765,PayPal,Success,21879.04,2025-03-23 01:47:00,TXN-77F71C190617E2
207766,57766,Debit Card,Success,43808.09,2023-04-04 01:22:00,TXN-F9AA359C7AAF26
207767,57767,Credit Card,Success,46228.22,2022-12-10 00:12:00,TXN-B43265A1D113AB
207768,57768,UPI,Success,11216.85,2025-03-11 01:48:00,TXN-5C497E364B8972
207769,57769,PayPal,Success,19746.6,2025-06-13 00:23:00,TXN-3537547F8285E7
207770,57770,Credit Card,Refunded,69619.72,2023-12-02 01:33:00,TXN-2C92A706CC48D4
207771,57771,UPI,Success,12820.94,2024-01-16 00:52:00,TXN-F78006B8C68469
207772,57772,Cash on Delivery,Success,11021.0,2023-04-05 01:12:00,TXN-966167E870CDFA
207773,57773,UPI,Success,4435.32,2025-06-15 01:57:00,TXN-00EE9B9B228395
207774,57774,Cash on Delivery,Success,10470.08,2024-03-14 00:20:00,TXN-77C052529760D7
207775,57775,Debit Card,Refunded,4751.96,2024-10-31 01:11:00,TXN-95081EB2C52E12
207776,57776,PayPal,Success,3260.32,2025-04-13 01:45:00,TXN-8F73F71CB0BD9A
207777,57777,Cash on Delivery,Success,38230.96,2023-02-14 02:00:00,TXN-9439B3A60C3BA1
207778,57778,NetBanking,Success,1470.91,2022-11-26 01:08:00,TXN-94E8C15747E5F7
207779,57779,Cash on Delivery,Failed,21695.92,2025-08-03 01:06:00,TXN-424D3B25356E95
207780,57780,Debit Card,Success,38319.78,2022-02-15 01:42:00,TXN-27EFAD6A12DEF3
207781,57781,Debit Card,Success,10305.38,2023-08-02 00:30:00,TXN-1EC00EF9EF8FA4
207782,57782,PayPal,Success,4895.06,2025-01-30 01:56:00,TXN-71B2B1AF2D397A
207783,57783,Debit Card,Success,2452.32,2023-10-04 00:42:00,TXN-9353601440A062
207784,57784,UPI,Success,8198.75,2025-03-25 01:51:00,TXN-3C0001E5F9A05F
207785,57785,Credit Card,Success,9742.99,2022-08-07 00:14:00,TXN-2391F200BCFD36
207786,57786,UPI,Success,67423.45,2022-07-23 01:22:00,TXN-C44F1DCE573A00
207787,57787,UPI,Success,1511.43,2025-03-10 01:06:00,TXN-22512DF237B0F9
207788,57788,Cash on Delivery,Refunded,45929.81,2022-10-21 00:22:00,TXN-58CDF527B752B4
207789,57789,Debit Card,Success,25656.93,2024-12-11 00:58:00,TXN-D01542B834FA9A
207790,57790,PayPal,Success,10767.12,2025-10-05 01:35:00,TXN-7EDFB90FF82336
207791,57791,Credit Card,Success,6158.74,2022-11-11 00:40:00,TXN-DFD28D13A5675A
207792,57792,UPI,Success,626.29,2022-10-17 01:49:00,TXN-C998FCBC64D92A
207793,57793,NetBanking,Success,11311.91,2025-08-23 00:28:00,TXN-F11D6EBE260B2D
207794,57794,UPI,Success,667.69,2025-09-21 00:34:00,TXN-76B355DFF3011E
207795,57795,NetBanking,Success,19026.22,2024-01-31 00:32:00,TXN-15547B6BC40842
207796,57796,Debit Card,Success,31840.23,2024-01-14 00:30:00,TXN-162DA81FFCA77A
207797,57797,PayPal,Success,25181.11,2022-04-10 01:54:00,TXN-846936FF6FB5BD
207798,57798,NetBanking,Success,8829.82,2025-06-30 01:19:00,TXN-BC03A6E629F332
207799,57799,Cash on Delivery,Success,5606.48,2025-12-10 01:12:00,TXN-53ED4CDF4766D7
207800,57800,NetBanking,Success,21142.69,2022-07-15 00:17:00,TXN-5068FF6E0C4A84
207801,57801,Credit Card,Success,53128.36,2025-01-08 00:33:00,TXN-3B1F83FF117B75
207802,57802,Cash on Delivery,Success,70302.88,2022-12-28 01:19:00,TXN-B4F9084D2C776D
207803,57803,Credit Card,Success,1557.68,2025-02-21 01:35:00,TXN-CDBBC33BEFC5AB
207804,57804,PayPal,Success,5543.56,2023-02-21 00:15:00,TXN-77DF0535DAFADE
207805,57805,Debit Card,Success,322.27,2026-05-12 00:36:00,TXN-BBF03E16CE6210
207806,57806,Credit Card,Success,7115.86,2024-12-13 01:53:00,TXN-9FF6547B8D3694
207807,57807,UPI,Success,23599.59,2022-01-08 00:52:00,TXN-35208095C6FF5B
207808,57808,NetBanking,Success,113124.3,2025-09-11 00:20:00,TXN-DE5844BB2B1FBC
207809,57809,Credit Card,Success,24896.14,2024-11-10 01:05:00,TXN-2409ECCC9A136F
207810,57810,UPI,Success,37012.49,2022-11-21 01:03:00,TXN-ECC819655D59D0
207811,57811,Cash on Delivery,Success,9800.49,2023-05-10 01:39:00,TXN-2469102A154CD5
207812,57812,Debit Card,Success,1617.01,2024-05-26 00:20:00,TXN-3288794BC8F306
207813,57813,UPI,Success,5153.19,2026-05-02 00:24:00,TXN-870C0A546B432C
207814,57814,PayPal,Success,11827.64,2024-11-03 00:21:00,TXN-CF4E3B3935C068
207815,57815,NetBanking,Success,173.06,2024-03-21 01:20:00,TXN-4892023A897750
207816,57816,PayPal,Success,14497.09,2023-07-18 00:23:00,TXN-509FF1F20CF17A
207817,57817,PayPal,Success,648.02,2025-01-01 00:58:00,TXN-7EE7426E0D07D5
207818,57818,Credit Card,Success,15471.04,2022-12-18 00:37:00,TXN-29F0A544B9BF66
207819,57819,Cash on Delivery,Success,6195.75,2025-05-05 01:43:00,TXN-AD56658A6CC6F5
207820,57820,Credit Card,Success,3790.41,2024-07-04 00:47:00,TXN-533F8161FA7738
207821,57821,UPI,Success,36090.54,2025-08-22 01:56:00,TXN-9BD9D1A0A44B6F
207822,57822,NetBanking,Success,26302.44,2024-01-25 01:44:00,TXN-1C7160AFACF155
207823,57823,PayPal,Success,817.17,2023-11-07 01:45:00,TXN-F169BD86C8C0E7
207824,57824,NetBanking,Success,2868.46,2023-09-18 01:26:00,TXN-B85A341436436E
207825,57825,PayPal,Success,19001.81,2023-07-02 01:16:00,TXN-C0F1A13DD97910
207826,57826,PayPal,Success,17778.84,2024-08-16 00:46:00,TXN-720B312A231C20
207827,57827,PayPal,Success,18635.59,2024-08-08 01:17:00,TXN-03FDD1933642A9
207828,57828,NetBanking,Success,49057.61,2025-08-19 01:49:00,TXN-B977ABE6254285
207829,57829,PayPal,Success,8252.07,2025-02-02 00:33:00,TXN-54B290304FBE95
207830,57830,Debit Card,Success,3434.96,2022-10-04 01:47:00,TXN-2B403EAD9FC94A
207831,57831,Credit Card,Success,1620.12,2023-12-21 01:29:00,TXN-A1F2CA130BCF1B
207832,57832,PayPal,Success,47685.4,2022-01-14 00:50:00,TXN-083AD2F12CCB0C
207833,57833,UPI,Success,16928.71,2023-11-17 01:38:00,TXN-F6D038A7B3C975
207834,57834,NetBanking,Success,2929.84,2024-01-23 01:01:00,TXN-32C71AC45957D4
207835,57835,Cash on Delivery,Success,15797.4,2026-01-30 00:05:00,TXN-C3A47797135024
207836,57836,Debit Card,Success,8340.27,2026-03-22 01:06:00,TXN-8A03EF5B414A4F
207837,57837,NetBanking,Success,2895.35,2024-05-18 00:53:00,TXN-849A76D4023B9C
207838,57838,Cash on Delivery,Success,5183.71,2023-05-23 00:22:00,TXN-FF967EEBC39551
207839,57839,Debit Card,Success,20595.16,2024-06-10 01:22:00,TXN-24019D412D1E6E
207840,57840,PayPal,Success,6784.72,2023-02-15 00:35:00,TXN-81EC40458061E7
207841,57841,Cash on Delivery,Success,558.92,2023-11-02 00:29:00,TXN-7F72DFFD531B3C
207842,57842,Cash on Delivery,Success,27577.51,2024-04-23 00:57:00,TXN-E1F1F43D7A40C9
207843,57843,NetBanking,Success,38787.88,2022-10-28 00:28:00,TXN-FED69028524FA7
207844,57844,PayPal,Success,9678.59,2026-05-01 00:16:00,TXN-566A86ED02390F
207845,57845,Debit Card,Success,5422.97,2022-05-13 01:40:00,TXN-34F31615CBA593
207846,57846,UPI,Success,34451.06,2025-09-07 00:12:00,TXN-910D4EF18670D3
207847,57847,NetBanking,Success,1388.57,2023-11-01 00:53:00,TXN-A62259E9978705
207848,57848,NetBanking,Success,661.52,2025-10-05 01:06:00,TXN-C3853A3988228F
207849,57849,Credit Card,Success,65625.1,2022-04-27 01:58:00,TXN-E6B60855488F5A
207850,57850,Debit Card,Success,3753.18,2023-04-27 01:22:00,TXN-048D48DC300ED2
207851,57851,Credit Card,Success,30892.74,2024-05-08 01:06:00,TXN-AC176828A197D0
207852,57852,UPI,Success,10447.34,2026-03-12 01:29:00,TXN-6170F8AE107EFD
207853,57853,UPI,Success,229731.62,2022-01-11 00:40:00,TXN-972E3B1B44B1A9
207854,57854,Credit Card,Success,159385.08,2022-10-31 01:10:00,TXN-E5C1E30F929FE1
207855,57855,PayPal,Success,46883.02,2022-06-08 00:58:00,TXN-D5D2A3346547D8
207856,57856,Cash on Delivery,Success,50134.19,2026-06-19 00:06:00,TXN-8A8EE560347A6B
207857,57857,NetBanking,Refunded,44668.28,2026-01-20 00:51:00,TXN-58428A284FB0D8
207858,57858,Debit Card,Success,31786.88,2025-01-20 00:09:00,TXN-21C8608DE48540
207859,57859,Cash on Delivery,Success,594.6,2025-09-11 01:20:00,TXN-144BB39D4E8999
207860,57860,Credit Card,Success,7317.24,2024-09-30 00:29:00,TXN-CB2FA8BCDDF977
207861,57861,Cash on Delivery,Success,24680.47,2023-02-02 01:28:00,TXN-877EC024EFA42E
207862,57862,NetBanking,Success,44200.59,2024-04-02 01:05:00,TXN-B4DDDBB4DBE522
207863,57863,PayPal,Success,9781.38,2024-05-08 01:50:00,TXN-E42D04ECC9210B
207864,57864,UPI,Success,7676.03,2024-05-25 01:28:00,TXN-B4D6A1E3307FB6
207865,57865,Debit Card,Success,6544.44,2025-11-08 00:29:00,TXN-6EFAC59F8A6194
207866,57866,UPI,Success,46151.36,2024-07-12 01:49:00,TXN-92E8316C6FD266
207867,57867,NetBanking,Success,28118.09,2022-08-18 01:30:00,TXN-7300EFB3AD10EE
207868,57868,Debit Card,Success,4689.87,2022-12-21 01:54:00,TXN-F1418C04980324
207869,57869,Credit Card,Success,3165.93,2023-08-24 01:47:00,TXN-45B85A647ADEAC
207870,57870,Cash on Delivery,Success,2533.05,2025-06-19 00:13:00,TXN-8B4301B84FE08B
207871,57871,Debit Card,Success,71980.06,2025-12-01 01:28:00,TXN-DFB3C118AA5E31
207872,57872,NetBanking,Success,61205.17,2022-07-19 00:07:00,TXN-B014DA85CFFD5C
207873,57873,NetBanking,Success,1789.74,2023-03-05 01:17:00,TXN-D5DFCC79BABE7A
207874,57874,PayPal,Success,2296.53,2024-07-16 01:38:00,TXN-B417BB5906901F
207875,57875,NetBanking,Success,577.92,2023-09-20 00:20:00,TXN-89101DF5CA8F0B
207876,57876,Cash on Delivery,Success,14643.84,2026-01-05 00:44:00,TXN-C97309991AB112
207877,57877,NetBanking,Success,13836.94,2025-06-11 00:10:00,TXN-16977293A31936
207878,57878,Cash on Delivery,Success,3317.89,2024-03-03 00:09:00,TXN-98E8C665EFDA84
207879,57879,Debit Card,Success,45159.11,2024-12-19 00:33:00,TXN-FBB377956A6228
207880,57880,PayPal,Success,253.01,2024-05-11 00:47:00,TXN-210C65227C6BC3
207881,57881,Credit Card,Success,5543.55,2026-06-16 00:29:00,TXN-5CD2CF089D691E
207882,57882,Credit Card,Success,1254.84,2022-01-01 01:43:00,TXN-282029F92CEC1B
207883,57883,Debit Card,Success,733.12,2025-10-26 01:15:00,TXN-7B700C2DD66987
207884,57884,UPI,Success,9552.07,2023-05-03 00:20:00,TXN-CFBC7CED87CF42
207885,57885,NetBanking,Refunded,20760.82,2024-09-26 01:28:00,TXN-8730610B89F417
207886,57886,Credit Card,Success,10825.54,2022-01-02 00:11:00,TXN-F8F8455550A585
207887,57887,Debit Card,Success,48938.97,2022-01-29 00:54:00,TXN-71679DD47E420B
207888,57888,UPI,Success,9732.42,2025-11-17 01:19:00,TXN-1164EFC7367F9A
207889,57889,Credit Card,Success,6143.72,2024-07-27 01:34:00,TXN-CCE501D1B2E4E0
207890,57890,Credit Card,Success,19226.2,2023-11-16 00:20:00,TXN-8557B2997974E0
207891,57891,UPI,Success,1738.08,2022-10-12 01:23:00,TXN-FD186D571F6EB9
207892,57892,PayPal,Success,4798.77,2024-05-16 00:54:00,TXN-65D048B22A067B
207893,57893,Cash on Delivery,Success,19849.82,2025-06-12 01:18:00,TXN-A8F35AD4B914A8
207894,57894,Cash on Delivery,Success,111692.34,2022-07-29 01:34:00,TXN-78C34F0EAAE2D6
207895,57895,NetBanking,Success,103405.11,2022-09-20 00:23:00,TXN-042A063B0A499A
207896,57896,PayPal,Success,48567.25,2024-10-17 01:12:00,TXN-55CDFCDD0ABB04
207897,57897,Cash on Delivery,Success,76211.4,2022-07-13 01:43:00,TXN-DE1FC4034BB20E
207898,57898,Credit Card,Success,15352.18,2024-05-29 00:28:00,TXN-345C227D94242F
207899,57899,Debit Card,Success,30154.2,2025-11-20 01:55:00,TXN-D13AB625EFBFF8
207900,57900,UPI,Failed,2754.74,2024-10-06 00:47:00,TXN-B6206353504B6B
207901,57901,PayPal,Success,32059.52,2022-04-01 01:10:00,TXN-50D96BC8A8CE61
207902,57902,Cash on Delivery,Success,42726.95,2025-05-27 00:30:00,TXN-21BD33EB4CD86D
207903,57903,Credit Card,Success,11472.15,2023-02-13 00:39:00,TXN-33D6D051C5CF53
207904,57904,Debit Card,Success,17963.14,2022-05-22 00:04:00,TXN-24A5FE8F89C873
207905,57905,Debit Card,Success,15774.86,2024-03-02 00:10:00,TXN-37A033E8E77F72
207906,57906,PayPal,Success,8444.55,2023-01-05 01:27:00,TXN-4E9EAC637417C4
207907,57907,Credit Card,Success,55889.37,2026-06-16 01:55:00,TXN-A46F42146F521D
207908,57908,Cash on Delivery,Success,738.22,2026-05-18 01:44:00,TXN-A363EEB1765C9D
207909,57909,UPI,Success,886.5,2022-08-14 00:45:00,TXN-F1937910CDCCC5
207910,57910,PayPal,Success,10801.02,2022-05-12 00:20:00,TXN-DF50C84D044682
207911,57911,Credit Card,Refunded,1969.25,2026-02-11 01:37:00,TXN-8F2364CF610E4E
207912,57912,PayPal,Success,6139.63,2025-09-12 00:59:00,TXN-88E673703D130A
207913,57913,Debit Card,Success,148856.03,2023-05-31 00:17:00,TXN-2E70D4F53708B4
207914,57914,Cash on Delivery,Success,44495.18,2023-05-26 01:36:00,TXN-528B207024FCA3
207915,57915,Credit Card,Success,1776.67,2024-06-20 00:36:00,TXN-A75A9F112B2C5E
207916,57916,PayPal,Success,1117.84,2024-03-20 01:47:00,TXN-28DE44288FD755
207917,57917,NetBanking,Success,12458.72,2024-05-04 00:37:00,TXN-02142A4A7C1E41
207918,57918,Debit Card,Success,2900.19,2024-03-05 00:33:00,TXN-CF6F2FF7B30B7F
207919,57919,Cash on Delivery,Success,4937.03,2024-05-30 00:01:00,TXN-3359DEA3B5ADE2
207920,57920,Cash on Delivery,Success,11548.23,2024-07-16 01:44:00,TXN-4CB59B1B0FFBFB
207921,57921,NetBanking,Success,5116.17,2025-07-11 00:30:00,TXN-7A335CBAD0617B
207922,57922,Debit Card,Success,11016.4,2022-12-16 00:05:00,TXN-EC49AE95BE5202
207923,57923,UPI,Success,902.81,2024-05-25 01:59:00,TXN-D79326EC8813FA
207924,57924,Credit Card,Success,13171.03,2024-10-11 00:53:00,TXN-F225F43EC415AC
207925,57925,Cash on Delivery,Success,4936.57,2022-09-07 00:21:00,TXN-D9D74A5E0BAC38
207926,57926,PayPal,Success,5174.59,2026-06-06 00:49:00,TXN-94CB43BB8C27E7
207927,57927,Credit Card,Success,3940.48,2024-08-23 01:53:00,TXN-330D119D38946C
207928,57928,UPI,Success,12761.57,2023-08-29 00:14:00,TXN-A0FEE496BC85EA
207929,57929,UPI,Success,33846.24,2024-02-02 00:42:00,TXN-B1FA2DA6D5F8A0
207930,57930,Debit Card,Success,9972.62,2025-10-23 01:57:00,TXN-AB25A15EFDD301
207931,57931,Cash on Delivery,Success,125298.71,2026-04-29 01:00:00,TXN-15D591E7C9F22D
207932,57932,Cash on Delivery,Success,1544.37,2025-02-01 00:05:00,TXN-6384085B9E1131
207933,57933,UPI,Success,8598.73,2025-11-04 00:49:00,TXN-3624A1E6CCEDC4
207934,57934,UPI,Success,2104.64,2026-04-28 00:32:00,TXN-445E3A0564CAE7
207935,57935,Credit Card,Success,3093.51,2025-08-10 00:05:00,TXN-F9D350DC9813F9
207936,57936,NetBanking,Success,5304.91,2024-09-10 01:33:00,TXN-A5903487D04350
207937,57937,Cash on Delivery,Success,8017.25,2024-03-19 01:29:00,TXN-78FA79C3BAC955
207938,57938,Credit Card,Success,19243.9,2025-03-08 01:25:00,TXN-5BD703CB2FFB14
207939,57939,NetBanking,Success,15802.59,2024-04-02 00:36:00,TXN-54D9884EE05441
207940,57940,Cash on Delivery,Success,57128.45,2023-07-16 00:49:00,TXN-9BD31157DF4F43
207941,57941,PayPal,Success,7967.18,2024-02-06 00:32:00,TXN-421D8985B8BA97
207942,57942,NetBanking,Success,5510.36,2023-12-19 00:46:00,TXN-C626B11346B02D
207943,57943,PayPal,Success,28934.7,2023-11-17 00:44:00,TXN-4DA25F6FC8783A
207944,57944,Cash on Delivery,Success,26254.24,2022-12-20 01:05:00,TXN-CCB3116360A35A
207945,57945,Cash on Delivery,Success,26451.12,2023-01-28 00:40:00,TXN-4C4042451F0AC3
207946,57946,Cash on Delivery,Success,38956.9,2025-02-14 01:12:00,TXN-6B73E57AF02D98
207947,57947,UPI,Success,26459.93,2025-11-19 00:24:00,TXN-1E5A44D04A6AFF
207948,57948,UPI,Success,13633.52,2022-05-04 00:31:00,TXN-28C06068F5E6FF
207949,57949,Credit Card,Success,1853.31,2023-05-13 01:47:00,TXN-821FD7310B83ED
207950,57950,Debit Card,Success,725.22,2026-04-12 01:08:00,TXN-D39B8AFA5FF2A1
207951,57951,NetBanking,Success,30704.12,2024-09-08 01:12:00,TXN-3F5F2E701D77B3
207952,57952,PayPal,Success,7987.44,2022-11-16 00:21:00,TXN-97EA7E473D6DF0
207953,57953,Debit Card,Success,1473.99,2023-10-18 01:29:00,TXN-9C018B95EFF212
207954,57954,NetBanking,Success,13354.88,2022-01-18 01:32:00,TXN-1E449987FF61AA
207955,57955,Cash on Delivery,Success,567.54,2022-11-30 01:01:00,TXN-50CC8ADF7F32C3
207956,57956,NetBanking,Failed,5456.16,2024-08-23 00:57:00,TXN-516C9FC49EFD5F
207957,57957,UPI,Success,18481.96,2025-10-18 00:36:00,TXN-18A3C6950A68A8
207958,57958,UPI,Success,2783.35,2023-07-01 01:38:00,TXN-95D1531F355128
207959,57959,Credit Card,Success,55366.02,2022-07-05 00:15:00,TXN-A90CF9A4E1C2BE
207960,57960,PayPal,Refunded,41844.97,2026-02-27 00:59:00,TXN-25E982E3CD96CA
207961,57961,UPI,Success,26815.17,2022-07-30 01:10:00,TXN-BA1A5A353602E8
207962,57962,UPI,Success,17966.82,2025-03-28 01:46:00,TXN-793275A00C63AF
207963,57963,Debit Card,Success,817.17,2022-01-23 01:40:00,TXN-51E86275F40FD9
207964,57964,Cash on Delivery,Success,9685.24,2024-06-10 00:07:00,TXN-5A5509EB766EA1
207965,57965,NetBanking,Success,60905.8,2023-05-28 01:44:00,TXN-BD9FAEF7E1C23A
207966,57966,PayPal,Success,20661.53,2022-07-09 00:20:00,TXN-F76433DB624CE9
207967,57967,PayPal,Success,11159.75,2024-11-23 01:42:00,TXN-38EBE4BBF3B407
207968,57968,PayPal,Success,5888.93,2026-04-25 00:12:00,TXN-67592C537FD620
207969,57969,Credit Card,Success,64518.8,2026-05-28 01:15:00,TXN-337B4E26C3BF2C
207970,57970,Credit Card,Success,629.71,2025-06-21 00:47:00,TXN-526FE1A4DC9B6D
207971,57971,NetBanking,Success,3206.22,2025-10-25 00:13:00,TXN-7E23190B387DFC
207972,57972,Cash on Delivery,Success,7197.58,2022-10-09 00:18:00,TXN-E003FDD327582B
207973,57973,Cash on Delivery,Success,4003.31,2025-01-17 01:54:00,TXN-181D36AE3C503E
207974,57974,Debit Card,Success,6783.32,2025-08-27 01:52:00,TXN-00250BDBF6E67E
207975,57975,Debit Card,Success,6406.36,2025-06-07 00:39:00,TXN-49420402479CFF
207976,57976,NetBanking,Success,2313.42,2024-09-01 01:23:00,TXN-DDBFEB52A256D9
207977,57977,NetBanking,Success,55742.61,2023-09-25 00:03:00,TXN-B8AA1CC5101016
207978,57978,Debit Card,Success,2266.03,2024-04-10 00:17:00,TXN-D722CAC2533A01
207979,57979,PayPal,Success,1205.78,2026-03-28 00:07:00,TXN-7715AEEFF976C0
207980,57980,PayPal,Success,18116.55,2022-01-01 01:25:00,TXN-E23E3A4A0878FB
207981,57981,PayPal,Success,8378.25,2025-07-19 01:57:00,TXN-253277CA32C34F
207982,57982,Credit Card,Success,8596.82,2023-09-15 01:56:00,TXN-E03B63F284871F
207983,57983,PayPal,Success,2895.35,2023-03-06 00:07:00,TXN-3A0AFB711BB5F8
207984,57984,NetBanking,Success,4852.13,2022-10-10 01:39:00,TXN-4D85EE8CDDDCEF
207985,57985,PayPal,Success,19197.23,2022-11-19 00:52:00,TXN-12A91FA63E4015
207986,57986,Credit Card,Failed,78698.3,2024-09-11 00:21:00,TXN-CAA81E91B5E57A
207987,57987,Debit Card,Success,19460.84,2026-02-09 00:58:00,TXN-7473B7934336D3
207988,57988,Credit Card,Success,124627.28,2023-09-26 01:25:00,TXN-C8274B70D2AED0
207989,57989,UPI,Success,27241.53,2023-09-19 00:21:00,TXN-38DB19BB0E04D8
207990,57990,UPI,Success,64287.0,2024-01-27 02:00:00,TXN-5AB168B5B014F7
207991,57991,Cash on Delivery,Success,10706.32,2024-02-28 01:25:00,TXN-32F1EE89C6EA85
207992,57992,Cash on Delivery,Success,2743.96,2023-02-05 01:31:00,TXN-2811658CF77BFC
207993,57993,Debit Card,Success,17281.86,2022-01-13 00:38:00,TXN-C00FBF8E9A1D31
207994,57994,PayPal,Success,14777.97,2022-06-29 01:48:00,TXN-A8BA4B40BBF1B2
207995,57995,Debit Card,Refunded,34062.87,2024-12-08 01:00:00,TXN-4337E8E936E628
207996,57996,UPI,Success,14712.26,2024-11-08 01:43:00,TXN-B032D4525C128F
207997,57997,Debit Card,Success,10339.22,2025-02-20 01:08:00,TXN-388D23D2BB90BE
207998,57998,PayPal,Success,4232.91,2025-02-13 01:36:00,TXN-C1F65D6802D8CA
207999,57999,Debit Card,Success,29551.42,2024-06-11 01:07:00,TXN-F7DC42D614952B
208000,58000,UPI,Success,589.64,2022-07-24 01:58:00,TXN-BB8CE23CB5FB97
208001,58001,Cash on Delivery,Refunded,7176.9,2022-08-14 00:14:00,TXN-4F7E75E304F553
208002,58002,Cash on Delivery,Success,1189.2,2023-11-09 01:07:00,TXN-63B6097D534771
208003,58003,Cash on Delivery,Failed,3005.51,2023-10-23 01:41:00,TXN-7B3863C6056235
208004,58004,Cash on Delivery,Failed,3731.24,2022-11-18 01:37:00,TXN-74710292DE39BA
208005,58005,UPI,Success,1444.34,2023-12-03 00:47:00,TXN-CE4DF60FD55E1C
208006,58006,Credit Card,Success,1144.81,2026-02-27 00:34:00,TXN-FC4D2345435D8B
208007,58007,UPI,Success,15943.96,2023-10-13 00:31:00,TXN-B2BD103FAED1D5
208008,58008,Credit Card,Success,2554.05,2024-11-24 00:09:00,TXN-EAEA5E17432D1E
208009,58009,NetBanking,Success,8973.14,2022-04-20 01:52:00,TXN-026AD13ADED951
208010,58010,Cash on Delivery,Success,31824.08,2026-03-04 01:22:00,TXN-B0560AF72DAFB9
208011,58011,UPI,Success,6183.33,2024-04-13 01:24:00,TXN-66B8E0A78EB07D
208012,58012,Cash on Delivery,Success,27321.17,2024-11-19 01:59:00,TXN-49D85371EB52A3
208013,58013,Debit Card,Success,38875.41,2026-06-19 01:46:00,TXN-7EBCFF0ADA71A9
208014,58014,NetBanking,Success,866.06,2024-09-22 00:09:00,TXN-E186D44A4C7440
208015,58015,Cash on Delivery,Success,3454.82,2022-02-06 01:32:00,TXN-60B2662B72EB98
208016,58016,Credit Card,Success,9738.36,2026-03-05 00:02:00,TXN-2CB8F23A91463B
208017,58017,Cash on Delivery,Success,2588.31,2024-09-30 00:38:00,TXN-CB88FE4F30AA54
208018,58018,Credit Card,Success,16505.36,2024-07-10 01:12:00,TXN-1D16F844D606EC
208019,58019,PayPal,Success,12856.78,2025-04-24 00:20:00,TXN-7C096C538116D9
208020,58020,Credit Card,Success,2771.16,2026-05-10 01:45:00,TXN-13D11F95364553
208021,58021,Cash on Delivery,Refunded,21462.12,2022-11-30 00:27:00,TXN-382EB9C5793FEB
208022,58022,Credit Card,Success,3038.53,2023-03-20 00:17:00,TXN-2D4EDE6A9B991F
208023,58023,Cash on Delivery,Success,3446.79,2023-12-17 01:53:00,TXN-40893A7E311FC9
208024,58024,Cash on Delivery,Success,5353.16,2023-11-06 00:55:00,TXN-EA697B2EB993D2
208025,58025,Debit Card,Success,16311.95,2022-11-14 01:17:00,TXN-091C8501010244
208026,58026,Credit Card,Success,2610.17,2026-03-15 01:46:00,TXN-8EC866E3720C0F
208027,58027,NetBanking,Success,9295.64,2026-06-19 01:19:00,TXN-BBE627FBD597D6
208028,58028,Credit Card,Success,2734.68,2025-08-01 00:17:00,TXN-09E29479B271EB
208029,58029,UPI,Success,4029.0,2024-12-25 01:39:00,TXN-C517D352A8CEFA
208030,58030,Debit Card,Failed,608.97,2024-05-25 00:44:00,TXN-4C9A794E7D6BAA
208031,58031,Credit Card,Success,5835.32,2023-12-01 00:13:00,TXN-435B11A7F65BD8
208032,58032,PayPal,Success,285360.27,2023-01-24 00:02:00,TXN-B762082E82515D
208033,58033,UPI,Success,1048.97,2022-07-25 00:49:00,TXN-2C5D981A8AEB62
208034,58034,Debit Card,Success,86286.43,2024-04-12 01:06:00,TXN-91FCDC61C5AC32
208035,58035,Credit Card,Success,1627.92,2024-07-22 00:33:00,TXN-1094D49D03ED48
208036,58036,Credit Card,Success,32407.0,2022-06-09 01:35:00,TXN-5B8AC6B107F68A
208037,58037,Cash on Delivery,Success,26971.23,2025-12-05 02:00:00,TXN-42AAD165499DD3
208038,58038,Debit Card,Success,1462.48,2026-06-16 01:53:00,TXN-98F1F0B609DB59
208039,58039,Credit Card,Success,38147.85,2025-05-16 00:55:00,TXN-F18BB5AFF90F9A
208040,58040,PayPal,Success,10297.58,2022-11-28 00:33:00,TXN-A8035BCF316FEE
208041,58041,Cash on Delivery,Success,45494.48,2023-02-27 00:53:00,TXN-160031E61B2D5E
208042,58042,UPI,Success,17030.31,2025-03-07 00:16:00,TXN-E680DA76202A8C
208043,58043,NetBanking,Success,1764.6,2025-06-01 00:30:00,TXN-E2772106FF54E6
208044,58044,Credit Card,Success,719.76,2024-10-27 00:38:00,TXN-037DC96D14B657
208045,58045,NetBanking,Success,23610.04,2024-09-05 01:54:00,TXN-9413B1617160EB
208046,58046,UPI,Success,122474.67,2024-07-08 01:56:00,TXN-58C2396F29DEC7
208047,58047,UPI,Success,1906.83,2025-12-14 00:10:00,TXN-95488324B206EE
208048,58048,UPI,Success,5485.59,2022-10-11 01:08:00,TXN-4ED659AE98757E
208049,58049,Credit Card,Success,7317.24,2022-10-11 00:12:00,TXN-991422983E2523
208050,58050,Debit Card,Success,28104.17,2023-07-15 01:21:00,TXN-6422138ED2C6B3
208051,58051,Credit Card,Success,19028.11,2024-09-26 00:58:00,TXN-826BB62D324090
208052,58052,PayPal,Success,24909.18,2023-04-30 01:24:00,TXN-F1F1F0D7464DDE
208053,58053,Cash on Delivery,Success,31731.27,2025-08-03 00:05:00,TXN-901F784E16762E
208054,58054,Debit Card,Refunded,10443.32,2022-07-01 01:50:00,TXN-CB65BD8845B3FE
208055,58055,UPI,Success,85242.06,2023-07-21 01:41:00,TXN-03B7EC194DB58E
208056,58056,Cash on Delivery,Success,8775.35,2026-03-11 01:59:00,TXN-26763C64B19160
208057,58057,Debit Card,Success,51677.83,2023-12-07 01:17:00,TXN-CF60F9B64729BC
208058,58058,Debit Card,Success,11185.85,2024-01-23 00:50:00,TXN-7E03642C7E4398
208059,58059,Cash on Delivery,Success,12275.51,2024-04-29 00:29:00,TXN-31BB097B650FD5
208060,58060,UPI,Success,6059.62,2023-08-12 01:53:00,TXN-0D72E44C249E0F
208061,58061,Credit Card,Refunded,272117.92,2023-11-26 00:42:00,TXN-E57BE0BA8F3967
208062,58062,PayPal,Success,5517.0,2022-04-08 00:35:00,TXN-BF187588EF1F8C
208063,58063,NetBanking,Success,87285.97,2024-08-25 01:26:00,TXN-0ACF9C50667981
208064,58064,Cash on Delivery,Success,43902.28,2022-12-28 01:58:00,TXN-D98C6CC52C8FE5
208065,58065,NetBanking,Success,30742.38,2026-03-29 01:22:00,TXN-547C8A50656374
208066,58066,Debit Card,Success,1617.92,2023-08-21 01:31:00,TXN-5CB929BC2E9450
208067,58067,UPI,Success,32259.07,2023-07-07 00:40:00,TXN-ABD227F37E72E5
208068,58068,UPI,Success,18515.2,2022-10-27 01:29:00,TXN-D474438FBCD694
208069,58069,Credit Card,Success,98708.06,2023-07-20 00:58:00,TXN-3E477F69EA8AB6
208070,58070,Cash on Delivery,Success,33975.45,2022-02-09 01:32:00,TXN-E1F2AEB67133BA
208071,58071,PayPal,Success,29559.18,2022-11-20 00:11:00,TXN-CF98465058F952
208072,58072,Credit Card,Success,8889.42,2023-12-25 01:54:00,TXN-2B6B621E80E987
208073,58073,Cash on Delivery,Success,4298.41,2024-01-30 01:28:00,TXN-937A8F526F6B46
208074,58074,PayPal,Success,23941.14,2026-03-31 00:02:00,TXN-8A96AD33245495
208075,58075,Debit Card,Success,137397.67,2022-12-15 00:06:00,TXN-34D96AF591B4C1
208076,58076,Debit Card,Success,163.95,2024-03-01 01:00:00,TXN-DAFFCED6831DAB
208077,58077,UPI,Success,213099.62,2025-11-09 01:55:00,TXN-5ED2B41E01139C
208078,58078,NetBanking,Refunded,37182.56,2025-01-09 00:32:00,TXN-23A2B5C9E87A55
208079,58079,Credit Card,Success,1043.07,2022-11-24 01:42:00,TXN-ED56F2116A680D
208080,58080,Debit Card,Success,5538.85,2022-01-25 00:11:00,TXN-D2280772E14C0B
208081,58081,NetBanking,Success,147661.56,2022-08-26 00:32:00,TXN-F8E555A37A00FE
208082,58082,Cash on Delivery,Success,9656.12,2024-04-20 01:14:00,TXN-76A95A2EF7F67D
208083,58083,NetBanking,Success,2177.89,2023-11-14 00:15:00,TXN-7DCAAF8F35CE8C
208084,58084,PayPal,Success,12574.33,2022-09-18 01:28:00,TXN-36ED202A9CBD48
208085,58085,UPI,Success,99122.84,2024-12-14 01:32:00,TXN-267BA29175716C
208086,58086,UPI,Success,20632.62,2023-09-20 00:30:00,TXN-5282EDE5E4A101
208087,58087,Cash on Delivery,Success,389.04,2023-08-03 02:00:00,TXN-C4D5E0358BBF5B
208088,58088,NetBanking,Success,15084.04,2024-11-13 01:59:00,TXN-A9E74073C968A5
208089,58089,UPI,Success,22867.96,2023-02-24 01:02:00,TXN-0508F588DFFF2A
208090,58090,Credit Card,Success,53150.64,2022-07-03 00:44:00,TXN-C18F7ED34EF0A5
208091,58091,Debit Card,Refunded,34355.65,2024-01-23 00:23:00,TXN-F7D46817D6C956
208092,58092,NetBanking,Success,39879.36,2025-02-09 01:08:00,TXN-13B64B53EAA314
208093,58093,Debit Card,Success,10769.7,2022-07-09 01:04:00,TXN-1E075DE7EAAF8F
208094,58094,Debit Card,Success,7378.23,2022-05-29 01:31:00,TXN-CF8E00EA8701FA
208095,58095,Credit Card,Success,58552.2,2024-05-31 00:46:00,TXN-E423C612E65940
208096,58096,PayPal,Refunded,19096.77,2022-08-06 00:49:00,TXN-0867AD8E1E26A9
208097,58097,UPI,Success,236.68,2025-03-01 01:07:00,TXN-D72543F6D4F597
208098,58098,Debit Card,Success,2143.32,2022-08-24 00:10:00,TXN-2B72A19BB888FC
208099,58099,Debit Card,Refunded,10613.41,2024-03-17 01:45:00,TXN-6A1B5EBB316178
208100,58100,Cash on Delivery,Success,2835.7,2023-12-12 01:14:00,TXN-E8CB72E44EABB8
208101,58101,Debit Card,Success,54397.72,2023-05-28 00:50:00,TXN-25797D4D097C59
208102,58102,Debit Card,Success,24337.83,2024-10-19 00:11:00,TXN-F1E5CDD09295EA
208103,58103,PayPal,Success,181821.74,2025-12-06 01:13:00,TXN-55FE33659FFF99
208104,58104,PayPal,Success,1376.24,2023-05-03 01:30:00,TXN-D24C2AB771B117
208105,58105,Cash on Delivery,Success,16446.68,2024-04-16 01:11:00,TXN-D51B26C173C3FD
208106,58106,PayPal,Success,3405.16,2024-06-14 01:50:00,TXN-E945109BF81995
208107,58107,Debit Card,Success,2564.14,2025-07-20 01:53:00,TXN-149D0F9C3607FA
208108,58108,UPI,Success,10309.55,2025-01-05 00:50:00,TXN-4B5381996EF82D
208109,58109,UPI,Success,9814.36,2022-02-12 00:43:00,TXN-9F786018806821
208110,58110,PayPal,Refunded,40133.87,2024-10-30 00:28:00,TXN-84D5D3222ACFEA
208111,58111,NetBanking,Success,2656.74,2025-07-02 02:00:00,TXN-290C475BDEC382
208112,58112,Credit Card,Success,96385.29,2023-07-31 00:51:00,TXN-B5B234F4BEDEAE
208113,58113,Cash on Delivery,Success,128970.96,2024-02-20 01:45:00,TXN-D589357A1CEFAD
208114,58114,PayPal,Success,6488.14,2026-05-09 00:27:00,TXN-747538D8C85FC0
208115,58115,NetBanking,Success,610.04,2022-06-07 01:18:00,TXN-1DA1BE43737102
208116,58116,Debit Card,Success,144511.88,2025-11-05 00:21:00,TXN-75F3F7C63DA90E
208117,58117,Cash on Delivery,Refunded,64496.96,2022-05-17 00:37:00,TXN-57357BF2A30DE9
208118,58118,Cash on Delivery,Success,4709.47,2025-01-01 01:15:00,TXN-56857A4DCDD4BC
208119,58119,Debit Card,Refunded,1477.03,2026-04-13 01:11:00,TXN-0B7CFDF7C38AEA
208120,58120,Debit Card,Success,157494.72,2025-06-14 01:56:00,TXN-297E922BF172B5
208121,58121,PayPal,Refunded,185014.3,2024-07-10 01:07:00,TXN-E22962B3630381
208122,58122,NetBanking,Success,6821.56,2022-10-02 00:01:00,TXN-AE8EC4490AA231
208123,58123,Credit Card,Success,133750.59,2022-09-07 01:08:00,TXN-6F40657147C2C6
208124,58124,PayPal,Failed,21107.13,2025-05-16 01:19:00,TXN-D4865612F25AC8
208125,58125,UPI,Success,1399.58,2025-10-07 01:07:00,TXN-1105384EEFBF7C
208126,58126,UPI,Success,10613.41,2026-03-07 00:56:00,TXN-6F2BB846D25BFB
208127,58127,PayPal,Success,8407.83,2023-01-04 01:05:00,TXN-039143B03CFAEE
208128,58128,UPI,Success,160602.73,2023-12-02 00:07:00,TXN-8E03364CC8F626
208129,58129,Cash on Delivery,Success,15137.82,2023-02-09 00:44:00,TXN-ECB8308E74577F
208130,58130,Credit Card,Success,9227.41,2025-03-14 01:14:00,TXN-E059928D02389F
208131,58131,UPI,Success,1272.77,2025-01-14 00:41:00,TXN-0513FC60E34E19
208132,58132,Cash on Delivery,Success,1471.92,2025-07-09 01:15:00,TXN-2362322D3770FB
208133,58133,UPI,Success,48950.75,2026-06-16 00:51:00,TXN-F1939A8DD2E6FD
208134,58134,Debit Card,Failed,1354.52,2026-04-13 00:19:00,TXN-F81D6F0390D0EE
208135,58135,NetBanking,Refunded,3012.88,2026-06-24 00:33:00,TXN-24A22B9DBE9239
208136,58136,UPI,Refunded,32480.51,2022-08-10 00:24:00,TXN-56C770E38C3127
208137,58137,Credit Card,Refunded,2583.68,2026-02-09 01:18:00,TXN-BD9A8D5C099539
208138,58138,NetBanking,Success,8779.23,2023-11-25 00:15:00,TXN-22163A63ABF603
208139,58139,Credit Card,Success,20277.13,2022-10-19 00:08:00,TXN-65BFD22C1C28E8
208140,58140,UPI,Success,812.55,2024-08-18 01:59:00,TXN-48DA6C74A53FAC
208141,58141,NetBanking,Success,18192.99,2023-01-24 00:37:00,TXN-7DE2CDB3344654
208142,58142,Credit Card,Success,37579.29,2024-04-11 01:18:00,TXN-B022EF1AAC3547
208143,58143,Cash on Delivery,Success,31826.41,2024-10-14 01:56:00,TXN-505D7CC2EA6B60
208144,58144,Credit Card,Success,48155.49,2025-12-16 00:54:00,TXN-BC047CEF9F4677
208145,58145,Cash on Delivery,Success,677.94,2024-01-04 01:07:00,TXN-5E8935CD9FF2A4
208146,58146,Credit Card,Success,6185.54,2022-10-02 00:13:00,TXN-7FC4C99BAC0999
208147,58147,NetBanking,Success,35913.99,2024-11-18 01:23:00,TXN-E6840BDFAA5202
208148,58148,Debit Card,Refunded,15084.04,2024-12-02 01:02:00,TXN-2886455187E59C
208149,58149,UPI,Success,1117.02,2023-02-04 00:34:00,TXN-8F9E527F49FD4D
208150,58150,Cash on Delivery,Success,1740.85,2022-06-27 01:36:00,TXN-0CF99472274909
208151,58151,NetBanking,Success,55417.14,2026-05-07 00:37:00,TXN-53A1A20E9C633C
208152,58152,PayPal,Success,40750.26,2023-12-07 01:13:00,TXN-CC35EED43210DD
208153,58153,PayPal,Success,902.81,2024-01-13 00:50:00,TXN-E1BBC86194660A
208154,58154,Cash on Delivery,Refunded,5931.42,2023-11-29 01:17:00,TXN-FBD6CC2D3C8805
208155,58155,Credit Card,Success,678.36,2025-11-27 01:42:00,TXN-1AF4B552AFCB79
208156,58156,UPI,Success,22427.48,2024-02-22 01:46:00,TXN-C8B2BF1B04C4CA
208157,58157,PayPal,Success,5593.14,2025-08-29 00:12:00,TXN-98FC62E199A646
208158,58158,Debit Card,Success,31978.28,2022-06-12 00:24:00,TXN-8E77A09CC819C1
208159,58159,Cash on Delivery,Success,16880.69,2023-06-25 00:04:00,TXN-7B5DE0F12AEE39
208160,58160,Credit Card,Success,145776.4,2025-01-09 00:02:00,TXN-2214A826FE97CF
208161,58161,PayPal,Success,1558.47,2026-03-31 01:10:00,TXN-A3607B1FF98A37
208162,58162,UPI,Success,5578.78,2023-12-03 01:30:00,TXN-BA4B10ABF79C07
208163,58163,PayPal,Success,56772.69,2023-10-27 00:46:00,TXN-3FFB1B8CC00706
208164,58164,NetBanking,Success,55350.11,2023-09-25 01:58:00,TXN-6ED7607ACD6F93
208165,58165,Credit Card,Success,11471.86,2025-03-15 01:37:00,TXN-057B1979752CBA
208166,58166,UPI,Success,14841.81,2025-09-03 01:16:00,TXN-5E6B966479FECA
208167,58167,Debit Card,Success,33411.64,2023-05-06 00:58:00,TXN-A7A5E9D1B71996
208168,58168,NetBanking,Success,3115.34,2026-04-25 01:33:00,TXN-7FC2FAA914CEBE
208169,58169,Credit Card,Success,158563.43,2025-05-18 00:09:00,TXN-6B1509BAE4C2C4
208170,58170,Debit Card,Success,11205.95,2026-04-28 00:24:00,TXN-090FD8E474304B
208171,58171,Credit Card,Success,78345.06,2023-07-27 01:16:00,TXN-41F1D5CBD4F93D
208172,58172,PayPal,Refunded,260.7,2025-08-15 01:17:00,TXN-232EA7267051E0
208173,58173,Credit Card,Success,7150.06,2024-03-26 00:57:00,TXN-C03E58ABC4F8DE
208174,58174,NetBanking,Success,5460.48,2026-05-28 01:17:00,TXN-E69FF12A272EEA
208175,58175,Credit Card,Success,7522.62,2022-11-12 00:08:00,TXN-472B5DE479CB11
208176,58176,Credit Card,Success,57325.14,2022-06-28 00:11:00,TXN-906054FD83DA09
208177,58177,Cash on Delivery,Failed,8910.81,2024-12-09 00:11:00,TXN-8759680C325ADA
208178,58178,NetBanking,Success,4877.2,2022-07-02 00:57:00,TXN-5CE92CCB13D326
208179,58179,Credit Card,Success,13109.48,2022-11-27 00:54:00,TXN-79DBC8A1D3EC74
208180,58180,PayPal,Success,14257.92,2022-09-21 01:00:00,TXN-D976095B3A18F0
208181,58181,UPI,Success,45417.16,2022-07-23 01:23:00,TXN-A0242E78310BCB
208182,58182,Cash on Delivery,Failed,24349.76,2022-09-04 00:56:00,TXN-D4F59E73859B60
208183,58183,NetBanking,Success,4239.1,2024-03-27 01:47:00,TXN-04ECE28CBD44FB
208184,58184,NetBanking,Success,6146.66,2022-03-06 01:30:00,TXN-348976572B9899
208185,58185,Debit Card,Success,26069.82,2026-06-01 00:27:00,TXN-4C919F24EC5A5E
208186,58186,Credit Card,Success,260.7,2024-06-10 00:41:00,TXN-222CB29580F309
208187,58187,Cash on Delivery,Success,3130.42,2022-04-29 01:34:00,TXN-325079145B5ADC
208188,58188,PayPal,Success,40052.61,2025-10-05 01:52:00,TXN-E7373C9906BFF7
208189,58189,Credit Card,Success,734.0,2022-09-13 00:14:00,TXN-BA16D198B08E92
208190,58190,UPI,Success,4812.24,2024-11-13 01:29:00,TXN-E2B800552B9AFF
208191,58191,Credit Card,Success,81587.96,2026-05-27 00:34:00,TXN-D9DE941AB14513
208192,58192,Debit Card,Refunded,5214.81,2024-02-02 00:28:00,TXN-D0DE72A9A64806
208193,58193,UPI,Success,19283.2,2022-09-09 00:11:00,TXN-9123EDA49B2D0C
208194,58194,NetBanking,Success,61726.6,2022-10-10 01:23:00,TXN-6712C525A671F6
208195,58195,NetBanking,Refunded,7633.98,2023-01-25 00:44:00,TXN-8A4B7CD491A07B
208196,58196,Debit Card,Success,14381.14,2024-09-03 01:00:00,TXN-BC1BC7B71D0082
208197,58197,PayPal,Success,16262.88,2022-12-26 00:06:00,TXN-1CC9A082142FCB
208198,58198,Credit Card,Failed,1511.1,2022-01-23 01:25:00,TXN-20CA8B9043AEA7
208199,58199,Cash on Delivery,Refunded,36586.2,2025-04-09 01:39:00,TXN-8E050A8E9A9FCE
208200,58200,UPI,Success,15535.68,2026-03-09 01:53:00,TXN-CA0B63ABE964E7
208201,58201,NetBanking,Success,9676.78,2025-11-24 01:54:00,TXN-9859627E2C0F92
208202,58202,PayPal,Success,36167.51,2025-03-10 01:18:00,TXN-CEB54CC4CFBC96
208203,58203,NetBanking,Success,1420.43,2023-08-25 01:17:00,TXN-977B9051B8D9DF
208204,58204,NetBanking,Refunded,11787.68,2024-10-12 02:00:00,TXN-B27B796D1810F3
208205,58205,Cash on Delivery,Success,3454.82,2023-11-15 00:30:00,TXN-FDE796A4029B0F
208206,58206,Cash on Delivery,Success,28113.25,2023-01-17 02:00:00,TXN-C13D7B6A97F8AD
208207,58207,PayPal,Success,22708.58,2025-02-09 01:22:00,TXN-ECF95BA92C3BBA
208208,58208,NetBanking,Refunded,84505.28,2023-09-04 00:31:00,TXN-5E42312FAC14B5
208209,58209,Credit Card,Success,17760.37,2025-06-27 01:55:00,TXN-A0210A2A1F4E50
208210,58210,Credit Card,Success,16015.87,2024-06-25 00:53:00,TXN-1F8B0C8A94B9DB
208211,58211,PayPal,Success,76468.81,2023-09-25 00:56:00,TXN-9DC699C29135F0
208212,58212,Debit Card,Success,742.99,2025-10-19 00:20:00,TXN-554CEC4C004409
208213,58213,PayPal,Success,4734.78,2026-05-16 01:40:00,TXN-154593ADD874CA
208214,58214,Debit Card,Success,957.31,2025-10-20 01:19:00,TXN-86C175A1F7CDE7
208215,58215,Credit Card,Success,8961.9,2022-04-05 01:22:00,TXN-1E4BEC61E94F6B
208216,58216,Credit Card,Success,2608.88,2023-01-09 01:05:00,TXN-00794B13EEB254
208217,58217,UPI,Success,13596.35,2024-03-04 00:07:00,TXN-101764803E9B7B
208218,58218,Credit Card,Success,7607.88,2022-11-28 00:07:00,TXN-7A75C4A50CB342
208219,58219,Cash on Delivery,Success,12995.64,2022-12-24 00:57:00,TXN-8101F60DB2147F
208220,58220,PayPal,Success,7146.66,2024-11-06 01:18:00,TXN-C202FEBDD65624
208221,58221,Debit Card,Success,579.36,2024-03-18 00:04:00,TXN-4313B94FEDF2D8
208222,58222,Credit Card,Success,421.27,2024-08-26 00:12:00,TXN-532C648015C30D
208223,58223,Debit Card,Success,20849.02,2026-06-06 00:05:00,TXN-7992124235AEFF
208224,58224,Debit Card,Success,16353.57,2024-12-21 00:07:00,TXN-4B05D25684C203
208225,58225,UPI,Success,798.68,2024-12-17 01:19:00,TXN-63A927B0EE5B35
208226,58226,UPI,Success,9486.92,2023-07-28 01:30:00,TXN-8102D053F415FE
208227,58227,PayPal,Success,2114.96,2022-11-03 00:31:00,TXN-3C1FE3DC8E97A4
208228,58228,PayPal,Success,53522.92,2022-03-30 01:09:00,TXN-BA3F5E002C68EE
208229,58229,PayPal,Success,753.53,2024-09-23 01:19:00,TXN-71AFBD0FB3AF6C
208230,58230,Cash on Delivery,Success,6951.38,2026-04-28 01:45:00,TXN-55788798B258ED
208231,58231,PayPal,Success,86921.3,2022-06-04 00:31:00,TXN-F24A86F07D3B59
208232,58232,Debit Card,Success,12120.73,2025-04-06 00:38:00,TXN-F4D01100CDA3FF
208233,58233,Cash on Delivery,Success,3462.39,2026-05-09 00:12:00,TXN-BBDB72F0165A73
208234,58234,UPI,Success,6726.26,2024-02-06 00:13:00,TXN-7014417B6690FA
208235,58235,Credit Card,Success,53943.16,2022-01-03 00:16:00,TXN-23B9A3589EF4E8
208236,58236,Cash on Delivery,Success,12821.43,2025-11-09 01:13:00,TXN-7BCC45F105E6FF
208237,58237,UPI,Success,48620.08,2024-05-17 01:51:00,TXN-58BB6E0D31B177
208238,58238,NetBanking,Success,6073.2,2026-02-18 01:23:00,TXN-4B73D125319D02
208239,58239,UPI,Success,5412.94,2024-09-04 00:26:00,TXN-549FE104F926BD
208240,58240,Cash on Delivery,Success,26124.82,2023-01-21 01:01:00,TXN-FD71F7BCA0BFD7
208241,58241,NetBanking,Success,13672.54,2023-08-29 01:10:00,TXN-157B7947410BCE
208242,58242,Credit Card,Success,56940.1,2024-12-28 01:14:00,TXN-C52A89A8E360DB
208243,58243,Cash on Delivery,Success,15242.54,2022-06-21 01:45:00,TXN-60C8631A0DACAC
208244,58244,PayPal,Success,4165.54,2025-10-27 00:03:00,TXN-290734D1FEB6F0
208245,58245,NetBanking,Success,8752.94,2025-02-08 00:37:00,TXN-F40CE6D2D3D917
208246,58246,NetBanking,Success,10736.03,2025-01-15 01:37:00,TXN-A74EC6F1729842
208247,58247,Credit Card,Success,31732.19,2023-07-23 01:53:00,TXN-617590353C3772
208248,58248,NetBanking,Success,620.76,2024-07-02 00:40:00,TXN-9660AE01BBEDA4
208249,58249,PayPal,Success,17815.84,2024-06-16 00:55:00,TXN-BB89D5C7844817
208250,58250,Debit Card,Success,5742.46,2022-01-04 00:33:00,TXN-F4FA7849B36741
208251,58251,PayPal,Success,5152.69,2023-12-19 00:32:00,TXN-CF4CB4B757B510
208252,58252,Debit Card,Success,30144.71,2024-10-20 00:44:00,TXN-C0EF44761FD5E2
208253,58253,Credit Card,Success,16997.79,2024-06-01 01:40:00,TXN-8772C237721EBB
208254,58254,UPI,Success,3628.79,2024-01-06 01:09:00,TXN-94ABBE56438904
208255,58255,NetBanking,Success,11457.31,2022-05-23 00:20:00,TXN-10FA5D293A4D89
208256,58256,Credit Card,Success,2171.5,2024-02-16 01:22:00,TXN-7C1A2389B084F9
208257,58257,Credit Card,Success,2416.41,2024-05-02 00:04:00,TXN-19915B69D1E28D
208258,58258,NetBanking,Success,482.29,2023-09-21 00:23:00,TXN-CF153F94A09266
208259,58259,NetBanking,Success,7607.08,2024-10-10 00:05:00,TXN-8C6B60B1BDD84A
208260,58260,UPI,Success,1446.87,2024-01-19 01:59:00,TXN-3833FB265BBA31
208261,58261,Debit Card,Success,27608.66,2023-03-01 01:26:00,TXN-E72F2A97119C33
208262,58262,NetBanking,Success,31933.22,2026-06-05 00:13:00,TXN-BBE40EEA82F012
208263,58263,Cash on Delivery,Success,73436.4,2026-01-27 01:03:00,TXN-1CB4CC203DDF2B
208264,58264,Debit Card,Success,8059.3,2025-10-24 01:00:00,TXN-AC282C8AF85AF2
208265,58265,UPI,Refunded,13052.39,2025-08-11 01:25:00,TXN-F5C268D88D270F
208266,58266,UPI,Success,24466.77,2024-05-11 00:21:00,TXN-D9760F362BCE56
208267,58267,Credit Card,Success,32963.16,2022-04-26 00:56:00,TXN-AC35A34E1DF43E
208268,58268,UPI,Success,204072.71,2026-04-27 00:34:00,TXN-1EC7F72ECCDAB5
208269,58269,Debit Card,Success,31786.91,2024-01-30 01:05:00,TXN-16567C3D8A0B5D
208270,58270,NetBanking,Success,31363.5,2023-12-17 00:43:00,TXN-A60B7C46421790
208271,58271,UPI,Success,5928.89,2026-06-01 00:05:00,TXN-8839FA8280D815
208272,58272,Credit Card,Success,12151.56,2022-12-28 00:20:00,TXN-C5DACC070EB090
208273,58273,NetBanking,Success,964.11,2022-09-19 00:57:00,TXN-19621B4CE0D293
208274,58274,Cash on Delivery,Success,26260.51,2022-02-10 01:29:00,TXN-3252024A69D9A0
208275,58275,Debit Card,Success,19875.4,2024-05-09 00:22:00,TXN-E26C3B7DE4E523
208276,58276,Cash on Delivery,Success,55974.16,2025-11-12 00:20:00,TXN-BDF6AEF354734B
208277,58277,UPI,Success,4036.32,2024-01-15 01:09:00,TXN-4AACB79382E451
208278,58278,NetBanking,Success,200670.12,2025-04-29 01:11:00,TXN-7BD8858F6C73B3
208279,58279,Cash on Delivery,Success,48657.32,2024-09-20 00:26:00,TXN-0287A105BFA1C6
208280,58280,Cash on Delivery,Success,3481.95,2022-02-27 00:45:00,TXN-3A7D171E76D77A
208281,58281,PayPal,Success,5532.26,2023-04-29 01:42:00,TXN-039DCBA8038CD6
208282,58282,Credit Card,Success,2965.59,2023-07-15 00:58:00,TXN-743F13624E1B1A
208283,58283,Cash on Delivery,Success,8651.24,2026-01-11 01:16:00,TXN-7FDBCF31F23779
208284,58284,Debit Card,Success,2466.21,2022-12-06 01:35:00,TXN-B3F9E73ECF021D
208285,58285,UPI,Success,115840.64,2025-11-19 00:20:00,TXN-5E4FD9786D7462
208286,58286,UPI,Success,71633.43,2024-02-24 00:37:00,TXN-8BB55D07BE8D58
208287,58287,Credit Card,Success,156729.27,2022-03-19 00:56:00,TXN-5B900CCC29C786
208288,58288,Debit Card,Success,43184.71,2022-04-10 01:10:00,TXN-AA58F72265F3F1
208289,58289,Credit Card,Success,59645.43,2025-09-06 01:51:00,TXN-F8C648DFE72ED5
208290,58290,NetBanking,Success,1104.31,2023-03-14 01:06:00,TXN-B223EC7198980D
208291,58291,UPI,Success,1557.67,2023-04-13 01:40:00,TXN-8ADBE60AFBE94F
208292,58292,UPI,Success,4444.5,2022-10-06 00:25:00,TXN-BB1F4F4C8B986E
208293,58293,Cash on Delivery,Success,16574.35,2023-04-03 01:34:00,TXN-D16E4949FE3AA7
208294,58294,NetBanking,Success,24310.04,2022-07-27 00:31:00,TXN-D81DF992FDF90F
208295,58295,Debit Card,Success,725.29,2024-03-14 00:09:00,TXN-E044DB4208FADB
208296,58296,UPI,Success,32834.15,2022-04-30 01:53:00,TXN-E5625851066ABC
208297,58297,UPI,Success,18683.94,2024-08-03 00:51:00,TXN-655806B2C659D6
208298,58298,UPI,Success,23509.49,2022-11-10 00:13:00,TXN-083781F48848CF
208299,58299,Debit Card,Refunded,5860.64,2024-01-02 00:31:00,TXN-FB0914F8A72E74
208300,58300,Cash on Delivery,Success,3553.34,2025-01-11 00:23:00,TXN-D4A74368517F80
208301,58301,UPI,Success,15044.56,2026-05-06 01:11:00,TXN-C35B88711B5CC1
208302,58302,Debit Card,Success,28536.43,2024-01-24 01:31:00,TXN-60A12E88D1ED2D
208303,58303,Cash on Delivery,Success,4932.36,2025-08-13 00:09:00,TXN-28DC9B53D5222D
208304,58304,PayPal,Success,9318.43,2025-06-21 01:52:00,TXN-698E9D61372AAB
208305,58305,PayPal,Success,2965.07,2023-10-18 01:41:00,TXN-DA63239866B198
208306,58306,Cash on Delivery,Success,123984.11,2026-04-13 00:41:00,TXN-6D79FD8449C5A2
208307,58307,Debit Card,Success,78087.72,2022-10-19 00:48:00,TXN-0B40065A7D527C
208308,58308,NetBanking,Success,15471.04,2024-01-24 00:15:00,TXN-1E94CDF86BFC2E
208309,58309,UPI,Refunded,5380.65,2023-09-25 00:18:00,TXN-AA09B3B265FFB9
208310,58310,UPI,Success,25699.83,2024-03-21 00:34:00,TXN-4A4062B5FE221A
208311,58311,Cash on Delivery,Success,1742.37,2024-01-16 01:00:00,TXN-B2038A77A084C2
208312,58312,UPI,Success,183554.03,2022-07-02 01:22:00,TXN-1B58684B53734B
208313,58313,PayPal,Success,4022.22,2026-01-12 01:25:00,TXN-390240EC23DFDD
208314,58314,UPI,Success,27283.79,2022-10-02 01:25:00,TXN-D924CC529A38A6
208315,58315,PayPal,Failed,6484.12,2024-11-26 01:47:00,TXN-5AA777433DB9D1
208316,58316,PayPal,Success,17100.24,2024-05-09 01:39:00,TXN-4739958AEE81AB
208317,58317,UPI,Success,76189.08,2022-12-15 01:26:00,TXN-406B349E50773E
208318,58318,NetBanking,Success,667.69,2024-09-21 01:36:00,TXN-16C104665714C5
208319,58319,UPI,Success,2468.15,2023-02-24 01:33:00,TXN-361F74298DF18F
208320,58320,Debit Card,Refunded,7289.24,2026-01-01 00:09:00,TXN-CA46A5784161CC
208321,58321,PayPal,Success,5768.12,2023-01-02 01:45:00,TXN-F8C8B5BCC5D102
208322,58322,NetBanking,Success,5422.97,2023-09-05 01:11:00,TXN-6EA9603C67D524
208323,58323,Credit Card,Refunded,17760.37,2025-05-23 01:46:00,TXN-4AADFA459DEB7C
208324,58324,Cash on Delivery,Success,125542.61,2024-11-02 00:28:00,TXN-BB2B66201D70F9
208325,58325,UPI,Success,15084.04,2024-04-28 01:32:00,TXN-7912391EAC69EA
208326,58326,UPI,Success,5183.71,2023-11-05 00:34:00,TXN-C68BE692800AC7
208327,58327,UPI,Success,56486.18,2023-05-27 00:19:00,TXN-BD2DB4C7613304
208328,58328,PayPal,Success,49902.71,2025-07-02 00:11:00,TXN-FDBFF780D01AD0
208329,58329,PayPal,Success,2799.8,2025-07-17 00:22:00,TXN-686ECF7C2CE2E9
208330,58330,Cash on Delivery,Success,1647.26,2024-07-29 01:34:00,TXN-63E3A2809706ED
208331,58331,UPI,Success,140039.19,2025-07-17 01:57:00,TXN-87B7E6DFC41F5C
208332,58332,Debit Card,Success,17197.08,2026-02-25 01:08:00,TXN-980358858C2F16
208333,58333,UPI,Success,50880.33,2025-12-06 01:15:00,TXN-BECAE041EDAAA1
208334,58334,NetBanking,Success,31871.9,2024-06-10 00:27:00,TXN-26DCA200ADD11D
208335,58335,PayPal,Success,2137.48,2022-10-16 00:46:00,TXN-D36FEBB18CCFDF
208336,58336,Cash on Delivery,Success,17430.07,2022-01-22 00:31:00,TXN-6CB6BEC9300207
208337,58337,PayPal,Success,33805.2,2024-01-15 00:09:00,TXN-BC3FE66462E419
208338,58338,Debit Card,Success,3815.32,2024-04-11 01:50:00,TXN-80776F9C467378
208339,58339,UPI,Success,18494.88,2022-05-01 01:25:00,TXN-08F65DFA90ACD3
208340,58340,PayPal,Success,9225.29,2025-08-29 00:30:00,TXN-E476B7FC10D4EA
208341,58341,NetBanking,Success,3120.94,2024-10-12 00:45:00,TXN-6056A196644C10
208342,58342,Credit Card,Success,29503.15,2026-03-15 01:05:00,TXN-EFCDCDEAFA05A8
208343,58343,NetBanking,Success,11712.71,2025-07-23 00:03:00,TXN-3BEF56C0A0D5A1
208344,58344,NetBanking,Failed,4682.72,2024-12-27 00:52:00,TXN-35692D085C7961
208345,58345,UPI,Success,19242.92,2023-02-27 01:55:00,TXN-F56E84E949F8FD
208346,58346,PayPal,Success,54570.33,2025-02-20 01:14:00,TXN-D7AE2B63959AA2
208347,58347,UPI,Success,25595.27,2026-01-27 01:11:00,TXN-624EB278A86B63
208348,58348,UPI,Success,41510.02,2025-01-02 01:44:00,TXN-B88E37819C763E
208349,58349,NetBanking,Success,14577.95,2024-09-25 00:53:00,TXN-C7AB28483AEEBF
208350,58350,Debit Card,Success,7741.0,2026-02-09 00:21:00,TXN-4747F11D9811F5
208351,58351,Credit Card,Success,92492.55,2023-08-05 00:02:00,TXN-5E4F1587036993
208352,58352,PayPal,Success,776.87,2022-08-04 01:49:00,TXN-3194AC04934F2A
208353,58353,Debit Card,Success,26903.72,2022-07-25 01:02:00,TXN-BD9471B6986B5F
208354,58354,Credit Card,Success,70663.86,2024-06-11 00:21:00,TXN-34134B3771FB41
208355,58355,UPI,Success,21701.12,2024-05-14 01:42:00,TXN-BDBA181CAB3167
208356,58356,Debit Card,Success,13084.05,2023-08-12 00:07:00,TXN-C7373CA2967DA5
208357,58357,Cash on Delivery,Success,11839.83,2025-01-13 01:39:00,TXN-16C2B9ED9AB1BC
208358,58358,NetBanking,Success,7676.03,2022-07-04 00:20:00,TXN-F8837C4AFE76FA
208359,58359,Cash on Delivery,Refunded,6562.03,2025-06-07 01:53:00,TXN-53634D5377ADE9
208360,58360,NetBanking,Success,9106.57,2022-04-03 01:48:00,TXN-2E0503EA606B26
208361,58361,UPI,Refunded,10914.31,2025-05-01 00:10:00,TXN-1B4E011E13D68E
208362,58362,NetBanking,Success,51300.72,2025-11-22 01:47:00,TXN-41B62BA345A5D9
208363,58363,NetBanking,Success,17228.44,2022-06-14 00:57:00,TXN-6A84F6AACEDBF7
208364,58364,UPI,Success,164194.35,2024-10-25 02:00:00,TXN-34C40CE5A3F5D8
208365,58365,NetBanking,Success,46883.02,2022-08-18 01:56:00,TXN-2AC5AEE34A1BA1
208366,58366,Debit Card,Success,33792.29,2022-11-13 00:30:00,TXN-CEF2676AA6B963
208367,58367,Debit Card,Success,29320.14,2025-07-02 01:35:00,TXN-F3A78F59D62920
208368,58368,Debit Card,Success,11538.06,2024-04-18 00:50:00,TXN-A9F366A0FBE626
208369,58369,PayPal,Success,1559.38,2024-11-05 01:11:00,TXN-11B306F780059A
208370,58370,NetBanking,Success,8909.36,2024-10-20 01:04:00,TXN-7F817F1EB54315
208371,58371,PayPal,Success,14192.65,2022-09-04 01:17:00,TXN-785BB30B60CCC1
208372,58372,Credit Card,Success,4650.44,2022-11-21 01:11:00,TXN-9ED7CD4E843D9C
208373,58373,Debit Card,Success,1264.72,2025-05-20 01:26:00,TXN-0118D6FA7768DB
208374,58374,NetBanking,Success,15930.65,2026-05-02 00:30:00,TXN-B194081D7CD1F3
208375,58375,PayPal,Success,84755.44,2022-05-27 00:04:00,TXN-5E36F07D1B88D6
208376,58376,Credit Card,Success,3104.89,2024-08-25 00:59:00,TXN-ACD77AD1DB6D56
208377,58377,PayPal,Refunded,31420.07,2023-11-23 01:01:00,TXN-32720041B39BD9
208378,58378,Debit Card,Success,35193.55,2023-12-29 01:39:00,TXN-BC2BCF1E9B0ED4
208379,58379,NetBanking,Success,1435.86,2026-02-26 00:26:00,TXN-4E023ABA5E07EF
208380,58380,PayPal,Success,16461.78,2025-12-18 01:23:00,TXN-4C566B9F1D0051
208381,58381,Cash on Delivery,Success,24914.25,2025-03-26 00:26:00,TXN-8A5CE2686CF131
208382,58382,Credit Card,Success,11269.7,2025-10-13 00:08:00,TXN-788E5DFDA7DA9E
208383,58383,Cash on Delivery,Success,13699.51,2023-08-08 01:11:00,TXN-F91D2CA68D49F2
208384,58384,PayPal,Success,28712.65,2025-01-01 00:39:00,TXN-0CCBE955F03BFC
208385,58385,UPI,Success,1277.35,2022-12-02 01:23:00,TXN-DACD3075A6B8F7
208386,58386,NetBanking,Success,5874.42,2024-05-30 00:06:00,TXN-09163CE7AF3208
208387,58387,PayPal,Success,26997.31,2024-12-27 01:36:00,TXN-97322481AE32A8
208388,58388,Debit Card,Success,37587.97,2023-03-23 00:37:00,TXN-7DDC9D87246514
208389,58389,PayPal,Success,4691.47,2025-12-21 01:08:00,TXN-C986019EF641AC
208390,58390,UPI,Success,25417.36,2025-07-27 01:59:00,TXN-298EB91E539F9F
208391,58391,NetBanking,Success,1742.37,2022-06-13 01:08:00,TXN-D4255E37033D12
208392,58392,Credit Card,Success,103351.91,2024-08-20 00:50:00,TXN-D1AB9BEAE21171
208393,58393,PayPal,Success,63.26,2022-09-07 00:16:00,TXN-7D9DF0C82562DA
208394,58394,NetBanking,Success,54397.72,2023-05-07 01:33:00,TXN-487E9D20088109
208395,58395,Cash on Delivery,Success,24193.06,2024-07-11 00:16:00,TXN-8303D71BAA9392
208396,58396,Debit Card,Success,604.5,2022-09-29 01:57:00,TXN-B8D47186E5D70B
208397,58397,UPI,Success,76084.12,2025-12-20 01:48:00,TXN-3A5984D86A4338
208398,58398,Credit Card,Success,37987.56,2025-11-28 01:22:00,TXN-B9600C24ADBCA3
208399,58399,NetBanking,Refunded,9977.17,2025-05-04 00:44:00,TXN-DB039A03D4643D
208400,58400,NetBanking,Success,91338.87,2022-01-31 01:42:00,TXN-E97DEDD3624B0D
208401,58401,PayPal,Success,20913.17,2022-07-16 00:57:00,TXN-9750B4C87BD403
208402,58402,PayPal,Success,15418.87,2023-05-08 00:22:00,TXN-ED59829FDEA9A6
208403,58403,PayPal,Success,47160.78,2023-03-05 00:16:00,TXN-2DF425D9701D64
208404,58404,NetBanking,Success,36449.98,2025-05-19 00:48:00,TXN-784B26DFB52592
208405,58405,Credit Card,Success,119290.86,2025-06-17 01:02:00,TXN-0200504CB71F0F
208406,58406,Cash on Delivery,Success,5913.17,2024-11-30 01:54:00,TXN-63D314F06E7A6E
208407,58407,Credit Card,Success,8340.27,2023-03-22 01:32:00,TXN-240040EF4A7BDA
208408,58408,Credit Card,Success,44019.84,2026-02-19 01:26:00,TXN-0306C05AB3C365
208409,58409,Debit Card,Success,15651.25,2025-05-14 01:12:00,TXN-6118106450D46F
208410,58410,PayPal,Refunded,13355.74,2024-06-12 00:05:00,TXN-480C1FCC9EA947
208411,58411,NetBanking,Refunded,18757.44,2024-06-25 00:50:00,TXN-46204485A75EAE
208412,58412,Cash on Delivery,Success,92378.15,2023-05-22 00:01:00,TXN-930E38C3192479
208413,58413,Debit Card,Success,144670.04,2022-06-23 00:01:00,TXN-44BA864A3954E8
208414,58414,Cash on Delivery,Success,49229.39,2024-10-29 00:57:00,TXN-E8B4D38EBD547D
208415,58415,PayPal,Success,83989.1,2025-05-03 01:34:00,TXN-0A2D287CB13D62
208416,58416,UPI,Success,29004.84,2025-11-17 00:52:00,TXN-1BBC8E3AE69919
208417,58417,Debit Card,Success,24528.72,2025-10-20 00:25:00,TXN-021E2005A0CD89
208418,58418,NetBanking,Refunded,10794.7,2025-04-12 00:40:00,TXN-EEA2809A62E5D7
208419,58419,PayPal,Success,1312.14,2022-10-13 01:59:00,TXN-B5132BB70AD2F9
208420,58420,Credit Card,Success,65668.3,2025-04-26 00:34:00,TXN-B9685EC82C1B17
208421,58421,UPI,Success,11628.0,2024-08-17 00:59:00,TXN-64E323CFB71970
208422,58422,Credit Card,Success,14158.99,2022-09-27 00:25:00,TXN-65BF52AED7A724
208423,58423,PayPal,Refunded,26901.97,2026-04-13 00:01:00,TXN-3F06BAE412F91B
208424,58424,UPI,Success,84518.99,2026-05-28 01:53:00,TXN-A970D99AB0FF73
208425,58425,Debit Card,Failed,18687.74,2025-09-15 00:07:00,TXN-66CA824B0E14CF
208426,58426,Debit Card,Success,11718.53,2022-10-18 00:08:00,TXN-1F0D3F585D2D3B
208427,58427,NetBanking,Success,132592.32,2025-07-02 00:32:00,TXN-AF433E591EE615
208428,58428,Credit Card,Success,39234.63,2024-12-10 01:10:00,TXN-8C9263A3653EDE
208429,58429,PayPal,Refunded,16163.97,2025-06-24 00:20:00,TXN-6940EA8345E681
208430,58430,PayPal,Success,5033.83,2025-03-14 01:02:00,TXN-1D5CA750F1A419
208431,58431,UPI,Success,21905.3,2024-04-11 01:20:00,TXN-3267C5A7B121F8
208432,58432,NetBanking,Success,2833.82,2024-05-05 00:02:00,TXN-1690662FE0B405
208433,58433,PayPal,Failed,18350.27,2024-08-26 01:49:00,TXN-DE5BA884B5B157
208434,58434,Debit Card,Success,3277.37,2025-01-02 01:23:00,TXN-ED858B69368212
208435,58435,Cash on Delivery,Success,50858.76,2024-04-13 00:16:00,TXN-E38477FB5D8F03
208436,58436,UPI,Success,5677.52,2022-08-10 00:51:00,TXN-EFF1DFEB722037
208437,58437,Credit Card,Success,10916.9,2023-12-21 00:09:00,TXN-C37472059140F7
208438,58438,PayPal,Success,2596.01,2025-07-23 00:37:00,TXN-1CD1206412E69C
208439,58439,NetBanking,Success,53252.79,2023-11-14 00:20:00,TXN-188A1A5F63EB2D
208440,58440,Debit Card,Success,8889.0,2024-02-06 00:18:00,TXN-0FCD8DC2875446
208441,58441,NetBanking,Success,24310.04,2025-06-18 00:35:00,TXN-E72EEC96FDC317
208442,58442,PayPal,Success,66.59,2024-11-23 01:28:00,TXN-9C78DD27B06FFA
208443,58443,PayPal,Success,7262.26,2023-12-30 00:26:00,TXN-772E06D2CF2EDD
208444,58444,Debit Card,Success,4486.11,2022-11-11 01:46:00,TXN-8E3AF28735A354
208445,58445,NetBanking,Success,3689.64,2024-04-04 01:18:00,TXN-572214DB8F14FD
208446,58446,Debit Card,Success,713.55,2022-07-13 00:59:00,TXN-E479ED7082467A
208447,58447,NetBanking,Success,28781.93,2023-12-17 00:20:00,TXN-E05654C7AE9EDB
208448,58448,NetBanking,Success,103301.4,2023-04-09 00:52:00,TXN-5BD619C55FED92
208449,58449,Debit Card,Success,62475.73,2022-12-07 01:51:00,TXN-74C04BB4DD231B
208450,58450,NetBanking,Success,46425.62,2023-02-08 01:39:00,TXN-A70D7E175BDDC1
208451,58451,Debit Card,Success,135401.78,2022-08-31 00:37:00,TXN-D9C707BA206C3D
208452,58452,Cash on Delivery,Success,6427.86,2023-02-22 01:26:00,TXN-51355A61BF6D21
208453,58453,Credit Card,Success,24178.4,2024-09-16 01:56:00,TXN-020062CB9AC291
208454,58454,Debit Card,Success,6221.54,2026-06-04 01:52:00,TXN-6B3B309179C7B6
208455,58455,Cash on Delivery,Success,7931.89,2023-09-18 00:12:00,TXN-8F99587D870046
208456,58456,Debit Card,Success,3262.47,2023-07-05 01:30:00,TXN-E2CDAA4F937DB0
208457,58457,Debit Card,Success,49112.05,2024-01-19 00:30:00,TXN-6E3B59451809E1
208458,58458,Debit Card,Success,39122.21,2023-01-03 01:56:00,TXN-D0BF78FB92760B
208459,58459,PayPal,Success,21664.11,2025-03-19 01:37:00,TXN-0E1E411E1854F2
208460,58460,UPI,Success,124212.26,2022-05-31 00:55:00,TXN-D90FB2D00A3E5D
208461,58461,UPI,Success,12938.6,2025-02-14 00:33:00,TXN-DCD4538DA71AFD
208462,58462,NetBanking,Refunded,20826.69,2022-01-11 00:30:00,TXN-83F1227825FC53
208463,58463,Credit Card,Success,6005.15,2022-04-18 01:42:00,TXN-CED8A320E36663
208464,58464,Cash on Delivery,Success,594.6,2026-03-19 00:33:00,TXN-971ECEA8204862
208465,58465,PayPal,Success,11397.07,2023-05-13 01:44:00,TXN-53DBC5E95BCB5D
208466,58466,Debit Card,Refunded,4507.69,2023-08-09 01:10:00,TXN-10A83FE096064A
208467,58467,UPI,Success,183615.51,2026-01-23 00:41:00,TXN-47B604803A4771
208468,58468,NetBanking,Success,2487.72,2023-01-26 01:57:00,TXN-14670FAAC7B15B
208469,58469,UPI,Failed,1231.36,2026-05-04 00:36:00,TXN-666B43232F3BC5
208470,58470,NetBanking,Success,240.36,2026-03-26 00:31:00,TXN-C755566D722BF5
208471,58471,Cash on Delivery,Success,260.7,2024-07-29 01:02:00,TXN-9C59480CF6B8F2
208472,58472,NetBanking,Success,110879.75,2022-06-26 00:21:00,TXN-54F5C7282897FA
208473,58473,UPI,Failed,33797.29,2026-04-16 00:12:00,TXN-E89D4F5034B943
208474,58474,UPI,Success,2385.3,2023-09-26 01:18:00,TXN-D498352EEB89BF
208475,58475,Debit Card,Success,3938.5,2022-08-14 00:25:00,TXN-89903CE5475702
208476,58476,UPI,Success,6726.26,2023-04-01 00:20:00,TXN-D4FA481EBE7A27
208477,58477,UPI,Success,4708.02,2022-05-14 00:40:00,TXN-338CD688BB0B9B
208478,58478,Cash on Delivery,Success,3816.99,2025-03-19 01:17:00,TXN-45B1EA7356944C
208479,58479,NetBanking,Success,61273.94,2025-04-15 00:47:00,TXN-19A00E2A520C42
208480,58480,Credit Card,Success,1557.67,2022-08-23 01:34:00,TXN-2CF87251A2A63C
208481,58481,UPI,Success,9459.97,2025-08-08 00:16:00,TXN-3A950C0DDF1F55
208482,58482,NetBanking,Success,18214.12,2023-02-17 00:53:00,TXN-756E903358E2BA
208483,58483,NetBanking,Success,1129.33,2024-03-13 01:14:00,TXN-C702A2DCF73D53
208484,58484,PayPal,Success,678.36,2024-06-10 00:36:00,TXN-392526C0099E43
208485,58485,Cash on Delivery,Success,7580.42,2023-12-04 01:50:00,TXN-30F5BE0D5319A6
208486,58486,Cash on Delivery,Success,9856.03,2024-09-20 00:06:00,TXN-C6A49DFCA8B70F
208487,58487,Credit Card,Success,3202.26,2023-06-23 00:54:00,TXN-0E8964A3D3D84D
208488,58488,Credit Card,Success,40754.01,2025-06-01 00:41:00,TXN-C061928A0172FC
208489,58489,NetBanking,Success,5396.1,2025-07-31 01:19:00,TXN-8CEE4E98165B77
208490,58490,NetBanking,Success,3277.37,2024-08-31 00:25:00,TXN-DFA1B8A15D9695
208491,58491,Debit Card,Success,10396.73,2024-03-03 01:40:00,TXN-B731921C5CB8FF
208492,58492,PayPal,Success,39649.14,2025-01-15 00:25:00,TXN-355629B639C660
208493,58493,Credit Card,Success,3081.62,2024-03-20 00:47:00,TXN-1CB399E2F831DE
208494,58494,Cash on Delivery,Failed,32564.14,2023-10-23 00:49:00,TXN-8D53017DE8AF2B
208495,58495,PayPal,Success,19116.26,2023-07-18 00:57:00,TXN-BFAFE622C092EB
208496,58496,NetBanking,Success,32794.75,2026-06-10 01:41:00,TXN-A5E4A1CF119E51
208497,58497,PayPal,Success,4083.49,2022-05-27 00:26:00,TXN-39879E9C7306A3
208498,58498,Credit Card,Success,58832.69,2025-04-02 01:31:00,TXN-E8C9C5DE669A7B
208499,58499,Credit Card,Refunded,46594.18,2025-04-17 00:10:00,TXN-764D2CF0533713
208500,58500,UPI,Success,17053.02,2022-04-11 00:18:00,TXN-1B26042E65BA39
208501,58501,Debit Card,Success,2755.18,2025-08-08 00:49:00,TXN-477DE9D2031DD1
208502,58502,NetBanking,Success,31731.27,2022-01-09 01:32:00,TXN-A1D345BA88B3F5
208503,58503,UPI,Success,1184.85,2022-07-07 01:54:00,TXN-9B1797A7FBA3F5
208504,58504,Cash on Delivery,Success,1165.72,2024-03-06 01:17:00,TXN-F91F1DDB1013F3
208505,58505,Cash on Delivery,Success,2758.76,2025-05-26 00:45:00,TXN-FA9F60CB9B5D1F
208506,58506,UPI,Success,1655.25,2023-03-26 00:29:00,TXN-5913395AD12F62
208507,58507,Credit Card,Success,15779.02,2024-03-11 00:24:00,TXN-5680D437431952
208508,58508,UPI,Success,17701.4,2026-03-16 01:20:00,TXN-C78094D60E8EE9
208509,58509,Cash on Delivery,Success,10706.32,2023-03-26 00:24:00,TXN-C90CC5696C6D5B
208510,58510,PayPal,Failed,188148.02,2024-07-10 00:18:00,TXN-A7AFC8C6B8B47B
208511,58511,Credit Card,Success,32566.48,2025-04-22 01:03:00,TXN-F2C6C541D2E51E
208512,58512,Cash on Delivery,Success,36093.99,2025-10-30 00:32:00,TXN-417BF19C788366
208513,58513,Debit Card,Success,53522.92,2022-03-14 00:31:00,TXN-F9360C8ACA8689
208514,58514,Cash on Delivery,Success,8500.14,2026-06-06 00:44:00,TXN-2F62BD33447A42
208515,58515,Debit Card,Success,7446.43,2023-12-05 00:33:00,TXN-4509D0948458B9
208516,58516,NetBanking,Success,129461.26,2022-05-03 00:34:00,TXN-FE2E9825F96657
208517,58517,Credit Card,Success,21244.9,2022-12-28 00:39:00,TXN-8C3F944D8BF5EF
208518,58518,PayPal,Success,1136.17,2026-06-11 01:59:00,TXN-31B8008BC43DE8
208519,58519,Debit Card,Success,46838.1,2025-07-16 00:19:00,TXN-C7DCB44BA36367
208520,58520,UPI,Success,5557.72,2025-08-15 00:25:00,TXN-45C1964986C66A
208521,58521,NetBanking,Success,667.69,2025-10-11 01:52:00,TXN-E1F3C4A0E66EC2
208522,58522,Debit Card,Success,6053.34,2022-06-27 00:30:00,TXN-7F9CB99BD2D950
208523,58523,Debit Card,Success,10048.49,2023-04-04 01:10:00,TXN-D8A55F35A857FC
208524,58524,PayPal,Success,2348.69,2022-04-25 00:07:00,TXN-78EAC82A0AE67E
208525,58525,UPI,Success,19744.37,2023-07-25 01:35:00,TXN-D261F0DAA5A4CE
208526,58526,UPI,Success,1258.3,2025-12-07 01:04:00,TXN-189719C3C92F5F
208527,58527,Cash on Delivery,Success,6576.95,2024-09-08 01:25:00,TXN-4160F618704F3C
208528,58528,PayPal,Success,640.28,2026-03-14 01:31:00,TXN-6185165F88AAF1
208529,58529,PayPal,Success,101538.68,2023-04-01 01:17:00,TXN-283D82BD8F1DC7
208530,58530,Credit Card,Success,8470.22,2025-05-14 00:06:00,TXN-5B3CCEC404CB46
208531,58531,Credit Card,Success,4871.49,2022-12-29 00:05:00,TXN-CB753EB4434540
208532,58532,UPI,Success,20112.04,2026-05-06 01:12:00,TXN-D809C4B21343A4
208533,58533,Cash on Delivery,Success,5622.42,2024-07-07 00:57:00,TXN-550680C36B5AE3
208534,58534,Cash on Delivery,Success,21641.6,2026-01-06 01:53:00,TXN-5D7091A29FEC85
208535,58535,NetBanking,Success,4809.33,2022-04-27 00:41:00,TXN-8A1D766E0ACE96
208536,58536,NetBanking,Success,14354.1,2024-07-31 01:11:00,TXN-F504B2BC7B518A
208537,58537,Debit Card,Success,1847.22,2025-01-07 01:34:00,TXN-13E8E0B53D6D42
208538,58538,PayPal,Success,2556.26,2025-04-22 00:30:00,TXN-3056F9FC0582CC
208539,58539,NetBanking,Success,27553.31,2023-09-25 00:18:00,TXN-0A5EF40A509B57
208540,58540,Credit Card,Success,2792.75,2023-01-27 01:56:00,TXN-7E80DC4B970AAB
208541,58541,UPI,Success,54397.72,2022-08-24 00:38:00,TXN-690CEB8DD46202
208542,58542,UPI,Success,1048.97,2024-02-19 00:08:00,TXN-953D314CF1C991
208543,58543,NetBanking,Success,28152.69,2022-09-06 00:54:00,TXN-2F5945B9945B01
208544,58544,Credit Card,Success,118888.25,2023-08-10 00:40:00,TXN-C87A457E240C95
208545,58545,UPI,Success,61530.35,2023-02-21 00:39:00,TXN-BCBDC75E435716
208546,58546,PayPal,Success,5422.97,2022-10-31 01:30:00,TXN-D938CB07B40074
208547,58547,PayPal,Success,11605.56,2023-06-28 00:28:00,TXN-99D17BD3988205
208548,58548,Cash on Delivery,Success,5634.85,2024-08-19 00:57:00,TXN-C74180AC6BD427
208549,58549,UPI,Success,11526.21,2026-03-29 01:19:00,TXN-F8E10186C5410C
208550,58550,Credit Card,Success,35415.06,2023-12-16 00:23:00,TXN-B3E5AD1F455D0D
208551,58551,NetBanking,Failed,16385.61,2022-07-12 01:50:00,TXN-CB53208F47EE7B
208552,58552,Credit Card,Success,1415.5,2025-03-30 01:05:00,TXN-F86ABC6BD7B2F1
208553,58553,UPI,Success,2448.49,2022-10-20 00:08:00,TXN-C13DB4A4913BF0
208554,58554,Cash on Delivery,Success,26220.47,2024-07-11 01:47:00,TXN-A280E8D123383B
208555,58555,PayPal,Success,2022.4,2023-02-04 01:21:00,TXN-48D2E0513FFD75
208556,58556,Debit Card,Success,10340.1,2026-04-24 00:31:00,TXN-77B0F90E847962
208557,58557,Cash on Delivery,Success,3346.56,2024-08-21 00:30:00,TXN-1DE8EC174C5C18
208558,58558,NetBanking,Success,104276.25,2026-01-20 00:37:00,TXN-46D5A25DF79CA1
208559,58559,Debit Card,Success,2157.43,2025-10-24 00:29:00,TXN-2E3205CDA927FF
208560,58560,UPI,Success,50066.58,2022-04-11 01:00:00,TXN-E659D1388C23CA
208561,58561,Credit Card,Success,78967.26,2024-02-08 00:04:00,TXN-24940204B9B543
208562,58562,Cash on Delivery,Success,3917.2,2026-03-20 01:24:00,TXN-2258A874EE32AD
208563,58563,UPI,Success,249117.84,2024-10-17 01:18:00,TXN-F342474AC41DF1
208564,58564,Cash on Delivery,Success,31236.95,2022-10-05 00:14:00,TXN-1E409C70D4F5E6
208565,58565,PayPal,Success,61301.39,2025-03-28 00:23:00,TXN-469326746FF742
208566,58566,Credit Card,Success,12033.86,2024-11-21 00:29:00,TXN-AAF2F4976F1C1A
208567,58567,UPI,Success,38680.81,2026-03-26 01:03:00,TXN-53F007C236B71A
208568,58568,Cash on Delivery,Success,18587.24,2023-04-22 01:03:00,TXN-E90D51312B49AB
208569,58569,Credit Card,Success,2554.7,2026-01-29 00:47:00,TXN-77B49F9BCF882C
208570,58570,NetBanking,Refunded,2429.19,2025-02-24 01:43:00,TXN-614B0049E39556
208571,58571,Debit Card,Success,5218.08,2024-09-06 01:05:00,TXN-AFD80D0D34E7F6
208572,58572,Debit Card,Success,612051.7,2025-09-22 00:25:00,TXN-93C8A6534EB71D
208573,58573,Credit Card,Success,780.81,2024-08-15 00:53:00,TXN-53A3BC69BB8DC1
208574,58574,Cash on Delivery,Success,2960.12,2023-11-29 01:20:00,TXN-838E5280E1EDA5
208575,58575,Cash on Delivery,Success,12691.5,2024-10-21 00:52:00,TXN-0D3EBB08FC6D72
208576,58576,UPI,Success,8100.7,2024-09-10 00:23:00,TXN-C558BD6E50CCDF
208577,58577,Cash on Delivery,Success,2747.35,2024-04-21 01:44:00,TXN-5AA25324211180
208578,58578,UPI,Success,64674.57,2023-04-16 01:20:00,TXN-71A39DC319ABA6
208579,58579,PayPal,Success,43237.35,2022-09-08 01:03:00,TXN-2F3F9AA7582F09
208580,58580,Credit Card,Success,16909.14,2022-06-17 00:21:00,TXN-EA18C7273A1978
208581,58581,Credit Card,Success,44385.9,2022-06-28 01:23:00,TXN-B0DA048487CDA1
208582,58582,Cash on Delivery,Success,13333.5,2025-12-19 00:47:00,TXN-5C9AF06CCA63E0
208583,58583,Credit Card,Success,231592.66,2026-04-15 00:10:00,TXN-E73E7B0AE01C6A
208584,58584,UPI,Refunded,16482.57,2023-11-16 00:51:00,TXN-675166C1D045B1
208585,58585,Debit Card,Success,1023.86,2024-05-03 01:35:00,TXN-5B0DBCEE6B184B
208586,58586,Debit Card,Success,236.68,2022-12-11 00:07:00,TXN-8E6926410F1C96
208587,58587,Debit Card,Success,2731.54,2022-03-27 01:10:00,TXN-F16865CB3B4945
208588,58588,PayPal,Success,57116.29,2024-02-21 00:55:00,TXN-4517A35902B839
208589,58589,Cash on Delivery,Success,9107.06,2024-12-17 01:01:00,TXN-9DC5E78180444A
208590,58590,Debit Card,Success,9017.63,2025-01-27 00:10:00,TXN-0B6AAC6089A228
208591,58591,NetBanking,Success,713.36,2024-06-18 00:42:00,TXN-20C2047CDD99D0
208592,58592,PayPal,Success,4179.47,2024-02-09 01:24:00,TXN-D26DA25DC1F6F6
208593,58593,UPI,Success,114261.33,2024-06-19 00:56:00,TXN-FA1115A7178473
208594,58594,NetBanking,Success,1385.7,2023-04-15 00:51:00,TXN-1FC38BFD74080E
208595,58595,Cash on Delivery,Success,1391.67,2024-01-12 00:12:00,TXN-806954FBA97C8F
208596,58596,PayPal,Success,20298.51,2022-10-23 01:11:00,TXN-A9D45BE6C4D6CE
208597,58597,UPI,Success,938.57,2025-10-23 00:20:00,TXN-BDBB0F0DDF8E26
208598,58598,Cash on Delivery,Success,1842.95,2026-02-03 00:15:00,TXN-6FBBB98B9E227C
208599,58599,Cash on Delivery,Success,36591.18,2025-06-25 00:43:00,TXN-FA5AA332A94F9C
208600,58600,UPI,Success,64992.12,2026-06-17 00:41:00,TXN-609D4E5FA16EE2
208601,58601,Credit Card,Success,5154.91,2022-05-15 01:13:00,TXN-514572CA316629
208602,58602,Credit Card,Success,10278.05,2022-04-18 01:56:00,TXN-1AB63BF29A2B33
208603,58603,UPI,Success,5306.29,2023-04-30 01:08:00,TXN-B021EEDAABC257
208604,58604,Credit Card,Success,2674.16,2022-12-03 01:25:00,TXN-F0434F23832AA4
208605,58605,Debit Card,Success,40067.05,2025-06-01 00:34:00,TXN-D5776DF4B70D23
208606,58606,PayPal,Success,1921.28,2022-07-18 00:38:00,TXN-0148E20EF3336C
208607,58607,Credit Card,Refunded,923.61,2024-09-23 01:10:00,TXN-E67D07E3E8B4BA
208608,58608,Cash on Delivery,Success,854.61,2023-07-05 01:37:00,TXN-322CA0C2249CF0
208609,58609,Debit Card,Refunded,4553.33,2025-03-12 00:09:00,TXN-86BFF460A0F473
208610,58610,PayPal,Success,14984.19,2026-04-04 02:00:00,TXN-52AA838C897EC0
208611,58611,UPI,Success,549.02,2024-12-24 00:14:00,TXN-89CB9381D6EF7C
208612,58612,UPI,Success,3365.02,2024-04-20 00:42:00,TXN-FBB3AD3270F4B6
208613,58613,UPI,Success,15952.04,2024-07-20 00:13:00,TXN-859AF9D61CE234
208614,58614,NetBanking,Success,8952.45,2022-07-24 00:57:00,TXN-0CCA5B80E2E849
208615,58615,Cash on Delivery,Success,2429.19,2026-04-08 00:17:00,TXN-43A8872D175FF6
208616,58616,Credit Card,Success,39649.14,2025-02-22 01:24:00,TXN-281724CDDF87B1
208617,58617,UPI,Refunded,12092.27,2023-06-04 01:40:00,TXN-1BD01CCC368788
208618,58618,UPI,Success,17794.67,2025-08-18 02:00:00,TXN-E8A7E2E2D9D0DE
208619,58619,PayPal,Success,1216.02,2024-10-06 01:05:00,TXN-F50AE9C264023C
208620,58620,Debit Card,Success,4486.57,2026-05-02 00:27:00,TXN-472C3018FED35C
208621,58621,UPI,Success,675.25,2025-06-07 01:59:00,TXN-7080CFF94B1136
208622,58622,Debit Card,Success,5740.95,2023-06-05 01:48:00,TXN-191758B823E50C
208623,58623,Credit Card,Success,104595.35,2025-12-10 01:16:00,TXN-8B2BBCE9AFA89E
208624,58624,PayPal,Success,8000.48,2022-05-06 01:50:00,TXN-0A0F76C6E98843
208625,58625,Credit Card,Success,36769.62,2025-08-17 00:30:00,TXN-60DBD08E952912
208626,58626,PayPal,Success,11503.98,2025-08-17 00:45:00,TXN-626072A44D354E
208627,58627,Credit Card,Success,1800.9,2025-05-29 00:29:00,TXN-E4CCD786FB5563
208628,58628,NetBanking,Success,8407.83,2022-03-20 01:40:00,TXN-CD4318657DD638
208629,58629,Debit Card,Success,12096.53,2025-12-13 00:36:00,TXN-20F08A9853B69B
208630,58630,Debit Card,Success,64238.31,2026-01-04 00:14:00,TXN-902B890DC824BD
208631,58631,Cash on Delivery,Refunded,3291.05,2023-11-21 00:23:00,TXN-12EC004B185567
208632,58632,Cash on Delivery,Success,2118.7,2023-04-23 00:52:00,TXN-7BB482301A9D82
208633,58633,PayPal,Success,5109.77,2023-11-21 00:45:00,TXN-5EA15A1FB8AC5B
208634,58634,UPI,Success,574.68,2024-08-11 01:40:00,TXN-159404CB62B089
208635,58635,Credit Card,Success,7325.8,2023-08-09 01:21:00,TXN-5B70FCC7325A6F
208636,58636,Cash on Delivery,Success,447.17,2023-06-15 00:39:00,TXN-1CE56C4BC41824
208637,58637,Cash on Delivery,Success,8056.14,2025-07-10 01:50:00,TXN-185FB70A29C153
208638,58638,PayPal,Success,6997.9,2025-11-09 01:15:00,TXN-4EF01D9FF21D0C
208639,58639,Cash on Delivery,Success,5222.5,2025-04-12 01:59:00,TXN-8835CF9212656E
208640,58640,PayPal,Success,1597.66,2022-01-15 01:15:00,TXN-06886D8BE13238
208641,58641,NetBanking,Success,9558.13,2024-10-24 00:17:00,TXN-5A6C1F4FD50CCC
208642,58642,NetBanking,Success,135181.75,2023-05-08 01:40:00,TXN-E509851D163BC9
208643,58643,UPI,Success,19038.75,2022-08-14 00:54:00,TXN-845D83C25B1234
208644,58644,PayPal,Success,10267.51,2025-11-05 00:05:00,TXN-46333D48EB4961
208645,58645,Credit Card,Success,54584.08,2022-05-24 01:52:00,TXN-860710B253C6A7
208646,58646,NetBanking,Success,34330.1,2024-04-16 00:02:00,TXN-785F3CF272D3B1
208647,58647,Cash on Delivery,Success,52335.38,2022-05-01 00:54:00,TXN-47A92386C0F661
208648,58648,NetBanking,Success,3012.88,2025-03-28 00:24:00,TXN-0BD1DC5F2C0B04
208649,58649,Cash on Delivery,Success,4699.02,2025-06-01 00:20:00,TXN-414E7910E17F27
208650,58650,UPI,Success,574.68,2023-11-24 00:52:00,TXN-DDF1373CC8C195
208651,58651,Cash on Delivery,Failed,4717.18,2022-04-26 01:15:00,TXN-6D224F923CC889
208652,58652,NetBanking,Success,33830.98,2025-11-28 01:05:00,TXN-68193690E815D6
208653,58653,Cash on Delivery,Success,6821.75,2022-04-15 01:21:00,TXN-91C7576A28F9C9
208654,58654,Credit Card,Success,38058.11,2026-05-25 00:57:00,TXN-5358E455797FAA
208655,58655,UPI,Success,4248.76,2024-01-13 00:57:00,TXN-7866D017475468
208656,58656,NetBanking,Success,6578.17,2024-04-22 01:33:00,TXN-7B591D9D9CF28C
208657,58657,Credit Card,Success,2289.62,2022-04-30 00:50:00,TXN-A95BE2EBF4C01A
208658,58658,PayPal,Success,2039.96,2022-03-06 00:28:00,TXN-D71F0C15590B35
208659,58659,PayPal,Success,3156.67,2025-07-30 01:07:00,TXN-0AEC04257B3669
208660,58660,Credit Card,Failed,5021.28,2023-03-25 01:01:00,TXN-7E9E1D4944602A
208661,58661,Debit Card,Success,23028.09,2022-06-11 01:45:00,TXN-6C801880427913
208662,58662,Credit Card,Success,2835.7,2024-12-13 00:53:00,TXN-49CAF8E3204ABC
208663,58663,NetBanking,Success,28032.78,2024-01-24 01:17:00,TXN-5D890077331A49
208664,58664,NetBanking,Success,4708.02,2022-08-23 01:17:00,TXN-A8CE39692E9C6F
208665,58665,Credit Card,Success,776.87,2025-11-23 01:59:00,TXN-4F3B86FB77AC3D
208666,58666,UPI,Success,12450.58,2024-04-23 00:21:00,TXN-6F8792858965BD
208667,58667,Credit Card,Success,1421.34,2026-01-24 00:06:00,TXN-68F4CB4F3CE61D
208668,58668,PayPal,Success,15470.0,2022-09-20 00:34:00,TXN-CA118CCC1188B6
208669,58669,UPI,Success,16224.03,2022-08-03 00:08:00,TXN-C56E0F803DEBBA
208670,58670,Credit Card,Success,3610.86,2025-09-30 00:33:00,TXN-6067080FE50AD6
208671,58671,Credit Card,Success,22222.1,2023-02-09 01:24:00,TXN-37E7AAACD86B96
208672,58672,UPI,Success,97331.82,2024-03-12 00:25:00,TXN-10807F1C3B3F3B
208673,58673,PayPal,Success,1338.22,2022-08-02 01:22:00,TXN-79DF84F7D545F1
208674,58674,Cash on Delivery,Success,7727.61,2023-08-26 01:01:00,TXN-1FF63C3AA4E17A
208675,58675,UPI,Success,31677.1,2022-07-29 00:04:00,TXN-5A8E34235E5C25
208676,58676,NetBanking,Success,9641.6,2023-03-11 01:21:00,TXN-0C5251058CE3D6
208677,58677,NetBanking,Refunded,21698.69,2022-01-24 00:39:00,TXN-164FD1DF865C29
208678,58678,Credit Card,Success,4071.93,2025-08-23 01:45:00,TXN-A423E7C177C6FD
208679,58679,Cash on Delivery,Success,18501.43,2023-12-27 00:26:00,TXN-AD477198018888
208680,58680,Cash on Delivery,Success,143150.01,2024-09-08 01:05:00,TXN-86342A957DC2CF
208681,58681,Credit Card,Success,9353.96,2022-01-25 00:23:00,TXN-A84E2F2779CBAE
208682,58682,Credit Card,Success,441.58,2024-08-14 00:09:00,TXN-A585FAD697A1FA
208683,58683,NetBanking,Success,32985.41,2024-06-05 01:58:00,TXN-CDD5676A5AAFB3
208684,58684,PayPal,Success,92465.23,2023-09-27 01:16:00,TXN-53F581AC051DF8
208685,58685,Debit Card,Success,4954.13,2022-07-15 01:53:00,TXN-003BFA094588FA
208686,58686,PayPal,Refunded,11229.0,2022-03-23 01:11:00,TXN-9A5E9DE9008592
208687,58687,PayPal,Refunded,1202.23,2025-03-30 00:20:00,TXN-95EE15833AD748
208688,58688,UPI,Success,33417.42,2022-05-15 00:21:00,TXN-0B2019E2BDF754
208689,58689,Credit Card,Success,78163.9,2023-05-10 01:16:00,TXN-C968D152979C0F
208690,58690,Cash on Delivery,Success,810.18,2024-06-07 00:59:00,TXN-BF5A061A16A682
208691,58691,Debit Card,Success,1294.32,2024-01-26 00:03:00,TXN-9318ED314B6E83
208692,58692,PayPal,Success,56244.94,2024-02-26 01:18:00,TXN-A99A50CA105314
208693,58693,Cash on Delivery,Success,1277.35,2022-07-07 01:05:00,TXN-8A0EC557AF86D3
208694,58694,Credit Card,Success,26688.79,2025-07-25 00:35:00,TXN-AA3955B26B49C0
208695,58695,UPI,Success,22185.8,2025-10-16 02:00:00,TXN-BAF43C22FFD5D4
208696,58696,Credit Card,Success,9366.81,2023-12-28 01:06:00,TXN-CE82DF29D5B558
208697,58697,NetBanking,Failed,9234.02,2024-04-26 01:09:00,TXN-E58500D2079AEF
208698,58698,Credit Card,Success,18213.14,2022-09-25 01:43:00,TXN-C44ACAC0D1916C
208699,58699,Credit Card,Success,12089.2,2026-04-22 00:20:00,TXN-30A35CE57F3061
208700,58700,Debit Card,Failed,7828.95,2025-05-13 01:06:00,TXN-DAF66E37A0A48E
208701,58701,NetBanking,Success,4424.66,2022-04-24 01:49:00,TXN-C87270DC0EA0A8
208702,58702,PayPal,Success,7269.26,2024-05-29 01:36:00,TXN-E0C3A58FA4F011
208703,58703,Cash on Delivery,Success,1855.17,2024-01-03 01:02:00,TXN-0B465FC639D94C
208704,58704,UPI,Success,58627.72,2022-05-16 00:08:00,TXN-B295500E7EFD9F
208705,58705,PayPal,Success,3225.59,2025-05-18 01:09:00,TXN-FC211170F34BD8
208706,58706,PayPal,Success,7325.8,2022-09-28 01:19:00,TXN-0653536B53B79C
208707,58707,Debit Card,Success,7633.98,2022-05-14 01:13:00,TXN-8DD613936908F9
208708,58708,PayPal,Success,36809.12,2022-12-08 01:42:00,TXN-18A9CA0EC32BE3
208709,58709,Debit Card,Success,387993.6,2024-11-09 01:50:00,TXN-F577CC3862EAEB
208710,58710,NetBanking,Refunded,7317.24,2026-05-03 00:30:00,TXN-13A2904D14FBB8
208711,58711,Debit Card,Success,5542.33,2022-05-21 01:00:00,TXN-E6BFC3752B18E6
208712,58712,Cash on Delivery,Success,31265.05,2025-01-18 00:32:00,TXN-E92750FC4DC1B9
208713,58713,Cash on Delivery,Success,94300.92,2025-03-15 00:54:00,TXN-D8D7972F9F8CC9
208714,58714,Debit Card,Success,37053.05,2023-07-21 00:43:00,TXN-8521ABB9D2F01B
208715,58715,Credit Card,Success,6612.07,2024-09-19 00:44:00,TXN-181873011C45B8
208716,58716,PayPal,Success,8766.04,2023-06-03 01:10:00,TXN-99D21617F0C64F
208717,58717,Debit Card,Success,556.37,2026-05-16 00:41:00,TXN-D2B0F65CB817AE
208718,58718,Cash on Delivery,Refunded,5607.61,2023-07-20 01:20:00,TXN-6AF442CA0D6371
208719,58719,PayPal,Success,783.76,2023-10-26 01:15:00,TXN-0FD777D33FBEE6
208720,58720,Debit Card,Failed,3741.13,2024-10-11 00:25:00,TXN-53D2D9D4DA8DBF
208721,58721,UPI,Success,115307.13,2024-01-22 01:46:00,TXN-4E15C77664DC1B
208722,58722,UPI,Success,33444.53,2023-04-13 00:23:00,TXN-DC4EA0A6282E88
208723,58723,UPI,Success,13575.64,2024-07-14 00:04:00,TXN-5EDA6DF4CB21F1
208724,58724,Credit Card,Success,13117.04,2024-04-26 00:37:00,TXN-7FB0264F98EA68
208725,58725,Debit Card,Success,34488.52,2023-12-10 00:30:00,TXN-66782C05B3B21B
208726,58726,Debit Card,Refunded,4577.12,2024-11-09 01:36:00,TXN-5F255DD3D9E246
208727,58727,UPI,Success,37120.89,2026-03-11 00:14:00,TXN-58E5BB3BBBD557
208728,58728,NetBanking,Success,2124.38,2025-07-21 00:09:00,TXN-A4E52CEE4D0A28
208729,58729,Debit Card,Success,47130.34,2024-01-08 01:30:00,TXN-9D054305628195
208730,58730,Debit Card,Success,2420.72,2022-10-15 01:45:00,TXN-017982758D850D
208731,58731,UPI,Success,1144.81,2022-07-11 00:45:00,TXN-2CF774A6EA6C1A
208732,58732,Credit Card,Success,10316.31,2026-05-01 00:50:00,TXN-EF6FD7513AAFD1
208733,58733,UPI,Success,111070.69,2023-05-14 00:18:00,TXN-A3E65A9751B8BD
208734,58734,Credit Card,Success,8708.51,2023-12-10 01:10:00,TXN-F10FC532C45333
208735,58735,Debit Card,Success,711.18,2025-06-24 01:44:00,TXN-B2A2E6597524A1
208736,58736,Debit Card,Success,47196.35,2023-05-23 00:07:00,TXN-1273F3E23251AB
208737,58737,PayPal,Success,9180.87,2023-09-25 01:44:00,TXN-BC7FCB2D46591B
208738,58738,NetBanking,Refunded,139111.62,2025-07-01 01:30:00,TXN-C218773E968634
208739,58739,Credit Card,Success,558.92,2024-02-01 01:26:00,TXN-F0046D4D406D53
208740,58740,Credit Card,Success,31401.51,2024-10-10 00:48:00,TXN-74DE0DF6C2001D
208741,58741,Cash on Delivery,Success,9107.06,2023-08-06 00:22:00,TXN-96F8082B6E93CD
208742,58742,Debit Card,Success,74956.49,2024-08-21 01:23:00,TXN-6BFF76FF4985E6
208743,58743,Cash on Delivery,Success,36212.18,2023-03-24 00:35:00,TXN-3414372EBB73C8
208744,58744,Debit Card,Success,116901.23,2023-05-23 01:07:00,TXN-681BE965AC2953
208745,58745,PayPal,Success,6521.84,2023-04-29 01:44:00,TXN-FF99CCD2BE15BE
208746,58746,UPI,Success,3704.84,2023-05-30 01:30:00,TXN-6CDB5E8F9893B4
208747,58747,Debit Card,Success,91192.22,2024-07-19 00:20:00,TXN-393B18E11C850D
208748,58748,Cash on Delivery,Success,11805.02,2024-02-09 01:06:00,TXN-7A6CEDF1DC4FCF
208749,58749,Cash on Delivery,Success,67706.35,2022-10-18 00:02:00,TXN-D5B0AB1444F758
208750,58750,Cash on Delivery,Success,2030.61,2023-09-16 00:13:00,TXN-AD41DC39358CAA
208751,58751,Cash on Delivery,Success,77598.72,2022-11-12 01:41:00,TXN-23A404F81CCFEA
208752,58752,Credit Card,Success,15293.66,2022-07-26 01:00:00,TXN-45E76A48B18046
208753,58753,Debit Card,Success,9011.3,2024-04-15 00:34:00,TXN-E414A244851651
208754,58754,PayPal,Success,4472.93,2022-04-25 01:55:00,TXN-43F6E3D5CC11B2
208755,58755,Debit Card,Success,54478.86,2022-02-27 00:45:00,TXN-8CFDDF9D562253
208756,58756,Credit Card,Success,41027.81,2026-05-03 01:42:00,TXN-0B33E9B26FC5FF
208757,58757,Cash on Delivery,Success,8949.64,2025-02-02 00:02:00,TXN-76C63AFE4367B8
208758,58758,Debit Card,Success,662.66,2023-01-20 01:03:00,TXN-83894A35156924
208759,58759,Cash on Delivery,Success,20121.98,2023-06-22 00:57:00,TXN-5F9D77AC04E468
208760,58760,NetBanking,Success,490.05,2025-02-10 01:50:00,TXN-23344A70437BA5
208761,58761,Credit Card,Success,24099.35,2025-10-05 00:24:00,TXN-B908F3E6925638
208762,58762,NetBanking,Success,6201.76,2025-12-25 00:44:00,TXN-B49E8404809E14
208763,58763,Credit Card,Success,7442.43,2023-10-06 00:34:00,TXN-BD122C6AC414FF
208764,58764,Credit Card,Success,4229.92,2023-03-12 00:43:00,TXN-EAEC33E91B2965
208765,58765,PayPal,Refunded,118573.08,2024-03-07 01:59:00,TXN-83035E2CA42A44
208766,58766,UPI,Success,161.7,2025-01-21 00:20:00,TXN-2272FE2287D1C7
208767,58767,Cash on Delivery,Success,21541.07,2024-11-29 00:32:00,TXN-B133D2F262EDF6
208768,58768,NetBanking,Failed,876.64,2026-03-13 00:20:00,TXN-B8A9FF66619E53
208769,58769,NetBanking,Success,2835.7,2026-02-08 00:58:00,TXN-660CF075F091F7
208770,58770,PayPal,Success,11190.27,2022-08-16 01:03:00,TXN-13F3E7401BE04A
208771,58771,PayPal,Success,11005.7,2026-03-22 00:13:00,TXN-46DC77F9C0EDF6
208772,58772,Credit Card,Failed,7955.71,2024-11-07 01:23:00,TXN-5A300E3CB694DB
208773,58773,UPI,Success,19836.21,2022-07-23 00:54:00,TXN-54BA7D7569AD30
208774,58774,Cash on Delivery,Success,18291.74,2022-02-08 00:49:00,TXN-498B5D072D2F44
208775,58775,Debit Card,Success,391.05,2025-02-28 00:02:00,TXN-5658E2E956BE63
208776,58776,Debit Card,Success,2165.16,2023-01-11 00:06:00,TXN-E5D01FCD3E483A
208777,58777,Debit Card,Success,53599.35,2025-08-21 00:58:00,TXN-551EEFD3333079
208778,58778,Credit Card,Success,8973.14,2024-03-29 00:22:00,TXN-03769D20B01377
208779,58779,Debit Card,Success,1966.06,2024-10-12 01:37:00,TXN-9EBBA1BC4B2F3D
208780,58780,PayPal,Success,634.31,2023-06-07 01:45:00,TXN-5243782CC1B793
208781,58781,UPI,Success,1958.23,2026-06-14 00:20:00,TXN-0C253EFA7E4958
208782,58782,Debit Card,Success,564.87,2024-08-16 00:18:00,TXN-C98CA1F150F9BF
208783,58783,Credit Card,Success,1969.25,2025-02-06 00:16:00,TXN-64364E06D0C735
208784,58784,Credit Card,Success,74628.21,2024-12-01 01:14:00,TXN-3EDA942A23629C
208785,58785,Credit Card,Success,25193.76,2025-02-28 00:48:00,TXN-34E88B083663A1
208786,58786,Credit Card,Success,38799.36,2025-04-25 01:50:00,TXN-BE9E04A6296D4E
208787,58787,Credit Card,Success,26194.84,2023-10-25 00:19:00,TXN-7DFD71AF20A236
208788,58788,Cash on Delivery,Success,14541.41,2022-11-05 00:35:00,TXN-67473E2E80FEF6
208789,58789,Cash on Delivery,Success,98995.14,2023-12-09 01:19:00,TXN-7BE80159F24EF0
208790,58790,NetBanking,Success,803.08,2023-04-10 01:17:00,TXN-8AFB2F9CE25B7A
208791,58791,Credit Card,Success,11883.0,2026-04-04 00:12:00,TXN-30124C47C57751
208792,58792,NetBanking,Success,12820.07,2025-03-13 01:06:00,TXN-B34A788B5570A0
208793,58793,Cash on Delivery,Success,10613.41,2024-01-11 00:58:00,TXN-1E7B7D97AEA7C5
208794,58794,Cash on Delivery,Success,31731.27,2024-07-04 00:56:00,TXN-4625B1398358FA
208795,58795,PayPal,Success,26587.73,2025-05-13 01:05:00,TXN-36FBC270745A05
208796,58796,Credit Card,Success,1717.09,2025-06-11 00:50:00,TXN-5BCB486C00A25E
208797,58797,NetBanking,Success,11387.18,2026-02-19 00:18:00,TXN-21BECC625971BB
208798,58798,Cash on Delivery,Success,5941.5,2023-09-15 01:30:00,TXN-E571A9BA94ECDF
208799,58799,Cash on Delivery,Success,10274.19,2025-07-09 00:36:00,TXN-C5DC2D5C39A11D
208800,58800,Credit Card,Success,4550.19,2022-09-05 01:14:00,TXN-564DD9D728BC59
208801,58801,NetBanking,Success,5998.46,2023-09-15 01:38:00,TXN-D763602DA8BBCA
208802,58802,Debit Card,Success,5423.71,2024-09-25 01:51:00,TXN-8163DB60177A4C
208803,58803,NetBanking,Success,18087.36,2022-09-10 01:34:00,TXN-B8518D7346E9A4
208804,58804,PayPal,Success,15414.57,2023-06-04 00:01:00,TXN-E2F2429A07C315
208805,58805,Cash on Delivery,Success,27064.2,2025-07-08 01:38:00,TXN-7919077D37CFAE
208806,58806,NetBanking,Success,44813.18,2024-03-28 00:20:00,TXN-CE7DB8DF252760
208807,58807,Credit Card,Success,50855.02,2026-06-20 00:53:00,TXN-58666A75FFB17F
208808,58808,PayPal,Success,37641.7,2023-06-03 00:38:00,TXN-1F99AA2DD37A1C
208809,58809,Cash on Delivery,Success,8973.14,2023-11-30 01:26:00,TXN-4B3F3F51E94982
208810,58810,PayPal,Success,20595.16,2023-04-24 01:38:00,TXN-0BAC0241577631
208811,58811,UPI,Success,12303.73,2023-12-06 01:24:00,TXN-AC5A255BF77740
208812,58812,NetBanking,Success,50204.68,2023-03-05 01:03:00,TXN-B3F18EC9E8D4CE
208813,58813,Credit Card,Success,21118.97,2022-06-18 00:25:00,TXN-50C5784B6C5246
208814,58814,PayPal,Success,37280.02,2024-01-20 01:34:00,TXN-FD5B74307BDD2C
208815,58815,Credit Card,Success,6141.59,2022-12-18 00:19:00,TXN-DA8F4110F5D40D
208816,58816,UPI,Success,896.59,2026-03-25 01:35:00,TXN-241D89D307BB48
208817,58817,Credit Card,Success,81835.94,2023-04-13 01:03:00,TXN-1FB76B5CE4F280
208818,58818,Debit Card,Success,7161.09,2022-09-13 01:58:00,TXN-C647FA65D464EB
208819,58819,Debit Card,Success,9269.42,2024-06-01 01:53:00,TXN-7B517F5620E5AE
208820,58820,NetBanking,Success,75420.2,2023-10-27 00:20:00,TXN-9F014391969E15
208821,58821,Debit Card,Success,353.72,2022-02-03 01:29:00,TXN-489F6D565A115A
208822,58822,UPI,Success,48451.15,2023-02-26 01:30:00,TXN-672663D31FE419
208823,58823,PayPal,Success,9267.82,2024-02-06 01:05:00,TXN-3C1A094EAC4AEB
208824,58824,NetBanking,Refunded,12845.98,2025-02-23 01:13:00,TXN-546DAC7D87670E
208825,58825,PayPal,Success,42778.76,2024-05-24 00:48:00,TXN-5D545CAF3B410F
208826,58826,Debit Card,Success,699.92,2023-11-13 01:52:00,TXN-E2EE6550107CEA
208827,58827,Cash on Delivery,Success,306025.85,2024-01-06 00:29:00,TXN-837743612536F7
208828,58828,NetBanking,Success,2796.57,2025-10-08 01:28:00,TXN-8B84A3368821FC
208829,58829,Cash on Delivery,Success,97915.9,2026-03-09 01:50:00,TXN-4DBCF7651B344E
208830,58830,NetBanking,Success,17204.65,2023-03-14 00:25:00,TXN-86481B0AC036E1
208831,58831,NetBanking,Success,28843.48,2024-06-28 01:17:00,TXN-49F214BF856059
208832,58832,NetBanking,Success,2554.7,2025-08-10 01:05:00,TXN-AF4FD14E6855A8
208833,58833,Debit Card,Success,1567.52,2022-07-22 00:55:00,TXN-D08843B2460C24
208834,58834,NetBanking,Success,20742.34,2025-03-18 00:39:00,TXN-4552A81E029133
208835,58835,NetBanking,Success,1590.2,2024-11-18 00:07:00,TXN-3945D3495F1CD2
208836,58836,NetBanking,Success,106256.72,2024-12-04 00:58:00,TXN-86D0F92C382FFB
208837,58837,Credit Card,Success,47474.39,2023-04-24 00:07:00,TXN-BCF39A3DD620A8
208838,58838,Credit Card,Success,19461.6,2022-06-07 01:01:00,TXN-53AAC594CF9CD9
208839,58839,UPI,Success,12151.56,2024-05-06 00:51:00,TXN-2D06329F798B2A
208840,58840,UPI,Success,5998.46,2024-10-28 01:49:00,TXN-5B2E2B4C76985E
208841,58841,PayPal,Success,1028.45,2023-03-18 01:34:00,TXN-D2C3A1283B3A57
208842,58842,Cash on Delivery,Success,56972.32,2023-04-25 01:36:00,TXN-B0E0E18F725A06
208843,58843,NetBanking,Success,199.77,2025-12-12 01:38:00,TXN-9642F0FB1B2C66
208844,58844,PayPal,Refunded,97878.13,2023-06-27 00:15:00,TXN-C7AB118E2900AC
208845,58845,Cash on Delivery,Success,46576.17,2025-08-30 01:56:00,TXN-99A3C06EF44C62
208846,58846,NetBanking,Refunded,68221.57,2023-11-25 00:48:00,TXN-D08A33B19401F1
208847,58847,Cash on Delivery,Success,20925.25,2024-01-23 00:23:00,TXN-D4885952F763B0
208848,58848,Credit Card,Success,43071.55,2026-06-18 00:08:00,TXN-8C7D8ABEC46B2F
208849,58849,Credit Card,Success,8584.57,2025-12-22 01:09:00,TXN-D409DF5C30E542
208850,58850,NetBanking,Success,23152.34,2023-05-29 00:51:00,TXN-654AA0D1D908B8
208851,58851,NetBanking,Success,16670.28,2022-11-17 01:15:00,TXN-9D3298E015DB45
208852,58852,PayPal,Success,6612.07,2023-04-05 01:41:00,TXN-52D569C59ACEBC
208853,58853,Cash on Delivery,Success,14329.84,2024-05-15 00:28:00,TXN-D4640BE44E44D6
208854,58854,UPI,Success,4115.24,2025-08-08 01:49:00,TXN-EC5DE121427215
208855,58855,NetBanking,Success,2714.62,2026-03-27 00:35:00,TXN-B08054BB76CDA6
208856,58856,UPI,Success,5594.48,2024-10-03 01:44:00,TXN-6CF5BA2FE4FF4E
208857,58857,NetBanking,Success,1364.51,2024-08-28 00:22:00,TXN-33C0AF4AA84BE7
208858,58858,PayPal,Success,39806.42,2022-02-06 01:27:00,TXN-883341639442E7
208859,58859,Credit Card,Refunded,117417.22,2023-08-08 00:55:00,TXN-459A175CA3D187
208860,58860,Cash on Delivery,Success,2674.16,2026-02-01 00:08:00,TXN-2863914A34AFAA
208861,58861,PayPal,Success,19234.19,2024-09-18 00:38:00,TXN-25C7266F8A58A7
208862,58862,Cash on Delivery,Success,64886.57,2025-09-03 00:30:00,TXN-BE2CE024028BE0
208863,58863,UPI,Success,28791.96,2023-03-19 00:22:00,TXN-3D9E105D728507
208864,58864,Credit Card,Success,9986.23,2022-11-04 00:26:00,TXN-6496046A82CE50
208865,58865,UPI,Success,15482.0,2025-10-19 00:40:00,TXN-D6D94751B3FD7C
208866,58866,NetBanking,Success,8553.06,2024-03-11 01:42:00,TXN-1ADEBBE86E90A9
208867,58867,Cash on Delivery,Success,18666.49,2022-12-22 01:47:00,TXN-3954154B6FA44F
208868,58868,Debit Card,Success,48004.43,2024-10-23 01:47:00,TXN-CD19254235B431
208869,58869,Credit Card,Success,86227.04,2025-04-13 01:56:00,TXN-C873E2FDCB01C0
208870,58870,Debit Card,Success,723.68,2024-07-06 01:10:00,TXN-E883F28FE3ABC1
208871,58871,UPI,Success,6201.76,2022-10-13 01:03:00,TXN-3D89DEE0BAF2E0
208872,58872,UPI,Success,46126.92,2025-01-10 01:55:00,TXN-9DDDC47FA4F633
208873,58873,Cash on Delivery,Success,17716.2,2024-12-18 01:24:00,TXN-02F3FD2F3B23CA
208874,58874,PayPal,Success,159586.13,2023-11-20 00:09:00,TXN-C94873CC47F3EB
208875,58875,Cash on Delivery,Success,24076.15,2026-02-08 01:41:00,TXN-D3D47E490EA147
208876,58876,Debit Card,Success,16946.06,2022-09-22 00:29:00,TXN-59E7967BBB226B
208877,58877,Credit Card,Success,4083.49,2023-06-19 00:35:00,TXN-A1B251DC30A233
208878,58878,NetBanking,Success,12292.74,2025-04-22 01:20:00,TXN-66593CAF50B041
208879,58879,UPI,Success,62952.45,2026-01-13 01:08:00,TXN-0B58294091CFA0
208880,58880,UPI,Success,69378.38,2022-02-05 02:00:00,TXN-C2E19133B953B0
208881,58881,Debit Card,Success,1157.22,2025-09-05 00:10:00,TXN-48EBDA9A437CF4
208882,58882,UPI,Success,22301.78,2022-09-30 01:52:00,TXN-EA06417D1B23D1
208883,58883,Debit Card,Success,7835.17,2023-09-15 00:56:00,TXN-4A111136AF810D
208884,58884,Debit Card,Success,31980.32,2025-04-19 01:19:00,TXN-D7B952D02EFF7F
208885,58885,Debit Card,Success,3938.64,2026-04-24 01:07:00,TXN-B504D7E71DACD4
208886,58886,UPI,Success,16545.34,2026-01-29 01:36:00,TXN-2E18EFB2E6F6F8
208887,58887,Cash on Delivery,Success,21197.9,2025-07-29 00:42:00,TXN-7B8E35132C8829
208888,58888,Credit Card,Success,54397.72,2024-04-13 00:11:00,TXN-EED0BF240DCE78
208889,58889,UPI,Refunded,49537.67,2025-01-10 01:31:00,TXN-C0D4FA4D8FFAA0
208890,58890,Cash on Delivery,Success,5606.42,2023-04-04 00:29:00,TXN-BF24632A59F2AD
208891,58891,Debit Card,Success,3012.88,2022-09-12 00:20:00,TXN-4D867F913AF224
208892,58892,UPI,Success,18106.09,2022-12-10 00:54:00,TXN-DD96ED4B543374
208893,58893,Debit Card,Success,9483.95,2025-08-14 00:12:00,TXN-F72C5B3E1A4153
208894,58894,NetBanking,Success,85461.37,2022-10-07 00:54:00,TXN-A2072C7FAA582D
208895,58895,PayPal,Success,13141.08,2022-03-03 00:19:00,TXN-23AE591308866E
208896,58896,PayPal,Success,735.45,2022-02-09 00:25:00,TXN-2556840C68CB82
208897,58897,UPI,Success,56416.33,2026-03-31 01:04:00,TXN-D022B7A8DBC349
208898,58898,Debit Card,Refunded,17716.2,2022-01-10 00:58:00,TXN-87F65128886988
208899,58899,Debit Card,Success,5568.93,2025-10-13 01:24:00,TXN-D2D469DCFF0A4C
208900,58900,UPI,Success,21614.18,2025-08-18 01:16:00,TXN-9C4F462B6EBF26
208901,58901,Debit Card,Success,1207.77,2024-11-07 00:14:00,TXN-2554465D7A7B5C
208902,58902,NetBanking,Success,8437.37,2022-05-27 01:26:00,TXN-BE38DAF06FCF93
208903,58903,UPI,Success,124669.84,2023-05-08 01:10:00,TXN-483063C80021C7
208904,58904,UPI,Success,31312.29,2024-10-17 00:28:00,TXN-24971D7C61CD90
208905,58905,NetBanking,Success,5980.66,2025-06-28 00:02:00,TXN-CCCA6D7F0027B7
208906,58906,Cash on Delivery,Success,37286.11,2023-08-26 01:04:00,TXN-EC2C5481C7D8DB
208907,58907,NetBanking,Success,22831.27,2025-02-02 01:54:00,TXN-F7DA908173C126
208908,58908,PayPal,Success,18475.72,2023-09-09 01:14:00,TXN-1D25331A27FCDC
208909,58909,NetBanking,Success,7457.61,2022-12-18 00:11:00,TXN-A4E3C272ED9419
208910,58910,Credit Card,Success,64732.74,2024-04-04 00:59:00,TXN-9160AE733A3BBC
208911,58911,NetBanking,Success,4676.98,2023-01-24 00:53:00,TXN-5BBB1F0F59D06B
208912,58912,Debit Card,Success,755.34,2023-11-06 01:01:00,TXN-6FC4903010980A
208913,58913,Cash on Delivery,Refunded,58078.03,2022-12-17 01:34:00,TXN-3E53C1D81EA491
208914,58914,NetBanking,Success,2027.74,2025-12-08 01:53:00,TXN-1369C490908960
208915,58915,Credit Card,Success,9055.35,2026-01-26 00:56:00,TXN-9A8E84864D9B41
208916,58916,Debit Card,Success,108864.07,2024-10-19 01:49:00,TXN-5257465C94F684
208917,58917,Credit Card,Success,2789.39,2026-03-16 01:26:00,TXN-4A828B215EAAC6
208918,58918,Cash on Delivery,Refunded,86345.79,2024-10-13 00:22:00,TXN-EC805C0C40753C
208919,58919,NetBanking,Success,21462.12,2023-10-09 01:16:00,TXN-BAA7F5774F7A10
208920,58920,PayPal,Success,6991.25,2023-11-25 01:44:00,TXN-8CB514B8BF3A35
208921,58921,PayPal,Success,72930.12,2023-05-05 01:58:00,TXN-7F3520F71D4112
208922,58922,UPI,Success,19600.99,2025-07-12 00:37:00,TXN-09D9E3A6FE7B9E
208923,58923,UPI,Success,1048.97,2024-07-23 00:35:00,TXN-3265330B930099
208924,58924,Debit Card,Success,789.36,2025-04-11 00:56:00,TXN-7D1A0B4B4BBF04
208925,58925,Credit Card,Success,1595.7,2022-11-10 00:32:00,TXN-63C690A0634577
208926,58926,PayPal,Success,164463.02,2022-03-08 00:49:00,TXN-09DBE551F81945
208927,58927,NetBanking,Refunded,11963.88,2022-11-22 00:38:00,TXN-AB02F5440E4B8D
208928,58928,NetBanking,Success,8488.47,2025-01-14 01:32:00,TXN-C655E3B34912A5
208929,58929,NetBanking,Success,13434.45,2022-01-22 00:12:00,TXN-2661E96E9E4DD3
208930,58930,UPI,Success,9536.55,2026-05-23 00:29:00,TXN-4A6BBB46A82E76
208931,58931,Credit Card,Success,10801.02,2022-04-04 01:38:00,TXN-EA051AF7B1CA55
208932,58932,NetBanking,Success,18127.15,2025-01-02 00:04:00,TXN-D97D3AA7D8699A
208933,58933,UPI,Success,3464.26,2023-02-12 00:07:00,TXN-C4A000C0A13BB7
208934,58934,UPI,Refunded,5343.7,2023-02-27 00:56:00,TXN-A073D9D4040583
208935,58935,NetBanking,Success,913.58,2024-06-19 00:22:00,TXN-062C6E4F33A233
208936,58936,Cash on Delivery,Success,8564.73,2023-06-02 01:11:00,TXN-CD8EF056F27832
208937,58937,UPI,Success,38169.56,2023-08-26 00:24:00,TXN-47E1B0BEB5F2FC
208938,58938,NetBanking,Success,54397.72,2024-07-25 00:58:00,TXN-194D6E29E0A148
208939,58939,PayPal,Success,53962.61,2022-11-24 01:21:00,TXN-CBDB39152ACE1B
208940,58940,NetBanking,Success,43071.55,2022-03-07 00:21:00,TXN-051C6E03348F61
208941,58941,Cash on Delivery,Success,4182.59,2023-02-18 00:33:00,TXN-78FE9A9931EE81
208942,58942,Debit Card,Success,2796.57,2023-06-13 00:18:00,TXN-9072D53AF89E65
208943,58943,NetBanking,Success,5510.36,2024-11-27 01:36:00,TXN-D41F28FD7989B7
208944,58944,UPI,Success,3268.31,2024-02-04 01:30:00,TXN-A6C0963E98DDFE
208945,58945,Cash on Delivery,Refunded,14655.75,2026-04-28 01:54:00,TXN-D067589B0FB1D6
208946,58946,NetBanking,Success,6861.54,2022-05-21 01:36:00,TXN-BED95A8D93B9C6
208947,58947,PayPal,Success,12091.79,2024-02-19 01:36:00,TXN-730F988CD1C6D6
208948,58948,UPI,Success,59249.68,2025-10-31 01:37:00,TXN-1BD0A88AD29FA2
208949,58949,NetBanking,Success,71095.97,2023-11-13 01:23:00,TXN-3A3DE57533B9D1
208950,58950,UPI,Success,15787.25,2025-03-27 00:34:00,TXN-9FB3060A076571
208951,58951,Debit Card,Success,49141.73,2025-12-02 01:29:00,TXN-9871F4B042ABB2
208952,58952,Cash on Delivery,Failed,12588.4,2026-03-08 01:28:00,TXN-61A5E93D6C8DC0
208953,58953,Credit Card,Success,873.55,2025-09-12 00:47:00,TXN-E62631DD5C3E2A
208954,58954,PayPal,Success,136908.69,2022-02-01 00:50:00,TXN-1B99A35D4286E0
208955,58955,UPI,Success,16570.72,2022-08-12 00:34:00,TXN-62784575D02E87
208956,58956,Debit Card,Success,29638.99,2024-07-22 00:43:00,TXN-E392E2AAD1D19B
208957,58957,Debit Card,Success,28183.82,2023-10-10 01:40:00,TXN-C2CDA4C654D053
208958,58958,PayPal,Success,103128.19,2022-01-25 00:28:00,TXN-E48BBAE1BAC199
208959,58959,NetBanking,Failed,46939.64,2022-10-19 01:17:00,TXN-F72E0E41A993BA
208960,58960,Cash on Delivery,Success,133397.74,2023-03-30 00:28:00,TXN-B20E0358EEE3F5
208961,58961,UPI,Success,4423.61,2022-09-25 01:49:00,TXN-E9226B2605B10E
208962,58962,Debit Card,Success,4846.36,2026-06-25 00:33:00,TXN-23118604370785
208963,58963,Cash on Delivery,Success,6049.86,2024-04-04 01:12:00,TXN-43A05FAC0A4999
208964,58964,Cash on Delivery,Success,4695.41,2023-06-15 01:36:00,TXN-042A64421879C4
208965,58965,Debit Card,Success,51449.0,2022-03-08 00:56:00,TXN-05B1711D6DF65A
208966,58966,PayPal,Success,1820.16,2024-07-31 02:00:00,TXN-9EDD4B7D435024
208967,58967,PayPal,Success,27607.76,2024-11-29 00:21:00,TXN-0D977D4F50B1BC
208968,58968,NetBanking,Success,3446.79,2023-03-25 00:01:00,TXN-AF089C87FD0DDD
208969,58969,PayPal,Success,10533.93,2025-01-01 00:25:00,TXN-E59C7A45DB2F93
208970,58970,Debit Card,Success,20150.78,2023-03-15 01:11:00,TXN-980E5003C14649
208971,58971,Credit Card,Success,63643.37,2022-05-29 01:30:00,TXN-D2A7B6E4607E5C
208972,58972,PayPal,Success,5790.7,2024-07-14 01:38:00,TXN-6D20AB3E29DD07
208973,58973,Credit Card,Success,2966.19,2022-02-20 00:30:00,TXN-F810C9823F60F3
208974,58974,NetBanking,Success,141775.63,2025-12-29 00:45:00,TXN-1B347718B96969
208975,58975,Credit Card,Refunded,5220.34,2025-01-20 01:59:00,TXN-EB6B9B91D78924
208976,58976,Cash on Delivery,Success,1166.18,2024-12-10 01:26:00,TXN-4BDD49D3583FEE
208977,58977,Debit Card,Success,91455.62,2024-03-25 00:49:00,TXN-C578BCA34DEC5B
208978,58978,NetBanking,Success,32062.34,2023-08-20 01:14:00,TXN-90E65A1153F6C1
208979,58979,PayPal,Success,40670.83,2023-04-12 01:22:00,TXN-6E6284A38A5D4F
208980,58980,Cash on Delivery,Refunded,9024.0,2022-05-06 01:15:00,TXN-3D04DD69F08F60
208981,58981,UPI,Success,4834.22,2025-04-07 01:42:00,TXN-49D134B408BDF0
208982,58982,PayPal,Success,22713.82,2023-01-16 01:54:00,TXN-5C627D8826B663
208983,58983,NetBanking,Failed,3248.76,2022-11-27 00:42:00,TXN-ACEA8592451BF2
208984,58984,Credit Card,Success,26366.24,2024-07-26 01:15:00,TXN-910E739CF6E024
208985,58985,PayPal,Success,16595.62,2023-10-05 01:54:00,TXN-7970C4D90A2700
208986,58986,Cash on Delivery,Success,1371.77,2022-02-25 01:18:00,TXN-7E250DFC9E9C6B
208987,58987,Cash on Delivery,Success,27316.7,2025-04-22 01:05:00,TXN-4EEF73EEBEDEDF
208988,58988,Credit Card,Success,2313.36,2024-02-23 01:34:00,TXN-A00F074872507D
208989,58989,Debit Card,Success,29788.82,2022-01-14 00:47:00,TXN-B7C42086D0411A
208990,58990,PayPal,Success,392.51,2024-03-15 01:54:00,TXN-13ED1E97131289
208991,58991,UPI,Success,2889.42,2023-10-30 01:46:00,TXN-2CD6AABAF0D734
208992,58992,Cash on Delivery,Success,3350.22,2026-03-01 00:30:00,TXN-946A3A6F78C721
208993,58993,Credit Card,Success,55162.46,2026-01-15 00:01:00,TXN-461DE86583F04A
208994,58994,Credit Card,Success,12902.07,2024-11-16 00:16:00,TXN-83440AA72EE71D
208995,58995,Cash on Delivery,Success,1209.14,2024-07-03 01:27:00,TXN-34AC717D396B3C
208996,58996,PayPal,Success,9202.89,2024-04-22 01:35:00,TXN-251AA93542DD6D
208997,58997,UPI,Success,64088.07,2022-03-31 01:02:00,TXN-4844DCC55347C3
208998,58998,Credit Card,Success,8063.98,2025-02-20 01:36:00,TXN-1D4AE67FB36898
208999,58999,Credit Card,Success,48198.22,2024-09-01 01:34:00,TXN-8FB37E277F4AA7
209000,59000,Credit Card,Success,36374.61,2023-04-08 00:15:00,TXN-FF631551CDCB10
209001,59001,Debit Card,Success,67428.64,2022-06-03 00:36:00,TXN-8A6951FD278A9E
209002,59002,NetBanking,Success,39593.59,2024-02-05 01:55:00,TXN-D62A6B97ECAAB8
209003,59003,NetBanking,Success,26177.48,2022-11-04 00:36:00,TXN-FD755FABD62947
209004,59004,Cash on Delivery,Success,7525.2,2022-05-25 01:12:00,TXN-8D823934E6A873
209005,59005,NetBanking,Success,1091.83,2024-12-04 01:10:00,TXN-11DAC42407A0DD
209006,59006,NetBanking,Failed,4481.25,2024-03-04 00:21:00,TXN-2CDF1669EF7272
209007,59007,UPI,Success,607.15,2023-09-07 01:32:00,TXN-EF386F0C4A7767
209008,59008,Debit Card,Success,20949.82,2024-12-02 00:51:00,TXN-3DECF0447CE921
209009,59009,UPI,Failed,2527.59,2026-06-27 00:49:00,TXN-2B0CD1C0BA5434
209010,59010,Credit Card,Success,26131.8,2024-12-31 00:36:00,TXN-838CC983577147
209011,59011,Cash on Delivery,Success,5505.48,2024-09-26 00:26:00,TXN-3B6E67551CBDBB
209012,59012,Debit Card,Success,18543.24,2024-03-06 01:51:00,TXN-FCE9197E51FD17
209013,59013,Credit Card,Success,1705.39,2026-03-18 00:12:00,TXN-22670AC44D72C5
209014,59014,Credit Card,Success,1371.77,2026-03-30 00:52:00,TXN-9C73FB217A893E
209015,59015,UPI,Success,9113.41,2025-06-27 01:48:00,TXN-A3595483C47094
209016,59016,Credit Card,Success,1805.43,2026-06-05 01:42:00,TXN-C178FC69B3EE88
209017,59017,UPI,Success,3553.34,2024-12-08 00:50:00,TXN-8252AF2EAF5BAB
209018,59018,NetBanking,Success,8026.27,2022-10-23 00:36:00,TXN-8C10376729152A
209019,59019,NetBanking,Success,21356.01,2022-03-28 01:19:00,TXN-71CC4DC18BD598
209020,59020,Cash on Delivery,Success,8063.98,2024-07-25 01:53:00,TXN-57BC3DB693A10E
209021,59021,PayPal,Success,19154.0,2025-08-27 00:59:00,TXN-46DC925E58E2E3
209022,59022,Debit Card,Success,34183.65,2024-09-28 00:51:00,TXN-0DA2CA0D80DD35
209023,59023,NetBanking,Refunded,63424.42,2023-07-07 00:06:00,TXN-6421EB6C060B69
209024,59024,Debit Card,Success,16476.13,2023-03-27 00:02:00,TXN-5196D5D6E0011F
209025,59025,PayPal,Success,6521.84,2022-04-26 01:24:00,TXN-AD1C035DBE29E0
209026,59026,PayPal,Success,2125.31,2023-01-23 00:14:00,TXN-B123C754624232
209027,59027,Credit Card,Success,18042.8,2024-11-30 00:43:00,TXN-A41842908F8F44
209028,59028,Cash on Delivery,Refunded,3644.62,2022-05-03 01:03:00,TXN-C3DD37F39EBC2B
209029,59029,Credit Card,Success,26357.97,2022-11-27 00:14:00,TXN-86D06457BC97D9
209030,59030,Cash on Delivery,Success,4932.42,2022-09-10 01:45:00,TXN-30F30B83444386
209031,59031,PayPal,Success,29780.62,2023-03-22 00:40:00,TXN-7E0190F100C0C2
209032,59032,UPI,Success,13877.79,2023-10-24 00:40:00,TXN-0E0B111CE3BAA2
209033,59033,Debit Card,Success,1707.26,2022-06-12 00:26:00,TXN-441EF1FF01020A
209034,59034,Debit Card,Success,1975.76,2023-09-03 00:57:00,TXN-CB4A420DBD0D81
209035,59035,UPI,Success,3073.33,2025-10-08 01:13:00,TXN-55F09439B79994
209036,59036,Cash on Delivery,Refunded,1169.8,2022-04-07 01:41:00,TXN-FB1C6858C37A79
209037,59037,Debit Card,Success,13937.94,2025-11-18 01:22:00,TXN-7CC0560CDE35D3
209038,59038,Cash on Delivery,Success,36167.51,2023-06-12 00:54:00,TXN-E166C267800759
209039,59039,Debit Card,Success,51166.3,2024-03-05 01:23:00,TXN-709481B8071097
209040,59040,PayPal,Success,1959.86,2023-09-18 01:02:00,TXN-36BCF52B9F495F
209041,59041,PayPal,Success,607.15,2024-06-20 01:05:00,TXN-B779BC761F7B3C
209042,59042,NetBanking,Success,723.68,2022-09-29 00:58:00,TXN-15B8CE13EFDAFD
209043,59043,PayPal,Success,3671.69,2025-05-19 00:14:00,TXN-44B7F8F6363266
209044,59044,UPI,Refunded,72335.02,2022-12-22 01:55:00,TXN-395C577E315046
209045,59045,Cash on Delivery,Success,128696.57,2025-08-11 00:59:00,TXN-BD017E24B5B852
209046,59046,NetBanking,Success,19031.64,2022-11-05 01:02:00,TXN-D242FBC086779C
209047,59047,NetBanking,Success,22747.96,2022-08-30 01:36:00,TXN-09136CA80C9919
209048,59048,Credit Card,Success,23538.28,2025-05-23 01:41:00,TXN-9697C4EC210B6F
209049,59049,Credit Card,Success,90585.04,2022-09-01 00:09:00,TXN-7EFAE16626220C
209050,59050,PayPal,Success,38272.15,2025-03-24 00:53:00,TXN-472906C0ABBBA9
209051,59051,Cash on Delivery,Success,3564.48,2024-08-22 02:00:00,TXN-864817A1C18326
209052,59052,Debit Card,Success,11756.93,2024-08-07 01:00:00,TXN-8D421CA4FFF34C
209053,59053,PayPal,Success,20849.69,2024-03-25 00:54:00,TXN-34C7483F7E9166
209054,59054,Debit Card,Success,67246.43,2025-04-24 00:36:00,TXN-853886DB669C84
209055,59055,Debit Card,Success,31642.83,2025-06-22 02:00:00,TXN-66FACAD84C289D
209056,59056,Cash on Delivery,Success,72930.12,2024-09-13 01:16:00,TXN-4D4349BD194949
209057,59057,PayPal,Success,471.34,2026-02-22 00:45:00,TXN-AC5BBC12BF5157
209058,59058,UPI,Success,1476.03,2024-12-05 00:09:00,TXN-8DA82696D98558
209059,59059,UPI,Success,9540.13,2022-07-03 01:02:00,TXN-57AAEE43D90589
209060,59060,NetBanking,Success,41004.43,2025-01-05 01:40:00,TXN-184DB7F04C9E85
209061,59061,Cash on Delivery,Success,7387.05,2025-07-08 00:20:00,TXN-43D745793D53F9
209062,59062,Credit Card,Success,5606.42,2025-08-21 01:26:00,TXN-BF1A6309DA93C6
209063,59063,UPI,Success,18128.33,2023-02-09 01:31:00,TXN-57D6B5C7F4C8B3
209064,59064,PayPal,Success,25769.91,2022-06-25 01:04:00,TXN-CD4BB0CD95851C
209065,59065,UPI,Success,84361.2,2026-04-30 01:09:00,TXN-7886140ACC4872
209066,59066,Debit Card,Failed,2140.84,2023-11-26 01:06:00,TXN-DA0E5602C630CB
209067,59067,NetBanking,Success,8488.3,2022-10-30 01:25:00,TXN-83147DB447A6A6
209068,59068,Cash on Delivery,Success,985.5,2023-02-08 01:11:00,TXN-661BE92C050FC4
209069,59069,PayPal,Success,47173.21,2024-09-27 00:21:00,TXN-7D7721B9584110
209070,59070,Credit Card,Success,13566.65,2023-03-25 01:23:00,TXN-AF851AFEA0FE81
209071,59071,NetBanking,Refunded,2329.78,2026-06-01 00:17:00,TXN-C0E7FCABA90138
209072,59072,Debit Card,Success,8272.67,2025-03-25 01:12:00,TXN-F42B43315BE137
209073,59073,Credit Card,Success,11296.38,2024-11-10 01:44:00,TXN-B84DE1A094D21C
209074,59074,PayPal,Refunded,1889.14,2024-05-09 00:22:00,TXN-C9D1BFE583B81E
209075,59075,Debit Card,Success,2445.66,2022-03-30 00:21:00,TXN-C8EE36335590A7
209076,59076,Debit Card,Success,52191.78,2025-01-27 00:41:00,TXN-BE63CA9A6A1103
209077,59077,Credit Card,Success,19448.03,2024-05-08 00:13:00,TXN-6B95B52D515B45
209078,59078,Cash on Delivery,Success,1641.14,2025-10-22 00:27:00,TXN-6FA05237E04F8D
209079,59079,NetBanking,Success,8651.71,2023-05-30 01:57:00,TXN-E73ABCD8827FEE
209080,59080,Credit Card,Success,786.42,2025-06-12 00:27:00,TXN-68602834E87065
209081,59081,Debit Card,Success,923.61,2024-09-05 01:43:00,TXN-2A20ED522F5747
209082,59082,NetBanking,Success,2711.59,2024-03-23 01:50:00,TXN-FB7D05EFD14BE3
209083,59083,PayPal,Success,8265.54,2022-05-01 00:23:00,TXN-CE1513DC7080E0
209084,59084,PayPal,Success,4160.51,2024-06-15 00:25:00,TXN-A49015FBB67E56
209085,59085,NetBanking,Success,35432.4,2022-02-19 01:24:00,TXN-C5F475DD9F6C67
209086,59086,PayPal,Success,2886.6,2023-06-20 00:04:00,TXN-30C20FC6F836AD
209087,59087,PayPal,Success,18280.37,2022-02-17 00:57:00,TXN-3640873606AE01
209088,59088,NetBanking,Success,2830.72,2025-05-14 00:11:00,TXN-C751933A489461
209089,59089,PayPal,Failed,15510.3,2022-09-02 01:21:00,TXN-C9CB9E04D9682F
209090,59090,Debit Card,Success,2567.59,2025-05-15 00:12:00,TXN-3599D55635DE9D
209091,59091,Credit Card,Success,9227.41,2023-04-24 00:32:00,TXN-D8CD60FCA9CAC9
209092,59092,Credit Card,Success,11194.92,2022-03-14 01:47:00,TXN-DBA7A97D8E7EDD
209093,59093,Cash on Delivery,Success,743.54,2025-04-26 01:42:00,TXN-C02C069D4CE709
209094,59094,Debit Card,Success,49232.33,2022-04-19 00:23:00,TXN-A3E7A6F2EB274A
209095,59095,UPI,Refunded,11862.84,2024-07-22 00:54:00,TXN-B7B30AF6DB5DB2
209096,59096,Debit Card,Refunded,22836.06,2024-10-10 00:32:00,TXN-E071EC5B367C22
209097,59097,PayPal,Success,57533.82,2026-05-21 01:52:00,TXN-89740F68C794CA
209098,59098,Cash on Delivery,Success,15992.96,2024-01-11 01:36:00,TXN-1ED7DD99127988
209099,59099,Cash on Delivery,Success,1563.29,2022-03-05 00:37:00,TXN-EF7A6E55DD09DF
209100,59100,Credit Card,Success,24511.33,2022-11-21 01:02:00,TXN-6B57A1BB6775B7
209101,59101,Credit Card,Success,5502.85,2023-01-29 00:50:00,TXN-38A7DAD100F65E
209102,59102,UPI,Success,196180.67,2023-02-11 00:31:00,TXN-34BCF4AC2A6327
209103,59103,Debit Card,Success,64303.43,2025-01-08 01:24:00,TXN-4F9BB62D83632C
209104,59104,PayPal,Success,10316.31,2026-02-24 01:43:00,TXN-8AE33E8338A242
209105,59105,Cash on Delivery,Success,95631.05,2024-02-25 00:02:00,TXN-D277B639F5243B
209106,59106,Cash on Delivery,Success,1970.24,2023-06-05 01:41:00,TXN-337162755AFB88
209107,59107,Credit Card,Success,3516.12,2022-10-21 00:42:00,TXN-DE1E4EAFB4C5FA
209108,59108,NetBanking,Success,2448.49,2025-05-01 00:27:00,TXN-376F67B0989D71
209109,59109,Cash on Delivery,Success,91380.91,2025-04-23 01:48:00,TXN-7F1C8F5AFFE71F
209110,59110,Debit Card,Success,20890.39,2024-06-12 00:34:00,TXN-EAAD23EB2CF49B
209111,59111,Credit Card,Success,54360.57,2025-12-30 00:31:00,TXN-F2CCBE8BB21BA5
209112,59112,PayPal,Success,3564.48,2022-06-18 00:58:00,TXN-E3014176E1F82E
209113,59113,UPI,Success,4433.36,2022-04-27 01:37:00,TXN-ACF744826A9473
209114,59114,Cash on Delivery,Success,2659.81,2024-02-04 01:42:00,TXN-850BD83620B5E7
209115,59115,UPI,Success,19254.69,2024-02-20 01:22:00,TXN-33CC3BB2671FE5
209116,59116,PayPal,Success,19573.88,2024-01-29 01:43:00,TXN-D199FA71A4BFEC
209117,59117,PayPal,Success,873.55,2025-04-03 01:50:00,TXN-BA59235CD629DE
209118,59118,Credit Card,Success,6493.88,2025-06-12 00:23:00,TXN-D40F204BFDFD6A
209119,59119,NetBanking,Success,2789.39,2022-01-24 01:44:00,TXN-98D973C498F4D5
209120,59120,NetBanking,Success,699.68,2024-06-20 00:03:00,TXN-A2EFCCEA347C54
209121,59121,Credit Card,Success,9107.06,2022-01-19 00:20:00,TXN-410F7166FFA825
209122,59122,Cash on Delivery,Success,43983.07,2023-07-09 00:18:00,TXN-BD9AB38DEAFB19
209123,59123,Cash on Delivery,Success,2567.59,2026-04-26 00:18:00,TXN-C03E9016153B3B
209124,59124,Cash on Delivery,Success,25660.73,2024-05-22 00:37:00,TXN-DA6B70200DBA66
209125,59125,NetBanking,Success,114226.47,2025-01-30 01:07:00,TXN-1238D4B09568F2
209126,59126,Debit Card,Success,17778.0,2023-01-04 01:27:00,TXN-BE91FB664930B0
209127,59127,NetBanking,Success,45708.09,2023-12-05 01:55:00,TXN-C105E750D0FBEE
209128,59128,Debit Card,Success,535.83,2022-11-05 01:57:00,TXN-F8D53B9595C999
209129,59129,PayPal,Success,259387.61,2022-03-12 01:32:00,TXN-B26A92BFE7294D
209130,59130,NetBanking,Success,16337.23,2022-12-08 00:51:00,TXN-0B9A82F1631E53
209131,59131,UPI,Success,1138.8,2025-10-15 01:30:00,TXN-19A6446B539858
209132,59132,Debit Card,Failed,34383.24,2022-11-12 01:17:00,TXN-520149C2AC1885
209133,59133,PayPal,Success,74177.13,2022-05-02 00:02:00,TXN-6A195F0BE78CB9
209134,59134,NetBanking,Success,1511.43,2025-07-08 01:29:00,TXN-EA442693447134
209135,59135,NetBanking,Success,15169.41,2022-06-17 01:58:00,TXN-34E0CCB7426449
209136,59136,Debit Card,Success,22228.08,2025-01-01 00:12:00,TXN-26D21439C3750A
209137,59137,Credit Card,Success,11670.64,2024-11-25 00:17:00,TXN-523D6E453E8E26
209138,59138,PayPal,Success,35950.43,2022-08-02 01:44:00,TXN-3B3C29401A5027
209139,59139,NetBanking,Success,61612.9,2022-10-21 00:11:00,TXN-31FAF08FFAD009
209140,59140,NetBanking,Success,9393.74,2024-08-15 01:12:00,TXN-60EC3171C0BAE9
209141,59141,UPI,Failed,10961.26,2024-11-08 00:29:00,TXN-371E3822B51C88
209142,59142,Credit Card,Success,107515.98,2025-01-23 00:16:00,TXN-BF01F4C1A40237
209143,59143,UPI,Success,5684.2,2023-08-24 01:13:00,TXN-26F4814FFD2555
209144,59144,Credit Card,Success,57252.06,2026-05-30 00:37:00,TXN-15DD9211D42EF4
209145,59145,UPI,Success,1082.03,2026-02-08 01:58:00,TXN-D3B06AD489DDB9
209146,59146,PayPal,Success,5408.23,2026-06-14 00:38:00,TXN-70BC4E5F7A7E5C
209147,59147,UPI,Success,16059.48,2022-12-09 00:30:00,TXN-8F51901386C184
209148,59148,UPI,Success,3891.26,2026-02-10 00:18:00,TXN-6A2AEF6738FE94
209149,59149,Credit Card,Success,31464.23,2026-04-18 01:24:00,TXN-CA24628C6D93AD
209150,59150,Cash on Delivery,Success,26662.36,2023-11-27 01:46:00,TXN-32C5C7C374E135
209151,59151,UPI,Refunded,14534.68,2026-02-05 01:52:00,TXN-8AF7BB4E264EAD
209152,59152,NetBanking,Success,28273.7,2025-07-26 01:20:00,TXN-87036FC4B9D704
209153,59153,PayPal,Refunded,1117.02,2024-05-09 01:30:00,TXN-4CBD93E88ABA9A
209154,59154,Cash on Delivery,Success,9023.34,2024-10-21 01:14:00,TXN-DF9BA623651FD4
209155,59155,PayPal,Success,76182.38,2024-07-23 00:29:00,TXN-16A5C2CB0E8F95
209156,59156,PayPal,Success,20696.8,2023-10-18 01:01:00,TXN-58CC8D3E896C66
209157,59157,UPI,Success,46747.43,2023-05-18 00:22:00,TXN-7E2827A7C9B5AB
209158,59158,Cash on Delivery,Success,8718.52,2022-02-26 01:50:00,TXN-16DA6BDA9FA866
209159,59159,PayPal,Success,13484.54,2024-04-22 01:04:00,TXN-9966B8692C7B89
209160,59160,UPI,Success,4984.96,2025-06-19 01:59:00,TXN-B26F8805D698E1
209161,59161,UPI,Success,24519.92,2026-05-01 01:58:00,TXN-6CDD99E9144E4F
209162,59162,UPI,Success,10706.32,2024-03-26 01:10:00,TXN-818111CCC6EC33
209163,59163,NetBanking,Success,33687.59,2025-03-18 01:05:00,TXN-3BCD165978EBFB
209164,59164,NetBanking,Success,570.84,2023-07-31 00:33:00,TXN-1384FBA1FA6FBF
209165,59165,UPI,Failed,108151.3,2022-08-18 01:55:00,TXN-8C35D7B85A41C8
209166,59166,Cash on Delivery,Success,12549.55,2022-09-11 00:07:00,TXN-8631F85EA299C8
209167,59167,UPI,Success,26773.3,2024-02-28 00:20:00,TXN-209A02792B1E42
209168,59168,NetBanking,Success,6981.21,2024-04-09 01:16:00,TXN-01A46BF98A4F63
209169,59169,PayPal,Refunded,3800.36,2026-01-01 01:26:00,TXN-4CB8F645527000
209170,59170,Debit Card,Success,6119.97,2025-02-20 00:10:00,TXN-FF74BF7D9DFFD6
209171,59171,NetBanking,Refunded,3842.56,2023-02-06 00:24:00,TXN-04A38F71139AC7
209172,59172,UPI,Success,8732.36,2023-11-26 01:30:00,TXN-CCC213348CF2C3
209173,59173,Cash on Delivery,Refunded,47959.41,2023-04-20 00:40:00,TXN-6506D69D1DC81C
209174,59174,NetBanking,Success,51787.62,2026-03-29 01:29:00,TXN-1C175FD01A1958
209175,59175,Cash on Delivery,Success,6582.2,2026-05-24 01:06:00,TXN-5766A781290E88
209176,59176,PayPal,Success,5109.77,2022-04-08 01:54:00,TXN-7B88B755ABF81E
209177,59177,NetBanking,Success,85145.04,2025-05-07 00:58:00,TXN-38250ED99D2A24
209178,59178,PayPal,Failed,10828.34,2026-06-22 00:05:00,TXN-4C4331401A11AE
209179,59179,NetBanking,Failed,11679.68,2024-02-08 00:02:00,TXN-4EB9CCBF7F9821
209180,59180,Cash on Delivery,Success,4697.83,2025-08-07 01:09:00,TXN-3DFCFF36F2324B
209181,59181,Credit Card,Refunded,3564.48,2025-02-09 00:25:00,TXN-DCDCCBEBD6DFE1
209182,59182,Debit Card,Success,80119.02,2024-12-14 01:09:00,TXN-1492F5E3831786
209183,59183,UPI,Success,3569.24,2026-01-01 01:37:00,TXN-50E50DE0983749
209184,59184,PayPal,Success,97999.99,2025-06-16 00:04:00,TXN-47E78D6AF4391F
209185,59185,Debit Card,Success,6612.07,2024-06-10 00:50:00,TXN-5682FCBCFD0121
209186,59186,Credit Card,Success,35693.57,2023-10-20 00:59:00,TXN-A3FE7C5EB34A23
209187,59187,Credit Card,Success,33057.57,2024-08-03 00:35:00,TXN-C1EDD11E7B3435
209188,59188,Debit Card,Success,13993.54,2023-03-17 00:34:00,TXN-2D0D64C513F1B1
209189,59189,UPI,Success,580.12,2025-04-09 01:36:00,TXN-81651BC52A31CC
209190,59190,Credit Card,Success,57231.34,2022-07-02 01:48:00,TXN-86AAB5A8BC6BA7
209191,59191,Debit Card,Success,4486.57,2024-01-02 01:52:00,TXN-4CA37DB5484C09
209192,59192,UPI,Success,10305.38,2023-05-05 01:42:00,TXN-DCD5830762042C
209193,59193,Credit Card,Success,9159.52,2023-12-17 01:01:00,TXN-385E3B7B9318BB
209194,59194,PayPal,Success,148500.45,2026-03-11 01:44:00,TXN-D7C184AE18ED61
209195,59195,NetBanking,Success,2835.7,2025-02-23 00:21:00,TXN-9848299F9E97FB
209196,59196,Credit Card,Success,889.56,2022-10-05 01:15:00,TXN-F4B4EB70C81A01
209197,59197,Cash on Delivery,Success,482.78,2024-03-18 00:11:00,TXN-187F8EAC312935
209198,59198,PayPal,Success,28065.96,2024-02-12 01:48:00,TXN-28D251BE69E2F5
209199,59199,UPI,Success,1845.38,2025-09-13 01:18:00,TXN-1688D689CDD0F4
209200,59200,NetBanking,Success,21343.44,2022-01-11 00:55:00,TXN-0C971E83F29F7C
209201,59201,Credit Card,Success,7077.5,2022-12-05 00:49:00,TXN-4CFE9293701898
209202,59202,UPI,Success,15431.65,2024-09-11 01:14:00,TXN-040E0B3E901908
209203,59203,Credit Card,Success,90920.32,2025-01-24 00:04:00,TXN-7F1A26C1056ABF
209204,59204,Debit Card,Success,3940.48,2022-05-22 01:05:00,TXN-65BDCE378982D6
209205,59205,Cash on Delivery,Success,2407.3,2026-01-02 01:41:00,TXN-0933DFAE18E9F7
209206,59206,UPI,Success,24074.17,2023-02-02 00:19:00,TXN-D7FED69359416A
209207,59207,Cash on Delivery,Success,47421.66,2025-10-25 00:44:00,TXN-1D6780B2FAC232
209208,59208,UPI,Success,14731.3,2025-10-31 00:05:00,TXN-08F91AB1B2AF10
209209,59209,UPI,Success,236.68,2025-11-25 01:54:00,TXN-9240E96AA2E5B1
209210,59210,UPI,Success,3461.14,2026-02-02 01:50:00,TXN-DDF82F0234C70C
209211,59211,UPI,Success,26391.91,2026-05-22 01:23:00,TXN-66816EE6C21BA6
209212,59212,Cash on Delivery,Success,6469.3,2025-02-14 01:32:00,TXN-140927E35D5AA1
209213,59213,NetBanking,Success,22565.61,2023-12-18 00:17:00,TXN-D14E507841D102
209214,59214,UPI,Success,67500.3,2024-12-03 01:14:00,TXN-7AE5629D8700F5
209215,59215,PayPal,Success,32661.57,2023-05-16 01:24:00,TXN-52B7E7A63A59D0
209216,59216,Credit Card,Success,5456.92,2026-02-04 00:03:00,TXN-CF2A9C3483078F
209217,59217,PayPal,Success,16295.48,2023-09-11 01:56:00,TXN-50151E6F2587E3
209218,59218,Cash on Delivery,Success,5081.45,2024-03-31 00:39:00,TXN-ED6677C78420D1
209219,59219,Debit Card,Success,1717.09,2023-01-06 01:06:00,TXN-884BBC81B58881
209220,59220,NetBanking,Success,101227.14,2023-12-29 00:22:00,TXN-3E90D77EE30219
209221,59221,UPI,Success,15944.58,2024-12-31 01:29:00,TXN-3743AE4964EB1F
209222,59222,Credit Card,Success,2750.58,2022-06-27 01:18:00,TXN-0FCCB2A1EAD309
209223,59223,NetBanking,Success,5485.59,2023-12-12 01:10:00,TXN-A6931CB997CDFF
209224,59224,UPI,Success,10256.58,2024-03-10 01:41:00,TXN-E00C3E0778B3B0
209225,59225,UPI,Success,6281.47,2025-07-18 00:48:00,TXN-7A0C45EBD8DE87
209226,59226,Debit Card,Success,6320.73,2022-03-16 01:08:00,TXN-B906183D7A9F8B
209227,59227,Debit Card,Refunded,8340.27,2024-10-01 01:28:00,TXN-844D15F3EE859C
209228,59228,Credit Card,Success,11862.84,2022-03-06 00:37:00,TXN-9168ECA2B3D0D7
209229,59229,Cash on Delivery,Success,59645.43,2025-07-27 01:42:00,TXN-07B14850CEA7E0
209230,59230,NetBanking,Success,53128.36,2026-03-13 01:09:00,TXN-F12D9CB392599B
209231,59231,NetBanking,Success,14152.66,2022-11-22 01:40:00,TXN-C0518F78116A77
209232,59232,Cash on Delivery,Success,13219.85,2025-03-11 00:02:00,TXN-531109A4E6D54B
209233,59233,Cash on Delivery,Refunded,11354.29,2022-04-11 00:09:00,TXN-4B4808FF4288B7
209234,59234,NetBanking,Success,15809.68,2025-04-27 01:58:00,TXN-A558E0821A2EC9
209235,59235,Debit Card,Success,8304.75,2024-06-17 00:51:00,TXN-EF69992898592F
209236,59236,PayPal,Refunded,161.7,2023-05-11 01:13:00,TXN-852DC3F2B7308D
209237,59237,PayPal,Success,6025.76,2022-05-31 01:08:00,TXN-4559203C653004
209238,59238,UPI,Success,45292.52,2022-07-11 00:40:00,TXN-FAE7CFE3E93AE2
209239,59239,PayPal,Success,189864.42,2025-09-18 00:37:00,TXN-BEDDBDF41F1196
209240,59240,Debit Card,Success,3410.78,2025-03-13 00:01:00,TXN-0BB3AF45DB701D
209241,59241,Debit Card,Failed,15650.34,2023-10-26 00:02:00,TXN-BF32C6452DAAEA
209242,59242,Debit Card,Success,22331.77,2022-12-06 00:46:00,TXN-9E6F14D25BF31A
209243,59243,NetBanking,Success,3486.91,2025-10-24 01:40:00,TXN-B1221D31A287E5
209244,59244,Debit Card,Success,2088.17,2022-01-10 01:05:00,TXN-63F5DC32F2E1E5
209245,59245,NetBanking,Success,12403.52,2022-05-15 01:06:00,TXN-04E3B99FA1D614
209246,59246,UPI,Failed,10429.1,2026-01-11 00:32:00,TXN-CB0930A32FBF23
209247,59247,Credit Card,Success,3444.88,2024-04-06 01:09:00,TXN-0F3C945BCFD8AE
209248,59248,Cash on Delivery,Success,42333.3,2026-05-10 01:14:00,TXN-080E023701C59D
209249,59249,UPI,Success,12507.7,2026-03-18 00:23:00,TXN-1A81A262A1CED1
209250,59250,Credit Card,Success,6141.59,2026-03-10 00:16:00,TXN-FCA5D3A500A968
209251,59251,PayPal,Success,6428.51,2024-09-07 01:42:00,TXN-A55BEF5DF8484F
209252,59252,NetBanking,Success,21340.88,2026-04-22 00:08:00,TXN-E32CA5E71AE9BB
209253,59253,NetBanking,Success,28035.26,2024-12-15 01:19:00,TXN-45C27077E5658C
209254,59254,Cash on Delivery,Success,29941.72,2024-09-09 00:08:00,TXN-40A7A9CE3042E4
209255,59255,Cash on Delivery,Success,2272.34,2025-11-28 01:27:00,TXN-5423CECACA92E4
209256,59256,Cash on Delivery,Success,42593.17,2022-12-24 01:07:00,TXN-7F1C02BEF5B529
209257,59257,UPI,Success,372.34,2023-01-28 01:20:00,TXN-D0AEFFA674A506
209258,59258,UPI,Failed,310.71,2025-03-01 01:10:00,TXN-CC85ED0D507A4B
209259,59259,UPI,Success,10731.06,2025-04-29 00:57:00,TXN-23D48919E7030F
209260,59260,Cash on Delivery,Success,56191.33,2022-05-15 00:45:00,TXN-42D12D0078BD1C
209261,59261,Cash on Delivery,Success,782.1,2026-05-08 00:43:00,TXN-48DCC9A4AE4B61
209262,59262,Debit Card,Success,16744.75,2022-11-16 00:25:00,TXN-00B8313BCD4587
209263,59263,PayPal,Success,75754.58,2022-08-17 01:57:00,TXN-3F3F139408EB78
209264,59264,UPI,Success,2124.38,2022-07-04 01:24:00,TXN-6672191EBFAF1B
209265,59265,Credit Card,Success,6653.95,2026-02-04 01:51:00,TXN-48D5C5E2C77530
209266,59266,Debit Card,Success,9879.46,2024-05-31 00:28:00,TXN-A665A02B0DE80E
209267,59267,Credit Card,Success,2158.88,2024-01-02 00:38:00,TXN-9AA4691FE18A00
209268,59268,UPI,Success,5708.39,2026-01-05 00:56:00,TXN-D89DE48F0A3353
209269,59269,PayPal,Success,2531.02,2024-01-24 00:26:00,TXN-D8C958E0913E58
209270,59270,PayPal,Success,128622.64,2024-12-25 01:58:00,TXN-41C165CE56F1C8
209271,59271,UPI,Success,1855.17,2023-10-16 01:03:00,TXN-2B25C7B648494A
209272,59272,NetBanking,Failed,9433.11,2023-06-30 00:39:00,TXN-6FFB175B0E1C06
209273,59273,UPI,Success,43397.13,2024-08-03 01:04:00,TXN-1A0376F7F1F669
209274,59274,Debit Card,Success,84937.24,2023-09-20 00:06:00,TXN-3D4BE836FF680B
209275,59275,Cash on Delivery,Success,14889.84,2022-08-26 00:16:00,TXN-B8663929F58216
209276,59276,UPI,Success,723.68,2023-10-14 00:39:00,TXN-A2AAB90B537F58
209277,59277,Credit Card,Success,11922.03,2026-01-19 00:03:00,TXN-C23DA6A9334444
209278,59278,NetBanking,Success,12421.88,2023-06-24 01:19:00,TXN-354C646DB8B909
209279,59279,PayPal,Success,35397.38,2024-12-27 01:56:00,TXN-06F19F991514A3
209280,59280,NetBanking,Success,23791.27,2025-12-09 00:23:00,TXN-6B270CDFC6307F
209281,59281,Debit Card,Success,1399.36,2023-04-28 00:08:00,TXN-C837E18660A5B3
209282,59282,Credit Card,Success,1164.89,2022-11-19 01:40:00,TXN-AC69A020A50385
209283,59283,PayPal,Success,6622.74,2022-09-18 00:16:00,TXN-9FD10CEF868E5E
209284,59284,Debit Card,Success,2190.97,2025-12-08 01:42:00,TXN-540FB0E5FFBAD2
209285,59285,Credit Card,Success,1376.35,2022-05-05 01:31:00,TXN-E03052CD2FFB8E
209286,59286,Credit Card,Success,1294.32,2024-03-30 00:18:00,TXN-A3E497204228EF
209287,59287,PayPal,Success,919.25,2026-06-19 01:32:00,TXN-8170D6969FED96
209288,59288,Credit Card,Success,1855.17,2024-09-03 00:22:00,TXN-F4C27ADD72D880
209289,59289,UPI,Success,8853.36,2023-08-12 00:22:00,TXN-1007ABB57E8174
209290,59290,UPI,Success,6680.63,2023-02-19 01:43:00,TXN-7767E0E6915100
209291,59291,Debit Card,Success,17388.16,2022-03-01 01:33:00,TXN-E9AF486E9D268E
209292,59292,NetBanking,Success,5802.78,2026-06-15 00:54:00,TXN-40072DDB2D0FB7
209293,59293,PayPal,Success,60593.54,2025-05-03 00:32:00,TXN-167473D1527166
209294,59294,Cash on Delivery,Success,6604.87,2023-11-03 01:00:00,TXN-A9BFC30F022602
209295,59295,Debit Card,Success,38641.65,2026-01-18 01:46:00,TXN-C68174EFE8F8CF
209296,59296,Credit Card,Success,1341.52,2023-03-15 01:01:00,TXN-5AB4502691798C
209297,59297,PayPal,Refunded,41223.4,2026-01-19 00:10:00,TXN-E5F7B02F09A600
209298,59298,Cash on Delivery,Success,5800.38,2022-11-10 01:34:00,TXN-ADA66DF2C5CA4D
209299,59299,NetBanking,Success,1329.39,2022-03-23 00:09:00,TXN-F630ABB831509A
209300,59300,Cash on Delivery,Success,63777.1,2023-06-05 00:48:00,TXN-41E2BE3BA7AC65
209301,59301,PayPal,Success,668.75,2023-08-26 00:38:00,TXN-C5F0E4839E94AE
209302,59302,NetBanking,Success,13509.47,2023-09-23 01:42:00,TXN-8EB075B9B3B023
209303,59303,Cash on Delivery,Success,86721.02,2022-01-08 01:04:00,TXN-C43E3EA24AF5F8
209304,59304,PayPal,Success,17295.37,2026-06-10 00:31:00,TXN-EF13C261DA5994
209305,59305,Debit Card,Success,16674.0,2023-10-27 01:53:00,TXN-39B514DD3ECB54
209306,59306,Debit Card,Success,18501.43,2026-01-28 01:11:00,TXN-465626A070929A
209307,59307,PayPal,Success,904.8,2022-09-06 01:21:00,TXN-98947B6303DBF9
209308,59308,PayPal,Success,196619.71,2025-03-21 01:13:00,TXN-4476657C17487C
209309,59309,Credit Card,Success,7972.17,2022-08-27 01:05:00,TXN-74CF1771E02E8E
209310,59310,Debit Card,Success,22966.05,2023-07-27 01:06:00,TXN-B6DFB9A8C396B2
209311,59311,Cash on Delivery,Success,22275.72,2023-01-08 01:20:00,TXN-E05092CF8BD1F4
209312,59312,Debit Card,Success,20298.51,2023-07-22 00:55:00,TXN-23145B9B0DA109
209313,59313,UPI,Success,18501.43,2023-10-28 01:55:00,TXN-BFD527468E113C
209314,59314,Credit Card,Success,64891.65,2025-08-09 01:41:00,TXN-984A6B995728F9
209315,59315,Credit Card,Success,51391.63,2023-07-27 00:41:00,TXN-E46028CCA0BE37
209316,59316,Debit Card,Success,26181.1,2023-04-11 01:42:00,TXN-A20C3E038250D5
209317,59317,Cash on Delivery,Failed,3954.91,2023-04-26 00:55:00,TXN-CF1B0D7ACA9E54
209318,59318,UPI,Success,1641.14,2022-09-22 00:27:00,TXN-BF33398D671E2E
209319,59319,Credit Card,Success,12181.16,2023-07-16 00:38:00,TXN-7CADBC5C05F01C
209320,59320,PayPal,Success,70305.43,2023-03-01 00:40:00,TXN-654FF219278DC1
209321,59321,Cash on Delivery,Success,24856.08,2025-05-15 00:46:00,TXN-C6E19C29501919
209322,59322,PayPal,Success,5904.46,2023-11-01 01:33:00,TXN-2960F618B2E7FC
209323,59323,Credit Card,Success,889.56,2024-03-21 00:02:00,TXN-63BF185548038D
209324,59324,NetBanking,Success,63605.42,2026-04-10 00:09:00,TXN-81496F0FF507AA
209325,59325,Cash on Delivery,Success,6536.62,2026-04-12 01:30:00,TXN-18D0FB05B60482
209326,59326,NetBanking,Success,323754.07,2025-11-06 01:29:00,TXN-5BA71970C21D41
209327,59327,UPI,Success,18279.15,2024-03-02 00:22:00,TXN-91ED797C0A26F6
209328,59328,Cash on Delivery,Failed,10723.88,2023-12-19 00:11:00,TXN-486F1A5A978440
209329,59329,PayPal,Success,15477.37,2023-12-23 01:25:00,TXN-EA55833F1DB6B3
209330,59330,Cash on Delivery,Success,2123.9,2023-01-26 00:42:00,TXN-572E9AA424AA83
209331,59331,PayPal,Refunded,733.12,2025-12-07 01:10:00,TXN-19549E08917A66
209332,59332,NetBanking,Success,1805.43,2023-05-22 01:27:00,TXN-157BFEBFFEAA56
209333,59333,Debit Card,Success,1742.37,2026-05-02 00:51:00,TXN-1CA99AD8F602C4
209334,59334,Credit Card,Success,13370.69,2022-08-16 00:16:00,TXN-76E906D81BD2AD
209335,59335,UPI,Success,20894.55,2025-10-18 01:04:00,TXN-37947F8D16EB04
209336,59336,UPI,Success,3264.54,2023-02-12 00:18:00,TXN-E575C5A4A8360E
209337,59337,Credit Card,Success,3553.34,2024-01-16 00:26:00,TXN-F87E2278867A28
209338,59338,Credit Card,Success,12884.95,2025-12-25 01:54:00,TXN-55FA01C89F4B8C
209339,59339,NetBanking,Success,3244.07,2023-05-25 00:48:00,TXN-B957D5090157BA
209340,59340,Credit Card,Success,11122.99,2022-12-03 01:12:00,TXN-C954B6F9E4B7E8
209341,59341,PayPal,Success,19870.5,2023-05-15 00:10:00,TXN-1AFC997F951D12
209342,59342,NetBanking,Success,7970.22,2025-02-17 00:31:00,TXN-44AFC5C433DFA0
209343,59343,NetBanking,Success,17586.62,2024-07-09 00:15:00,TXN-806265555000EC
209344,59344,PayPal,Success,78482.77,2026-04-15 00:51:00,TXN-74A88DA99CFBF0
209345,59345,Credit Card,Success,6188.74,2022-12-07 01:33:00,TXN-2A059F3E7BEAE6
209346,59346,NetBanking,Failed,8268.19,2026-01-12 00:26:00,TXN-C79B7C0BB39D10
209347,59347,PayPal,Refunded,10410.79,2023-12-26 01:36:00,TXN-76056680BAA991
209348,59348,UPI,Success,8281.42,2023-07-10 00:14:00,TXN-C19943837BDDC3
209349,59349,Credit Card,Success,1272.15,2023-08-30 01:33:00,TXN-78CEBD7B3183E3
209350,59350,NetBanking,Success,7821.66,2023-11-08 00:53:00,TXN-413933C6DB604B
209351,59351,UPI,Success,2177.7,2025-01-12 00:36:00,TXN-9790926A58A759
209352,59352,UPI,Success,18297.93,2024-05-18 00:16:00,TXN-7A64B8D631161B
209353,59353,Debit Card,Success,25251.33,2024-09-28 01:01:00,TXN-E1FDE8BD9C15AC
209354,59354,Cash on Delivery,Success,2900.19,2023-05-21 01:38:00,TXN-56A1A43DE5FE25
209355,59355,PayPal,Success,11960.91,2024-11-07 00:17:00,TXN-0482B1232AF16C
209356,59356,PayPal,Success,36848.05,2023-11-13 01:05:00,TXN-2952BD992A6FE9
209357,59357,Credit Card,Success,2567.59,2022-03-23 00:46:00,TXN-E7AAD50EFCDE5C
209358,59358,UPI,Success,11292.61,2024-07-12 01:37:00,TXN-DEE38B63CE760C
209359,59359,PayPal,Success,15408.58,2023-12-28 01:54:00,TXN-30251A08CACFB7
209360,59360,NetBanking,Success,5959.26,2025-03-30 01:52:00,TXN-1ACEBA053650C4
209361,59361,Cash on Delivery,Success,15431.65,2022-05-07 00:20:00,TXN-2E66C3B171D1EE
209362,59362,Cash on Delivery,Refunded,1558.92,2025-04-24 00:33:00,TXN-551995A1A07957
209363,59363,PayPal,Success,71410.55,2025-12-29 01:32:00,TXN-0BA589BA0A0B78
209364,59364,NetBanking,Success,8548.85,2022-01-06 01:43:00,TXN-233C143A1FA1F1
209365,59365,Credit Card,Success,14311.18,2022-10-24 01:31:00,TXN-1C7141B40988DE
209366,59366,PayPal,Success,58419.9,2022-11-26 00:03:00,TXN-A4BB8105636C4B
209367,59367,NetBanking,Success,16168.4,2025-07-17 00:35:00,TXN-080EFCB07C6ED0
209368,59368,Credit Card,Success,16583.76,2025-08-17 00:16:00,TXN-BD6CEBFDEC5F14
209369,59369,Cash on Delivery,Success,22602.16,2023-07-02 00:41:00,TXN-EEF5CE54F49CA6
209370,59370,NetBanking,Success,4486.57,2025-12-14 00:29:00,TXN-516478B16BA9BD
209371,59371,UPI,Success,88167.73,2026-05-14 01:26:00,TXN-D5C4293FD563EE
209372,59372,UPI,Success,711.18,2024-03-22 01:17:00,TXN-3AB9DAF7EBE3F5
209373,59373,NetBanking,Success,17194.8,2022-09-01 01:52:00,TXN-9155D281838C18
209374,59374,Cash on Delivery,Success,9360.71,2024-04-22 00:54:00,TXN-A57BD329A475B2
209375,59375,PayPal,Success,2861.52,2025-10-01 00:35:00,TXN-D485E2BBEE5DA1
209376,59376,Credit Card,Success,2348.14,2025-01-01 00:59:00,TXN-1471E6F28F0F45
209377,59377,Credit Card,Refunded,3461.56,2023-09-17 02:00:00,TXN-B70FB3B9BE0B65
209378,59378,NetBanking,Success,1617.01,2025-11-16 01:16:00,TXN-1786AE00192A85
209379,59379,Debit Card,Success,51411.61,2026-05-24 00:17:00,TXN-9BA261DE67BFE1
209380,59380,NetBanking,Refunded,3986.09,2024-10-01 00:09:00,TXN-26B4413BF06E1C
209381,59381,PayPal,Success,10881.84,2022-10-07 01:31:00,TXN-1D9BAC557E6EDD
209382,59382,Debit Card,Success,35698.6,2022-01-18 01:39:00,TXN-D5E373A6BC791A
209383,59383,UPI,Success,8491.65,2023-08-01 01:48:00,TXN-6F8BBF593A417F
209384,59384,UPI,Success,10842.87,2024-12-09 01:49:00,TXN-B4E9D9EAAB6104
209385,59385,Credit Card,Refunded,13731.79,2022-08-14 00:17:00,TXN-B5E35BBC896366
209386,59386,NetBanking,Success,57249.55,2026-05-03 00:45:00,TXN-1EAE23931C1DB4
209387,59387,Credit Card,Success,8196.35,2023-05-11 01:57:00,TXN-DA1AA00488BF49
209388,59388,Credit Card,Success,4665.34,2025-03-31 01:23:00,TXN-F6AD4AB3D93DEF
209389,59389,Credit Card,Success,25174.52,2023-08-11 00:31:00,TXN-F4C0E9BAD5D6B3
209390,59390,Credit Card,Success,189987.6,2023-04-01 00:50:00,TXN-D121FEF5CC98F6
209391,59391,PayPal,Success,9932.76,2022-01-22 01:21:00,TXN-A4C4FEEFA87B0C
209392,59392,Cash on Delivery,Success,24237.42,2025-11-15 00:17:00,TXN-8C109F9AF481E5
209393,59393,Cash on Delivery,Refunded,15112.01,2024-10-16 01:42:00,TXN-1B68086A5D1F9D
209394,59394,NetBanking,Success,9844.16,2025-11-22 00:07:00,TXN-679F0CB509DAAE
209395,59395,UPI,Refunded,13060.38,2024-11-17 00:34:00,TXN-873E843FD668D8
209396,59396,Debit Card,Success,26561.25,2023-02-02 01:22:00,TXN-9C259ACE68B791
209397,59397,Cash on Delivery,Success,99122.84,2022-01-04 01:26:00,TXN-9FC708C4F09C08
209398,59398,UPI,Success,15726.22,2024-09-08 01:38:00,TXN-8A0D25A03E049A
209399,59399,Cash on Delivery,Success,50986.62,2024-04-10 00:25:00,TXN-855AC0BBB27967
209400,59400,Credit Card,Success,2778.71,2023-03-14 01:41:00,TXN-63782EE83BAA7A
209401,59401,Debit Card,Success,22373.89,2024-08-01 00:42:00,TXN-5BA1EB95C66D8A
209402,59402,Credit Card,Success,891.62,2023-05-02 00:48:00,TXN-2CFC90BE13F8C2
209403,59403,Debit Card,Success,26948.37,2025-08-02 00:57:00,TXN-6E546AADE8B118
209404,59404,Cash on Delivery,Success,8877.05,2022-09-16 01:04:00,TXN-1C0000FDDB75BE
209405,59405,Cash on Delivery,Failed,12490.46,2022-10-26 01:03:00,TXN-B0754965FE63AE
209406,59406,UPI,Success,42231.0,2025-06-05 01:49:00,TXN-5483634AB97940
209407,59407,PayPal,Success,49863.69,2025-11-26 01:39:00,TXN-103B68B174E8A7
209408,59408,PayPal,Success,9919.08,2024-02-21 00:32:00,TXN-666785D2C20D01
209409,59409,Credit Card,Success,1715.16,2023-04-15 00:54:00,TXN-0C11B9BCE4CDF6
209410,59410,Cash on Delivery,Success,12052.03,2022-09-21 00:16:00,TXN-C90A41849B51E2
209411,59411,UPI,Success,50770.03,2025-02-20 01:56:00,TXN-8E19D80FC522BD
209412,59412,Cash on Delivery,Refunded,16206.43,2023-05-07 01:37:00,TXN-8D67B10F8E3C83
209413,59413,Credit Card,Success,11908.76,2023-06-22 01:04:00,TXN-8A2794743F0143
209414,59414,Cash on Delivery,Success,8240.85,2023-08-17 01:22:00,TXN-4BAB6E2B42CF50
209415,59415,Cash on Delivery,Success,5251.79,2022-08-26 01:11:00,TXN-17A7F3DE47A915
209416,59416,Debit Card,Success,2068.11,2025-04-12 01:58:00,TXN-A00FFFED415A47
209417,59417,Cash on Delivery,Success,59746.94,2024-08-11 01:42:00,TXN-FA9220826857F2
209418,59418,NetBanking,Refunded,38350.66,2026-02-19 00:27:00,TXN-94F64535D536B4
209419,59419,Debit Card,Success,54697.99,2022-06-10 00:15:00,TXN-000B11CF8EC485
209420,59420,Cash on Delivery,Success,63642.45,2025-03-30 01:42:00,TXN-1600F85A204802
209421,59421,Cash on Delivery,Success,14624.8,2023-02-28 00:27:00,TXN-87B47486A5ED68
209422,59422,PayPal,Success,37559.92,2022-11-25 00:33:00,TXN-F561DDAE892C29
209423,59423,Debit Card,Success,1389.36,2025-01-01 00:04:00,TXN-135D56C5F3F1EE
209424,59424,Debit Card,Success,29873.09,2022-04-25 00:20:00,TXN-CA2A3DB5FB5B7A
209425,59425,NetBanking,Success,69455.81,2024-06-19 01:29:00,TXN-E699C232E9A25E
209426,59426,Credit Card,Success,5468.65,2024-10-23 00:02:00,TXN-BE46742885567A
209427,59427,Debit Card,Success,1597.66,2022-10-09 00:43:00,TXN-9864A712A93E13
209428,59428,Cash on Delivery,Success,19746.6,2025-12-29 01:30:00,TXN-5D509B4F85CAB1
209429,59429,UPI,Success,7317.24,2022-07-29 01:23:00,TXN-8D01410CFD3FA5
209430,59430,PayPal,Success,236.68,2022-07-29 00:52:00,TXN-990F55BA862D1E
209431,59431,UPI,Success,3629.33,2022-12-26 01:44:00,TXN-4E43398EF1AA0C
209432,59432,Cash on Delivery,Success,368202.45,2024-10-28 01:31:00,TXN-924160DC1EF756
209433,59433,Cash on Delivery,Success,46769.24,2026-06-13 01:08:00,TXN-D1AB70D0829A04
209434,59434,Credit Card,Success,62404.82,2025-10-17 00:24:00,TXN-BA3A12BCD06D84
209435,59435,Cash on Delivery,Success,1969.25,2022-07-09 01:28:00,TXN-4A3DC3B8652C89
209436,59436,Debit Card,Success,10506.78,2026-05-24 00:21:00,TXN-E345AFAC65FC0D
209437,59437,Credit Card,Failed,13952.79,2022-09-11 01:25:00,TXN-18FF9E2400E153
209438,59438,PayPal,Success,13921.46,2024-12-24 01:52:00,TXN-8487A1107E86B3
209439,59439,Cash on Delivery,Success,3484.74,2025-12-27 01:11:00,TXN-41ADF69B7CC494
209440,59440,UPI,Success,19312.24,2022-08-06 01:52:00,TXN-BBD3FDE69BDD26
209441,59441,UPI,Success,23457.35,2026-03-14 00:28:00,TXN-778AFAB8AC9239
209442,59442,NetBanking,Success,42726.95,2024-11-02 01:16:00,TXN-9D9CD539FE16FE
209443,59443,PayPal,Refunded,2124.38,2023-01-30 02:00:00,TXN-F2229C222A1A8E
209444,59444,Debit Card,Success,178936.29,2023-11-23 01:02:00,TXN-E8A2C7B2E7733E
209445,59445,Debit Card,Success,5578.78,2022-05-21 00:52:00,TXN-04069802D64605
209446,59446,Debit Card,Success,5802.78,2025-02-16 00:35:00,TXN-2AF6C37B706EFA
209447,59447,Debit Card,Success,5235.55,2025-05-15 01:09:00,TXN-FE5F018487352A
209448,59448,Debit Card,Success,65626.63,2025-06-13 00:28:00,TXN-F038F365D4E702
209449,59449,Debit Card,Success,16673.17,2025-10-27 00:29:00,TXN-0868A3B0645108
209450,59450,PayPal,Success,907.45,2023-09-20 01:26:00,TXN-F4EEDC5632C152
209451,59451,PayPal,Success,1343.33,2023-08-01 02:00:00,TXN-DCBD5F058B40DE
209452,59452,Debit Card,Success,147265.54,2023-10-23 00:45:00,TXN-90E5348FB6BE30
209453,59453,UPI,Success,29608.91,2023-11-04 00:20:00,TXN-9712EEAB4243BD
209454,59454,UPI,Failed,49765.78,2025-11-02 01:36:00,TXN-668615D7A28391
209455,59455,NetBanking,Success,9423.07,2026-03-11 01:37:00,TXN-FB6A2A181A1512
209456,59456,UPI,Success,6726.26,2025-04-16 01:28:00,TXN-F38877E2CDD4D1
209457,59457,Cash on Delivery,Failed,721.15,2024-04-07 00:39:00,TXN-AA30F002E3B5ED
209458,59458,UPI,Success,6761.04,2026-02-01 00:28:00,TXN-4CF13F50F2101B
209459,59459,PayPal,Success,14571.24,2023-09-17 00:20:00,TXN-E507492ABBF555
209460,59460,UPI,Success,15757.63,2024-06-11 01:38:00,TXN-3E6327B24805A5
209461,59461,Credit Card,Success,14924.69,2022-01-12 00:42:00,TXN-E82A4852239013
209462,59462,UPI,Success,85939.26,2023-12-03 01:35:00,TXN-D8D5647E152655
209463,59463,Debit Card,Success,49357.17,2026-06-07 00:37:00,TXN-AF5672C9D31D18
209464,59464,Debit Card,Success,3819.07,2023-11-13 01:04:00,TXN-CC5300FF68EFBB
209465,59465,NetBanking,Success,107324.38,2025-07-08 01:59:00,TXN-8EB78FF0A2EB52
209466,59466,Debit Card,Success,489211.76,2025-10-04 01:38:00,TXN-D1FD09196F20C9
209467,59467,NetBanking,Success,19407.9,2022-05-14 01:47:00,TXN-49B197A17FFA7B
209468,59468,Cash on Delivery,Success,24178.4,2024-06-08 01:33:00,TXN-E4472340E9A05D
209469,59469,UPI,Success,174716.58,2025-09-30 01:56:00,TXN-31B15D4E6EAA9B
209470,59470,UPI,Success,196150.68,2026-04-20 01:37:00,TXN-BD35253FB79365
209471,59471,Cash on Delivery,Success,86816.38,2024-10-24 00:14:00,TXN-C268AB41B191EE
209472,59472,Debit Card,Success,82315.25,2022-04-21 01:57:00,TXN-82DC25ACFA2020
209473,59473,PayPal,Success,43823.19,2023-11-16 00:39:00,TXN-8E4C7CCFDA42B1
209474,59474,Cash on Delivery,Success,40936.07,2026-01-21 01:18:00,TXN-6618F7527C5799
209475,59475,PayPal,Success,8115.9,2025-06-09 01:46:00,TXN-FB6F72D219047B
209476,59476,NetBanking,Success,1098.59,2025-07-31 01:25:00,TXN-7E4E2EE8EEAC1A
209477,59477,Cash on Delivery,Success,3397.76,2024-08-19 01:21:00,TXN-2DD3C20AC0C950
209478,59478,PayPal,Success,16594.49,2025-08-09 00:33:00,TXN-3D58823395F6A7
209479,59479,Cash on Delivery,Success,17466.88,2022-04-20 01:45:00,TXN-F96D73101AAE13
209480,59480,UPI,Success,3104.89,2025-09-20 01:59:00,TXN-1F453C877AB58D
209481,59481,Cash on Delivery,Success,817.17,2024-11-02 00:57:00,TXN-5C70DB0B346FF1
209482,59482,Cash on Delivery,Success,29674.06,2024-05-10 01:42:00,TXN-E0BA3FDF4C4D60
209483,59483,Cash on Delivery,Success,9641.6,2025-06-15 00:37:00,TXN-DC28E928D8E75E
209484,59484,PayPal,Success,89254.69,2026-01-18 01:00:00,TXN-4134A22F41E2EA
209485,59485,Credit Card,Success,5371.45,2025-01-06 00:40:00,TXN-FAB3A2229CA325
209486,59486,NetBanking,Success,2402.62,2024-01-29 01:43:00,TXN-D7679FDD90FD58
209487,59487,Debit Card,Success,806.75,2023-06-11 00:19:00,TXN-A896B0EAB0932B
209488,59488,NetBanking,Success,36258.69,2026-03-22 01:01:00,TXN-04FA1A7BF08B14
209489,59489,NetBanking,Success,744.57,2025-10-11 01:38:00,TXN-289C1B467E515F
209490,59490,UPI,Success,18245.43,2023-10-19 01:44:00,TXN-670175FA346DCB
209491,59491,UPI,Success,20894.55,2026-04-17 00:29:00,TXN-4195857701A41D
209492,59492,UPI,Success,16851.97,2025-05-21 01:32:00,TXN-1210997EB5A4F9
209493,59493,Credit Card,Refunded,14192.51,2022-12-22 01:32:00,TXN-B249F402099085
209494,59494,NetBanking,Refunded,21492.05,2024-12-10 01:39:00,TXN-85D61CC9918046
209495,59495,PayPal,Success,17388.16,2023-11-07 01:09:00,TXN-9387E7A9D9D7AA
209496,59496,PayPal,Success,19892.19,2024-06-07 01:35:00,TXN-EAB3F065BCD179
209497,59497,Cash on Delivery,Success,7140.76,2022-07-15 01:52:00,TXN-AECF3BE942F563
209498,59498,Credit Card,Success,26002.92,2022-09-28 00:02:00,TXN-F61F3850422ED5
209499,59499,NetBanking,Success,29122.68,2025-06-30 00:25:00,TXN-E5DE7686F67C40
209500,59500,Debit Card,Success,2429.19,2024-11-10 00:53:00,TXN-99EC67AF612FC9
209501,59501,NetBanking,Success,1203.65,2025-09-16 01:18:00,TXN-7B2E35CE2806F0
209502,59502,Cash on Delivery,Success,40331.86,2024-03-26 01:48:00,TXN-D73A8582E94CB6
209503,59503,Debit Card,Success,59249.68,2022-11-15 01:57:00,TXN-5506C0C20F84C7
209504,59504,Cash on Delivery,Success,29346.56,2026-05-23 01:34:00,TXN-4389073EAF6B5D
209505,59505,UPI,Success,15735.67,2023-08-10 01:17:00,TXN-D0658CE4AF8045
209506,59506,Credit Card,Success,7741.0,2024-09-09 00:21:00,TXN-6FD5F84B6CE9FC
209507,59507,Debit Card,Success,5800.38,2025-01-13 01:55:00,TXN-7DF2BF4DF7D637
209508,59508,NetBanking,Success,222886.43,2025-06-15 01:00:00,TXN-E4D4FB0106090D
209509,59509,Debit Card,Success,2491.24,2023-03-02 01:47:00,TXN-A8D726BF887E74
209510,59510,PayPal,Success,16765.35,2022-02-02 01:02:00,TXN-7448660D21B5ED
209511,59511,NetBanking,Refunded,50471.94,2025-04-05 00:32:00,TXN-E6112B69640371
209512,59512,Cash on Delivery,Success,2525.14,2023-01-28 01:25:00,TXN-FF0D36DB48051D
209513,59513,NetBanking,Success,29559.87,2025-11-18 00:28:00,TXN-3E8A4902F3BDFE
209514,59514,NetBanking,Success,1564.9,2024-03-04 01:20:00,TXN-AEE5C943DEFAC5
209515,59515,Cash on Delivery,Success,49054.97,2025-03-28 00:58:00,TXN-7F699D248693A3
209516,59516,Credit Card,Success,81139.93,2024-10-14 01:48:00,TXN-E0C5CAC4A07266
209517,59517,Debit Card,Success,434.11,2025-01-31 01:53:00,TXN-80A8A815D57A62
209518,59518,PayPal,Success,4774.06,2022-07-28 01:22:00,TXN-9637C090AF9A21
209519,59519,Credit Card,Success,46238.06,2022-05-22 01:54:00,TXN-8A9257AB8F665F
209520,59520,Debit Card,Success,1545.38,2025-07-06 01:08:00,TXN-286D7B9FEC3B1C
209521,59521,Cash on Delivery,Success,3839.4,2022-10-02 00:02:00,TXN-8FBE7AE4F0352F
209522,59522,NetBanking,Success,33781.51,2022-10-31 01:58:00,TXN-46D1515DE6D808
209523,59523,Credit Card,Success,2298.29,2025-07-31 00:32:00,TXN-8DF5E9FFB4528E
209524,59524,UPI,Success,48574.57,2025-04-15 01:14:00,TXN-3D18B4604D347E
209525,59525,UPI,Success,5807.08,2025-03-05 00:24:00,TXN-44D16DEE30110B
209526,59526,PayPal,Success,1255.93,2025-01-15 00:17:00,TXN-AB8AF6379D04FD
209527,59527,Debit Card,Success,24362.32,2025-11-14 01:35:00,TXN-3042F0ED8D4E57
209528,59528,Cash on Delivery,Success,17281.86,2026-03-02 00:43:00,TXN-711423FCE74741
209529,59529,NetBanking,Success,30249.62,2024-10-28 00:14:00,TXN-0FBE2A2BDE3943
209530,59530,Debit Card,Success,33846.23,2026-06-10 01:16:00,TXN-E4660F59F67505
209531,59531,UPI,Success,707.75,2025-07-15 01:59:00,TXN-51B9D918830E02
209532,59532,Debit Card,Success,16895.96,2022-01-08 01:12:00,TXN-7A35E3464D5356
209533,59533,UPI,Success,5906.62,2022-05-23 00:20:00,TXN-835E154011C536
209534,59534,Credit Card,Success,13268.84,2022-11-03 01:51:00,TXN-ED473A8DB8EF8D
209535,59535,PayPal,Success,11301.08,2024-11-14 01:17:00,TXN-4DF137EB067CC3
209536,59536,UPI,Success,14775.87,2024-05-29 01:33:00,TXN-C175E3073BD5A9
209537,59537,Debit Card,Success,87195.15,2023-05-29 00:46:00,TXN-D8EE6497BC9714
209538,59538,UPI,Success,5888.93,2022-02-17 00:55:00,TXN-A5E70579FCA390
209539,59539,Debit Card,Success,1435.38,2024-03-14 01:47:00,TXN-14362B82AC9CD7
209540,59540,Debit Card,Success,5192.02,2025-04-25 01:31:00,TXN-804A3D57DF5913
209541,59541,Debit Card,Success,985.5,2023-06-04 01:07:00,TXN-8435057E7A8DA8
209542,59542,UPI,Success,2552.13,2026-04-11 01:48:00,TXN-77D6A541296489
209543,59543,PayPal,Success,152540.32,2022-01-24 01:15:00,TXN-E61BC2BC47114D
209544,59544,UPI,Success,61415.9,2022-01-21 01:19:00,TXN-C70D6648B4C45F
209545,59545,Debit Card,Success,33734.96,2023-11-03 00:38:00,TXN-ADDC9F47FD2549
209546,59546,Cash on Delivery,Success,27522.26,2022-09-23 01:05:00,TXN-D87FBFCC625966
209547,59547,Cash on Delivery,Failed,10800.86,2022-01-15 01:19:00,TXN-52B0C699274829
209548,59548,NetBanking,Success,2535.65,2024-05-05 00:55:00,TXN-4E05EA5EB02FF2
209549,59549,Credit Card,Success,4676.98,2023-12-09 01:22:00,TXN-51A3F46C13C0C1
209550,59550,Credit Card,Success,776.57,2026-06-06 01:28:00,TXN-7ACA9C2F3A0432
209551,59551,UPI,Success,168525.75,2023-04-28 01:40:00,TXN-BD63F52AAB6AB5
209552,59552,Credit Card,Success,1730.22,2023-09-12 01:52:00,TXN-77ED7B2F22B33E
209553,59553,Credit Card,Success,136426.58,2025-04-20 01:18:00,TXN-944E1459A349CA
209554,59554,Cash on Delivery,Success,22475.48,2024-09-30 00:15:00,TXN-38613DFAA25251
209555,59555,UPI,Success,94633.04,2022-10-30 01:32:00,TXN-BF66CCED9A6D2F
209556,59556,UPI,Success,154.84,2022-09-02 00:19:00,TXN-DFD68B38DA39D7
209557,59557,Cash on Delivery,Success,7325.8,2024-12-28 01:41:00,TXN-767E59B7745C43
209558,59558,PayPal,Success,5594.87,2024-04-29 00:50:00,TXN-421221DC9FE8B5
209559,59559,UPI,Success,30483.31,2023-11-10 00:53:00,TXN-7DD538F3CAA55C
209560,59560,UPI,Success,2275.33,2024-12-23 00:05:00,TXN-02BAD711FE9C2B
209561,59561,Debit Card,Success,41265.24,2024-10-21 00:03:00,TXN-427DC69F2DA747
209562,59562,Cash on Delivery,Success,14503.5,2025-01-17 00:37:00,TXN-A490D48267D386
209563,59563,UPI,Success,7980.38,2025-09-27 00:40:00,TXN-8282C708E19E99
209564,59564,Credit Card,Success,13732.03,2022-10-27 00:15:00,TXN-55635F7843DECF
209565,59565,UPI,Success,112227.82,2025-03-10 00:46:00,TXN-D74DB1CA26543E
209566,59566,UPI,Success,24753.94,2022-03-07 01:25:00,TXN-BD66FA70DF6588
209567,59567,PayPal,Success,22899.82,2025-07-13 01:44:00,TXN-72D76F04D0C048
209568,59568,Cash on Delivery,Success,20521.94,2026-02-05 00:46:00,TXN-BFC835A7F5D21B
209569,59569,PayPal,Success,18558.51,2024-02-28 00:39:00,TXN-46F5D11849CF58
209570,59570,Cash on Delivery,Success,39751.76,2025-07-21 00:47:00,TXN-E43F4B87EFEE60
209571,59571,NetBanking,Success,1019.25,2024-01-27 01:27:00,TXN-D5C2814A4BF2C5
209572,59572,NetBanking,Success,10282.05,2022-09-06 01:48:00,TXN-AE532BAE49B2D1
209573,59573,Debit Card,Success,83936.95,2022-12-18 00:19:00,TXN-3EB045EBDBC9CA
209574,59574,NetBanking,Success,27171.63,2022-09-14 01:04:00,TXN-8DB685DD10E4DD
209575,59575,NetBanking,Success,2013.45,2022-07-23 00:08:00,TXN-55A4542D8D0AA3
209576,59576,PayPal,Success,13723.75,2025-06-02 01:51:00,TXN-60838EC268FFF0
209577,59577,Credit Card,Refunded,2124.38,2026-03-13 00:50:00,TXN-B9AB5FA6D96660
209578,59578,Debit Card,Success,1235.17,2023-01-15 01:18:00,TXN-716970A6B31F3A
209579,59579,NetBanking,Success,2268.56,2022-05-31 01:44:00,TXN-CEB6BD2AB54F9F
209580,59580,NetBanking,Success,47919.78,2023-07-18 01:34:00,TXN-28F99B018A652E
209581,59581,PayPal,Success,21095.31,2024-06-01 01:08:00,TXN-6C08668B95D64A
209582,59582,PayPal,Refunded,107363.62,2023-01-08 02:00:00,TXN-7A46AF9C7AD148
209583,59583,Debit Card,Success,10284.26,2022-08-11 00:13:00,TXN-57FBE11338D886
209584,59584,NetBanking,Success,5384.85,2025-06-12 00:58:00,TXN-A2B8F65E544E1A
209585,59585,NetBanking,Success,72218.24,2023-02-10 01:14:00,TXN-DF1A9DEAFB2860
209586,59586,Debit Card,Success,5098.69,2025-03-14 00:43:00,TXN-99178BF13123FB
209587,59587,NetBanking,Success,2989.14,2026-06-30 00:06:00,TXN-6DFA0CEEC325FE
209588,59588,Cash on Delivery,Success,3588.45,2025-03-23 00:20:00,TXN-40C08E7BF036BB
209589,59589,PayPal,Success,108795.44,2024-09-09 00:25:00,TXN-4B639112B691FA
209590,59590,Cash on Delivery,Success,22284.48,2023-07-20 01:04:00,TXN-B7A173FD30D640
209591,59591,PayPal,Success,53466.02,2022-02-18 00:01:00,TXN-C0CAF9E8DAD685
209592,59592,Cash on Delivery,Success,6933.99,2023-04-07 01:57:00,TXN-CC17C9826D7BD2
209593,59593,Debit Card,Success,20472.73,2025-04-28 01:20:00,TXN-3B4B1670BEA8EF
209594,59594,NetBanking,Success,33385.58,2024-07-22 01:28:00,TXN-E63220E8A30DFF
209595,59595,PayPal,Success,894.1,2025-10-15 00:30:00,TXN-6E05A0C5AC7415
209596,59596,UPI,Success,1919.15,2024-09-03 00:59:00,TXN-D50182D0FE0EDB
209597,59597,UPI,Success,21952.77,2023-11-02 00:31:00,TXN-F139A95F4AF24C
209598,59598,Cash on Delivery,Success,43455.02,2026-05-05 00:35:00,TXN-03AE7DF9F462CF
209599,59599,Credit Card,Success,49089.05,2022-07-18 00:28:00,TXN-D5FF57896C2417
209600,59600,Cash on Delivery,Refunded,10852.16,2022-01-05 01:21:00,TXN-DDC37DF6C6CBA1
209601,59601,NetBanking,Success,29333.92,2023-10-11 01:49:00,TXN-AA9A1DBA34E901
209602,59602,NetBanking,Success,6183.9,2023-12-14 00:07:00,TXN-F2E4AFE5402444
209603,59603,Credit Card,Success,620.76,2022-03-09 01:10:00,TXN-3E25ED882AF257
209604,59604,Debit Card,Refunded,31958.74,2022-02-03 01:56:00,TXN-8E41D949FCBB93
209605,59605,Debit Card,Success,9174.79,2023-02-08 00:46:00,TXN-59453A3EF521AE
209606,59606,PayPal,Success,7098.85,2023-07-13 00:19:00,TXN-FBCA33984EBAD9
209607,59607,Debit Card,Success,253.01,2025-01-04 00:46:00,TXN-38CA68D8E75776
209608,59608,UPI,Success,5998.46,2024-07-27 01:53:00,TXN-6A8D7279BC6881
209609,59609,NetBanking,Success,991.31,2023-04-08 01:53:00,TXN-68E5C1F409C552
209610,59610,PayPal,Success,36660.13,2024-04-18 01:03:00,TXN-F78F25F229B11A
209611,59611,UPI,Success,27414.08,2024-01-30 01:38:00,TXN-F5E185806FFB4A
209612,59612,PayPal,Success,15267.96,2025-03-08 00:32:00,TXN-9675AA8AE7E243
209613,59613,NetBanking,Success,1058.22,2022-07-21 01:30:00,TXN-0E99027A3FFE7D
209614,59614,PayPal,Success,12210.9,2022-08-28 00:08:00,TXN-9BB08028DBE8D8
209615,59615,UPI,Success,1216.48,2022-09-24 00:44:00,TXN-DDA452AF1002E6
209616,59616,UPI,Refunded,2320.15,2024-08-27 01:47:00,TXN-2625E30C3F5228
209617,59617,Cash on Delivery,Success,8827.03,2022-12-12 00:37:00,TXN-4222F39DCDCB80
209618,59618,PayPal,Success,8615.85,2024-01-26 01:23:00,TXN-4DCF635F5FB536
209619,59619,Cash on Delivery,Success,2533.05,2025-08-06 00:49:00,TXN-4437B2595D45EF
209620,59620,UPI,Success,24791.36,2023-03-10 00:33:00,TXN-29517F4B4257EC
209621,59621,Debit Card,Success,31471.53,2022-11-27 01:50:00,TXN-C09F89F0E50EA9
209622,59622,UPI,Success,8209.7,2022-02-06 01:53:00,TXN-CD048F393ABF49
209623,59623,Debit Card,Refunded,48043.72,2022-01-20 00:26:00,TXN-D1B5F7D4F19D7A
209624,59624,UPI,Success,2895.35,2024-02-23 00:15:00,TXN-19D03F7151B782
209625,59625,NetBanking,Success,2716.02,2025-06-03 01:10:00,TXN-5B86C610381676
209626,59626,PayPal,Success,964.58,2025-07-03 00:55:00,TXN-10376CE0C1D1EF
209627,59627,Debit Card,Refunded,21049.08,2022-01-18 01:36:00,TXN-FFDB318B6F31CE
209628,59628,Credit Card,Success,63511.62,2026-06-14 00:35:00,TXN-8B61BC1B00B587
209629,59629,Cash on Delivery,Refunded,11571.32,2023-02-11 00:28:00,TXN-AF91779C9B5EB5
209630,59630,UPI,Refunded,16755.81,2022-12-22 01:44:00,TXN-FDF429C5900CF0
209631,59631,Credit Card,Success,1251.46,2022-07-19 01:05:00,TXN-33C99F61E690F1
209632,59632,Debit Card,Success,162415.76,2025-04-03 00:57:00,TXN-0D74EB478D64C9
209633,59633,PayPal,Success,14637.53,2025-05-06 01:11:00,TXN-25B8535AE40462
209634,59634,UPI,Success,24306.61,2025-12-09 00:51:00,TXN-7DC575A52574E1
209635,59635,NetBanking,Success,1203.65,2022-07-08 00:51:00,TXN-9E5B414DDB8417
209636,59636,Credit Card,Success,2895.35,2024-08-12 01:14:00,TXN-9FC6E5595A2EA4
209637,59637,Credit Card,Success,115528.15,2025-08-08 00:25:00,TXN-29AD7880F96F68
209638,59638,Cash on Delivery,Refunded,4195.88,2025-04-12 01:13:00,TXN-05650D106FD6FC
209639,59639,UPI,Success,30546.87,2022-10-10 00:12:00,TXN-8AAC779B024063
209640,59640,Debit Card,Success,3262.47,2023-05-18 00:49:00,TXN-1ECAD686CED511
209641,59641,Debit Card,Success,7383.14,2025-10-05 01:37:00,TXN-6B5EEC2D4822DC
209642,59642,PayPal,Success,12947.67,2025-03-24 01:18:00,TXN-443DD3F16F35AD
209643,59643,Credit Card,Refunded,15471.04,2025-11-20 00:38:00,TXN-9FEBAE66926D62
209644,59644,NetBanking,Success,42726.95,2023-10-25 01:50:00,TXN-DF6F625EB585F8
209645,59645,Credit Card,Success,55155.02,2023-05-20 01:27:00,TXN-FEBE94A3A2F9AC
209646,59646,Debit Card,Success,2512.82,2023-11-23 01:32:00,TXN-31FF4E9C9E2842
209647,59647,Credit Card,Success,6477.33,2023-06-23 01:44:00,TXN-B8282AEF088C11
209648,59648,Debit Card,Success,11372.12,2025-12-04 01:57:00,TXN-5DE26E05865522
209649,59649,NetBanking,Success,3069.7,2026-01-30 00:26:00,TXN-6F3BA91B2F985A
209650,59650,Credit Card,Refunded,9080.22,2022-10-31 01:02:00,TXN-98549A61D08C73
209651,59651,Debit Card,Success,365.36,2025-09-30 00:51:00,TXN-2324CBF23125A0
209652,59652,NetBanking,Success,61495.82,2023-09-26 01:10:00,TXN-374EEF1395A8F7
209653,59653,PayPal,Success,6406.64,2022-05-04 01:36:00,TXN-81AAA693A84310
209654,59654,PayPal,Success,1307.9,2024-08-18 01:26:00,TXN-10AA97E3EA3A32
209655,59655,NetBanking,Success,5650.37,2025-12-20 01:52:00,TXN-45A35E9502C500
209656,59656,Cash on Delivery,Success,22899.82,2022-06-12 00:55:00,TXN-FBB2DDA6669804
209657,59657,PayPal,Success,22020.5,2026-06-12 00:16:00,TXN-C4BF96F9CCEA30
209658,59658,NetBanking,Success,15329.3,2026-05-28 01:29:00,TXN-B99BBF789C7B2E
209659,59659,Debit Card,Refunded,22947.8,2024-03-17 01:08:00,TXN-D72A0762B04CFA
209660,59660,Debit Card,Success,2605.81,2024-10-11 01:49:00,TXN-B58325FE2D2EF3
209661,59661,NetBanking,Success,13993.54,2024-03-11 00:06:00,TXN-9E1C9791251784
209662,59662,PayPal,Success,34126.65,2023-09-24 01:45:00,TXN-03C3C62F51C44E
209663,59663,UPI,Success,6766.17,2022-07-02 00:04:00,TXN-BF6EF15F95E772
209664,59664,PayPal,Success,7996.98,2025-02-09 00:07:00,TXN-02B66206811AAD
209665,59665,UPI,Success,20940.16,2022-08-25 00:18:00,TXN-0FAE2723806D11
209666,59666,NetBanking,Refunded,7445.4,2023-06-08 00:02:00,TXN-8C7403E4A0A42F
209667,59667,Cash on Delivery,Refunded,36167.51,2024-08-07 01:05:00,TXN-1D2ABD3B760E4B
209668,59668,Credit Card,Success,10038.22,2022-01-08 00:47:00,TXN-05FE4AEEAD04B6
209669,59669,Cash on Delivery,Success,1137.89,2025-12-10 01:26:00,TXN-FDDB2AF175E331
209670,59670,Cash on Delivery,Success,56493.96,2025-01-05 01:23:00,TXN-5834CEB2D00531
209671,59671,Debit Card,Success,5802.78,2022-04-13 00:51:00,TXN-38A92A6E262115
209672,59672,Debit Card,Success,4599.52,2024-09-01 01:55:00,TXN-B06984BDD97198
209673,59673,Debit Card,Refunded,5715.09,2023-07-18 01:06:00,TXN-59D8341BDF197D
209674,59674,PayPal,Success,5203.29,2023-11-11 00:50:00,TXN-D839D771F269A9
209675,59675,PayPal,Success,3292.75,2023-06-18 00:18:00,TXN-81D930782A6B93
209676,59676,Credit Card,Refunded,64948.49,2024-06-09 00:23:00,TXN-01DA6FE41C9656
209677,59677,PayPal,Success,364.24,2026-06-13 01:52:00,TXN-5B7ADB6A27C3E1
209678,59678,PayPal,Success,33149.0,2023-10-25 00:07:00,TXN-6C720E3A08C3B7
209679,59679,Credit Card,Success,1202.23,2022-09-09 00:12:00,TXN-ECE68686BE73F8
209680,59680,UPI,Success,389.06,2024-05-17 01:06:00,TXN-E6A767EC9E9416
209681,59681,UPI,Success,232499.26,2022-05-14 01:59:00,TXN-5AECEFDFB07054
209682,59682,UPI,Success,8707.77,2022-01-02 00:57:00,TXN-963BB178D44192
209683,59683,PayPal,Success,136419.01,2022-12-17 00:33:00,TXN-EF885B3AB16FF5
209684,59684,Credit Card,Success,5338.28,2024-02-14 00:36:00,TXN-CD221513D00637
209685,59685,PayPal,Success,13250.13,2022-11-29 00:21:00,TXN-CF14DB2E2C1510
209686,59686,PayPal,Success,698.84,2025-01-28 00:17:00,TXN-EFB38CB656C175
209687,59687,Cash on Delivery,Success,3671.69,2024-12-05 01:52:00,TXN-C4FBF640696B33
209688,59688,NetBanking,Success,972.55,2022-11-06 00:36:00,TXN-858AC3B62AED92
209689,59689,PayPal,Success,129280.73,2024-12-09 00:20:00,TXN-661C796E8C246E
209690,59690,NetBanking,Success,664.7,2023-05-25 02:00:00,TXN-A94192CBF1BA8B
209691,59691,PayPal,Success,21744.02,2022-06-18 01:48:00,TXN-ACCE8D6275A1F0
209692,59692,Cash on Delivery,Success,16953.05,2026-06-12 01:10:00,TXN-4727216BC1AC78
209693,59693,NetBanking,Success,8285.36,2023-08-09 01:25:00,TXN-513C62E85A9BE5
209694,59694,PayPal,Success,2970.75,2022-06-07 00:38:00,TXN-BB53DC7AE16BF1
209695,59695,Debit Card,Success,38242.27,2022-09-22 00:40:00,TXN-B7D40884837EE1
209696,59696,Credit Card,Refunded,18246.05,2025-05-26 00:25:00,TXN-4CD32E0ED34E52
209697,59697,UPI,Success,214216.74,2024-04-20 00:38:00,TXN-4D1D2767C77B42
209698,59698,PayPal,Success,2211.3,2022-10-21 00:41:00,TXN-3064F25DC68F2D
209699,59699,Cash on Delivery,Success,3164.51,2022-11-04 00:08:00,TXN-81A3430DBCC196
209700,59700,Cash on Delivery,Success,17160.33,2023-09-19 01:18:00,TXN-0B0ED13CAB6E92
209701,59701,Debit Card,Success,3677.26,2022-02-26 00:10:00,TXN-06777F47E14C15
209702,59702,UPI,Success,951.12,2026-04-23 01:30:00,TXN-683B8E9606E84D
209703,59703,NetBanking,Success,35983.43,2024-02-25 00:54:00,TXN-3C12A4B1D345A6
209704,59704,Cash on Delivery,Success,805.8,2026-02-14 01:40:00,TXN-86B9F084B7B9BC
209705,59705,Debit Card,Success,94261.82,2024-12-26 00:12:00,TXN-A2DE44CCD8AFD4
209706,59706,Credit Card,Success,3430.32,2022-06-14 01:12:00,TXN-15B2A5CF904D83
209707,59707,PayPal,Success,7178.08,2023-05-22 01:09:00,TXN-0C395D9CAC52BD
209708,59708,Credit Card,Success,960.68,2025-03-15 01:30:00,TXN-2FD2599F5D926F
209709,59709,Credit Card,Refunded,9986.23,2024-07-26 01:00:00,TXN-19889CDBAC45B0
209710,59710,Cash on Delivery,Success,18952.49,2022-02-22 00:02:00,TXN-0378A89932B8EE
209711,59711,UPI,Success,11862.84,2025-05-29 01:44:00,TXN-74054185F6F0E0
209712,59712,Debit Card,Success,2439.21,2026-02-18 00:55:00,TXN-726E007A99A951
209713,59713,Credit Card,Success,156980.83,2023-03-11 01:18:00,TXN-494F55901A3D81
209714,59714,Cash on Delivery,Success,10316.31,2024-08-28 01:39:00,TXN-14EC8D3BE83569
209715,59715,NetBanking,Success,13641.02,2023-08-05 00:24:00,TXN-60E4FCAC52EE01
209716,59716,NetBanking,Success,7675.08,2025-12-24 00:30:00,TXN-7032932FB2FD70
209717,59717,UPI,Success,2192.78,2023-12-23 01:55:00,TXN-1F1EDA534E48A5
209718,59718,Cash on Delivery,Success,47993.44,2025-02-10 01:05:00,TXN-B5328D73475628
209719,59719,UPI,Success,257018.57,2024-08-15 01:08:00,TXN-B5FA6292C8E88F
209720,59720,Credit Card,Success,856.8,2022-07-05 01:35:00,TXN-B5A2F8EF6B789E
209721,59721,Cash on Delivery,Success,2490.36,2022-02-28 00:18:00,TXN-D08907C95846A3
209722,59722,PayPal,Refunded,21443.77,2024-07-01 01:54:00,TXN-E4BFC99DCB96D8
209723,59723,Cash on Delivery,Success,2669.36,2025-08-04 00:21:00,TXN-4280B20CBC80CA
209724,59724,Debit Card,Success,17382.11,2026-05-09 00:39:00,TXN-F9E03054075F71
209725,59725,Cash on Delivery,Success,18605.28,2024-03-16 01:31:00,TXN-00B9166A225A3A
209726,59726,Credit Card,Success,6969.48,2024-10-05 01:20:00,TXN-909FE9CD5B1213
209727,59727,UPI,Success,82221.98,2022-04-19 00:54:00,TXN-230A88F97D12B8
209728,59728,UPI,Success,19374.5,2024-03-18 01:05:00,TXN-1FC78F8F0B7650
209729,59729,PayPal,Success,9238.04,2022-04-20 01:58:00,TXN-2542952C0459B7
209730,59730,Credit Card,Success,65407.93,2024-02-11 00:40:00,TXN-32F56EC2C1A51D
209731,59731,Debit Card,Success,269407.19,2023-06-20 01:13:00,TXN-F74643E871032C
209732,59732,NetBanking,Success,5412.77,2022-12-24 01:12:00,TXN-9CACE12A1F4002
209733,59733,Credit Card,Success,12300.93,2026-01-31 00:40:00,TXN-AF20D0BC7D0ADD
209734,59734,UPI,Success,47871.32,2023-09-08 01:10:00,TXN-F5EC4063686C70
209735,59735,Debit Card,Success,53323.37,2022-10-31 01:44:00,TXN-8931E7E8802B7D
209736,59736,Credit Card,Success,607.15,2025-06-28 01:43:00,TXN-0014DCC18E18E2
209737,59737,UPI,Success,34693.69,2026-03-05 01:37:00,TXN-F3867424199B8D
209738,59738,NetBanking,Success,366108.18,2025-04-13 01:29:00,TXN-5DC670C795A816
209739,59739,UPI,Success,713.36,2024-12-19 01:23:00,TXN-A055555E7F4151
209740,59740,Debit Card,Refunded,37606.92,2022-03-22 00:16:00,TXN-75FD0E7C0AAFD8
209741,59741,Debit Card,Success,7325.8,2023-09-16 00:48:00,TXN-40F143EBC1594B
209742,59742,Credit Card,Success,107221.14,2025-06-08 00:32:00,TXN-BD1D18F57C29E3
209743,59743,PayPal,Success,3203.32,2024-05-21 00:46:00,TXN-D233B5B924642B
209744,59744,Credit Card,Success,17063.75,2026-03-17 01:10:00,TXN-E4BFBB959277D9
209745,59745,NetBanking,Success,3164.51,2022-08-11 00:51:00,TXN-6CAC8AB4B35448
209746,59746,Debit Card,Success,1993.04,2025-02-22 01:47:00,TXN-33C948EF7B1C8E
209747,59747,NetBanking,Success,1153.71,2025-04-05 01:18:00,TXN-7E437E6E04E72D
209748,59748,Debit Card,Success,86295.47,2022-06-25 01:48:00,TXN-136C5B5BADB186
209749,59749,Debit Card,Success,45226.82,2025-01-04 00:58:00,TXN-2C24C2C6562C40
209750,59750,Cash on Delivery,Success,2900.19,2022-06-01 01:21:00,TXN-79603EA6684B27
209751,59751,UPI,Refunded,2068.11,2022-05-20 01:39:00,TXN-4BDBDD338FE57E
209752,59752,Debit Card,Success,3910.83,2022-05-23 01:14:00,TXN-6B9906B46B9AC4
209753,59753,NetBanking,Success,13803.1,2024-01-31 01:06:00,TXN-6BC47B71415723
209754,59754,Credit Card,Success,348.17,2024-03-07 01:06:00,TXN-9A05BC526E20C4
209755,59755,Cash on Delivery,Success,2389.12,2023-10-18 01:19:00,TXN-DBD2C6D6F4BF71
209756,59756,PayPal,Success,52428.84,2023-11-14 00:22:00,TXN-10CED2DD77A29C
209757,59757,Debit Card,Success,128413.19,2024-10-31 01:55:00,TXN-17C5EF9FB1FBF4
209758,59758,Debit Card,Success,1742.37,2025-05-01 01:08:00,TXN-B09BA189F49343
209759,59759,Cash on Delivery,Success,93762.99,2023-05-06 00:13:00,TXN-7F41F3C2CC87A9
209760,59760,PayPal,Success,1082.58,2026-01-21 01:01:00,TXN-D296BCA8CB2C96
209761,59761,NetBanking,Success,10297.58,2023-03-14 00:42:00,TXN-CC07F3369D718C
209762,59762,NetBanking,Success,24914.25,2026-05-16 00:43:00,TXN-84B4B940726805
209763,59763,Debit Card,Success,33949.84,2022-04-07 01:31:00,TXN-3A0831CDF3F7B6
209764,59764,UPI,Success,5589.69,2026-04-25 01:38:00,TXN-CDD1895EEA824F
209765,59765,Cash on Delivery,Success,3435.29,2024-10-01 00:17:00,TXN-11DDAA67F4EAC8
209766,59766,PayPal,Failed,526.37,2025-08-04 01:10:00,TXN-8EB01E3A69EA73
209767,59767,PayPal,Success,3564.48,2022-08-22 00:22:00,TXN-7FB27395BCFE91
209768,59768,NetBanking,Success,1389.65,2024-10-18 01:15:00,TXN-2A5F16E2FE9AEA
209769,59769,NetBanking,Success,821.85,2025-05-11 00:59:00,TXN-4169CAE1D25A06
209770,59770,Credit Card,Success,14006.2,2023-01-12 01:24:00,TXN-9F922DF53EE299
209771,59771,Debit Card,Success,3203.32,2024-09-29 00:32:00,TXN-AD67E8D59E1768
209772,59772,Credit Card,Success,13322.13,2026-01-14 01:23:00,TXN-FA7653247998BE
209773,59773,Debit Card,Refunded,1847.22,2023-09-27 01:24:00,TXN-2B90C0BA878C52
209774,59774,NetBanking,Success,11962.07,2023-10-01 01:09:00,TXN-D281433BBB5BEB
209775,59775,UPI,Success,27817.55,2024-04-15 00:32:00,TXN-A3CE3029A82FE4
209776,59776,NetBanking,Success,52164.48,2022-08-12 00:59:00,TXN-910E984F2DD181
209777,59777,UPI,Success,1115.38,2023-12-21 01:57:00,TXN-A7FF8C4344C3D3
209778,59778,Credit Card,Success,26259.25,2026-06-19 00:33:00,TXN-E7EB469FAFCB2A
209779,59779,Cash on Delivery,Success,35209.36,2023-03-11 01:08:00,TXN-5775BC689133BF
209780,59780,Cash on Delivery,Success,7970.63,2025-12-05 00:05:00,TXN-91C0E4D01EE46A
209781,59781,Debit Card,Success,2116.44,2025-07-06 01:28:00,TXN-90FDDC99FB7A81
209782,59782,PayPal,Failed,1828.24,2024-10-01 01:36:00,TXN-830E1F6D96E478
209783,59783,NetBanking,Success,1324.02,2024-05-19 01:58:00,TXN-4E985A51168ACF
209784,59784,Credit Card,Success,5371.45,2026-04-26 00:21:00,TXN-146A3498B34919
209785,59785,PayPal,Success,19116.26,2024-01-01 01:39:00,TXN-C23EB2170130CD
209786,59786,UPI,Success,18042.8,2026-04-09 00:37:00,TXN-E172D29C4749C8
209787,59787,Debit Card,Success,1068.74,2025-06-16 00:08:00,TXN-8E8DD4331BACFF
209788,59788,Cash on Delivery,Success,8001.12,2026-02-24 01:03:00,TXN-510F2DCAB20929
209789,59789,UPI,Success,3519.75,2024-09-09 00:49:00,TXN-A529E8B10D753A
209790,59790,Cash on Delivery,Success,92439.65,2026-04-26 00:49:00,TXN-08FD03C77B05CD
209791,59791,PayPal,Success,48861.29,2024-02-06 01:49:00,TXN-565FC171FD3E04
209792,59792,PayPal,Success,52511.93,2023-07-07 01:00:00,TXN-719DBD5BE86DF2
209793,59793,Cash on Delivery,Success,11669.85,2024-03-22 01:02:00,TXN-E6E6451AEEDD18
209794,59794,PayPal,Refunded,11437.86,2025-04-07 00:29:00,TXN-03F1186A97E2AC
209795,59795,PayPal,Success,156699.19,2023-06-03 00:11:00,TXN-48B1F62C1E9591
209796,59796,UPI,Success,39350.71,2024-04-14 01:29:00,TXN-2FA89FC55E72D5
209797,59797,UPI,Success,12063.75,2025-01-26 00:01:00,TXN-7C0322C3E0669D
209798,59798,Credit Card,Success,5530.95,2023-01-12 01:34:00,TXN-5C20A8A8DEF63D
209799,59799,UPI,Success,37602.49,2026-06-25 01:00:00,TXN-1B02AD66F09A4C
209800,59800,PayPal,Success,18004.77,2024-05-17 01:02:00,TXN-EB0094F6A8049A
209801,59801,NetBanking,Success,3454.47,2025-12-19 01:57:00,TXN-90A97A7C1042E7
209802,59802,UPI,Success,98191.03,2022-03-22 01:51:00,TXN-72A4B07B1C64B1
209803,59803,Credit Card,Success,24406.4,2025-11-27 00:28:00,TXN-FC4973B6FE939C
209804,59804,Cash on Delivery,Success,15385.11,2023-05-03 00:23:00,TXN-E5671870BC91C0
209805,59805,NetBanking,Success,13820.65,2023-10-09 01:11:00,TXN-F564249B7DE1BB
209806,59806,UPI,Success,10801.02,2022-10-26 00:46:00,TXN-22152013B62AF5
209807,59807,Cash on Delivery,Success,28385.3,2023-06-20 00:31:00,TXN-921F45D70EE117
209808,59808,PayPal,Refunded,1852.19,2025-01-07 00:32:00,TXN-43E38706BC3FAA
209809,59809,PayPal,Success,34656.33,2022-03-01 01:34:00,TXN-E2EF4E9DF2709D
209810,59810,Cash on Delivery,Success,290.04,2022-01-14 01:46:00,TXN-A72712B58689C2
209811,59811,NetBanking,Failed,76547.46,2022-08-27 01:29:00,TXN-72D3C60FCCF7C7
209812,59812,Credit Card,Success,42941.94,2025-03-05 01:26:00,TXN-222F240975D2E6
209813,59813,Cash on Delivery,Success,1023.86,2022-11-07 00:38:00,TXN-1A5B36E219205F
209814,59814,Credit Card,Success,83954.48,2025-09-18 00:37:00,TXN-BAC731DF8F7744
209815,59815,Debit Card,Success,11745.24,2022-03-27 00:47:00,TXN-A1D0E7CD570F1B
209816,59816,PayPal,Success,43696.48,2024-01-08 01:57:00,TXN-DBAC461244B8BF
209817,59817,PayPal,Success,11836.79,2023-11-24 00:22:00,TXN-17A330F155F8A4
209818,59818,Cash on Delivery,Success,17101.69,2022-12-27 01:02:00,TXN-6317BA02252384
209819,59819,Cash on Delivery,Success,4413.22,2023-08-15 00:11:00,TXN-05487E4C857C37
209820,59820,Cash on Delivery,Success,11205.39,2023-08-12 01:22:00,TXN-1D74112D5437AE
209821,59821,PayPal,Success,126925.08,2025-08-15 00:38:00,TXN-334C3C69F36965
209822,59822,Cash on Delivery,Success,4550.19,2022-03-22 01:06:00,TXN-EDE3ABF47DB088
209823,59823,Cash on Delivery,Success,19363.57,2022-09-03 01:37:00,TXN-713FDB8B9B4B26
209824,59824,Credit Card,Success,19616.54,2023-07-24 00:35:00,TXN-B0654E0905E6D5
209825,59825,UPI,Success,29061.75,2022-01-11 01:30:00,TXN-E52D481E0827BA
209826,59826,PayPal,Success,7348.79,2023-01-18 00:36:00,TXN-E414661F282700
209827,59827,Cash on Delivery,Success,3117.83,2022-05-14 01:10:00,TXN-D2D71BA75824BE
209828,59828,Credit Card,Success,6593.22,2022-04-25 01:45:00,TXN-117603649BE06C
209829,59829,Debit Card,Success,8000.48,2023-03-01 00:52:00,TXN-C4F44E7F934616
209830,59830,UPI,Success,63538.3,2023-09-09 00:50:00,TXN-922674FC532F22
209831,59831,NetBanking,Success,36016.68,2025-12-01 00:09:00,TXN-99915729DB99C2
209832,59832,Debit Card,Refunded,5384.85,2025-05-13 01:38:00,TXN-FFEF673B4C712B
209833,59833,PayPal,Success,112298.32,2026-04-12 01:23:00,TXN-2D3B48D1DE543E
209834,59834,Cash on Delivery,Success,2949.63,2025-05-05 00:20:00,TXN-B3F7D4F2B127ED
209835,59835,NetBanking,Success,13536.28,2025-10-31 01:05:00,TXN-35F852052A9FB3
209836,59836,Cash on Delivery,Success,1377.03,2025-03-11 02:00:00,TXN-3D49327AB34853
209837,59837,UPI,Success,12057.07,2023-03-27 00:19:00,TXN-34A773F0830DCE
209838,59838,Debit Card,Success,65840.36,2023-08-29 00:06:00,TXN-23B5A15C807AD9
209839,59839,PayPal,Success,18565.83,2022-08-29 01:50:00,TXN-032CB3961E237A
209840,59840,Cash on Delivery,Success,857.67,2023-08-18 00:16:00,TXN-BCF436FAAE93E1
209841,59841,Debit Card,Success,136997.71,2026-03-26 01:36:00,TXN-3790ED75654176
209842,59842,NetBanking,Success,2596.01,2025-10-29 01:49:00,TXN-1128A0077907E3
209843,59843,NetBanking,Success,2764.13,2024-09-12 01:19:00,TXN-A46FB6631BD552
209844,59844,Credit Card,Success,43864.36,2024-06-23 01:47:00,TXN-0740F8FF8AFD96
209845,59845,NetBanking,Refunded,103893.52,2024-09-17 01:29:00,TXN-9649CBB47CBEE2
209846,59846,PayPal,Success,30273.61,2024-01-08 01:45:00,TXN-456F2E914BDB08
209847,59847,UPI,Success,1747.1,2026-03-11 01:52:00,TXN-3EB651C15CBD9F
209848,59848,NetBanking,Success,6428.51,2024-10-29 00:16:00,TXN-EFA281C2D67AC3
209849,59849,Credit Card,Success,12985.07,2022-03-22 00:42:00,TXN-005CB6AB152A00
209850,59850,Credit Card,Success,17125.17,2025-09-09 01:33:00,TXN-AB4472BBAE8C75
209851,59851,UPI,Success,4874.66,2022-04-15 01:25:00,TXN-E1303B637719D9
209852,59852,NetBanking,Success,39363.26,2025-04-07 01:40:00,TXN-E147165E3D4DFF
209853,59853,Debit Card,Refunded,8421.7,2022-05-24 00:02:00,TXN-854AF6739DCABF
209854,59854,Cash on Delivery,Success,76736.8,2022-02-14 01:56:00,TXN-37BDE55697147D
209855,59855,Credit Card,Success,2030.61,2026-03-10 00:31:00,TXN-77A36446CDBBFE
209856,59856,UPI,Success,54103.98,2026-04-24 01:07:00,TXN-2D1883E2D9C062
209857,59857,Credit Card,Success,29268.96,2025-04-11 01:54:00,TXN-8B047768BD745F
209858,59858,Debit Card,Success,58990.45,2026-02-01 00:47:00,TXN-C5BD1A41778E4C
209859,59859,Debit Card,Refunded,27577.51,2025-10-15 01:16:00,TXN-BC0B3E41D1BFAA
209860,59860,UPI,Success,8954.06,2024-01-05 00:47:00,TXN-C81400CFBB68D6
209861,59861,Debit Card,Success,7466.81,2025-09-01 01:28:00,TXN-E2C80663BBAC1B
209862,59862,PayPal,Success,21050.22,2023-07-24 00:43:00,TXN-A06E19880B6C83
209863,59863,NetBanking,Success,33646.57,2023-04-10 00:02:00,TXN-107F347FCE40A8
209864,59864,Debit Card,Success,10194.51,2023-09-20 01:23:00,TXN-13D98BB4A1ECC5
209865,59865,PayPal,Success,1149.62,2023-05-24 00:34:00,TXN-811841A8D599E0
209866,59866,Cash on Delivery,Success,44813.18,2023-01-31 01:45:00,TXN-B682692D0609BC
209867,59867,Debit Card,Success,14192.65,2025-03-22 00:33:00,TXN-9FA78D80E87BA0
209868,59868,Credit Card,Success,11478.9,2026-01-02 02:00:00,TXN-795F9A4F6F83CB
209869,59869,Cash on Delivery,Success,5805.18,2024-10-25 00:39:00,TXN-7EC2E34F1DF3C0
209870,59870,Debit Card,Success,1019.25,2024-04-01 00:55:00,TXN-84CECD2A3AAF9D
209871,59871,Debit Card,Success,795.1,2022-09-16 01:54:00,TXN-2F63D4AADBAAEA
209872,59872,UPI,Failed,10029.04,2022-08-21 00:58:00,TXN-02925BBC9C9327
209873,59873,NetBanking,Success,14815.47,2026-02-17 00:13:00,TXN-A4B833088AAD10
209874,59874,Cash on Delivery,Success,22105.22,2024-11-21 00:57:00,TXN-7ECF1231B45929
209875,59875,Credit Card,Success,124334.81,2026-05-16 00:40:00,TXN-B686E8A84D6F3F
209876,59876,UPI,Refunded,6141.59,2024-10-20 00:13:00,TXN-C90C0123509964
209877,59877,Debit Card,Success,3203.32,2025-02-01 01:24:00,TXN-2C9CD8C1738173
209878,59878,NetBanking,Success,1214.3,2026-03-31 00:09:00,TXN-6E86B382123528
209879,59879,NetBanking,Success,20894.55,2022-05-14 00:09:00,TXN-5C1F05FEAAC2EB
209880,59880,NetBanking,Success,45159.11,2023-03-06 01:13:00,TXN-99151007B5259E
209881,59881,Credit Card,Success,30863.3,2024-12-22 01:53:00,TXN-EF6B3FA356C045
209882,59882,PayPal,Success,717.69,2024-10-07 00:30:00,TXN-9C7893CD18270D
209883,59883,NetBanking,Refunded,53128.36,2026-04-09 00:14:00,TXN-DFEB98F0DB8EE4
209884,59884,Cash on Delivery,Success,54835.8,2022-12-10 01:41:00,TXN-5545D967350F23
209885,59885,UPI,Success,8956.65,2023-11-30 01:45:00,TXN-A9262F52F5BA29
209886,59886,Debit Card,Success,39295.18,2023-01-02 00:17:00,TXN-58B5020B91A094
209887,59887,Credit Card,Success,18277.96,2026-03-01 00:55:00,TXN-2D202F41AC9C48
209888,59888,UPI,Success,169342.82,2022-12-03 01:12:00,TXN-533C2D19C70BA9
209889,59889,Credit Card,Success,56926.66,2025-02-20 01:53:00,TXN-F8FD81A3686C6A
209890,59890,Debit Card,Success,6893.58,2024-06-20 01:29:00,TXN-880461D0EFA689
209891,59891,Debit Card,Success,61513.01,2022-09-26 00:18:00,TXN-C37D6578BF046E
209892,59892,Credit Card,Success,348.17,2026-01-11 01:01:00,TXN-17161A9C92B920
209893,59893,Debit Card,Success,3333.39,2022-04-20 02:00:00,TXN-3B5499C92FF30E
209894,59894,PayPal,Success,18027.25,2023-08-07 00:54:00,TXN-1A5B7AC26CEDFE
209895,59895,NetBanking,Success,39129.79,2024-10-01 01:14:00,TXN-D89D53EBB56FB4
209896,59896,Debit Card,Success,14634.48,2024-01-13 01:06:00,TXN-77698A715F9C88
209897,59897,Debit Card,Success,41483.74,2024-07-03 01:01:00,TXN-2A16DEC5C66325
209898,59898,Debit Card,Success,12619.14,2022-09-02 00:31:00,TXN-92C7E7B947A4C2
209899,59899,PayPal,Success,7322.42,2022-07-14 00:33:00,TXN-7BA675D5E96A4F
209900,59900,Credit Card,Success,353.72,2026-03-06 00:25:00,TXN-7261FDB01DD89E
209901,59901,Credit Card,Success,46232.61,2024-04-02 01:30:00,TXN-EE0C9E3C3BD838
209902,59902,PayPal,Success,9330.68,2026-06-14 00:55:00,TXN-B13F037D4D9F28
209903,59903,Credit Card,Success,2997.93,2023-10-05 01:55:00,TXN-0674ED04557E59
209904,59904,Cash on Delivery,Success,13177.33,2024-08-19 01:26:00,TXN-6975A15444923F
209905,59905,UPI,Success,7901.31,2022-02-23 01:09:00,TXN-8D80056324201D
209906,59906,Cash on Delivery,Success,44300.55,2024-09-13 00:36:00,TXN-9B2B49D2F3A1AD
209907,59907,PayPal,Success,1563.29,2024-06-20 01:04:00,TXN-0B32AA58433627
209908,59908,Debit Card,Success,155201.93,2024-11-15 00:09:00,TXN-28DFB70AAF7645
209909,59909,NetBanking,Success,9360.71,2024-09-19 01:26:00,TXN-238B1CE384FAAC
209910,59910,UPI,Success,10530.3,2023-11-26 01:28:00,TXN-2338616DF09EC0
209911,59911,Debit Card,Success,11301.08,2023-08-16 00:56:00,TXN-3FE5F7B1E7B64A
209912,59912,NetBanking,Refunded,12272.74,2022-02-26 00:20:00,TXN-259E19F43845CF
209913,59913,Credit Card,Success,5835.32,2023-08-26 01:06:00,TXN-8214F567BC75E8
209914,59914,PayPal,Success,22896.08,2025-12-23 01:55:00,TXN-889462D535081B
209915,59915,NetBanking,Success,1601.66,2024-07-07 01:44:00,TXN-F4FA04330A95BD
209916,59916,Cash on Delivery,Success,18784.3,2022-05-25 00:05:00,TXN-FE8C0B8EF899A1
209917,59917,NetBanking,Success,1597.66,2026-06-09 01:05:00,TXN-A03CE29986EE08
209918,59918,Debit Card,Refunded,7120.58,2022-11-18 01:54:00,TXN-11FE1D2149DCB9
209919,59919,UPI,Success,839.57,2025-04-07 01:13:00,TXN-27E12E0A8A33F6
209920,59920,Cash on Delivery,Success,11881.71,2025-10-15 00:32:00,TXN-E5DC3C18201233
209921,59921,PayPal,Success,67128.67,2026-06-23 01:49:00,TXN-4DBCA174A86035
209922,59922,Debit Card,Success,1255.71,2023-07-11 00:22:00,TXN-78A36450DC1260
209923,59923,UPI,Success,93477.0,2025-04-11 00:47:00,TXN-604B9740F19AB5
209924,59924,Debit Card,Success,80634.39,2023-04-09 00:15:00,TXN-BF5E6CCDA2043A
209925,59925,Credit Card,Success,11191.33,2026-06-08 00:58:00,TXN-0037D29FF8F6E2
209926,59926,PayPal,Refunded,36537.2,2024-12-31 00:39:00,TXN-7E43644E5062F8
209927,59927,Credit Card,Success,26451.12,2025-01-03 00:12:00,TXN-93EFB95EA80F88
209928,59928,Cash on Delivery,Success,1144.81,2022-05-23 00:02:00,TXN-4D8A681AD90187
209929,59929,PayPal,Success,75542.85,2024-09-22 00:18:00,TXN-E2173CB918DC36
209930,59930,NetBanking,Success,4071.93,2023-09-23 00:05:00,TXN-202B0D27CE7E8A
209931,59931,Debit Card,Failed,4131.58,2023-02-26 00:26:00,TXN-9F36B8153E4EAB
209932,59932,NetBanking,Success,86143.1,2024-08-12 01:21:00,TXN-6C3EA7845F5C23
209933,59933,UPI,Success,27624.32,2024-06-12 00:20:00,TXN-18D8D5D9372C75
209934,59934,PayPal,Success,7478.94,2022-07-27 01:13:00,TXN-14000E04DDBEFE
209935,59935,Credit Card,Success,22192.31,2025-07-25 01:27:00,TXN-5D94C5B85EC5B1
209936,59936,UPI,Success,61795.32,2022-04-02 00:36:00,TXN-C863789E9117E8
209937,59937,Credit Card,Success,71759.47,2026-01-11 01:25:00,TXN-E3E493B1F8725B
209938,59938,NetBanking,Success,2970.75,2025-01-02 01:12:00,TXN-E6920F3CF722E9
209939,59939,UPI,Success,2411.23,2022-08-30 01:34:00,TXN-3CE838BF4759E8
209940,59940,PayPal,Success,2699.1,2025-02-15 01:37:00,TXN-C006D0D90D900A
209941,59941,NetBanking,Success,2799.8,2024-04-25 01:56:00,TXN-67D783B93959C9
209942,59942,NetBanking,Success,48964.14,2025-08-01 00:06:00,TXN-A440F2C6ABEDF8
209943,59943,PayPal,Success,15471.04,2023-12-05 01:49:00,TXN-86E4FA9F1887E2
209944,59944,PayPal,Success,8768.86,2022-02-08 01:51:00,TXN-69F66480291F33
209945,59945,Debit Card,Success,4662.75,2023-10-18 00:02:00,TXN-68005D2B28CF50
209946,59946,UPI,Refunded,40106.82,2024-05-31 00:47:00,TXN-6A77746C029E1D
209947,59947,NetBanking,Success,15084.04,2022-07-23 01:47:00,TXN-2FC309ABEEDC95
209948,59948,PayPal,Refunded,47825.57,2026-01-05 00:04:00,TXN-2266159D51FEC1
209949,59949,PayPal,Refunded,32193.18,2023-09-14 01:08:00,TXN-A34CCED8AE67B4
209950,59950,Debit Card,Success,3408.51,2022-06-25 01:59:00,TXN-AA4DDE7469E458
209951,59951,UPI,Success,2165.05,2022-12-20 01:48:00,TXN-6D04FA7F3674BD
209952,59952,Credit Card,Success,110530.07,2025-05-29 00:15:00,TXN-D248EAE5242D2B
209953,59953,Debit Card,Refunded,7256.29,2023-05-07 00:10:00,TXN-4E307FB267E686
209954,59954,Credit Card,Success,2448.49,2025-07-07 00:56:00,TXN-89B520E12D7B27
209955,59955,NetBanking,Success,50477.58,2023-07-08 01:24:00,TXN-21DB11EA499F03
209956,59956,Credit Card,Success,3363.13,2024-06-15 01:27:00,TXN-403A4623DC889F
209957,59957,NetBanking,Success,3624.55,2023-09-13 00:33:00,TXN-177E2BA425577D
209958,59958,Debit Card,Success,6333.44,2025-01-23 00:57:00,TXN-CE0FC8745D654A
209959,59959,Cash on Delivery,Success,3986.09,2025-08-19 00:58:00,TXN-25E7D0B6E8EFCC
209960,59960,Cash on Delivery,Success,44019.84,2024-08-23 01:14:00,TXN-B69E634CF51436
209961,59961,Credit Card,Refunded,2988.7,2024-04-06 00:21:00,TXN-DB43052F5F7A5A
209962,59962,NetBanking,Success,2161.51,2025-03-10 01:22:00,TXN-33DA8C135010D7
209963,59963,Credit Card,Success,1014.85,2023-10-06 00:07:00,TXN-1EB6B9326AF322
209964,59964,NetBanking,Refunded,5937.69,2023-12-19 01:36:00,TXN-F6A57F6F25E705
209965,59965,UPI,Success,49328.67,2024-08-31 01:39:00,TXN-1F69F609CA0837
209966,59966,Debit Card,Success,13201.6,2024-11-27 00:59:00,TXN-FC103DCA098766
209967,59967,NetBanking,Refunded,19945.39,2025-02-20 01:26:00,TXN-701EBCDF15C7F0
209968,59968,Credit Card,Success,9954.58,2022-11-29 00:14:00,TXN-69CA8A72DF6310
209969,59969,Debit Card,Success,172104.59,2023-07-01 01:00:00,TXN-DF2E62300E700A
209970,59970,Credit Card,Failed,5708.68,2023-11-27 00:30:00,TXN-ABB1A4F311A293
209971,59971,NetBanking,Success,3012.88,2025-12-31 00:47:00,TXN-21188183988F6C
209972,59972,Cash on Delivery,Success,10316.31,2022-05-12 00:57:00,TXN-4B06EDD2752A5B
209973,59973,PayPal,Success,51773.66,2024-06-12 00:17:00,TXN-F94FFEB19D068C
209974,59974,Debit Card,Success,2124.38,2023-02-24 00:34:00,TXN-764CE0BB617EDA
209975,59975,Debit Card,Success,5893.38,2024-10-30 01:58:00,TXN-B8EF4FE3E34D16
209976,59976,Cash on Delivery,Success,54824.61,2023-12-19 01:05:00,TXN-2B4DB79F5A9098
209977,59977,UPI,Success,19285.53,2022-02-12 00:22:00,TXN-832E0B1D9713FA
209978,59978,Credit Card,Success,5164.41,2024-12-20 00:15:00,TXN-5ED6E8EEAE2575
209979,59979,Debit Card,Success,2743.96,2026-06-17 01:25:00,TXN-93D10FF876E8BF
209980,59980,NetBanking,Success,2251.7,2022-12-09 00:22:00,TXN-1E2D77253D3BA9
209981,59981,PayPal,Success,3624.55,2023-08-03 00:32:00,TXN-B56DD5EF250A5F
209982,59982,Credit Card,Success,4892.6,2023-08-18 00:49:00,TXN-22920199080C04
209983,59983,NetBanking,Success,23260.73,2022-03-19 00:04:00,TXN-235B77D10C5019
209984,59984,PayPal,Success,2061.3,2022-07-06 00:39:00,TXN-D0D0364C70D6F2
209985,59985,UPI,Success,1958.79,2023-02-01 01:32:00,TXN-BABA27AD140A06
209986,59986,UPI,Success,9641.6,2026-04-05 00:07:00,TXN-12066BD6E18F42
209987,59987,NetBanking,Refunded,1969.25,2022-08-12 00:12:00,TXN-494409CA6AAA3F
209988,59988,PayPal,Success,1340.52,2025-04-20 00:08:00,TXN-7850F540C56FE5
209989,59989,Credit Card,Success,58223.46,2022-01-25 01:56:00,TXN-BB4236C7515BBD
209990,59990,UPI,Success,1170.66,2023-08-14 00:16:00,TXN-05FFBAD6BC1111
209991,59991,Debit Card,Success,30863.3,2022-07-01 01:46:00,TXN-9EA2ECCCAF9794
209992,59992,NetBanking,Success,6394.24,2022-12-28 00:17:00,TXN-0B69B6F667D4AD
209993,59993,Credit Card,Success,11301.08,2024-03-18 00:18:00,TXN-1095C07002E2ED
209994,59994,Credit Card,Success,681.81,2023-07-25 00:50:00,TXN-87172B2732BB5C
209995,59995,UPI,Success,76919.08,2024-07-03 01:47:00,TXN-5ECA5F3E8EB639
209996,59996,PayPal,Success,5241.94,2023-12-04 00:02:00,TXN-AC27E681A3B8D2
209997,59997,Credit Card,Success,2197.18,2022-02-24 00:28:00,TXN-D909C8DDA3D85A
209998,59998,UPI,Success,2886.6,2025-03-24 00:44:00,TXN-202A335B1EFC5F
209999,59999,Debit Card,Success,790.56,2023-06-05 00:43:00,TXN-90F957F8EEF4DD
210000,60000,UPI,Success,19857.69,2024-01-01 00:39:00,TXN-A665EC1B11BDD3
