order_item_id,order_id,product_id,quantity,unit_price,discount,line_total,_ingested_at,_source_file,rejection_reason_code,quarantined_at
100627,50329,999999,1,8679.99,0.0,8679.99,2026-09-02 23:22:46.485392,order_items.csv,ERR_ORPHAN_PRODUCT_KEY,2026-09-02 23:28:07.281729+05:30
100689,50359,999999,2,1529.96,0.0,3059.92,2026-09-02 23:22:46.485392,order_items.csv,ERR_ORPHAN_PRODUCT_KEY,2026-09-02 23:28:07.281729+05:30
100969,50502,999999,4,19511.62,0.0,78046.48,2026-09-02 23:22:46.485392,order_items.csv,ERR_ORPHAN_PRODUCT_KEY,2026-09-02 23:28:07.281729+05:30
101235,50633,999999,1,10564.67,0.0,10564.67,2026-09-02 23:22:46.485392,order_items.csv,ERR_ORPHAN_PRODUCT_KEY,2026-09-02 23:28:07.281729+05:30
101508,50762,999999,2,3178.53,953.56,5403.5,2026-09-02 23:22:46.485392,order_items.csv,ERR_ORPHAN_PRODUCT_KEY,2026-09-02 23:28:07.281729+05:30
101521,50769,999999,1,1928.47,385.69,1542.78,2026-09-02 23:22:46.485392,order_items.csv,ERR_ORPHAN_PRODUCT_KEY,2026-09-02 23:28:07.281729+05:30
101941,50965,999999,4,4052.55,0.0,16210.2,2026-09-02 23:22:46.485392,order_items.csv,ERR_ORPHAN_PRODUCT_KEY,2026-09-02 23:28:07.281729+05:30
101942,50966,999999,1,2848.64,0.0,2848.64,2026-09-02 23:22:46.485392,order_items.csv,ERR_ORPHAN_PRODUCT_KEY,2026-09-02 23:28:07.281729+05:30
102313,51166,999999,2,789.84,0.0,1579.68,2026-09-02 23:22:46.485392,order_items.csv,ERR_ORPHAN_PRODUCT_KEY,2026-09-02 23:28:07.281729+05:30
102361,51194,999999,3,52070.35,0.0,156211.05,2026-09-02 23:22:46.485392,order_items.csv,ERR_ORPHAN_PRODUCT_KEY,2026-09-02 23:28:07.281729+05:30
102418,51231,999999,1,13403.12,1340.31,12062.81,2026-09-02 23:22:46.485392,order_items.csv,ERR_ORPHAN_PRODUCT_KEY,2026-09-02 23:28:07.281729+05:30
102586,51322,999999,3,1027.18,308.15,2773.39,2026-09-02 23:22:46.485392,order_items.csv,ERR_ORPHAN_PRODUCT_KEY,2026-09-02 23:28:07.281729+05:30
102594,51327,999999,3,1952.95,0.0,5858.85,2026-09-02 23:22:46.485392,order_items.csv,ERR_ORPHAN_PRODUCT_KEY,2026-09-02 23:28:07.281729+05:30
102745,51404,999999,1,1549.27,309.85,1239.42,2026-09-02 23:22:46.485392,order_items.csv,ERR_ORPHAN_PRODUCT_KEY,2026-09-02 23:28:07.281729+05:30
103859,52011,999999,5,1572.44,0.0,7862.2,2026-09-02 23:22:46.485392,order_items.csv,ERR_ORPHAN_PRODUCT_KEY,2026-09-02 23:28:07.281729+05:30
103986,52083,999999,1,1464.52,219.68,1244.84,2026-09-02 23:22:46.485392,order_items.csv,ERR_ORPHAN_PRODUCT_KEY,2026-09-02 23:28:07.281729+05:30
104340,52274,999999,1,1538.94,0.0,1538.94,2026-09-02 23:22:46.485392,order_items.csv,ERR_ORPHAN_PRODUCT_KEY,2026-09-02 23:28:07.281729+05:30
104348,52277,999999,5,12464.61,3116.15,59206.9,2026-09-02 23:22:46.485392,order_items.csv,ERR_ORPHAN_PRODUCT_KEY,2026-09-02 23:28:07.281729+05:30
104433,52320,999999,1,4697.25,704.59,3992.66,2026-09-02 23:22:46.485392,order_items.csv,ERR_ORPHAN_PRODUCT_KEY,2026-09-02 23:28:07.281729+05:30
104557,52386,999999,5,53184.3,0.0,265921.5,2026-09-02 23:22:46.485392,order_items.csv,ERR_ORPHAN_PRODUCT_KEY,2026-09-02 23:28:07.281729+05:30
104988,52613,999999,1,4224.46,844.89,3379.57,2026-09-02 23:22:46.485392,order_items.csv,ERR_ORPHAN_PRODUCT_KEY,2026-09-02 23:28:07.281729+05:30
105041,52640,999999,1,8547.45,427.37,8120.08,2026-09-02 23:22:46.485392,order_items.csv,ERR_ORPHAN_PRODUCT_KEY,2026-09-02 23:28:07.281729+05:30
105158,52704,999999,1,2444.38,0.0,2444.38,2026-09-02 23:22:46.485392,order_items.csv,ERR_ORPHAN_PRODUCT_KEY,2026-09-02 23:28:07.281729+05:30
105213,52732,999999,3,1072.51,160.88,3056.65,2026-09-02 23:22:46.485392,order_items.csv,ERR_ORPHAN_PRODUCT_KEY,2026-09-02 23:28:07.281729+05:30
105246,52749,999999,1,3458.42,0.0,3458.42,2026-09-02 23:22:46.485392,order_items.csv,ERR_ORPHAN_PRODUCT_KEY,2026-09-02 23:28:07.281729+05:30
105258,52754,999999,2,3094.44,0.0,6188.88,2026-09-02 23:22:46.485392,order_items.csv,ERR_ORPHAN_PRODUCT_KEY,2026-09-02 23:28:07.281729+05:30
105345,52796,999999,3,2182.5,0.0,6547.5,2026-09-02 23:22:46.485392,order_items.csv,ERR_ORPHAN_PRODUCT_KEY,2026-09-02 23:28:07.281729+05:30
105526,52895,999999,1,1621.03,0.0,1621.03,2026-09-02 23:22:46.485392,order_items.csv,ERR_ORPHAN_PRODUCT_KEY,2026-09-02 23:28:07.281729+05:30
105706,52997,999999,4,8956.47,3582.59,32243.29,2026-09-02 23:22:46.485392,order_items.csv,ERR_ORPHAN_PRODUCT_KEY,2026-09-02 23:28:07.281729+05:30
105739,53011,999999,2,4663.96,466.4,8861.52,2026-09-02 23:22:46.485392,order_items.csv,ERR_ORPHAN_PRODUCT_KEY,2026-09-02 23:28:07.281729+05:30
105828,53054,999999,1,1544.2,0.0,1544.2,2026-09-02 23:22:46.485392,order_items.csv,ERR_ORPHAN_PRODUCT_KEY,2026-09-02 23:28:07.281729+05:30
105876,53081,999999,1,2866.68,0.0,2866.68,2026-09-02 23:22:46.485392,order_items.csv,ERR_ORPHAN_PRODUCT_KEY,2026-09-02 23:28:07.281729+05:30
105936,53114,999999,2,2182.5,218.25,4146.75,2026-09-02 23:22:46.485392,order_items.csv,ERR_ORPHAN_PRODUCT_KEY,2026-09-02 23:28:07.281729+05:30
106168,53239,999999,2,3195.12,0.0,6390.24,2026-09-02 23:22:46.485392,order_items.csv,ERR_ORPHAN_PRODUCT_KEY,2026-09-02 23:28:07.281729+05:30
106224,53270,999999,2,3894.05,0.0,7788.1,2026-09-02 23:22:46.485392,order_items.csv,ERR_ORPHAN_PRODUCT_KEY,2026-09-02 23:28:07.281729+05:30
106581,53466,999999,1,2913.46,0.0,2913.46,2026-09-02 23:22:46.485392,order_items.csv,ERR_ORPHAN_PRODUCT_KEY,2026-09-02 23:28:07.281729+05:30
107045,53717,999999,1,1014.21,0.0,1014.21,2026-09-02 23:22:46.485392,order_items.csv,ERR_ORPHAN_PRODUCT_KEY,2026-09-02 23:28:07.281729+05:30
107507,53947,999999,1,20779.83,0.0,20779.83,2026-09-02 23:22:46.485392,order_items.csv,ERR_ORPHAN_PRODUCT_KEY,2026-09-02 23:28:07.281729+05:30
107865,54134,999999,1,4179.57,417.96,3761.61,2026-09-02 23:22:46.485392,order_items.csv,ERR_ORPHAN_PRODUCT_KEY,2026-09-02 23:28:07.281729+05:30
108495,54475,999999,1,10087.23,1008.72,9078.51,2026-09-02 23:22:46.485392,order_items.csv,ERR_ORPHAN_PRODUCT_KEY,2026-09-02 23:28:07.281729+05:30
108656,54561,999999,1,5536.05,0.0,5536.05,2026-09-02 23:22:46.485392,order_items.csv,ERR_ORPHAN_PRODUCT_KEY,2026-09-02 23:28:07.281729+05:30
108682,54576,999999,1,2410.25,0.0,2410.25,2026-09-02 23:22:46.485392,order_items.csv,ERR_ORPHAN_PRODUCT_KEY,2026-09-02 23:28:07.281729+05:30
108890,54699,999999,1,9716.04,971.6,8744.44,2026-09-02 23:22:46.485392,order_items.csv,ERR_ORPHAN_PRODUCT_KEY,2026-09-02 23:28:07.281729+05:30
109370,54948,999999,1,6954.59,1390.92,5563.67,2026-09-02 23:22:46.485392,order_items.csv,ERR_ORPHAN_PRODUCT_KEY,2026-09-02 23:28:07.281729+05:30
109613,55088,999999,1,639.94,0.0,639.94,2026-09-02 23:22:46.485392,order_items.csv,ERR_ORPHAN_PRODUCT_KEY,2026-09-02 23:28:07.281729+05:30
109620,55093,999999,2,2045.17,0.0,4090.34,2026-09-02 23:22:46.485392,order_items.csv,ERR_ORPHAN_PRODUCT_KEY,2026-09-02 23:28:07.281729+05:30
110228,55410,999999,1,49708.39,0.0,49708.39,2026-09-02 23:22:46.485392,order_items.csv,ERR_ORPHAN_PRODUCT_KEY,2026-09-02 23:28:07.281729+05:30
110295,55446,999999,1,1549.27,0.0,1549.27,2026-09-02 23:22:46.485392,order_items.csv,ERR_ORPHAN_PRODUCT_KEY,2026-09-02 23:28:07.281729+05:30
110312,55455,999999,2,340.96,0.0,681.92,2026-09-02 23:22:46.485392,order_items.csv,ERR_ORPHAN_PRODUCT_KEY,2026-09-02 23:28:07.281729+05:30
110564,55588,999999,1,6247.75,312.39,5935.36,2026-09-02 23:22:46.485392,order_items.csv,ERR_ORPHAN_PRODUCT_KEY,2026-09-02 23:28:07.281729+05:30
110701,55663,999999,2,843.93,0.0,1687.86,2026-09-02 23:22:46.485392,order_items.csv,ERR_ORPHAN_PRODUCT_KEY,2026-09-02 23:28:07.281729+05:30
110762,55693,999999,3,10564.67,4754.1,26939.91,2026-09-02 23:22:46.485392,order_items.csv,ERR_ORPHAN_PRODUCT_KEY,2026-09-02 23:28:07.281729+05:30
110796,55709,999999,4,1638.13,0.0,6552.52,2026-09-02 23:22:46.485392,order_items.csv,ERR_ORPHAN_PRODUCT_KEY,2026-09-02 23:28:07.281729+05:30
110909,55772,999999,2,3029.17,302.92,5755.42,2026-09-02 23:22:46.485392,order_items.csv,ERR_ORPHAN_PRODUCT_KEY,2026-09-02 23:28:07.281729+05:30
111395,56016,999999,1,799.38,0.0,799.38,2026-09-02 23:22:46.485392,order_items.csv,ERR_ORPHAN_PRODUCT_KEY,2026-09-02 23:28:07.281729+05:30
111400,56020,999999,2,8241.9,0.0,16483.8,2026-09-02 23:22:46.485392,order_items.csv,ERR_ORPHAN_PRODUCT_KEY,2026-09-02 23:28:07.281729+05:30
111755,56207,999999,3,4916.7,0.0,14750.1,2026-09-02 23:22:46.485392,order_items.csv,ERR_ORPHAN_PRODUCT_KEY,2026-09-02 23:28:07.281729+05:30
111938,56303,999999,1,20227.2,0.0,20227.2,2026-09-02 23:22:46.485392,order_items.csv,ERR_ORPHAN_PRODUCT_KEY,2026-09-02 23:28:07.281729+05:30
112026,56349,999999,1,2848.64,427.3,2421.34,2026-09-02 23:22:46.485392,order_items.csv,ERR_ORPHAN_PRODUCT_KEY,2026-09-02 23:28:07.281729+05:30
112338,56522,999999,1,4097.78,819.56,3278.22,2026-09-02 23:22:46.485392,order_items.csv,ERR_ORPHAN_PRODUCT_KEY,2026-09-02 23:28:07.281729+05:30
112850,56793,999999,2,45926.26,13777.88,78074.64,2026-09-02 23:22:46.485392,order_items.csv,ERR_ORPHAN_PRODUCT_KEY,2026-09-02 23:28:07.281729+05:30
113284,57023,999999,1,378.22,37.82,340.4,2026-09-02 23:22:46.485392,order_items.csv,ERR_ORPHAN_PRODUCT_KEY,2026-09-02 23:28:07.281729+05:30
113633,57201,999999,3,26722.13,8016.64,72149.75,2026-09-02 23:22:46.485392,order_items.csv,ERR_ORPHAN_PRODUCT_KEY,2026-09-02 23:28:07.281729+05:30
113731,57257,999999,1,17143.84,0.0,17143.84,2026-09-02 23:22:46.485392,order_items.csv,ERR_ORPHAN_PRODUCT_KEY,2026-09-02 23:28:07.281729+05:30
113795,57289,999999,2,932.03,0.0,1864.06,2026-09-02 23:22:46.485392,order_items.csv,ERR_ORPHAN_PRODUCT_KEY,2026-09-02 23:28:07.281729+05:30
114187,57496,999999,1,5737.23,0.0,5737.23,2026-09-02 23:22:46.485392,order_items.csv,ERR_ORPHAN_PRODUCT_KEY,2026-09-02 23:28:07.281729+05:30
114487,57648,999999,1,2503.07,250.31,2252.76,2026-09-02 23:22:46.485392,order_items.csv,ERR_ORPHAN_PRODUCT_KEY,2026-09-02 23:28:07.281729+05:30
114711,57778,999999,1,1349.28,0.0,1349.28,2026-09-02 23:22:46.485392,order_items.csv,ERR_ORPHAN_PRODUCT_KEY,2026-09-02 23:28:07.281729+05:30
114871,57866,999999,3,8547.45,1282.12,24360.23,2026-09-02 23:22:46.485392,order_items.csv,ERR_ORPHAN_PRODUCT_KEY,2026-09-02 23:28:07.281729+05:30
114897,57880,999999,1,1965.04,196.5,1768.54,2026-09-02 23:22:46.485392,order_items.csv,ERR_ORPHAN_PRODUCT_KEY,2026-09-02 23:28:07.281729+05:30
114905,57885,999999,1,4381.84,0.0,4381.84,2026-09-02 23:22:46.485392,order_items.csv,ERR_ORPHAN_PRODUCT_KEY,2026-09-02 23:28:07.281729+05:30
114972,57922,999999,1,1192.44,178.87,1013.57,2026-09-02 23:22:46.485392,order_items.csv,ERR_ORPHAN_PRODUCT_KEY,2026-09-02 23:28:07.281729+05:30
115566,58230,999999,2,3359.37,0.0,6718.74,2026-09-02 23:22:46.485392,order_items.csv,ERR_ORPHAN_PRODUCT_KEY,2026-09-02 23:28:07.281729+05:30
115778,58348,999999,2,12268.23,4907.29,19629.17,2026-09-02 23:22:46.485392,order_items.csv,ERR_ORPHAN_PRODUCT_KEY,2026-09-02 23:28:07.281729+05:30
115782,58350,999999,1,368.81,36.88,331.93,2026-09-02 23:22:46.485392,order_items.csv,ERR_ORPHAN_PRODUCT_KEY,2026-09-02 23:28:07.281729+05:30
116212,58576,999999,1,2306.79,0.0,2306.79,2026-09-02 23:22:46.485392,order_items.csv,ERR_ORPHAN_PRODUCT_KEY,2026-09-02 23:28:07.281729+05:30
116252,58598,999999,1,529.36,0.0,529.36,2026-09-02 23:22:46.485392,order_items.csv,ERR_ORPHAN_PRODUCT_KEY,2026-09-02 23:28:07.281729+05:30
116308,58628,999999,1,4916.7,245.84,4670.86,2026-09-02 23:22:46.485392,order_items.csv,ERR_ORPHAN_PRODUCT_KEY,2026-09-02 23:28:07.281729+05:30
116550,58734,999999,3,36134.01,16260.3,92141.73,2026-09-02 23:22:46.485392,order_items.csv,ERR_ORPHAN_PRODUCT_KEY,2026-09-02 23:28:07.281729+05:30
116669,58795,999999,1,14624.34,1462.43,13161.91,2026-09-02 23:22:46.485392,order_items.csv,ERR_ORPHAN_PRODUCT_KEY,2026-09-02 23:28:07.281729+05:30
116876,58910,999999,1,319.28,0.0,0.01,2026-09-02 23:22:46.485392,order_items.csv,ERR_ORPHAN_PRODUCT_KEY,2026-09-02 23:28:07.281729+05:30
116988,58962,999999,3,639.09,383.45,1533.82,2026-09-02 23:22:46.485392,order_items.csv,ERR_ORPHAN_PRODUCT_KEY,2026-09-02 23:28:07.281729+05:30
117095,59015,999999,1,3475.29,173.76,3301.53,2026-09-02 23:22:46.485392,order_items.csv,ERR_ORPHAN_PRODUCT_KEY,2026-09-02 23:28:07.281729+05:30
117152,59050,999999,2,10194.65,0.0,20389.3,2026-09-02 23:22:46.485392,order_items.csv,ERR_ORPHAN_PRODUCT_KEY,2026-09-02 23:28:07.281729+05:30
117402,59177,999999,1,318.76,15.94,302.82,2026-09-02 23:22:46.485392,order_items.csv,ERR_ORPHAN_PRODUCT_KEY,2026-09-02 23:28:07.281729+05:30
117642,59314,999999,1,7658.77,382.94,7275.83,2026-09-02 23:22:46.485392,order_items.csv,ERR_ORPHAN_PRODUCT_KEY,2026-09-02 23:28:07.281729+05:30
118044,59522,999999,1,8220.02,411.0,7809.02,2026-09-02 23:22:46.485392,order_items.csv,ERR_ORPHAN_PRODUCT_KEY,2026-09-02 23:28:07.281729+05:30
118240,59622,999999,5,1465.58,732.79,6595.11,2026-09-02 23:22:46.485392,order_items.csv,ERR_ORPHAN_PRODUCT_KEY,2026-09-02 23:28:07.281729+05:30
118413,59715,999999,1,3248.73,0.0,3248.73,2026-09-02 23:22:46.485392,order_items.csv,ERR_ORPHAN_PRODUCT_KEY,2026-09-02 23:28:07.281729+05:30
118869,59951,999999,1,1420.67,0.0,1420.67,2026-09-02 23:22:46.485392,order_items.csv,ERR_ORPHAN_PRODUCT_KEY,2026-09-02 23:28:07.281729+05:30
119539,60308,999999,1,4916.7,491.67,4425.03,2026-09-02 23:22:46.485392,order_items.csv,ERR_ORPHAN_PRODUCT_KEY,2026-09-02 23:28:07.281729+05:30
119758,60430,999999,2,1984.96,0.0,3969.92,2026-09-02 23:22:46.485392,order_items.csv,ERR_ORPHAN_PRODUCT_KEY,2026-09-02 23:28:07.281729+05:30
119985,60548,999999,1,49319.41,7397.91,41921.5,2026-09-02 23:22:46.485392,order_items.csv,ERR_ORPHAN_PRODUCT_KEY,2026-09-02 23:28:07.281729+05:30
120067,60588,999999,2,4280.19,0.0,8560.38,2026-09-02 23:22:46.485392,order_items.csv,ERR_ORPHAN_PRODUCT_KEY,2026-09-02 23:28:07.281729+05:30
120131,60618,999999,1,7041.43,0.0,7041.43,2026-09-02 23:22:46.485392,order_items.csv,ERR_ORPHAN_PRODUCT_KEY,2026-09-02 23:28:07.281729+05:30
120184,60647,999999,2,48339.12,0.0,96678.24,2026-09-02 23:22:46.485392,order_items.csv,ERR_ORPHAN_PRODUCT_KEY,2026-09-02 23:28:07.281729+05:30
120195,60654,999999,3,1148.01,344.4,3099.63,2026-09-02 23:22:46.485392,order_items.csv,ERR_ORPHAN_PRODUCT_KEY,2026-09-02 23:28:07.281729+05:30
120214,60666,999999,1,33995.23,0.0,33995.23,2026-09-02 23:22:46.485392,order_items.csv,ERR_ORPHAN_PRODUCT_KEY,2026-09-02 23:28:07.281729+05:30
120333,60729,999999,1,22000.19,0.0,22000.19,2026-09-02 23:22:46.485392,order_items.csv,ERR_ORPHAN_PRODUCT_KEY,2026-09-02 23:28:07.281729+05:30
120662,60909,999999,1,498.5,74.77,423.73,2026-09-02 23:22:46.485392,order_items.csv,ERR_ORPHAN_PRODUCT_KEY,2026-09-02 23:28:07.281729+05:30
120664,60910,999999,3,8493.63,0.0,25480.89,2026-09-02 23:22:46.485392,order_items.csv,ERR_ORPHAN_PRODUCT_KEY,2026-09-02 23:28:07.281729+05:30
120683,60922,999999,1,1876.1,0.0,1876.1,2026-09-02 23:22:46.485392,order_items.csv,ERR_ORPHAN_PRODUCT_KEY,2026-09-02 23:28:07.281729+05:30
120725,60942,999999,1,1259.8,0.0,1259.8,2026-09-02 23:22:46.485392,order_items.csv,ERR_ORPHAN_PRODUCT_KEY,2026-09-02 23:28:07.281729+05:30
120776,60967,999999,1,531.56,26.58,504.98,2026-09-02 23:22:46.485392,order_items.csv,ERR_ORPHAN_PRODUCT_KEY,2026-09-02 23:28:07.281729+05:30
121160,61155,999999,2,480.59,192.24,768.94,2026-09-02 23:22:46.485392,order_items.csv,ERR_ORPHAN_PRODUCT_KEY,2026-09-02 23:28:07.281729+05:30
121171,61162,999999,1,118.92,23.78,95.14,2026-09-02 23:22:46.485392,order_items.csv,ERR_ORPHAN_PRODUCT_KEY,2026-09-02 23:28:07.281729+05:30
121423,61296,999999,1,899.42,0.0,899.42,2026-09-02 23:22:46.485392,order_items.csv,ERR_ORPHAN_PRODUCT_KEY,2026-09-02 23:28:07.281729+05:30
121548,61360,999999,1,599.4,0.0,599.4,2026-09-02 23:22:46.485392,order_items.csv,ERR_ORPHAN_PRODUCT_KEY,2026-09-02 23:28:07.281729+05:30
121709,61451,999999,1,4663.96,466.4,4197.56,2026-09-02 23:22:46.485392,order_items.csv,ERR_ORPHAN_PRODUCT_KEY,2026-09-02 23:28:07.281729+05:30
121807,61497,999999,1,7758.19,0.0,7758.19,2026-09-02 23:22:46.485392,order_items.csv,ERR_ORPHAN_PRODUCT_KEY,2026-09-02 23:28:07.281729+05:30
122352,61792,999999,1,798.78,39.94,758.84,2026-09-02 23:22:46.485392,order_items.csv,ERR_ORPHAN_PRODUCT_KEY,2026-09-02 23:28:07.281729+05:30
122387,61813,999999,10,467.82,0.0,4678.2,2026-09-02 23:22:46.485392,order_items.csv,ERR_ORPHAN_PRODUCT_KEY,2026-09-02 23:28:07.281729+05:30
122510,61872,999999,2,8857.18,3542.87,14171.49,2026-09-02 23:22:46.485392,order_items.csv,ERR_ORPHAN_PRODUCT_KEY,2026-09-02 23:28:07.281729+05:30
122535,61885,999999,1,597.12,0.0,597.12,2026-09-02 23:22:46.485392,order_items.csv,ERR_ORPHAN_PRODUCT_KEY,2026-09-02 23:28:07.281729+05:30
122673,61959,999999,1,3458.42,345.84,3112.58,2026-09-02 23:22:46.485392,order_items.csv,ERR_ORPHAN_PRODUCT_KEY,2026-09-02 23:28:07.281729+05:30
122919,62092,999999,1,994.03,0.0,994.03,2026-09-02 23:22:46.485392,order_items.csv,ERR_ORPHAN_PRODUCT_KEY,2026-09-02 23:28:07.281729+05:30
122929,62099,999999,2,13785.37,0.0,27570.74,2026-09-02 23:22:46.485392,order_items.csv,ERR_ORPHAN_PRODUCT_KEY,2026-09-02 23:28:07.281729+05:30
122953,62115,999999,2,7438.65,0.0,14877.3,2026-09-02 23:22:46.485392,order_items.csv,ERR_ORPHAN_PRODUCT_KEY,2026-09-02 23:28:07.281729+05:30
123278,62292,999999,1,3400.52,340.05,3060.47,2026-09-02 23:22:46.485392,order_items.csv,ERR_ORPHAN_PRODUCT_KEY,2026-09-02 23:28:07.281729+05:30
123354,62339,999999,1,2593.56,518.71,2074.85,2026-09-02 23:22:46.485392,order_items.csv,ERR_ORPHAN_PRODUCT_KEY,2026-09-02 23:28:07.281729+05:30
123458,62390,999999,3,16535.44,0.0,49606.32,2026-09-02 23:22:46.485392,order_items.csv,ERR_ORPHAN_PRODUCT_KEY,2026-09-02 23:28:07.281729+05:30
123577,62452,999999,1,5330.99,266.55,5064.44,2026-09-02 23:22:46.485392,order_items.csv,ERR_ORPHAN_PRODUCT_KEY,2026-09-02 23:28:07.281729+05:30
123710,62519,999999,4,457.3,0.0,1829.2,2026-09-02 23:22:46.485392,order_items.csv,ERR_ORPHAN_PRODUCT_KEY,2026-09-02 23:28:07.281729+05:30
123767,62555,999999,1,10026.32,501.32,9525.0,2026-09-02 23:22:46.485392,order_items.csv,ERR_ORPHAN_PRODUCT_KEY,2026-09-02 23:28:07.281729+05:30
123824,62583,999999,1,7043.05,0.0,7043.05,2026-09-02 23:22:46.485392,order_items.csv,ERR_ORPHAN_PRODUCT_KEY,2026-09-02 23:28:07.281729+05:30
123919,62632,999999,2,8316.58,0.0,16633.16,2026-09-02 23:22:46.485392,order_items.csv,ERR_ORPHAN_PRODUCT_KEY,2026-09-02 23:28:07.281729+05:30
123983,62663,999999,2,5242.01,0.0,10484.02,2026-09-02 23:22:46.485392,order_items.csv,ERR_ORPHAN_PRODUCT_KEY,2026-09-02 23:28:07.281729+05:30
124032,62694,999999,1,213.7,0.0,213.7,2026-09-02 23:22:46.485392,order_items.csv,ERR_ORPHAN_PRODUCT_KEY,2026-09-02 23:28:07.281729+05:30
124274,62821,999999,1,5326.18,0.0,5326.18,2026-09-02 23:22:46.485392,order_items.csv,ERR_ORPHAN_PRODUCT_KEY,2026-09-02 23:28:07.281729+05:30
124363,62865,999999,2,1377.67,0.0,2755.34,2026-09-02 23:22:46.485392,order_items.csv,ERR_ORPHAN_PRODUCT_KEY,2026-09-02 23:28:07.281729+05:30
124439,62910,999999,1,30360.41,0.0,30360.41,2026-09-02 23:22:46.485392,order_items.csv,ERR_ORPHAN_PRODUCT_KEY,2026-09-02 23:28:07.281729+05:30
124771,63090,999999,3,7047.2,1057.08,20084.52,2026-09-02 23:22:46.485392,order_items.csv,ERR_ORPHAN_PRODUCT_KEY,2026-09-02 23:28:07.281729+05:30
124810,63116,999999,3,5624.17,3374.5,13498.01,2026-09-02 23:22:46.485392,order_items.csv,ERR_ORPHAN_PRODUCT_KEY,2026-09-02 23:28:07.281729+05:30
124962,63189,999999,2,40555.21,0.0,81110.42,2026-09-02 23:22:46.485392,order_items.csv,ERR_ORPHAN_PRODUCT_KEY,2026-09-02 23:28:07.281729+05:30
124983,63200,999999,1,76.75,0.0,76.75,2026-09-02 23:22:46.485392,order_items.csv,ERR_ORPHAN_PRODUCT_KEY,2026-09-02 23:28:07.281729+05:30
125094,63255,999999,2,871.96,261.59,1482.33,2026-09-02 23:22:46.485392,order_items.csv,ERR_ORPHAN_PRODUCT_KEY,2026-09-02 23:28:07.281729+05:30
125403,63422,999999,1,7269.53,0.0,7269.53,2026-09-02 23:22:46.485392,order_items.csv,ERR_ORPHAN_PRODUCT_KEY,2026-09-02 23:28:07.281729+05:30
125898,63678,999999,1,17143.84,0.0,17143.84,2026-09-02 23:22:46.485392,order_items.csv,ERR_ORPHAN_PRODUCT_KEY,2026-09-02 23:28:07.281729+05:30
126157,63820,999999,1,4468.77,446.88,4021.89,2026-09-02 23:22:46.485392,order_items.csv,ERR_ORPHAN_PRODUCT_KEY,2026-09-02 23:28:07.281729+05:30
126288,63880,999999,3,414.17,62.13,1180.38,2026-09-02 23:22:46.485392,order_items.csv,ERR_ORPHAN_PRODUCT_KEY,2026-09-02 23:28:07.281729+05:30
126495,63992,999999,1,5808.74,0.0,5808.74,2026-09-02 23:22:46.485392,order_items.csv,ERR_ORPHAN_PRODUCT_KEY,2026-09-02 23:28:07.281729+05:30
126556,64028,999999,2,11316.97,0.0,22633.94,2026-09-02 23:22:46.485392,order_items.csv,ERR_ORPHAN_PRODUCT_KEY,2026-09-02 23:28:07.281729+05:30
126615,64059,999999,3,529.36,0.0,1588.08,2026-09-02 23:22:46.485392,order_items.csv,ERR_ORPHAN_PRODUCT_KEY,2026-09-02 23:28:07.281729+05:30
126768,64148,999999,1,7521.65,0.0,7521.65,2026-09-02 23:22:46.485392,order_items.csv,ERR_ORPHAN_PRODUCT_KEY,2026-09-02 23:28:07.281729+05:30
127015,64283,999999,1,587.45,0.0,587.45,2026-09-02 23:22:46.485392,order_items.csv,ERR_ORPHAN_PRODUCT_KEY,2026-09-02 23:28:07.281729+05:30
127422,64503,999999,3,1236.63,0.0,3709.89,2026-09-02 23:22:46.485392,order_items.csv,ERR_ORPHAN_PRODUCT_KEY,2026-09-02 23:28:07.281729+05:30
127487,64537,999999,1,3118.14,0.0,3118.14,2026-09-02 23:22:46.485392,order_items.csv,ERR_ORPHAN_PRODUCT_KEY,2026-09-02 23:28:07.281729+05:30
127519,64552,999999,1,9874.2,493.71,9380.49,2026-09-02 23:22:46.485392,order_items.csv,ERR_ORPHAN_PRODUCT_KEY,2026-09-02 23:28:07.281729+05:30
128150,64896,999999,2,4986.45,1994.58,7978.32,2026-09-02 23:22:46.485392,order_items.csv,ERR_ORPHAN_PRODUCT_KEY,2026-09-02 23:28:07.281729+05:30
128172,64908,999999,2,42559.13,0.0,85118.26,2026-09-02 23:22:46.485392,order_items.csv,ERR_ORPHAN_PRODUCT_KEY,2026-09-02 23:28:07.281729+05:30
128927,65303,999999,1,1070.1,0.0,1070.1,2026-09-02 23:22:46.485392,order_items.csv,ERR_ORPHAN_PRODUCT_KEY,2026-09-02 23:28:07.281729+05:30
129019,65345,999999,4,3748.73,2249.24,12745.68,2026-09-02 23:22:46.485392,order_items.csv,ERR_ORPHAN_PRODUCT_KEY,2026-09-02 23:28:07.281729+05:30
129126,65404,999999,1,2913.46,0.0,2913.46,2026-09-02 23:22:46.485392,order_items.csv,ERR_ORPHAN_PRODUCT_KEY,2026-09-02 23:28:07.281729+05:30
129379,65542,999999,1,10022.72,501.14,9521.58,2026-09-02 23:22:46.485392,order_items.csv,ERR_ORPHAN_PRODUCT_KEY,2026-09-02 23:28:07.281729+05:30
129421,65570,999999,2,4448.21,0.0,8896.42,2026-09-02 23:22:46.485392,order_items.csv,ERR_ORPHAN_PRODUCT_KEY,2026-09-02 23:28:07.281729+05:30
129843,65786,999999,1,1350.04,67.5,1282.54,2026-09-02 23:22:46.485392,order_items.csv,ERR_ORPHAN_PRODUCT_KEY,2026-09-02 23:28:07.281729+05:30
130499,66136,999999,1,736.93,0.0,736.93,2026-09-02 23:22:46.485392,order_items.csv,ERR_ORPHAN_PRODUCT_KEY,2026-09-02 23:28:07.281729+05:30
130706,66240,999999,3,414.17,62.13,1180.38,2026-09-02 23:22:46.485392,order_items.csv,ERR_ORPHAN_PRODUCT_KEY,2026-09-02 23:28:07.281729+05:30
130827,66307,999999,1,39124.29,1956.21,37168.08,2026-09-02 23:22:46.485392,order_items.csv,ERR_ORPHAN_PRODUCT_KEY,2026-09-02 23:28:07.281729+05:30
131220,66518,999999,1,414.17,0.0,414.17,2026-09-02 23:22:46.485392,order_items.csv,ERR_ORPHAN_PRODUCT_KEY,2026-09-02 23:28:07.281729+05:30
131551,66704,999999,3,12578.25,0.0,37734.75,2026-09-02 23:22:46.485392,order_items.csv,ERR_ORPHAN_PRODUCT_KEY,2026-09-02 23:28:07.281729+05:30
131562,66710,999999,1,798.78,0.0,798.78,2026-09-02 23:22:46.485392,order_items.csv,ERR_ORPHAN_PRODUCT_KEY,2026-09-02 23:28:07.281729+05:30
131716,66789,999999,1,1202.0,180.3,1021.7,2026-09-02 23:22:46.485392,order_items.csv,ERR_ORPHAN_PRODUCT_KEY,2026-09-02 23:28:07.281729+05:30
132106,66983,999999,4,35227.8,0.0,140911.2,2026-09-02 23:22:46.485392,order_items.csv,ERR_ORPHAN_PRODUCT_KEY,2026-09-02 23:28:07.281729+05:30
132125,66992,999999,2,6481.65,1944.49,11018.81,2026-09-02 23:22:46.485392,order_items.csv,ERR_ORPHAN_PRODUCT_KEY,2026-09-02 23:28:07.281729+05:30
132224,67039,999999,3,2590.38,0.0,7771.14,2026-09-02 23:22:46.485392,order_items.csv,ERR_ORPHAN_PRODUCT_KEY,2026-09-02 23:28:07.281729+05:30
132283,67076,999999,1,11401.49,0.0,11401.49,2026-09-02 23:22:46.485392,order_items.csv,ERR_ORPHAN_PRODUCT_KEY,2026-09-02 23:28:07.281729+05:30
132293,67079,999999,1,9165.83,0.0,9165.83,2026-09-02 23:22:46.485392,order_items.csv,ERR_ORPHAN_PRODUCT_KEY,2026-09-02 23:28:07.281729+05:30
132423,67143,999999,1,1331.59,0.0,1331.59,2026-09-02 23:22:46.485392,order_items.csv,ERR_ORPHAN_PRODUCT_KEY,2026-09-02 23:28:07.281729+05:30
132495,67181,999999,4,2590.38,0.0,10361.52,2026-09-02 23:22:46.485392,order_items.csv,ERR_ORPHAN_PRODUCT_KEY,2026-09-02 23:28:07.281729+05:30
132502,67186,999999,1,2191.17,0.0,2191.17,2026-09-02 23:22:46.485392,order_items.csv,ERR_ORPHAN_PRODUCT_KEY,2026-09-02 23:28:07.281729+05:30
132670,67267,999999,1,1554.31,0.0,1554.31,2026-09-02 23:22:46.485392,order_items.csv,ERR_ORPHAN_PRODUCT_KEY,2026-09-02 23:28:07.281729+05:30
132724,67295,999999,1,49388.18,4938.82,44449.36,2026-09-02 23:22:46.485392,order_items.csv,ERR_ORPHAN_PRODUCT_KEY,2026-09-02 23:28:07.281729+05:30
132767,67322,999999,4,17946.65,3589.33,68197.27,2026-09-02 23:22:46.485392,order_items.csv,ERR_ORPHAN_PRODUCT_KEY,2026-09-02 23:28:07.281729+05:30
132801,67336,999999,1,1905.92,95.3,1810.62,2026-09-02 23:22:46.485392,order_items.csv,ERR_ORPHAN_PRODUCT_KEY,2026-09-02 23:28:07.281729+05:30
132998,67448,999999,4,5720.78,2288.31,20594.81,2026-09-02 23:22:46.485392,order_items.csv,ERR_ORPHAN_PRODUCT_KEY,2026-09-02 23:28:07.281729+05:30
133450,67692,999999,1,860.29,0.0,860.29,2026-09-02 23:22:46.485392,order_items.csv,ERR_ORPHAN_PRODUCT_KEY,2026-09-02 23:28:07.281729+05:30
133520,67728,999999,1,28334.27,0.0,28334.27,2026-09-02 23:22:46.485392,order_items.csv,ERR_ORPHAN_PRODUCT_KEY,2026-09-02 23:28:07.281729+05:30
133683,67817,999999,5,3585.88,3585.88,14343.52,2026-09-02 23:22:46.485392,order_items.csv,ERR_ORPHAN_PRODUCT_KEY,2026-09-02 23:28:07.281729+05:30
133824,67890,999999,1,11739.41,0.0,11739.41,2026-09-02 23:22:46.485392,order_items.csv,ERR_ORPHAN_PRODUCT_KEY,2026-09-02 23:28:07.281729+05:30
134022,67992,999999,3,59116.89,0.0,177350.67,2026-09-02 23:22:46.485392,order_items.csv,ERR_ORPHAN_PRODUCT_KEY,2026-09-02 23:28:07.281729+05:30
134410,68202,999999,5,15538.48,0.0,77692.4,2026-09-02 23:22:46.485392,order_items.csv,ERR_ORPHAN_PRODUCT_KEY,2026-09-02 23:28:07.281729+05:30
134801,68401,999999,1,43260.29,2163.01,41097.28,2026-09-02 23:22:46.485392,order_items.csv,ERR_ORPHAN_PRODUCT_KEY,2026-09-02 23:28:07.281729+05:30
134904,68454,999999,2,36852.94,0.0,73705.88,2026-09-02 23:22:46.485392,order_items.csv,ERR_ORPHAN_PRODUCT_KEY,2026-09-02 23:28:07.281729+05:30
135072,68545,999999,1,12464.61,0.0,12464.61,2026-09-02 23:22:46.485392,order_items.csv,ERR_ORPHAN_PRODUCT_KEY,2026-09-02 23:28:07.281729+05:30
135131,68580,999999,1,2816.75,140.84,2675.91,2026-09-02 23:22:46.485392,order_items.csv,ERR_ORPHAN_PRODUCT_KEY,2026-09-02 23:28:07.281729+05:30
135268,68651,999999,1,3774.03,754.81,3019.22,2026-09-02 23:22:46.485392,order_items.csv,ERR_ORPHAN_PRODUCT_KEY,2026-09-02 23:28:07.281729+05:30
135348,68694,999999,1,53184.3,5318.43,47865.87,2026-09-02 23:22:46.485392,order_items.csv,ERR_ORPHAN_PRODUCT_KEY,2026-09-02 23:28:07.281729+05:30
135616,68830,999999,1,23882.26,1194.11,22688.15,2026-09-02 23:22:46.485392,order_items.csv,ERR_ORPHAN_PRODUCT_KEY,2026-09-02 23:28:07.281729+05:30
135664,68858,999999,1,1538.94,0.0,1538.94,2026-09-02 23:22:46.485392,order_items.csv,ERR_ORPHAN_PRODUCT_KEY,2026-09-02 23:28:07.281729+05:30
136183,69113,999999,1,11550.54,0.0,11550.54,2026-09-02 23:22:46.485392,order_items.csv,ERR_ORPHAN_PRODUCT_KEY,2026-09-02 23:28:07.281729+05:30
136340,69200,999999,2,2785.76,0.0,5571.52,2026-09-02 23:22:46.485392,order_items.csv,ERR_ORPHAN_PRODUCT_KEY,2026-09-02 23:28:07.281729+05:30
136508,69285,999999,2,498.27,0.0,996.54,2026-09-02 23:22:46.485392,order_items.csv,ERR_ORPHAN_PRODUCT_KEY,2026-09-02 23:28:07.281729+05:30
136646,69355,999999,1,8029.15,0.0,8029.15,2026-09-02 23:22:46.485392,order_items.csv,ERR_ORPHAN_PRODUCT_KEY,2026-09-02 23:28:07.281729+05:30
136813,69443,999999,5,338.44,253.83,1438.37,2026-09-02 23:22:46.485392,order_items.csv,ERR_ORPHAN_PRODUCT_KEY,2026-09-02 23:28:07.281729+05:30
136838,69454,999999,1,4916.7,737.5,4179.2,2026-09-02 23:22:46.485392,order_items.csv,ERR_ORPHAN_PRODUCT_KEY,2026-09-02 23:28:07.281729+05:30
136972,69530,999999,1,76.75,0.0,76.75,2026-09-02 23:22:46.485392,order_items.csv,ERR_ORPHAN_PRODUCT_KEY,2026-09-02 23:28:07.281729+05:30
137247,69679,999999,1,9864.34,493.22,9371.12,2026-09-02 23:22:46.485392,order_items.csv,ERR_ORPHAN_PRODUCT_KEY,2026-09-02 23:28:07.281729+05:30
137275,69698,999999,1,7758.19,1551.64,6206.55,2026-09-02 23:22:46.485392,order_items.csv,ERR_ORPHAN_PRODUCT_KEY,2026-09-02 23:28:07.281729+05:30
137397,69764,999999,1,5808.74,0.0,5808.74,2026-09-02 23:22:46.485392,order_items.csv,ERR_ORPHAN_PRODUCT_KEY,2026-09-02 23:28:07.281729+05:30
137430,69784,999999,1,917.94,45.9,872.04,2026-09-02 23:22:46.485392,order_items.csv,ERR_ORPHAN_PRODUCT_KEY,2026-09-02 23:28:07.281729+05:30
137446,69793,999999,1,962.16,48.11,914.05,2026-09-02 23:22:46.485392,order_items.csv,ERR_ORPHAN_PRODUCT_KEY,2026-09-02 23:28:07.281729+05:30
137751,69959,999999,1,1550.08,77.5,1472.58,2026-09-02 23:22:46.485392,order_items.csv,ERR_ORPHAN_PRODUCT_KEY,2026-09-02 23:28:07.281729+05:30
138008,70084,999999,1,320.68,0.0,320.68,2026-09-02 23:22:46.485392,order_items.csv,ERR_ORPHAN_PRODUCT_KEY,2026-09-02 23:28:07.281729+05:30
138190,70181,999999,2,4176.35,0.0,8352.7,2026-09-02 23:22:46.485392,order_items.csv,ERR_ORPHAN_PRODUCT_KEY,2026-09-02 23:28:07.281729+05:30
138234,70205,999999,2,2591.5,518.3,4664.7,2026-09-02 23:22:46.485392,order_items.csv,ERR_ORPHAN_PRODUCT_KEY,2026-09-02 23:28:07.281729+05:30
138329,70261,999999,1,25902.97,0.0,25902.97,2026-09-02 23:22:46.485392,order_items.csv,ERR_ORPHAN_PRODUCT_KEY,2026-09-02 23:28:07.281729+05:30
138420,70306,999999,1,1054.17,0.0,1054.17,2026-09-02 23:22:46.485392,order_items.csv,ERR_ORPHAN_PRODUCT_KEY,2026-09-02 23:28:07.281729+05:30
138580,70391,999999,1,195.89,19.59,176.3,2026-09-02 23:22:46.485392,order_items.csv,ERR_ORPHAN_PRODUCT_KEY,2026-09-02 23:28:07.281729+05:30
138641,70422,999999,1,4448.21,444.82,4003.39,2026-09-02 23:22:46.485392,order_items.csv,ERR_ORPHAN_PRODUCT_KEY,2026-09-02 23:28:07.281729+05:30
138654,70431,999999,3,1544.2,0.0,4632.6,2026-09-02 23:22:46.485392,order_items.csv,ERR_ORPHAN_PRODUCT_KEY,2026-09-02 23:28:07.281729+05:30
138681,70445,999999,2,2151.57,0.0,4303.14,2026-09-02 23:22:46.485392,order_items.csv,ERR_ORPHAN_PRODUCT_KEY,2026-09-02 23:28:07.281729+05:30
138771,70494,999999,4,529.34,0.0,2117.36,2026-09-02 23:22:46.485392,order_items.csv,ERR_ORPHAN_PRODUCT_KEY,2026-09-02 23:28:07.281729+05:30
138795,70508,999999,2,236.71,23.67,449.75,2026-09-02 23:22:46.485392,order_items.csv,ERR_ORPHAN_PRODUCT_KEY,2026-09-02 23:28:07.281729+05:30
139031,70628,999999,2,479.02,47.9,910.14,2026-09-02 23:22:46.485392,order_items.csv,ERR_ORPHAN_PRODUCT_KEY,2026-09-02 23:28:07.281729+05:30
139206,70723,999999,1,8502.44,1700.49,6801.95,2026-09-02 23:22:46.485392,order_items.csv,ERR_ORPHAN_PRODUCT_KEY,2026-09-02 23:28:07.281729+05:30
139226,70735,999999,1,1296.48,0.0,1296.48,2026-09-02 23:22:46.485392,order_items.csv,ERR_ORPHAN_PRODUCT_KEY,2026-09-02 23:28:07.281729+05:30
139286,70768,999999,1,3413.71,0.0,3413.71,2026-09-02 23:22:46.485392,order_items.csv,ERR_ORPHAN_PRODUCT_KEY,2026-09-02 23:28:07.281729+05:30
139299,70774,999999,1,12785.51,1278.55,11506.96,2026-09-02 23:22:46.485392,order_items.csv,ERR_ORPHAN_PRODUCT_KEY,2026-09-02 23:28:07.281729+05:30
140022,71157,999999,2,3899.6,0.0,7799.2,2026-09-02 23:22:46.485392,order_items.csv,ERR_ORPHAN_PRODUCT_KEY,2026-09-02 23:28:07.281729+05:30
140060,71178,999999,2,6247.75,0.0,12495.5,2026-09-02 23:22:46.485392,order_items.csv,ERR_ORPHAN_PRODUCT_KEY,2026-09-02 23:28:07.281729+05:30
140554,71436,999999,1,13639.56,0.0,13639.56,2026-09-02 23:22:46.485392,order_items.csv,ERR_ORPHAN_PRODUCT_KEY,2026-09-02 23:28:07.281729+05:30
140560,71440,999999,2,10886.42,0.0,21772.84,2026-09-02 23:22:46.485392,order_items.csv,ERR_ORPHAN_PRODUCT_KEY,2026-09-02 23:28:07.281729+05:30
140664,71492,999999,3,11308.74,1696.31,32229.91,2026-09-02 23:22:46.485392,order_items.csv,ERR_ORPHAN_PRODUCT_KEY,2026-09-02 23:28:07.281729+05:30
141011,71689,999999,4,6097.84,2439.14,21952.22,2026-09-02 23:22:46.485392,order_items.csv,ERR_ORPHAN_PRODUCT_KEY,2026-09-02 23:28:07.281729+05:30
141227,71801,999999,1,105.2,15.78,89.42,2026-09-02 23:22:46.485392,order_items.csv,ERR_ORPHAN_PRODUCT_KEY,2026-09-02 23:28:07.281729+05:30
141254,71814,999999,1,9716.04,1943.21,7772.83,2026-09-02 23:22:46.485392,order_items.csv,ERR_ORPHAN_PRODUCT_KEY,2026-09-02 23:28:07.281729+05:30
141561,71967,999999,1,1200.96,0.0,1200.96,2026-09-02 23:22:46.485392,order_items.csv,ERR_ORPHAN_PRODUCT_KEY,2026-09-02 23:28:07.281729+05:30
141672,72023,999999,3,2238.02,0.0,6714.06,2026-09-02 23:22:46.485392,order_items.csv,ERR_ORPHAN_PRODUCT_KEY,2026-09-02 23:28:07.281729+05:30
141687,72029,999999,2,5330.99,0.0,10661.98,2026-09-02 23:22:46.485392,order_items.csv,ERR_ORPHAN_PRODUCT_KEY,2026-09-02 23:28:07.281729+05:30
141786,72080,999999,2,969.55,96.95,1842.15,2026-09-02 23:22:46.485392,order_items.csv,ERR_ORPHAN_PRODUCT_KEY,2026-09-02 23:28:07.281729+05:30
141815,72100,999999,2,927.52,0.0,1855.04,2026-09-02 23:22:46.485392,order_items.csv,ERR_ORPHAN_PRODUCT_KEY,2026-09-02 23:28:07.281729+05:30
142225,72326,999999,2,6286.1,0.0,12572.2,2026-09-02 23:22:46.485392,order_items.csv,ERR_ORPHAN_PRODUCT_KEY,2026-09-02 23:28:07.281729+05:30
142876,72665,999999,2,30830.78,0.0,61661.56,2026-09-02 23:22:46.485392,order_items.csv,ERR_ORPHAN_PRODUCT_KEY,2026-09-02 23:28:07.281729+05:30
143015,72737,999999,3,1091.26,327.38,2946.4,2026-09-02 23:22:46.485392,order_items.csv,ERR_ORPHAN_PRODUCT_KEY,2026-09-02 23:28:07.281729+05:30
143366,72928,999999,3,529.36,79.4,1508.68,2026-09-02 23:22:46.485392,order_items.csv,ERR_ORPHAN_PRODUCT_KEY,2026-09-02 23:28:07.281729+05:30
143524,73013,999999,1,6308.95,0.0,6308.95,2026-09-02 23:22:46.485392,order_items.csv,ERR_ORPHAN_PRODUCT_KEY,2026-09-02 23:28:07.281729+05:30
143691,73102,999999,2,2971.26,1188.5,4754.02,2026-09-02 23:22:46.485392,order_items.csv,ERR_ORPHAN_PRODUCT_KEY,2026-09-02 23:28:07.281729+05:30
143843,73191,999999,2,3467.52,0.0,6935.04,2026-09-02 23:22:46.485392,order_items.csv,ERR_ORPHAN_PRODUCT_KEY,2026-09-02 23:28:07.281729+05:30
143960,73260,999999,1,4381.84,876.37,3505.47,2026-09-02 23:22:46.485392,order_items.csv,ERR_ORPHAN_PRODUCT_KEY,2026-09-02 23:28:07.281729+05:30
143990,73278,999999,1,281.4,0.0,281.4,2026-09-02 23:22:46.485392,order_items.csv,ERR_ORPHAN_PRODUCT_KEY,2026-09-02 23:28:07.281729+05:30
144102,73336,999999,1,3318.91,0.0,3318.91,2026-09-02 23:22:46.485392,order_items.csv,ERR_ORPHAN_PRODUCT_KEY,2026-09-02 23:28:07.281729+05:30
144249,73425,999999,1,4564.37,0.0,4564.37,2026-09-02 23:22:46.485392,order_items.csv,ERR_ORPHAN_PRODUCT_KEY,2026-09-02 23:28:07.281729+05:30
144479,73544,999999,1,3185.29,0.0,3185.29,2026-09-02 23:22:46.485392,order_items.csv,ERR_ORPHAN_PRODUCT_KEY,2026-09-02 23:28:07.281729+05:30
144488,73548,999999,1,6140.05,614.0,5526.05,2026-09-02 23:22:46.485392,order_items.csv,ERR_ORPHAN_PRODUCT_KEY,2026-09-02 23:28:07.281729+05:30
144511,73556,999999,2,14216.26,5686.5,22746.02,2026-09-02 23:22:46.485392,order_items.csv,ERR_ORPHAN_PRODUCT_KEY,2026-09-02 23:28:07.281729+05:30
144874,73745,999999,1,2913.46,0.0,2913.46,2026-09-02 23:22:46.485392,order_items.csv,ERR_ORPHAN_PRODUCT_KEY,2026-09-02 23:28:07.281729+05:30
145160,73890,999999,1,9864.34,493.22,9371.12,2026-09-02 23:22:46.485392,order_items.csv,ERR_ORPHAN_PRODUCT_KEY,2026-09-02 23:28:07.281729+05:30
145448,74038,999999,2,6097.84,0.0,12195.68,2026-09-02 23:22:46.485392,order_items.csv,ERR_ORPHAN_PRODUCT_KEY,2026-09-02 23:28:07.281729+05:30
145525,74080,999999,2,18403.98,5521.19,31286.77,2026-09-02 23:22:46.485392,order_items.csv,ERR_ORPHAN_PRODUCT_KEY,2026-09-02 23:28:07.281729+05:30
146025,74348,999999,1,454.24,90.85,363.39,2026-09-02 23:22:46.485392,order_items.csv,ERR_ORPHAN_PRODUCT_KEY,2026-09-02 23:28:07.281729+05:30
146118,74395,999999,3,2591.5,0.0,7774.5,2026-09-02 23:22:46.485392,order_items.csv,ERR_ORPHAN_PRODUCT_KEY,2026-09-02 23:28:07.281729+05:30
146418,74552,999999,5,1850.24,0.0,9251.2,2026-09-02 23:22:46.485392,order_items.csv,ERR_ORPHAN_PRODUCT_KEY,2026-09-02 23:28:07.281729+05:30
146446,74569,999999,1,2754.91,0.0,2754.91,2026-09-02 23:22:46.485392,order_items.csv,ERR_ORPHAN_PRODUCT_KEY,2026-09-02 23:28:07.281729+05:30
146605,74646,999999,2,503.61,50.36,956.86,2026-09-02 23:22:46.485392,order_items.csv,ERR_ORPHAN_PRODUCT_KEY,2026-09-02 23:28:07.281729+05:30
146784,74744,999999,2,860.29,0.0,1720.58,2026-09-02 23:22:46.485392,order_items.csv,ERR_ORPHAN_PRODUCT_KEY,2026-09-02 23:28:07.281729+05:30
146848,74783,999999,2,3728.37,745.67,6711.07,2026-09-02 23:22:46.485392,order_items.csv,ERR_ORPHAN_PRODUCT_KEY,2026-09-02 23:28:07.281729+05:30
147026,74881,999999,1,798.78,39.94,758.84,2026-09-02 23:22:46.485392,order_items.csv,ERR_ORPHAN_PRODUCT_KEY,2026-09-02 23:28:07.281729+05:30
147083,74911,999999,1,890.96,44.55,846.41,2026-09-02 23:22:46.485392,order_items.csv,ERR_ORPHAN_PRODUCT_KEY,2026-09-02 23:28:07.281729+05:30
147129,74936,999999,1,1091.26,54.56,1036.7,2026-09-02 23:22:46.485392,order_items.csv,ERR_ORPHAN_PRODUCT_KEY,2026-09-02 23:28:07.281729+05:30
147421,75098,999999,3,8502.44,0.0,25507.32,2026-09-02 23:22:46.485392,order_items.csv,ERR_ORPHAN_PRODUCT_KEY,2026-09-02 23:28:07.281729+05:30
147670,75227,999999,1,467.62,0.0,467.62,2026-09-02 23:22:46.485392,order_items.csv,ERR_ORPHAN_PRODUCT_KEY,2026-09-02 23:28:07.281729+05:30
147679,75232,999999,2,2444.38,0.0,4888.76,2026-09-02 23:22:46.485392,order_items.csv,ERR_ORPHAN_PRODUCT_KEY,2026-09-02 23:28:07.281729+05:30
147690,75237,999999,2,10871.74,3261.52,18481.96,2026-09-02 23:22:46.485392,order_items.csv,ERR_ORPHAN_PRODUCT_KEY,2026-09-02 23:28:07.281729+05:30
147846,75317,999999,2,2232.28,0.0,4464.56,2026-09-02 23:22:46.485392,order_items.csv,ERR_ORPHAN_PRODUCT_KEY,2026-09-02 23:28:07.281729+05:30
147967,75382,999999,2,50333.66,0.0,100667.32,2026-09-02 23:22:46.485392,order_items.csv,ERR_ORPHAN_PRODUCT_KEY,2026-09-02 23:28:07.281729+05:30
148008,75400,999999,1,455.97,68.4,387.57,2026-09-02 23:22:46.485392,order_items.csv,ERR_ORPHAN_PRODUCT_KEY,2026-09-02 23:28:07.281729+05:30
148045,75419,999999,2,6694.22,1338.84,12049.6,2026-09-02 23:22:46.485392,order_items.csv,ERR_ORPHAN_PRODUCT_KEY,2026-09-02 23:28:07.281729+05:30
148111,75453,999999,1,10774.19,2154.84,8619.35,2026-09-02 23:22:46.485392,order_items.csv,ERR_ORPHAN_PRODUCT_KEY,2026-09-02 23:28:07.281729+05:30
148117,75456,999999,1,376.93,0.0,376.93,2026-09-02 23:22:46.485392,order_items.csv,ERR_ORPHAN_PRODUCT_KEY,2026-09-02 23:28:07.281729+05:30
148213,75500,999999,1,13084.89,0.0,13084.89,2026-09-02 23:22:46.485392,order_items.csv,ERR_ORPHAN_PRODUCT_KEY,2026-09-02 23:28:07.281729+05:30
148449,75632,999999,1,4339.17,216.96,4122.21,2026-09-02 23:22:46.485392,order_items.csv,ERR_ORPHAN_PRODUCT_KEY,2026-09-02 23:28:07.281729+05:30
148624,75725,999999,3,10977.89,0.0,32933.67,2026-09-02 23:22:46.485392,order_items.csv,ERR_ORPHAN_PRODUCT_KEY,2026-09-02 23:28:07.281729+05:30
148626,75725,999999,1,906.34,0.0,906.34,2026-09-02 23:22:46.485392,order_items.csv,ERR_ORPHAN_PRODUCT_KEY,2026-09-02 23:28:07.281729+05:30
148902,75874,999999,1,6528.27,0.0,6528.27,2026-09-02 23:22:46.485392,order_items.csv,ERR_ORPHAN_PRODUCT_KEY,2026-09-02 23:28:07.281729+05:30
148995,75930,999999,1,9070.71,1814.14,7256.57,2026-09-02 23:22:46.485392,order_items.csv,ERR_ORPHAN_PRODUCT_KEY,2026-09-02 23:28:07.281729+05:30
149226,76044,999999,2,1387.95,0.0,2775.9,2026-09-02 23:22:46.485392,order_items.csv,ERR_ORPHAN_PRODUCT_KEY,2026-09-02 23:28:07.281729+05:30
149360,76121,999999,2,4530.97,0.0,9061.94,2026-09-02 23:22:46.485392,order_items.csv,ERR_ORPHAN_PRODUCT_KEY,2026-09-02 23:28:07.281729+05:30
149486,76183,999999,1,400.01,20.0,380.01,2026-09-02 23:22:46.485392,order_items.csv,ERR_ORPHAN_PRODUCT_KEY,2026-09-02 23:28:07.281729+05:30
149808,76353,999999,2,9453.25,0.0,18906.5,2026-09-02 23:22:46.485392,order_items.csv,ERR_ORPHAN_PRODUCT_KEY,2026-09-02 23:28:07.281729+05:30
149875,76388,999999,2,1453.52,290.7,2616.34,2026-09-02 23:22:46.485392,order_items.csv,ERR_ORPHAN_PRODUCT_KEY,2026-09-02 23:28:07.281729+05:30
149979,76442,999999,1,14465.96,0.0,14465.96,2026-09-02 23:22:46.485392,order_items.csv,ERR_ORPHAN_PRODUCT_KEY,2026-09-02 23:28:07.281729+05:30
150086,76501,999999,2,34302.22,10290.67,58313.77,2026-09-02 23:22:46.485392,order_items.csv,ERR_ORPHAN_PRODUCT_KEY,2026-09-02 23:28:07.281729+05:30
150091,76504,999999,2,36134.01,10840.2,61427.82,2026-09-02 23:22:46.485392,order_items.csv,ERR_ORPHAN_PRODUCT_KEY,2026-09-02 23:28:07.281729+05:30
150399,76663,999999,1,10368.25,0.0,10368.25,2026-09-02 23:22:46.485392,order_items.csv,ERR_ORPHAN_PRODUCT_KEY,2026-09-02 23:28:07.281729+05:30
150643,76797,999999,2,228.85,0.0,457.7,2026-09-02 23:22:46.485392,order_items.csv,ERR_ORPHAN_PRODUCT_KEY,2026-09-02 23:28:07.281729+05:30
150981,76985,999999,2,6364.34,0.0,12728.68,2026-09-02 23:22:46.485392,order_items.csv,ERR_ORPHAN_PRODUCT_KEY,2026-09-02 23:28:07.281729+05:30
151360,77193,999999,2,12395.09,0.0,24790.18,2026-09-02 23:22:46.485392,order_items.csv,ERR_ORPHAN_PRODUCT_KEY,2026-09-02 23:28:07.281729+05:30
151417,77226,999999,1,1000.16,0.0,1000.16,2026-09-02 23:22:46.485392,order_items.csv,ERR_ORPHAN_PRODUCT_KEY,2026-09-02 23:28:07.281729+05:30
151744,77408,999999,3,1538.94,0.0,4616.82,2026-09-02 23:22:46.485392,order_items.csv,ERR_ORPHAN_PRODUCT_KEY,2026-09-02 23:28:07.281729+05:30
151750,77412,999999,1,4284.76,0.0,4284.76,2026-09-02 23:22:46.485392,order_items.csv,ERR_ORPHAN_PRODUCT_KEY,2026-09-02 23:28:07.281729+05:30
151906,77497,999999,1,15352.64,0.0,15352.64,2026-09-02 23:22:46.485392,order_items.csv,ERR_ORPHAN_PRODUCT_KEY,2026-09-02 23:28:07.281729+05:30
151956,77527,999999,3,1929.46,0.0,5788.38,2026-09-02 23:22:46.485392,order_items.csv,ERR_ORPHAN_PRODUCT_KEY,2026-09-02 23:28:07.281729+05:30
152100,77603,999999,2,4419.94,883.99,7955.89,2026-09-02 23:22:46.485392,order_items.csv,ERR_ORPHAN_PRODUCT_KEY,2026-09-02 23:28:07.281729+05:30
152216,77666,999999,3,8116.75,0.0,24350.25,2026-09-02 23:22:46.485392,order_items.csv,ERR_ORPHAN_PRODUCT_KEY,2026-09-02 23:28:07.281729+05:30
152486,77820,999999,1,621.06,0.0,621.06,2026-09-02 23:22:46.485392,order_items.csv,ERR_ORPHAN_PRODUCT_KEY,2026-09-02 23:28:07.281729+05:30
152502,77828,999999,2,3292.3,0.0,6584.6,2026-09-02 23:22:46.485392,order_items.csv,ERR_ORPHAN_PRODUCT_KEY,2026-09-02 23:28:07.281729+05:30
152522,77839,999999,1,161.25,0.0,161.25,2026-09-02 23:22:46.485392,order_items.csv,ERR_ORPHAN_PRODUCT_KEY,2026-09-02 23:28:07.281729+05:30
152565,77858,999999,2,49460.15,9892.03,89028.27,2026-09-02 23:22:46.485392,order_items.csv,ERR_ORPHAN_PRODUCT_KEY,2026-09-02 23:28:07.281729+05:30
152722,77937,999999,1,983.02,98.3,884.72,2026-09-02 23:22:46.485392,order_items.csv,ERR_ORPHAN_PRODUCT_KEY,2026-09-02 23:28:07.281729+05:30
152769,77961,999999,3,4283.1,1284.93,11564.37,2026-09-02 23:22:46.485392,order_items.csv,ERR_ORPHAN_PRODUCT_KEY,2026-09-02 23:28:07.281729+05:30
153026,78089,999999,1,843.93,42.2,801.73,2026-09-02 23:22:46.485392,order_items.csv,ERR_ORPHAN_PRODUCT_KEY,2026-09-02 23:28:07.281729+05:30
153043,78101,999999,2,1638.13,0.0,3276.26,2026-09-02 23:22:46.485392,order_items.csv,ERR_ORPHAN_PRODUCT_KEY,2026-09-02 23:28:07.281729+05:30
153307,78246,999999,2,4712.46,0.0,9424.92,2026-09-02 23:22:46.485392,order_items.csv,ERR_ORPHAN_PRODUCT_KEY,2026-09-02 23:28:07.281729+05:30
153330,78257,999999,4,47271.03,9454.21,179629.91,2026-09-02 23:22:46.485392,order_items.csv,ERR_ORPHAN_PRODUCT_KEY,2026-09-02 23:28:07.281729+05:30
153393,78287,999999,1,4070.53,0.0,4070.53,2026-09-02 23:22:46.485392,order_items.csv,ERR_ORPHAN_PRODUCT_KEY,2026-09-02 23:28:07.281729+05:30
153417,78302,999999,1,11202.97,1120.3,10082.67,2026-09-02 23:22:46.485392,order_items.csv,ERR_ORPHAN_PRODUCT_KEY,2026-09-02 23:28:07.281729+05:30
153491,78345,999999,1,378.22,56.73,321.49,2026-09-02 23:22:46.485392,order_items.csv,ERR_ORPHAN_PRODUCT_KEY,2026-09-02 23:28:07.281729+05:30
153702,78461,999999,2,1202.0,0.0,2404.0,2026-09-02 23:22:46.485392,order_items.csv,ERR_ORPHAN_PRODUCT_KEY,2026-09-02 23:28:07.281729+05:30
153716,78470,999999,1,732.93,36.65,696.28,2026-09-02 23:22:46.485392,order_items.csv,ERR_ORPHAN_PRODUCT_KEY,2026-09-02 23:28:07.281729+05:30
154037,78640,999999,2,1000.16,0.0,2000.32,2026-09-02 23:22:46.485392,order_items.csv,ERR_ORPHAN_PRODUCT_KEY,2026-09-02 23:28:07.281729+05:30
154156,78706,999999,3,3000.13,900.04,8100.35,2026-09-02 23:22:46.485392,order_items.csv,ERR_ORPHAN_PRODUCT_KEY,2026-09-02 23:28:07.281729+05:30
154161,78709,999999,1,10829.45,0.0,10829.45,2026-09-02 23:22:46.485392,order_items.csv,ERR_ORPHAN_PRODUCT_KEY,2026-09-02 23:28:07.281729+05:30
154413,78834,999999,2,24324.12,0.0,48648.24,2026-09-02 23:22:46.485392,order_items.csv,ERR_ORPHAN_PRODUCT_KEY,2026-09-02 23:28:07.281729+05:30
154475,78867,999999,2,1260.3,0.0,2520.6,2026-09-02 23:22:46.485392,order_items.csv,ERR_ORPHAN_PRODUCT_KEY,2026-09-02 23:28:07.281729+05:30
154957,79116,999999,1,286.01,42.9,243.11,2026-09-02 23:22:46.485392,order_items.csv,ERR_ORPHAN_PRODUCT_KEY,2026-09-02 23:28:07.281729+05:30
155184,79235,999999,1,8502.44,0.0,8502.44,2026-09-02 23:22:46.485392,order_items.csv,ERR_ORPHAN_PRODUCT_KEY,2026-09-02 23:28:07.281729+05:30
155442,79380,999999,1,10729.06,0.0,10729.06,2026-09-02 23:22:46.485392,order_items.csv,ERR_ORPHAN_PRODUCT_KEY,2026-09-02 23:28:07.281729+05:30
155591,79460,999999,1,6790.08,0.0,6790.08,2026-09-02 23:22:46.485392,order_items.csv,ERR_ORPHAN_PRODUCT_KEY,2026-09-02 23:28:07.281729+05:30
156351,79868,999999,1,4396.26,659.44,3736.82,2026-09-02 23:22:46.485392,order_items.csv,ERR_ORPHAN_PRODUCT_KEY,2026-09-02 23:28:07.281729+05:30
156390,79889,999999,3,4339.17,0.0,13017.51,2026-09-02 23:22:46.485392,order_items.csv,ERR_ORPHAN_PRODUCT_KEY,2026-09-02 23:28:07.281729+05:30
156722,80060,999999,1,1752.99,0.0,1752.99,2026-09-02 23:22:46.485392,order_items.csv,ERR_ORPHAN_PRODUCT_KEY,2026-09-02 23:28:07.281729+05:30
156838,80123,999999,1,10368.25,0.0,10368.25,2026-09-02 23:22:46.485392,order_items.csv,ERR_ORPHAN_PRODUCT_KEY,2026-09-02 23:28:07.281729+05:30
156911,80168,999999,1,1506.11,150.61,1355.5,2026-09-02 23:22:46.485392,order_items.csv,ERR_ORPHAN_PRODUCT_KEY,2026-09-02 23:28:07.281729+05:30
157095,80259,999999,1,10564.67,0.0,10564.67,2026-09-02 23:22:46.485392,order_items.csv,ERR_ORPHAN_PRODUCT_KEY,2026-09-02 23:28:07.281729+05:30
157197,80313,999999,1,1471.96,0.0,1471.96,2026-09-02 23:22:46.485392,order_items.csv,ERR_ORPHAN_PRODUCT_KEY,2026-09-02 23:28:07.281729+05:30
157216,80323,999999,3,5060.7,0.0,15182.1,2026-09-02 23:22:46.485392,order_items.csv,ERR_ORPHAN_PRODUCT_KEY,2026-09-02 23:28:07.281729+05:30
157403,80416,999999,1,7269.53,0.0,7269.53,2026-09-02 23:22:46.485392,order_items.csv,ERR_ORPHAN_PRODUCT_KEY,2026-09-02 23:28:07.281729+05:30
157485,80471,999999,1,568.9,0.0,568.9,2026-09-02 23:22:46.485392,order_items.csv,ERR_ORPHAN_PRODUCT_KEY,2026-09-02 23:28:07.281729+05:30
157523,80489,999999,3,30044.36,18026.62,72106.46,2026-09-02 23:22:46.485392,order_items.csv,ERR_ORPHAN_PRODUCT_KEY,2026-09-02 23:28:07.281729+05:30
157536,80495,999999,10,49816.53,0.0,498165.3,2026-09-02 23:22:46.485392,order_items.csv,ERR_ORPHAN_PRODUCT_KEY,2026-09-02 23:28:07.281729+05:30
157570,80515,999999,1,7041.43,0.0,7041.43,2026-09-02 23:22:46.485392,order_items.csv,ERR_ORPHAN_PRODUCT_KEY,2026-09-02 23:28:07.281729+05:30
157630,80544,999999,1,13189.08,2637.82,10551.26,2026-09-02 23:22:46.485392,order_items.csv,ERR_ORPHAN_PRODUCT_KEY,2026-09-02 23:28:07.281729+05:30
157934,80719,999999,1,50238.97,0.0,50238.97,2026-09-02 23:22:46.485392,order_items.csv,ERR_ORPHAN_PRODUCT_KEY,2026-09-02 23:28:07.281729+05:30
158128,80818,999999,1,3686.61,0.0,3686.61,2026-09-02 23:22:46.485392,order_items.csv,ERR_ORPHAN_PRODUCT_KEY,2026-09-02 23:28:07.281729+05:30
158944,81257,999999,1,4669.08,0.0,4669.08,2026-09-02 23:22:46.485392,order_items.csv,ERR_ORPHAN_PRODUCT_KEY,2026-09-02 23:28:07.281729+05:30
159009,81292,999999,1,488.16,0.0,488.16,2026-09-02 23:22:46.485392,order_items.csv,ERR_ORPHAN_PRODUCT_KEY,2026-09-02 23:28:07.281729+05:30
159053,81313,999999,3,19121.14,0.0,57363.42,2026-09-02 23:22:46.485392,order_items.csv,ERR_ORPHAN_PRODUCT_KEY,2026-09-02 23:28:07.281729+05:30
159233,81408,999999,1,358.15,71.63,286.52,2026-09-02 23:22:46.485392,order_items.csv,ERR_ORPHAN_PRODUCT_KEY,2026-09-02 23:28:07.281729+05:30
159375,81488,999999,1,10368.25,1036.83,9331.42,2026-09-02 23:22:46.485392,order_items.csv,ERR_ORPHAN_PRODUCT_KEY,2026-09-02 23:28:07.281729+05:30
159457,81536,999999,1,3198.25,479.74,2718.51,2026-09-02 23:22:46.485392,order_items.csv,ERR_ORPHAN_PRODUCT_KEY,2026-09-02 23:28:07.281729+05:30
159468,81540,999999,2,5881.3,0.0,11762.6,2026-09-02 23:22:46.485392,order_items.csv,ERR_ORPHAN_PRODUCT_KEY,2026-09-02 23:28:07.281729+05:30
159487,81550,999999,1,272.83,13.64,259.19,2026-09-02 23:22:46.485392,order_items.csv,ERR_ORPHAN_PRODUCT_KEY,2026-09-02 23:28:07.281729+05:30
159665,81641,999999,1,3094.03,154.7,2939.33,2026-09-02 23:22:46.485392,order_items.csv,ERR_ORPHAN_PRODUCT_KEY,2026-09-02 23:28:07.281729+05:30
159734,81674,999999,-1,6040.51,302.03,5738.48,2026-09-02 23:22:46.485392,order_items.csv,ERR_INVALID_QUANTITY_NON_POSITIVE,2026-09-02 23:28:07.281729+05:30
159791,81700,999999,1,5330.99,533.1,4797.89,2026-09-02 23:22:46.485392,order_items.csv,ERR_ORPHAN_PRODUCT_KEY,2026-09-02 23:28:07.281729+05:30
159811,81713,999999,1,1584.6,0.0,1584.6,2026-09-02 23:22:46.485392,order_items.csv,ERR_ORPHAN_PRODUCT_KEY,2026-09-02 23:28:07.281729+05:30
159849,81736,999999,1,37016.98,0.0,37016.98,2026-09-02 23:22:46.485392,order_items.csv,ERR_ORPHAN_PRODUCT_KEY,2026-09-02 23:28:07.281729+05:30
159884,81758,999999,1,994.03,49.7,944.33,2026-09-02 23:22:46.485392,order_items.csv,ERR_ORPHAN_PRODUCT_KEY,2026-09-02 23:28:07.281729+05:30
159924,81780,999999,2,1200.96,120.1,2281.82,2026-09-02 23:22:46.485392,order_items.csv,ERR_ORPHAN_PRODUCT_KEY,2026-09-02 23:28:07.281729+05:30
160267,81979,999999,1,1072.24,107.22,965.02,2026-09-02 23:22:46.485392,order_items.csv,ERR_ORPHAN_PRODUCT_KEY,2026-09-02 23:28:07.281729+05:30
160474,82083,999999,1,3458.42,172.92,3285.5,2026-09-02 23:22:46.485392,order_items.csv,ERR_ORPHAN_PRODUCT_KEY,2026-09-02 23:28:07.281729+05:30
160477,82084,999999,2,11316.97,1131.7,21502.24,2026-09-02 23:22:46.485392,order_items.csv,ERR_ORPHAN_PRODUCT_KEY,2026-09-02 23:28:07.281729+05:30
160487,82090,999999,1,50231.86,10046.37,40185.49,2026-09-02 23:22:46.485392,order_items.csv,ERR_ORPHAN_PRODUCT_KEY,2026-09-02 23:28:07.281729+05:30
160600,82142,999999,1,3775.51,188.78,3586.73,2026-09-02 23:22:46.485392,order_items.csv,ERR_ORPHAN_PRODUCT_KEY,2026-09-02 23:28:07.281729+05:30
161145,82433,999999,1,1097.23,109.72,987.51,2026-09-02 23:22:46.485392,order_items.csv,ERR_ORPHAN_PRODUCT_KEY,2026-09-02 23:28:07.281729+05:30
161328,82519,999999,1,900.12,45.01,855.11,2026-09-02 23:22:46.485392,order_items.csv,ERR_ORPHAN_PRODUCT_KEY,2026-09-02 23:28:07.281729+05:30
161545,82634,999999,4,3179.62,1271.85,11446.63,2026-09-02 23:22:46.485392,order_items.csv,ERR_ORPHAN_PRODUCT_KEY,2026-09-02 23:28:07.281729+05:30
161702,82713,999999,3,455.97,205.19,1162.72,2026-09-02 23:22:46.485392,order_items.csv,ERR_ORPHAN_PRODUCT_KEY,2026-09-02 23:28:07.281729+05:30
162026,82891,999999,3,1269.44,0.0,3808.32,2026-09-02 23:22:46.485392,order_items.csv,ERR_ORPHAN_PRODUCT_KEY,2026-09-02 23:28:07.281729+05:30
162084,82920,999999,1,4604.92,0.0,4604.92,2026-09-02 23:22:46.485392,order_items.csv,ERR_ORPHAN_PRODUCT_KEY,2026-09-02 23:28:07.281729+05:30
162104,82931,999999,3,11316.97,0.0,33950.91,2026-09-02 23:22:46.485392,order_items.csv,ERR_ORPHAN_PRODUCT_KEY,2026-09-02 23:28:07.281729+05:30
162258,83011,999999,2,437.39,43.74,831.04,2026-09-02 23:22:46.485392,order_items.csv,ERR_ORPHAN_PRODUCT_KEY,2026-09-02 23:28:07.281729+05:30
162270,83018,999999,2,358.58,107.57,609.59,2026-09-02 23:22:46.485392,order_items.csv,ERR_ORPHAN_PRODUCT_KEY,2026-09-02 23:28:07.281729+05:30
162364,83069,999999,2,4448.21,0.0,8896.42,2026-09-02 23:22:46.485392,order_items.csv,ERR_ORPHAN_PRODUCT_KEY,2026-09-02 23:28:07.281729+05:30
162524,83158,999999,1,10977.89,0.0,10977.89,2026-09-02 23:22:46.485392,order_items.csv,ERR_ORPHAN_PRODUCT_KEY,2026-09-02 23:28:07.281729+05:30
162610,83203,999999,1,148.86,7.44,141.42,2026-09-02 23:22:46.485392,order_items.csv,ERR_ORPHAN_PRODUCT_KEY,2026-09-02 23:28:07.281729+05:30
162690,83243,999999,1,9716.04,0.0,9716.04,2026-09-02 23:22:46.485392,order_items.csv,ERR_ORPHAN_PRODUCT_KEY,2026-09-02 23:28:07.281729+05:30
162902,83354,999999,2,2226.73,0.0,4453.46,2026-09-02 23:22:46.485392,order_items.csv,ERR_ORPHAN_PRODUCT_KEY,2026-09-02 23:28:07.281729+05:30
163085,83453,999999,1,4082.67,0.0,4082.67,2026-09-02 23:22:46.485392,order_items.csv,ERR_ORPHAN_PRODUCT_KEY,2026-09-02 23:28:07.281729+05:30
163086,83453,999999,1,9165.83,1833.17,7332.66,2026-09-02 23:22:46.485392,order_items.csv,ERR_ORPHAN_PRODUCT_KEY,2026-09-02 23:28:07.281729+05:30
163257,83550,999999,2,8116.75,0.0,16233.5,2026-09-02 23:22:46.485392,order_items.csv,ERR_ORPHAN_PRODUCT_KEY,2026-09-02 23:28:07.281729+05:30
163522,83689,999999,3,1835.84,0.0,5507.52,2026-09-02 23:22:46.485392,order_items.csv,ERR_ORPHAN_PRODUCT_KEY,2026-09-02 23:28:07.281729+05:30
163805,83845,999999,3,913.3,0.0,2739.9,2026-09-02 23:22:46.485392,order_items.csv,ERR_ORPHAN_PRODUCT_KEY,2026-09-02 23:28:07.281729+05:30
163831,83858,999999,3,13443.5,0.0,40330.5,2026-09-02 23:22:46.485392,order_items.csv,ERR_ORPHAN_PRODUCT_KEY,2026-09-02 23:28:07.281729+05:30
163841,83863,999999,1,4590.76,0.0,4590.76,2026-09-02 23:22:46.485392,order_items.csv,ERR_ORPHAN_PRODUCT_KEY,2026-09-02 23:28:07.281729+05:30
164134,84016,999999,1,9964.59,0.0,9964.59,2026-09-02 23:22:46.485392,order_items.csv,ERR_ORPHAN_PRODUCT_KEY,2026-09-02 23:28:07.281729+05:30
164322,84120,999999,3,2802.43,1681.46,6725.83,2026-09-02 23:22:46.485392,order_items.csv,ERR_ORPHAN_PRODUCT_KEY,2026-09-02 23:28:07.281729+05:30
164625,84285,999999,2,423.39,0.0,846.78,2026-09-02 23:22:46.485392,order_items.csv,ERR_ORPHAN_PRODUCT_KEY,2026-09-02 23:28:07.281729+05:30
164629,84287,999999,3,1615.15,0.0,4845.45,2026-09-02 23:22:46.485392,order_items.csv,ERR_ORPHAN_PRODUCT_KEY,2026-09-02 23:28:07.281729+05:30
164774,84373,999999,1,41614.0,0.0,41614.0,2026-09-02 23:22:46.485392,order_items.csv,ERR_ORPHAN_PRODUCT_KEY,2026-09-02 23:28:07.281729+05:30
165749,84898,999999,1,50945.36,7641.8,43303.56,2026-09-02 23:22:46.485392,order_items.csv,ERR_ORPHAN_PRODUCT_KEY,2026-09-02 23:28:07.281729+05:30
165956,85010,999999,1,1072.15,0.0,1072.15,2026-09-02 23:22:46.485392,order_items.csv,ERR_ORPHAN_PRODUCT_KEY,2026-09-02 23:28:07.281729+05:30
166136,85103,999999,1,658.53,32.93,625.6,2026-09-02 23:22:46.485392,order_items.csv,ERR_ORPHAN_PRODUCT_KEY,2026-09-02 23:28:07.281729+05:30
166155,85111,999999,1,3552.29,0.0,3552.29,2026-09-02 23:22:46.485392,order_items.csv,ERR_ORPHAN_PRODUCT_KEY,2026-09-02 23:28:07.281729+05:30
166200,85141,999999,1,454.24,0.0,454.24,2026-09-02 23:22:46.485392,order_items.csv,ERR_ORPHAN_PRODUCT_KEY,2026-09-02 23:28:07.281729+05:30
166446,85271,999999,3,52743.47,0.0,158230.41,2026-09-02 23:22:46.485392,order_items.csv,ERR_ORPHAN_PRODUCT_KEY,2026-09-02 23:28:07.281729+05:30
166750,85429,999999,1,5676.77,0.0,5676.77,2026-09-02 23:22:46.485392,order_items.csv,ERR_ORPHAN_PRODUCT_KEY,2026-09-02 23:28:07.281729+05:30
167195,85677,999999,1,46143.85,0.0,46143.85,2026-09-02 23:22:46.485392,order_items.csv,ERR_ORPHAN_PRODUCT_KEY,2026-09-02 23:28:07.281729+05:30
167579,85879,999999,1,330.01,33.0,297.01,2026-09-02 23:22:46.485392,order_items.csv,ERR_ORPHAN_PRODUCT_KEY,2026-09-02 23:28:07.281729+05:30
167762,85975,999999,1,9535.51,0.0,9535.51,2026-09-02 23:22:46.485392,order_items.csv,ERR_ORPHAN_PRODUCT_KEY,2026-09-02 23:28:07.281729+05:30
167971,86078,999999,1,1113.33,0.0,1113.33,2026-09-02 23:22:46.485392,order_items.csv,ERR_ORPHAN_PRODUCT_KEY,2026-09-02 23:28:07.281729+05:30
168053,86124,999999,1,3195.12,0.0,3195.12,2026-09-02 23:22:46.485392,order_items.csv,ERR_ORPHAN_PRODUCT_KEY,2026-09-02 23:28:07.281729+05:30
168418,86321,999999,1,1432.27,71.61,1360.66,2026-09-02 23:22:46.485392,order_items.csv,ERR_ORPHAN_PRODUCT_KEY,2026-09-02 23:28:07.281729+05:30
168441,86333,999999,1,437.39,43.74,393.65,2026-09-02 23:22:46.485392,order_items.csv,ERR_ORPHAN_PRODUCT_KEY,2026-09-02 23:28:07.281729+05:30
168457,86339,999999,1,4540.88,681.13,3859.75,2026-09-02 23:22:46.485392,order_items.csv,ERR_ORPHAN_PRODUCT_KEY,2026-09-02 23:28:07.281729+05:30
168840,86544,999999,2,6594.43,1978.33,11210.53,2026-09-02 23:22:46.485392,order_items.csv,ERR_ORPHAN_PRODUCT_KEY,2026-09-02 23:28:07.281729+05:30
169016,86635,999999,1,3505.69,0.0,3505.69,2026-09-02 23:22:46.485392,order_items.csv,ERR_ORPHAN_PRODUCT_KEY,2026-09-02 23:28:07.281729+05:30
169355,86814,999999,1,1928.47,0.0,1928.47,2026-09-02 23:22:46.485392,order_items.csv,ERR_ORPHAN_PRODUCT_KEY,2026-09-02 23:28:07.281729+05:30
169376,86824,999999,1,736.93,73.69,663.24,2026-09-02 23:22:46.485392,order_items.csv,ERR_ORPHAN_PRODUCT_KEY,2026-09-02 23:28:07.281729+05:30
169393,86836,999999,1,30954.65,6190.93,24763.72,2026-09-02 23:22:46.485392,order_items.csv,ERR_ORPHAN_PRODUCT_KEY,2026-09-02 23:28:07.281729+05:30
169510,86905,999999,1,13804.11,0.0,13804.11,2026-09-02 23:22:46.485392,order_items.csv,ERR_ORPHAN_PRODUCT_KEY,2026-09-02 23:28:07.281729+05:30
169555,86928,999999,1,16507.76,825.39,15682.37,2026-09-02 23:22:46.485392,order_items.csv,ERR_ORPHAN_PRODUCT_KEY,2026-09-02 23:28:07.281729+05:30
169575,86941,999999,1,47882.63,0.0,47882.63,2026-09-02 23:22:46.485392,order_items.csv,ERR_ORPHAN_PRODUCT_KEY,2026-09-02 23:28:07.281729+05:30
169622,86964,999999,2,8724.98,1745.0,15704.96,2026-09-02 23:22:46.485392,order_items.csv,ERR_ORPHAN_PRODUCT_KEY,2026-09-02 23:28:07.281729+05:30
169952,87137,999999,1,11202.97,0.0,11202.97,2026-09-02 23:22:46.485392,order_items.csv,ERR_ORPHAN_PRODUCT_KEY,2026-09-02 23:28:07.281729+05:30
170449,87407,999999,-1,312.48,15.62,296.86,2026-09-02 23:22:46.485392,order_items.csv,ERR_INVALID_QUANTITY_NON_POSITIVE,2026-09-02 23:28:07.281729+05:30
170520,87449,999999,3,1532.32,0.0,4596.96,2026-09-02 23:22:46.485392,order_items.csv,ERR_ORPHAN_PRODUCT_KEY,2026-09-02 23:28:07.281729+05:30
170882,87653,999999,2,1296.48,0.0,2592.96,2026-09-02 23:22:46.485392,order_items.csv,ERR_ORPHAN_PRODUCT_KEY,2026-09-02 23:28:07.281729+05:30
170971,87703,999999,1,10368.25,0.0,10368.25,2026-09-02 23:22:46.485392,order_items.csv,ERR_ORPHAN_PRODUCT_KEY,2026-09-02 23:28:07.281729+05:30
170987,87707,999999,1,9535.51,0.0,9535.51,2026-09-02 23:22:46.485392,order_items.csv,ERR_ORPHAN_PRODUCT_KEY,2026-09-02 23:28:07.281729+05:30
170988,87708,999999,2,1784.26,0.0,3568.52,2026-09-02 23:22:46.485392,order_items.csv,ERR_ORPHAN_PRODUCT_KEY,2026-09-02 23:28:07.281729+05:30
171554,88004,999999,2,11260.51,4504.2,18016.82,2026-09-02 23:22:46.485392,order_items.csv,ERR_ORPHAN_PRODUCT_KEY,2026-09-02 23:28:07.281729+05:30
171784,88124,999999,2,4230.29,0.0,8460.58,2026-09-02 23:22:46.485392,order_items.csv,ERR_ORPHAN_PRODUCT_KEY,2026-09-02 23:28:07.281729+05:30
171833,88148,999999,2,1846.42,0.0,3692.84,2026-09-02 23:22:46.485392,order_items.csv,ERR_ORPHAN_PRODUCT_KEY,2026-09-02 23:28:07.281729+05:30
172229,88363,999999,1,6954.59,0.0,6954.59,2026-09-02 23:22:46.485392,order_items.csv,ERR_ORPHAN_PRODUCT_KEY,2026-09-02 23:28:07.281729+05:30
172441,88484,999999,1,313.79,31.38,282.41,2026-09-02 23:22:46.485392,order_items.csv,ERR_ORPHAN_PRODUCT_KEY,2026-09-02 23:28:07.281729+05:30
172490,88511,999999,3,1635.67,0.0,4907.01,2026-09-02 23:22:46.485392,order_items.csv,ERR_ORPHAN_PRODUCT_KEY,2026-09-02 23:28:07.281729+05:30
172516,88527,999999,1,4669.08,0.0,4669.08,2026-09-02 23:22:46.485392,order_items.csv,ERR_ORPHAN_PRODUCT_KEY,2026-09-02 23:28:07.281729+05:30
172586,88560,999999,2,431.59,86.32,776.86,2026-09-02 23:22:46.485392,order_items.csv,ERR_ORPHAN_PRODUCT_KEY,2026-09-02 23:28:07.281729+05:30
172616,88576,999999,1,1286.84,64.34,1222.5,2026-09-02 23:22:46.485392,order_items.csv,ERR_ORPHAN_PRODUCT_KEY,2026-09-02 23:28:07.281729+05:30
172729,88644,999999,1,263.04,0.0,263.04,2026-09-02 23:22:46.485392,order_items.csv,ERR_ORPHAN_PRODUCT_KEY,2026-09-02 23:28:07.281729+05:30
172913,88746,999999,2,193.05,0.0,386.1,2026-09-02 23:22:46.485392,order_items.csv,ERR_ORPHAN_PRODUCT_KEY,2026-09-02 23:28:07.281729+05:30
172965,88772,999999,2,1105.42,331.63,1879.21,2026-09-02 23:22:46.485392,order_items.csv,ERR_ORPHAN_PRODUCT_KEY,2026-09-02 23:28:07.281729+05:30
173324,88968,999999,2,49319.41,0.0,98638.82,2026-09-02 23:22:46.485392,order_items.csv,ERR_ORPHAN_PRODUCT_KEY,2026-09-02 23:28:07.281729+05:30
173364,88993,999999,1,467.62,46.76,420.86,2026-09-02 23:22:46.485392,order_items.csv,ERR_ORPHAN_PRODUCT_KEY,2026-09-02 23:28:07.281729+05:30
173529,89088,999999,2,2074.05,0.0,4148.1,2026-09-02 23:22:46.485392,order_items.csv,ERR_ORPHAN_PRODUCT_KEY,2026-09-02 23:28:07.281729+05:30
173741,89206,999999,3,2625.92,0.0,7877.76,2026-09-02 23:22:46.485392,order_items.csv,ERR_ORPHAN_PRODUCT_KEY,2026-09-02 23:28:07.281729+05:30
174233,89463,999999,3,3029.17,908.75,8178.76,2026-09-02 23:22:46.485392,order_items.csv,ERR_ORPHAN_PRODUCT_KEY,2026-09-02 23:28:07.281729+05:30
174519,89621,999999,1,1437.96,71.9,1366.06,2026-09-02 23:22:46.485392,order_items.csv,ERR_ORPHAN_PRODUCT_KEY,2026-09-02 23:28:07.281729+05:30
174592,89661,999999,2,1056.8,0.0,2113.6,2026-09-02 23:22:46.485392,order_items.csv,ERR_ORPHAN_PRODUCT_KEY,2026-09-02 23:28:07.281729+05:30
174722,89725,999999,3,46898.54,0.0,140695.62,2026-09-02 23:22:46.485392,order_items.csv,ERR_ORPHAN_PRODUCT_KEY,2026-09-02 23:28:07.281729+05:30
174906,89820,999999,2,11202.97,0.0,22405.94,2026-09-02 23:22:46.485392,order_items.csv,ERR_ORPHAN_PRODUCT_KEY,2026-09-02 23:28:07.281729+05:30
174994,89865,999999,1,176.67,0.0,176.67,2026-09-02 23:22:46.485392,order_items.csv,ERR_ORPHAN_PRODUCT_KEY,2026-09-02 23:28:07.281729+05:30
175138,89943,999999,1,9742.62,0.0,9742.62,2026-09-02 23:22:46.485392,order_items.csv,ERR_ORPHAN_PRODUCT_KEY,2026-09-02 23:28:07.281729+05:30
175361,90072,999999,4,3318.91,0.0,13275.64,2026-09-02 23:22:46.485392,order_items.csv,ERR_ORPHAN_PRODUCT_KEY,2026-09-02 23:28:07.281729+05:30
175449,90123,999999,1,26949.78,0.0,26949.78,2026-09-02 23:22:46.485392,order_items.csv,ERR_ORPHAN_PRODUCT_KEY,2026-09-02 23:28:07.281729+05:30
175486,90143,999999,1,10770.67,1615.6,9155.07,2026-09-02 23:22:46.485392,order_items.csv,ERR_ORPHAN_PRODUCT_KEY,2026-09-02 23:28:07.281729+05:30
175773,90291,999999,1,10975.38,0.0,10975.38,2026-09-02 23:22:46.485392,order_items.csv,ERR_ORPHAN_PRODUCT_KEY,2026-09-02 23:28:07.281729+05:30
176059,90452,999999,1,2838.57,141.93,2696.64,2026-09-02 23:22:46.485392,order_items.csv,ERR_ORPHAN_PRODUCT_KEY,2026-09-02 23:28:07.281729+05:30
176090,90471,999999,1,45095.35,0.0,45095.35,2026-09-02 23:22:46.485392,order_items.csv,ERR_ORPHAN_PRODUCT_KEY,2026-09-02 23:28:07.281729+05:30
176107,90480,999999,3,416.98,0.0,1250.94,2026-09-02 23:22:46.485392,order_items.csv,ERR_ORPHAN_PRODUCT_KEY,2026-09-02 23:28:07.281729+05:30
176147,90497,999999,1,10261.24,1026.12,9235.12,2026-09-02 23:22:46.485392,order_items.csv,ERR_ORPHAN_PRODUCT_KEY,2026-09-02 23:28:07.281729+05:30
176284,90570,999999,1,5425.0,0.0,5425.0,2026-09-02 23:22:46.485392,order_items.csv,ERR_ORPHAN_PRODUCT_KEY,2026-09-02 23:28:07.281729+05:30
176488,90668,999999,1,887.94,0.0,887.94,2026-09-02 23:22:46.485392,order_items.csv,ERR_ORPHAN_PRODUCT_KEY,2026-09-02 23:28:07.281729+05:30
176547,90700,999999,1,24324.12,0.0,24324.12,2026-09-02 23:22:46.485392,order_items.csv,ERR_ORPHAN_PRODUCT_KEY,2026-09-02 23:28:07.281729+05:30
176588,90722,999999,3,1377.67,826.6,3306.41,2026-09-02 23:22:46.485392,order_items.csv,ERR_ORPHAN_PRODUCT_KEY,2026-09-02 23:28:07.281729+05:30
176865,90881,999999,2,11308.74,0.0,22617.48,2026-09-02 23:22:46.485392,order_items.csv,ERR_ORPHAN_PRODUCT_KEY,2026-09-02 23:28:07.281729+05:30
177022,90952,999999,1,13291.24,0.0,13291.24,2026-09-02 23:22:46.485392,order_items.csv,ERR_ORPHAN_PRODUCT_KEY,2026-09-02 23:28:07.281729+05:30
177072,90976,999999,1,5089.24,0.0,5089.24,2026-09-02 23:22:46.485392,order_items.csv,ERR_ORPHAN_PRODUCT_KEY,2026-09-02 23:28:07.281729+05:30
177117,90999,999999,1,7012.2,0.0,7012.2,2026-09-02 23:22:46.485392,order_items.csv,ERR_ORPHAN_PRODUCT_KEY,2026-09-02 23:28:07.281729+05:30
177149,91014,999999,1,517.92,25.9,492.02,2026-09-02 23:22:46.485392,order_items.csv,ERR_ORPHAN_PRODUCT_KEY,2026-09-02 23:28:07.281729+05:30
177222,91051,999999,1,11707.71,0.0,11707.71,2026-09-02 23:22:46.485392,order_items.csv,ERR_ORPHAN_PRODUCT_KEY,2026-09-02 23:28:07.281729+05:30
177301,91088,999999,3,6331.89,2849.35,16146.32,2026-09-02 23:22:46.485392,order_items.csv,ERR_ORPHAN_PRODUCT_KEY,2026-09-02 23:28:07.281729+05:30
177379,91127,999999,1,11739.41,586.97,11152.44,2026-09-02 23:22:46.485392,order_items.csv,ERR_ORPHAN_PRODUCT_KEY,2026-09-02 23:28:07.281729+05:30
177431,91154,999999,2,213.7,21.37,406.03,2026-09-02 23:22:46.485392,order_items.csv,ERR_ORPHAN_PRODUCT_KEY,2026-09-02 23:28:07.281729+05:30
177498,91192,999999,3,4007.4,0.0,12022.2,2026-09-02 23:22:46.485392,order_items.csv,ERR_ORPHAN_PRODUCT_KEY,2026-09-02 23:28:07.281729+05:30
177725,91309,999999,1,383.42,0.0,383.42,2026-09-02 23:22:46.485392,order_items.csv,ERR_ORPHAN_PRODUCT_KEY,2026-09-02 23:28:07.281729+05:30
177772,91330,999999,2,10261.24,0.0,20522.48,2026-09-02 23:22:46.485392,order_items.csv,ERR_ORPHAN_PRODUCT_KEY,2026-09-02 23:28:07.281729+05:30
178066,91489,999999,2,4349.9,869.98,7829.82,2026-09-02 23:22:46.485392,order_items.csv,ERR_ORPHAN_PRODUCT_KEY,2026-09-02 23:28:07.281729+05:30
178786,91896,999999,3,650.33,0.0,1950.99,2026-09-02 23:22:46.485392,order_items.csv,ERR_ORPHAN_PRODUCT_KEY,2026-09-02 23:28:07.281729+05:30
178855,91933,999999,1,890.96,0.0,890.96,2026-09-02 23:22:46.485392,order_items.csv,ERR_ORPHAN_PRODUCT_KEY,2026-09-02 23:28:07.281729+05:30
178973,91994,999999,1,886.42,0.0,886.42,2026-09-02 23:22:46.485392,order_items.csv,ERR_ORPHAN_PRODUCT_KEY,2026-09-02 23:28:07.281729+05:30
179146,92087,999999,1,8082.4,0.0,8082.4,2026-09-02 23:22:46.485392,order_items.csv,ERR_ORPHAN_PRODUCT_KEY,2026-09-02 23:28:07.281729+05:30
179215,92122,999999,1,3862.9,0.0,3862.9,2026-09-02 23:22:46.485392,order_items.csv,ERR_ORPHAN_PRODUCT_KEY,2026-09-02 23:28:07.281729+05:30
179392,92214,999999,1,906.34,0.0,906.34,2026-09-02 23:22:46.485392,order_items.csv,ERR_ORPHAN_PRODUCT_KEY,2026-09-02 23:28:07.281729+05:30
179629,92336,999999,5,834.99,208.75,3966.2,2026-09-02 23:22:46.485392,order_items.csv,ERR_ORPHAN_PRODUCT_KEY,2026-09-02 23:28:07.281729+05:30
179652,92352,999999,1,4912.93,245.65,4667.28,2026-09-02 23:22:46.485392,order_items.csv,ERR_ORPHAN_PRODUCT_KEY,2026-09-02 23:28:07.281729+05:30
179859,92452,999999,2,1572.37,0.0,3144.74,2026-09-02 23:22:46.485392,order_items.csv,ERR_ORPHAN_PRODUCT_KEY,2026-09-02 23:28:07.281729+05:30
179935,92496,999999,1,49460.15,0.0,49460.15,2026-09-02 23:22:46.485392,order_items.csv,ERR_ORPHAN_PRODUCT_KEY,2026-09-02 23:28:07.281729+05:30
180513,92803,999999,1,3020.56,0.0,3020.56,2026-09-02 23:22:46.485392,order_items.csv,ERR_ORPHAN_PRODUCT_KEY,2026-09-02 23:28:07.281729+05:30
180581,92843,999999,2,2207.44,441.49,3973.39,2026-09-02 23:22:46.485392,order_items.csv,ERR_ORPHAN_PRODUCT_KEY,2026-09-02 23:28:07.281729+05:30
181422,93294,999999,1,2553.22,127.66,2425.56,2026-09-02 23:22:46.485392,order_items.csv,ERR_ORPHAN_PRODUCT_KEY,2026-09-02 23:28:07.281729+05:30
181485,93329,999999,1,15157.46,0.0,15157.46,2026-09-02 23:22:46.485392,order_items.csv,ERR_ORPHAN_PRODUCT_KEY,2026-09-02 23:28:07.281729+05:30
181525,93348,999999,1,6579.26,1315.85,5263.41,2026-09-02 23:22:46.485392,order_items.csv,ERR_ORPHAN_PRODUCT_KEY,2026-09-02 23:28:07.281729+05:30
181589,93384,999999,3,17457.75,0.0,52373.25,2026-09-02 23:22:46.485392,order_items.csv,ERR_ORPHAN_PRODUCT_KEY,2026-09-02 23:28:07.281729+05:30
181848,93525,999999,1,1581.93,158.19,1423.74,2026-09-02 23:22:46.485392,order_items.csv,ERR_ORPHAN_PRODUCT_KEY,2026-09-02 23:28:07.281729+05:30
181911,93559,999999,2,3206.04,0.0,6412.08,2026-09-02 23:22:46.485392,order_items.csv,ERR_ORPHAN_PRODUCT_KEY,2026-09-02 23:28:07.281729+05:30
181990,93597,999999,1,1097.23,219.45,877.78,2026-09-02 23:22:46.485392,order_items.csv,ERR_ORPHAN_PRODUCT_KEY,2026-09-02 23:28:07.281729+05:30
182029,93617,999999,0,8724.98,0.0,8724.98,2026-09-02 23:22:46.485392,order_items.csv,ERR_INVALID_QUANTITY_NON_POSITIVE,2026-09-02 23:28:07.281729+05:30
182140,93678,999999,2,52609.95,0.0,105219.9,2026-09-02 23:22:46.485392,order_items.csv,ERR_ORPHAN_PRODUCT_KEY,2026-09-02 23:28:07.281729+05:30
182221,93720,999999,1,2599.94,0.0,2599.94,2026-09-02 23:22:46.485392,order_items.csv,ERR_ORPHAN_PRODUCT_KEY,2026-09-02 23:28:07.281729+05:30
182773,94015,999999,1,4649.45,464.94,4184.51,2026-09-02 23:22:46.485392,order_items.csv,ERR_ORPHAN_PRODUCT_KEY,2026-09-02 23:28:07.281729+05:30
183412,94366,999999,1,11401.49,0.0,11401.49,2026-09-02 23:22:46.485392,order_items.csv,ERR_ORPHAN_PRODUCT_KEY,2026-09-02 23:28:07.281729+05:30
183574,94452,999999,4,46613.88,0.0,186455.52,2026-09-02 23:22:46.485392,order_items.csv,ERR_ORPHAN_PRODUCT_KEY,2026-09-02 23:28:07.281729+05:30
183740,94546,999999,1,8956.47,0.0,8956.47,2026-09-02 23:22:46.485392,order_items.csv,ERR_ORPHAN_PRODUCT_KEY,2026-09-02 23:28:07.281729+05:30
183746,94551,999999,1,4604.92,0.0,4604.92,2026-09-02 23:22:46.485392,order_items.csv,ERR_ORPHAN_PRODUCT_KEY,2026-09-02 23:28:07.281729+05:30
184579,94985,999999,1,8309.53,0.0,8309.53,2026-09-02 23:22:46.485392,order_items.csv,ERR_ORPHAN_PRODUCT_KEY,2026-09-02 23:28:07.281729+05:30
184602,94996,999999,1,2553.22,255.32,2297.9,2026-09-02 23:22:46.485392,order_items.csv,ERR_ORPHAN_PRODUCT_KEY,2026-09-02 23:28:07.281729+05:30
184625,95009,999999,1,1615.15,161.52,1453.63,2026-09-02 23:22:46.485392,order_items.csv,ERR_ORPHAN_PRODUCT_KEY,2026-09-02 23:28:07.281729+05:30
184650,95021,999999,1,1366.76,0.0,1366.76,2026-09-02 23:22:46.485392,order_items.csv,ERR_ORPHAN_PRODUCT_KEY,2026-09-02 23:28:07.281729+05:30
184910,95155,999999,2,20779.83,4155.97,37403.69,2026-09-02 23:22:46.485392,order_items.csv,ERR_ORPHAN_PRODUCT_KEY,2026-09-02 23:28:07.281729+05:30
184979,95192,999999,1,2151.57,107.58,2043.99,2026-09-02 23:22:46.485392,order_items.csv,ERR_ORPHAN_PRODUCT_KEY,2026-09-02 23:28:07.281729+05:30
185199,95310,999999,1,1350.04,0.0,1350.04,2026-09-02 23:22:46.485392,order_items.csv,ERR_ORPHAN_PRODUCT_KEY,2026-09-02 23:28:07.281729+05:30
185216,95318,999999,2,1544.2,0.0,3088.4,2026-09-02 23:22:46.485392,order_items.csv,ERR_ORPHAN_PRODUCT_KEY,2026-09-02 23:28:07.281729+05:30
185261,95347,999999,1,1432.53,0.0,1432.53,2026-09-02 23:22:46.485392,order_items.csv,ERR_ORPHAN_PRODUCT_KEY,2026-09-02 23:28:07.281729+05:30
185293,95364,999999,2,17756.09,1775.61,33736.57,2026-09-02 23:22:46.485392,order_items.csv,ERR_ORPHAN_PRODUCT_KEY,2026-09-02 23:28:07.281729+05:30
185548,95499,999999,1,1465.58,0.0,1465.58,2026-09-02 23:22:46.485392,order_items.csv,ERR_ORPHAN_PRODUCT_KEY,2026-09-02 23:28:07.281729+05:30
185915,95701,999999,1,18483.61,0.0,18483.61,2026-09-02 23:22:46.485392,order_items.csv,ERR_ORPHAN_PRODUCT_KEY,2026-09-02 23:28:07.281729+05:30
186198,95851,999999,2,213.7,0.0,427.4,2026-09-02 23:22:46.485392,order_items.csv,ERR_ORPHAN_PRODUCT_KEY,2026-09-02 23:28:07.281729+05:30
186222,95868,999999,1,900.12,0.0,900.12,2026-09-02 23:22:46.485392,order_items.csv,ERR_ORPHAN_PRODUCT_KEY,2026-09-02 23:28:07.281729+05:30
186517,96030,999999,1,13138.48,0.0,13138.48,2026-09-02 23:22:46.485392,order_items.csv,ERR_ORPHAN_PRODUCT_KEY,2026-09-02 23:28:07.281729+05:30
186541,96039,999999,2,2956.68,0.0,5913.36,2026-09-02 23:22:46.485392,order_items.csv,ERR_ORPHAN_PRODUCT_KEY,2026-09-02 23:28:07.281729+05:30
186606,96072,999999,2,1336.71,133.67,2539.75,2026-09-02 23:22:46.485392,order_items.csv,ERR_ORPHAN_PRODUCT_KEY,2026-09-02 23:28:07.281729+05:30
186703,96124,999999,1,7047.2,0.0,7047.2,2026-09-02 23:22:46.485392,order_items.csv,ERR_ORPHAN_PRODUCT_KEY,2026-09-02 23:28:07.281729+05:30
186827,96188,999999,2,821.86,0.0,1643.72,2026-09-02 23:22:46.485392,order_items.csv,ERR_ORPHAN_PRODUCT_KEY,2026-09-02 23:28:07.281729+05:30
187185,96395,999999,1,9070.71,453.54,8617.17,2026-09-02 23:22:46.485392,order_items.csv,ERR_ORPHAN_PRODUCT_KEY,2026-09-02 23:28:07.281729+05:30
187249,96425,999999,2,2553.22,765.97,4340.47,2026-09-02 23:22:46.485392,order_items.csv,ERR_ORPHAN_PRODUCT_KEY,2026-09-02 23:28:07.281729+05:30
187499,96557,999999,1,9492.18,0.0,9492.18,2026-09-02 23:22:46.485392,order_items.csv,ERR_ORPHAN_PRODUCT_KEY,2026-09-02 23:28:07.281729+05:30
187630,96634,999999,1,2183.34,327.5,1855.84,2026-09-02 23:22:46.485392,order_items.csv,ERR_ORPHAN_PRODUCT_KEY,2026-09-02 23:28:07.281729+05:30
187781,96709,999999,1,886.96,44.35,842.61,2026-09-02 23:22:46.485392,order_items.csv,ERR_ORPHAN_PRODUCT_KEY,2026-09-02 23:28:07.281729+05:30
187883,96757,999999,2,45406.55,0.0,90813.1,2026-09-02 23:22:46.485392,order_items.csv,ERR_ORPHAN_PRODUCT_KEY,2026-09-02 23:28:07.281729+05:30
187931,96782,999999,1,3094.44,0.0,3094.44,2026-09-02 23:22:46.485392,order_items.csv,ERR_ORPHAN_PRODUCT_KEY,2026-09-02 23:28:07.281729+05:30
187958,96798,999999,1,3237.99,0.0,3237.99,2026-09-02 23:22:46.485392,order_items.csv,ERR_ORPHAN_PRODUCT_KEY,2026-09-02 23:28:07.281729+05:30
187984,96813,999999,1,2785.76,0.0,2785.76,2026-09-02 23:22:46.485392,order_items.csv,ERR_ORPHAN_PRODUCT_KEY,2026-09-02 23:28:07.281729+05:30
188050,96851,999999,2,2651.27,0.0,5302.54,2026-09-02 23:22:46.485392,order_items.csv,ERR_ORPHAN_PRODUCT_KEY,2026-09-02 23:28:07.281729+05:30
188075,96867,999999,1,15352.64,0.0,15352.64,2026-09-02 23:22:46.485392,order_items.csv,ERR_ORPHAN_PRODUCT_KEY,2026-09-02 23:28:07.281729+05:30
188183,96931,999999,10,12733.09,0.0,127330.9,2026-09-02 23:22:46.485392,order_items.csv,ERR_ORPHAN_PRODUCT_KEY,2026-09-02 23:28:07.281729+05:30
188322,97008,999999,3,4818.59,0.0,14455.77,2026-09-02 23:22:46.485392,order_items.csv,ERR_ORPHAN_PRODUCT_KEY,2026-09-02 23:28:07.281729+05:30
188363,97032,999999,3,11352.01,0.0,34056.03,2026-09-02 23:22:46.485392,order_items.csv,ERR_ORPHAN_PRODUCT_KEY,2026-09-02 23:28:07.281729+05:30
188438,97070,999999,2,1464.52,0.0,2929.04,2026-09-02 23:22:46.485392,order_items.csv,ERR_ORPHAN_PRODUCT_KEY,2026-09-02 23:28:07.281729+05:30
188584,97152,999999,1,302.95,0.0,302.95,2026-09-02 23:22:46.485392,order_items.csv,ERR_ORPHAN_PRODUCT_KEY,2026-09-02 23:28:07.281729+05:30
188623,97173,999999,1,3681.66,0.0,3681.66,2026-09-02 23:22:46.485392,order_items.csv,ERR_ORPHAN_PRODUCT_KEY,2026-09-02 23:28:07.281729+05:30
188925,97343,999999,1,15845.88,0.0,15845.88,2026-09-02 23:22:46.485392,order_items.csv,ERR_ORPHAN_PRODUCT_KEY,2026-09-02 23:28:07.281729+05:30
189184,97471,999999,1,8547.45,0.0,8547.45,2026-09-02 23:22:46.485392,order_items.csv,ERR_ORPHAN_PRODUCT_KEY,2026-09-02 23:28:07.281729+05:30
189234,97497,999999,1,24993.93,0.0,24993.93,2026-09-02 23:22:46.485392,order_items.csv,ERR_ORPHAN_PRODUCT_KEY,2026-09-02 23:28:07.281729+05:30
189515,97636,999999,1,3185.29,159.26,3026.03,2026-09-02 23:22:46.485392,order_items.csv,ERR_ORPHAN_PRODUCT_KEY,2026-09-02 23:28:07.281729+05:30
189557,97659,999999,1,498.5,24.93,473.57,2026-09-02 23:22:46.485392,order_items.csv,ERR_ORPHAN_PRODUCT_KEY,2026-09-02 23:28:07.281729+05:30
189559,97660,999999,2,10977.89,0.0,21955.78,2026-09-02 23:22:46.485392,order_items.csv,ERR_ORPHAN_PRODUCT_KEY,2026-09-02 23:28:07.281729+05:30
189609,97688,999999,1,24324.12,0.0,24324.12,2026-09-02 23:22:46.485392,order_items.csv,ERR_ORPHAN_PRODUCT_KEY,2026-09-02 23:28:07.281729+05:30
189835,97799,999999,1,1564.28,0.0,1564.28,2026-09-02 23:22:46.485392,order_items.csv,ERR_ORPHAN_PRODUCT_KEY,2026-09-02 23:28:07.281729+05:30
190146,97967,999999,1,572.81,0.0,572.81,2026-09-02 23:22:46.485392,order_items.csv,ERR_ORPHAN_PRODUCT_KEY,2026-09-02 23:28:07.281729+05:30
190252,98019,999999,2,15845.88,0.0,31691.76,2026-09-02 23:22:46.485392,order_items.csv,ERR_ORPHAN_PRODUCT_KEY,2026-09-02 23:28:07.281729+05:30
190468,98132,999999,2,490.07,98.01,882.13,2026-09-02 23:22:46.485392,order_items.csv,ERR_ORPHAN_PRODUCT_KEY,2026-09-02 23:28:07.281729+05:30
190806,98314,999999,1,51854.8,5185.48,46669.32,2026-09-02 23:22:46.485392,order_items.csv,ERR_ORPHAN_PRODUCT_KEY,2026-09-02 23:28:07.281729+05:30
190891,98354,999999,1,46143.85,0.0,46143.85,2026-09-02 23:22:46.485392,order_items.csv,ERR_ORPHAN_PRODUCT_KEY,2026-09-02 23:28:07.281729+05:30
191060,98441,999999,2,5521.1,552.11,10490.09,2026-09-02 23:22:46.485392,order_items.csv,ERR_ORPHAN_PRODUCT_KEY,2026-09-02 23:28:07.281729+05:30
191128,98473,999999,1,1532.32,76.62,1455.7,2026-09-02 23:22:46.485392,order_items.csv,ERR_ORPHAN_PRODUCT_KEY,2026-09-02 23:28:07.281729+05:30
191166,98489,999999,10,3055.62,0.0,30556.2,2026-09-02 23:22:46.485392,order_items.csv,ERR_ORPHAN_PRODUCT_KEY,2026-09-02 23:28:07.281729+05:30
191243,98529,999999,2,7269.53,0.0,14539.06,2026-09-02 23:22:46.485392,order_items.csv,ERR_ORPHAN_PRODUCT_KEY,2026-09-02 23:28:07.281729+05:30
191340,98586,999999,1,1360.69,0.0,1360.69,2026-09-02 23:22:46.485392,order_items.csv,ERR_ORPHAN_PRODUCT_KEY,2026-09-02 23:28:07.281729+05:30
191447,98640,999999,1,31660.94,0.0,31660.94,2026-09-02 23:22:46.485392,order_items.csv,ERR_ORPHAN_PRODUCT_KEY,2026-09-02 23:28:07.281729+05:30
191488,98664,999999,1,3391.53,0.0,3391.53,2026-09-02 23:22:46.485392,order_items.csv,ERR_ORPHAN_PRODUCT_KEY,2026-09-02 23:28:07.281729+05:30
191534,98682,999999,1,10087.23,2017.45,8069.78,2026-09-02 23:22:46.485392,order_items.csv,ERR_ORPHAN_PRODUCT_KEY,2026-09-02 23:28:07.281729+05:30
191692,98766,999999,1,1350.04,0.0,1350.04,2026-09-02 23:22:46.485392,order_items.csv,ERR_ORPHAN_PRODUCT_KEY,2026-09-02 23:28:07.281729+05:30
191747,98799,999999,2,498.15,0.0,996.3,2026-09-02 23:22:46.485392,order_items.csv,ERR_ORPHAN_PRODUCT_KEY,2026-09-02 23:28:07.281729+05:30
191830,98846,999999,1,1334.39,0.0,1334.39,2026-09-02 23:22:46.485392,order_items.csv,ERR_ORPHAN_PRODUCT_KEY,2026-09-02 23:28:07.281729+05:30
192117,98990,999999,1,20611.25,2061.12,18550.13,2026-09-02 23:22:46.485392,order_items.csv,ERR_ORPHAN_PRODUCT_KEY,2026-09-02 23:28:07.281729+05:30
192166,99016,999999,3,12666.32,0.0,37998.96,2026-09-02 23:22:46.485392,order_items.csv,ERR_ORPHAN_PRODUCT_KEY,2026-09-02 23:28:07.281729+05:30
192284,99074,999999,3,431.59,0.0,1294.77,2026-09-02 23:22:46.485392,order_items.csv,ERR_ORPHAN_PRODUCT_KEY,2026-09-02 23:28:07.281729+05:30
192297,99084,999999,2,1260.3,0.0,2520.6,2026-09-02 23:22:46.485392,order_items.csv,ERR_ORPHAN_PRODUCT_KEY,2026-09-02 23:28:07.281729+05:30
192374,99128,999999,2,9165.83,0.0,18331.66,2026-09-02 23:22:46.485392,order_items.csv,ERR_ORPHAN_PRODUCT_KEY,2026-09-02 23:28:07.281729+05:30
192424,99152,999999,1,18483.61,0.0,18483.61,2026-09-02 23:22:46.485392,order_items.csv,ERR_ORPHAN_PRODUCT_KEY,2026-09-02 23:28:07.281729+05:30
192535,99210,999999,1,45095.35,0.0,45095.35,2026-09-02 23:22:46.485392,order_items.csv,ERR_ORPHAN_PRODUCT_KEY,2026-09-02 23:28:07.281729+05:30
192635,99264,999999,1,3203.96,160.2,3043.76,2026-09-02 23:22:46.485392,order_items.csv,ERR_ORPHAN_PRODUCT_KEY,2026-09-02 23:28:07.281729+05:30
192857,99384,999999,1,5089.24,254.46,4834.78,2026-09-02 23:22:46.485392,order_items.csv,ERR_ORPHAN_PRODUCT_KEY,2026-09-02 23:28:07.281729+05:30
192972,99452,999999,1,467.82,23.39,444.43,2026-09-02 23:22:46.485392,order_items.csv,ERR_ORPHAN_PRODUCT_KEY,2026-09-02 23:28:07.281729+05:30
192999,99467,999999,1,18810.11,0.0,18810.11,2026-09-02 23:22:46.485392,order_items.csv,ERR_ORPHAN_PRODUCT_KEY,2026-09-02 23:28:07.281729+05:30
193385,99681,999999,2,10729.06,0.0,21458.12,2026-09-02 23:22:46.485392,order_items.csv,ERR_ORPHAN_PRODUCT_KEY,2026-09-02 23:28:07.281729+05:30
193500,99750,999999,1,35227.8,5284.17,29943.63,2026-09-02 23:22:46.485392,order_items.csv,ERR_ORPHAN_PRODUCT_KEY,2026-09-02 23:28:07.281729+05:30
193703,99861,999999,2,3475.29,1042.59,5907.99,2026-09-02 23:22:46.485392,order_items.csv,ERR_ORPHAN_PRODUCT_KEY,2026-09-02 23:28:07.281729+05:30
193915,99961,999999,1,13491.43,674.57,12816.86,2026-09-02 23:22:46.485392,order_items.csv,ERR_ORPHAN_PRODUCT_KEY,2026-09-02 23:28:07.281729+05:30
193937,99974,999999,2,821.86,0.0,1643.72,2026-09-02 23:22:46.485392,order_items.csv,ERR_ORPHAN_PRODUCT_KEY,2026-09-02 23:28:07.281729+05:30
100026,50012,1285,0,457.3,22.87,434.43,2026-09-02 23:22:46.485392,order_items.csv,ERR_INVALID_QUANTITY_NON_POSITIVE,2026-09-02 23:28:07.281729+05:30
100172,50087,999,-3,3168.08,2376.06,13464.34,2026-09-02 23:22:46.485392,order_items.csv,ERR_INVALID_QUANTITY_NON_POSITIVE,2026-09-02 23:28:07.281729+05:30
100357,50179,1407,-1,7665.66,0.0,7665.66,2026-09-02 23:22:46.485392,order_items.csv,ERR_INVALID_QUANTITY_NON_POSITIVE,2026-09-02 23:28:07.281729+05:30
100572,50295,1003,0,12578.25,1886.74,10691.51,2026-09-02 23:22:46.485392,order_items.csv,ERR_INVALID_QUANTITY_NON_POSITIVE,2026-09-02 23:28:07.281729+05:30
100767,50397,1468,-1,1077.93,0.0,3233.79,2026-09-02 23:22:46.485392,order_items.csv,ERR_INVALID_QUANTITY_NON_POSITIVE,2026-09-02 23:28:07.281729+05:30
100907,50470,1048,-1,18409.5,0.0,36819.0,2026-09-02 23:22:46.485392,order_items.csv,ERR_INVALID_QUANTITY_NON_POSITIVE,2026-09-02 23:28:07.281729+05:30
100975,50505,513,-1,2045.17,0.0,4090.34,2026-09-02 23:22:46.485392,order_items.csv,ERR_INVALID_QUANTITY_NON_POSITIVE,2026-09-02 23:28:07.281729+05:30
101272,50648,1138,-1,5060.7,1012.14,4048.56,2026-09-02 23:22:46.485392,order_items.csv,ERR_INVALID_QUANTITY_NON_POSITIVE,2026-09-02 23:28:07.281729+05:30
101296,50660,635,-3,144.41,14.44,274.38,2026-09-02 23:22:46.485392,order_items.csv,ERR_INVALID_QUANTITY_NON_POSITIVE,2026-09-02 23:28:07.281729+05:30
101781,50887,583,-3,8454.38,0.0,8454.38,2026-09-02 23:22:46.485392,order_items.csv,ERR_INVALID_QUANTITY_NON_POSITIVE,2026-09-02 23:28:07.281729+05:30
101802,50896,1235,0,9884.61,7413.46,42009.59,2026-09-02 23:22:46.485392,order_items.csv,ERR_INVALID_QUANTITY_NON_POSITIVE,2026-09-02 23:28:07.281729+05:30
102151,51081,671,0,1657.92,248.69,4725.07,2026-09-02 23:22:46.485392,order_items.csv,ERR_INVALID_QUANTITY_NON_POSITIVE,2026-09-02 23:28:07.281729+05:30
102183,51099,1486,-3,2816.75,281.68,2535.07,2026-09-02 23:22:46.485392,order_items.csv,ERR_INVALID_QUANTITY_NON_POSITIVE,2026-09-02 23:28:07.281729+05:30
102376,51203,1191,-3,8698.09,434.9,8263.19,2026-09-02 23:22:46.485392,order_items.csv,ERR_INVALID_QUANTITY_NON_POSITIVE,2026-09-02 23:28:07.281729+05:30
102796,51432,909,-3,2132.78,0.0,6398.34,2026-09-02 23:22:46.485392,order_items.csv,ERR_INVALID_QUANTITY_NON_POSITIVE,2026-09-02 23:28:07.281729+05:30
102870,51474,1308,0,1551.55,155.16,2947.94,2026-09-02 23:22:46.485392,order_items.csv,ERR_INVALID_QUANTITY_NON_POSITIVE,2026-09-02 23:28:07.281729+05:30
102915,51503,1337,0,7280.26,0.0,7280.26,2026-09-02 23:22:46.485392,order_items.csv,ERR_INVALID_QUANTITY_NON_POSITIVE,2026-09-02 23:28:07.281729+05:30
102951,51520,1016,-1,1070.1,0.0,1070.1,2026-09-02 23:22:46.485392,order_items.csv,ERR_INVALID_QUANTITY_NON_POSITIVE,2026-09-02 23:28:07.281729+05:30
103188,51655,630,0,8437.08,421.85,8015.23,2026-09-02 23:22:46.485392,order_items.csv,ERR_INVALID_QUANTITY_NON_POSITIVE,2026-09-02 23:28:07.281729+05:30
103212,51671,616,0,55076.8,5507.68,49569.12,2026-09-02 23:22:46.485392,order_items.csv,ERR_INVALID_QUANTITY_NON_POSITIVE,2026-09-02 23:28:07.281729+05:30
103461,51809,950,-3,2793.65,279.37,2514.28,2026-09-02 23:22:46.485392,order_items.csv,ERR_INVALID_QUANTITY_NON_POSITIVE,2026-09-02 23:28:07.281729+05:30
103701,51933,1453,-1,2253.04,337.96,6421.16,2026-09-02 23:22:46.485392,order_items.csv,ERR_INVALID_QUANTITY_NON_POSITIVE,2026-09-02 23:28:07.281729+05:30
103786,51976,1142,0,522.3,0.0,522.3,2026-09-02 23:22:46.485392,order_items.csv,ERR_INVALID_QUANTITY_NON_POSITIVE,2026-09-02 23:28:07.281729+05:30
103825,51996,721,0,2626.33,0.0,7878.99,2026-09-02 23:22:46.485392,order_items.csv,ERR_INVALID_QUANTITY_NON_POSITIVE,2026-09-02 23:28:07.281729+05:30
103920,52045,787,-1,6594.43,659.44,5934.99,2026-09-02 23:22:46.485392,order_items.csv,ERR_INVALID_QUANTITY_NON_POSITIVE,2026-09-02 23:28:07.281729+05:30
103927,52051,695,-1,4230.29,0.0,4230.29,2026-09-02 23:22:46.485392,order_items.csv,ERR_INVALID_QUANTITY_NON_POSITIVE,2026-09-02 23:28:07.281729+05:30
104225,52215,568,0,1824.31,0.0,5472.93,2026-09-02 23:22:46.485392,order_items.csv,ERR_INVALID_QUANTITY_NON_POSITIVE,2026-09-02 23:28:07.281729+05:30
104392,52300,1262,-1,3585.88,0.0,7171.76,2026-09-02 23:22:46.485392,order_items.csv,ERR_INVALID_QUANTITY_NON_POSITIVE,2026-09-02 23:28:07.281729+05:30
104566,52390,1325,-3,6109.4,0.0,6109.4,2026-09-02 23:22:46.485392,order_items.csv,ERR_INVALID_QUANTITY_NON_POSITIVE,2026-09-02 23:28:07.281729+05:30
104635,52421,1365,0,6044.88,0.0,6044.88,2026-09-02 23:22:46.485392,order_items.csv,ERR_INVALID_QUANTITY_NON_POSITIVE,2026-09-02 23:28:07.281729+05:30
104751,52483,1189,-1,46613.88,0.0,93227.76,2026-09-02 23:22:46.485392,order_items.csv,ERR_INVALID_QUANTITY_NON_POSITIVE,2026-09-02 23:28:07.281729+05:30
104962,52601,1468,-3,1077.93,0.0,1077.93,2026-09-02 23:22:46.485392,order_items.csv,ERR_INVALID_QUANTITY_NON_POSITIVE,2026-09-02 23:28:07.281729+05:30
105046,52644,663,-1,5738.94,0.0,5738.94,2026-09-02 23:22:46.485392,order_items.csv,ERR_INVALID_QUANTITY_NON_POSITIVE,2026-09-02 23:28:07.281729+05:30
105059,52649,1337,-3,7280.26,0.0,7280.26,2026-09-02 23:22:46.485392,order_items.csv,ERR_INVALID_QUANTITY_NON_POSITIVE,2026-09-02 23:28:07.281729+05:30
105062,52651,799,-3,10774.19,0.0,10774.19,2026-09-02 23:22:46.485392,order_items.csv,ERR_INVALID_QUANTITY_NON_POSITIVE,2026-09-02 23:28:07.281729+05:30
105156,52703,1484,-1,281.4,42.21,239.19,2026-09-02 23:22:46.485392,order_items.csv,ERR_INVALID_QUANTITY_NON_POSITIVE,2026-09-02 23:28:07.281729+05:30
105173,52713,753,0,49319.41,7397.91,41921.5,2026-09-02 23:22:46.485392,order_items.csv,ERR_INVALID_QUANTITY_NON_POSITIVE,2026-09-02 23:28:07.281729+05:30
105410,52830,944,-3,7191.55,0.0,7191.55,2026-09-02 23:22:46.485392,order_items.csv,ERR_INVALID_QUANTITY_NON_POSITIVE,2026-09-02 23:28:07.281729+05:30
105723,53003,1245,-3,87.46,4.37,83.09,2026-09-02 23:22:46.485392,order_items.csv,ERR_INVALID_QUANTITY_NON_POSITIVE,2026-09-02 23:28:07.281729+05:30
105880,53083,1034,0,6528.27,0.0,6528.27,2026-09-02 23:22:46.485392,order_items.csv,ERR_INVALID_QUANTITY_NON_POSITIVE,2026-09-02 23:28:07.281729+05:30
105999,53141,1078,-1,148.86,22.33,126.53,2026-09-02 23:22:46.485392,order_items.csv,ERR_INVALID_QUANTITY_NON_POSITIVE,2026-09-02 23:28:07.281729+05:30
106051,53167,1327,-3,14557.53,1455.75,13101.78,2026-09-02 23:22:46.485392,order_items.csv,ERR_INVALID_QUANTITY_NON_POSITIVE,2026-09-02 23:28:07.281729+05:30
106054,53170,749,0,1549.27,0.0,3098.54,2026-09-02 23:22:46.485392,order_items.csv,ERR_INVALID_QUANTITY_NON_POSITIVE,2026-09-02 23:28:07.281729+05:30
106228,53272,1011,-1,4419.94,441.99,3977.95,2026-09-02 23:22:46.485392,order_items.csv,ERR_INVALID_QUANTITY_NON_POSITIVE,2026-09-02 23:28:07.281729+05:30
106288,53305,1470,0,2352.26,0.0,4704.52,2026-09-02 23:22:46.485392,order_items.csv,ERR_INVALID_QUANTITY_NON_POSITIVE,2026-09-02 23:28:07.281729+05:30
106434,53382,930,0,6493.58,1298.72,24675.6,2026-09-02 23:22:46.485392,order_items.csv,ERR_INVALID_QUANTITY_NON_POSITIVE,2026-09-02 23:28:07.281729+05:30
106505,53423,962,-1,3195.12,958.54,5431.7,2026-09-02 23:22:46.485392,order_items.csv,ERR_INVALID_QUANTITY_NON_POSITIVE,2026-09-02 23:28:07.281729+05:30
106854,53615,731,-3,3916.13,587.42,3328.71,2026-09-02 23:22:46.485392,order_items.csv,ERR_INVALID_QUANTITY_NON_POSITIVE,2026-09-02 23:28:07.281729+05:30
106945,53665,576,-1,12157.61,0.0,12157.61,2026-09-02 23:22:46.485392,order_items.csv,ERR_INVALID_QUANTITY_NON_POSITIVE,2026-09-02 23:28:07.281729+05:30
106996,53689,1303,-1,3020.56,302.06,2718.5,2026-09-02 23:22:46.485392,order_items.csv,ERR_INVALID_QUANTITY_NON_POSITIVE,2026-09-02 23:28:07.281729+05:30
107023,53703,842,-3,1815.74,272.36,1543.38,2026-09-02 23:22:46.485392,order_items.csv,ERR_INVALID_QUANTITY_NON_POSITIVE,2026-09-02 23:28:07.281729+05:30
107032,53709,1145,-3,5697.17,0.0,5697.17,2026-09-02 23:22:46.485392,order_items.csv,ERR_INVALID_QUANTITY_NON_POSITIVE,2026-09-02 23:28:07.281729+05:30
107448,53917,1373,-3,33542.81,0.0,33542.81,2026-09-02 23:22:46.485392,order_items.csv,ERR_INVALID_QUANTITY_NON_POSITIVE,2026-09-02 23:28:07.281729+05:30
107710,54052,1194,-3,10960.79,548.04,10412.75,2026-09-02 23:22:46.485392,order_items.csv,ERR_INVALID_QUANTITY_NON_POSITIVE,2026-09-02 23:28:07.281729+05:30
107798,54095,731,-3,3916.13,0.0,3916.13,2026-09-02 23:22:46.485392,order_items.csv,ERR_INVALID_QUANTITY_NON_POSITIVE,2026-09-02 23:28:07.281729+05:30
107940,54176,1384,-3,2501.87,0.0,2501.87,2026-09-02 23:22:46.485392,order_items.csv,ERR_INVALID_QUANTITY_NON_POSITIVE,2026-09-02 23:28:07.281729+05:30
108134,54278,522,0,1236.1,0.0,1236.1,2026-09-02 23:22:46.485392,order_items.csv,ERR_INVALID_QUANTITY_NON_POSITIVE,2026-09-02 23:28:07.281729+05:30
108281,54353,1358,-1,3413.71,0.0,3413.71,2026-09-02 23:22:46.485392,order_items.csv,ERR_INVALID_QUANTITY_NON_POSITIVE,2026-09-02 23:28:07.281729+05:30
108655,54560,628,0,17177.65,0.0,34355.3,2026-09-02 23:22:46.485392,order_items.csv,ERR_INVALID_QUANTITY_NON_POSITIVE,2026-09-02 23:28:07.281729+05:30
108790,54639,885,0,1876.1,0.0,1876.1,2026-09-02 23:22:46.485392,order_items.csv,ERR_INVALID_QUANTITY_NON_POSITIVE,2026-09-02 23:28:07.281729+05:30
108798,54647,1399,-1,1850.24,0.0,3700.48,2026-09-02 23:22:46.485392,order_items.csv,ERR_INVALID_QUANTITY_NON_POSITIVE,2026-09-02 23:28:07.281729+05:30
108838,54669,502,-1,857.45,42.87,814.58,2026-09-02 23:22:46.485392,order_items.csv,ERR_INVALID_QUANTITY_NON_POSITIVE,2026-09-02 23:28:07.281729+05:30
109093,54809,1368,-1,531.36,53.14,478.22,2026-09-02 23:22:46.485392,order_items.csv,ERR_INVALID_QUANTITY_NON_POSITIVE,2026-09-02 23:28:07.281729+05:30
109142,54835,1308,-1,1551.55,232.73,1318.82,2026-09-02 23:22:46.485392,order_items.csv,ERR_INVALID_QUANTITY_NON_POSITIVE,2026-09-02 23:28:07.281729+05:30
109169,54848,807,0,9152.51,0.0,9152.51,2026-09-02 23:22:46.485392,order_items.csv,ERR_INVALID_QUANTITY_NON_POSITIVE,2026-09-02 23:28:07.281729+05:30
109178,54852,1425,-1,398.71,59.81,338.9,2026-09-02 23:22:46.485392,order_items.csv,ERR_INVALID_QUANTITY_NON_POSITIVE,2026-09-02 23:28:07.281729+05:30
109216,54866,910,-1,7658.77,0.0,15317.54,2026-09-02 23:22:46.485392,order_items.csv,ERR_INVALID_QUANTITY_NON_POSITIVE,2026-09-02 23:28:07.281729+05:30
109344,54934,1295,-3,7047.2,1761.8,33474.2,2026-09-02 23:22:46.485392,order_items.csv,ERR_INVALID_QUANTITY_NON_POSITIVE,2026-09-02 23:28:07.281729+05:30
109379,54953,826,-1,5624.17,562.42,5061.75,2026-09-02 23:22:46.485392,order_items.csv,ERR_INVALID_QUANTITY_NON_POSITIVE,2026-09-02 23:28:07.281729+05:30
109453,54995,735,0,57506.49,23002.6,92010.38,2026-09-02 23:22:46.485392,order_items.csv,ERR_INVALID_QUANTITY_NON_POSITIVE,2026-09-02 23:28:07.281729+05:30
109981,55284,874,0,4042.53,0.0,4042.53,2026-09-02 23:22:46.485392,order_items.csv,ERR_INVALID_QUANTITY_NON_POSITIVE,2026-09-02 23:28:07.281729+05:30
110257,55429,505,-3,24993.93,3749.09,21244.84,2026-09-02 23:22:46.485392,order_items.csv,ERR_INVALID_QUANTITY_NON_POSITIVE,2026-09-02 23:28:07.281729+05:30
110437,55523,796,-1,47882.63,21547.18,122100.71,2026-09-02 23:22:46.485392,order_items.csv,ERR_INVALID_QUANTITY_NON_POSITIVE,2026-09-02 23:28:07.281729+05:30
110517,55563,1141,-1,2633.45,0.0,2633.45,2026-09-02 23:22:46.485392,order_items.csv,ERR_INVALID_QUANTITY_NON_POSITIVE,2026-09-02 23:28:07.281729+05:30
110547,55579,575,0,707.39,141.48,565.91,2026-09-02 23:22:46.485392,order_items.csv,ERR_INVALID_QUANTITY_NON_POSITIVE,2026-09-02 23:28:07.281729+05:30
110693,55659,840,0,2266.76,0.0,2266.76,2026-09-02 23:22:46.485392,order_items.csv,ERR_INVALID_QUANTITY_NON_POSITIVE,2026-09-02 23:28:07.281729+05:30
110781,55702,1069,0,3292.3,329.23,2963.07,2026-09-02 23:22:46.485392,order_items.csv,ERR_INVALID_QUANTITY_NON_POSITIVE,2026-09-02 23:28:07.281729+05:30
111041,55841,577,-1,9780.4,3912.16,15648.64,2026-09-02 23:22:46.485392,order_items.csv,ERR_INVALID_QUANTITY_NON_POSITIVE,2026-09-02 23:28:07.281729+05:30
111253,55947,1209,-1,7394.95,0.0,7394.95,2026-09-02 23:22:46.485392,order_items.csv,ERR_INVALID_QUANTITY_NON_POSITIVE,2026-09-02 23:28:07.281729+05:30
111324,55982,796,-1,47882.63,0.0,47882.63,2026-09-02 23:22:46.485392,order_items.csv,ERR_INVALID_QUANTITY_NON_POSITIVE,2026-09-02 23:28:07.281729+05:30
111444,56040,1294,-3,13408.81,1340.88,25476.74,2026-09-02 23:22:46.485392,order_items.csv,ERR_INVALID_QUANTITY_NON_POSITIVE,2026-09-02 23:28:07.281729+05:30
112046,56360,1019,0,4910.55,0.0,4910.55,2026-09-02 23:22:46.485392,order_items.csv,ERR_INVALID_QUANTITY_NON_POSITIVE,2026-09-02 23:28:07.281729+05:30
112167,56426,714,-3,2848.64,0.0,2848.64,2026-09-02 23:22:46.485392,order_items.csv,ERR_INVALID_QUANTITY_NON_POSITIVE,2026-09-02 23:28:07.281729+05:30
112331,56519,1079,-1,1584.6,237.69,1346.91,2026-09-02 23:22:46.485392,order_items.csv,ERR_INVALID_QUANTITY_NON_POSITIVE,2026-09-02 23:28:07.281729+05:30
112585,56662,1300,0,3728.37,559.26,3169.11,2026-09-02 23:22:46.485392,order_items.csv,ERR_INVALID_QUANTITY_NON_POSITIVE,2026-09-02 23:28:07.281729+05:30
112661,56699,768,-3,2787.59,0.0,2787.59,2026-09-02 23:22:46.485392,order_items.csv,ERR_INVALID_QUANTITY_NON_POSITIVE,2026-09-02 23:28:07.281729+05:30
112753,56745,640,-1,387.39,38.74,348.65,2026-09-02 23:22:46.485392,order_items.csv,ERR_INVALID_QUANTITY_NON_POSITIVE,2026-09-02 23:28:07.281729+05:30
112835,56785,1488,-3,161.25,0.0,322.5,2026-09-02 23:22:46.485392,order_items.csv,ERR_INVALID_QUANTITY_NON_POSITIVE,2026-09-02 23:28:07.281729+05:30
112896,56820,788,-1,5737.23,286.86,5450.37,2026-09-02 23:22:46.485392,order_items.csv,ERR_INVALID_QUANTITY_NON_POSITIVE,2026-09-02 23:28:07.281729+05:30
112913,56829,828,0,1994.93,0.0,1994.93,2026-09-02 23:22:46.485392,order_items.csv,ERR_INVALID_QUANTITY_NON_POSITIVE,2026-09-02 23:28:07.281729+05:30
112959,56852,891,0,1072.15,160.82,911.33,2026-09-02 23:22:46.485392,order_items.csv,ERR_INVALID_QUANTITY_NON_POSITIVE,2026-09-02 23:28:07.281729+05:30
112965,56855,1197,-3,3686.61,737.32,2949.29,2026-09-02 23:22:46.485392,order_items.csv,ERR_INVALID_QUANTITY_NON_POSITIVE,2026-09-02 23:28:07.281729+05:30
113645,57208,846,-3,2074.05,0.0,2074.05,2026-09-02 23:22:46.485392,order_items.csv,ERR_INVALID_QUANTITY_NON_POSITIVE,2026-09-02 23:28:07.281729+05:30
113843,57310,1199,-1,10010.31,0.0,20020.62,2026-09-02 23:22:46.485392,order_items.csv,ERR_INVALID_QUANTITY_NON_POSITIVE,2026-09-02 23:28:07.281729+05:30
114069,57433,757,-3,531.56,0.0,1063.12,2026-09-02 23:22:46.485392,order_items.csv,ERR_INVALID_QUANTITY_NON_POSITIVE,2026-09-02 23:28:07.281729+05:30
114086,57442,1247,-1,3290.5,0.0,9871.5,2026-09-02 23:22:46.485392,order_items.csv,ERR_INVALID_QUANTITY_NON_POSITIVE,2026-09-02 23:28:07.281729+05:30
114112,57457,834,-1,582.75,0.0,0.01,2026-09-02 23:22:46.485392,order_items.csv,ERR_INVALID_QUANTITY_NON_POSITIVE,2026-09-02 23:28:07.281729+05:30
114142,57475,1170,0,5808.74,1742.62,9874.86,2026-09-02 23:22:46.485392,order_items.csv,ERR_INVALID_QUANTITY_NON_POSITIVE,2026-09-02 23:28:07.281729+05:30
114183,57494,1058,-1,2082.48,1561.86,8850.54,2026-09-02 23:22:46.485392,order_items.csv,ERR_INVALID_QUANTITY_NON_POSITIVE,2026-09-02 23:28:07.281729+05:30
114217,57514,585,-3,1236.63,0.0,1236.63,2026-09-02 23:22:46.485392,order_items.csv,ERR_INVALID_QUANTITY_NON_POSITIVE,2026-09-02 23:28:07.281729+05:30
114301,57553,1181,-3,1952.02,97.6,1854.42,2026-09-02 23:22:46.485392,order_items.csv,ERR_INVALID_QUANTITY_NON_POSITIVE,2026-09-02 23:28:07.281729+05:30
114454,57632,1180,0,2113.75,0.0,2113.75,2026-09-02 23:22:46.485392,order_items.csv,ERR_INVALID_QUANTITY_NON_POSITIVE,2026-09-02 23:28:07.281729+05:30
114493,57651,1137,0,4009.91,801.98,3207.93,2026-09-02 23:22:46.485392,order_items.csv,ERR_INVALID_QUANTITY_NON_POSITIVE,2026-09-02 23:28:07.281729+05:30
114684,57759,1184,0,40555.21,0.0,40555.21,2026-09-02 23:22:46.485392,order_items.csv,ERR_INVALID_QUANTITY_NON_POSITIVE,2026-09-02 23:28:07.281729+05:30
114754,57804,824,-3,358.15,0.0,716.3,2026-09-02 23:22:46.485392,order_items.csv,ERR_INVALID_QUANTITY_NON_POSITIVE,2026-09-02 23:28:07.281729+05:30
114900,57883,745,-1,8116.75,0.0,8116.75,2026-09-02 23:22:46.485392,order_items.csv,ERR_INVALID_QUANTITY_NON_POSITIVE,2026-09-02 23:28:07.281729+05:30
115000,57935,1073,-1,175.1,0.0,350.2,2026-09-02 23:22:46.485392,order_items.csv,ERR_INVALID_QUANTITY_NON_POSITIVE,2026-09-02 23:28:07.281729+05:30
115315,58099,1027,-3,1621.03,0.0,4863.09,2026-09-02 23:22:46.485392,order_items.csv,ERR_INVALID_QUANTITY_NON_POSITIVE,2026-09-02 23:28:07.281729+05:30
115430,58155,1166,-3,11375.12,0.0,11375.12,2026-09-02 23:22:46.485392,order_items.csv,ERR_INVALID_QUANTITY_NON_POSITIVE,2026-09-02 23:28:07.281729+05:30
115449,58167,1451,0,1262.61,63.13,1199.48,2026-09-02 23:22:46.485392,order_items.csv,ERR_INVALID_QUANTITY_NON_POSITIVE,2026-09-02 23:28:07.281729+05:30
115488,58190,1097,-3,272.83,40.92,231.91,2026-09-02 23:22:46.485392,order_items.csv,ERR_INVALID_QUANTITY_NON_POSITIVE,2026-09-02 23:28:07.281729+05:30
115988,58464,1228,-1,4448.21,889.64,3558.57,2026-09-02 23:22:46.485392,order_items.csv,ERR_INVALID_QUANTITY_NON_POSITIVE,2026-09-02 23:28:07.281729+05:30
116019,58482,1147,-3,2397.87,0.0,2397.87,2026-09-02 23:22:46.485392,order_items.csv,ERR_INVALID_QUANTITY_NON_POSITIVE,2026-09-02 23:28:07.281729+05:30
116046,58497,901,0,4490.88,224.54,4266.34,2026-09-02 23:22:46.485392,order_items.csv,ERR_INVALID_QUANTITY_NON_POSITIVE,2026-09-02 23:28:07.281729+05:30
116097,58524,856,0,1027.18,154.08,873.1,2026-09-02 23:22:46.485392,order_items.csv,ERR_INVALID_QUANTITY_NON_POSITIVE,2026-09-02 23:28:07.281729+05:30
116239,58591,1442,0,41614.0,0.0,166456.0,2026-09-02 23:22:46.485392,order_items.csv,ERR_INVALID_QUANTITY_NON_POSITIVE,2026-09-02 23:28:07.281729+05:30
116313,58631,1055,-3,1192.44,0.0,1192.44,2026-09-02 23:22:46.485392,order_items.csv,ERR_INVALID_QUANTITY_NON_POSITIVE,2026-09-02 23:28:07.281729+05:30
116675,58797,1218,-1,376.93,18.85,358.08,2026-09-02 23:22:46.485392,order_items.csv,ERR_INVALID_QUANTITY_NON_POSITIVE,2026-09-02 23:28:07.281729+05:30
117082,59009,713,-3,3206.04,160.3,3045.74,2026-09-02 23:22:46.485392,order_items.csv,ERR_INVALID_QUANTITY_NON_POSITIVE,2026-09-02 23:28:07.281729+05:30
117354,59156,1252,-1,3482.38,0.0,3482.38,2026-09-02 23:22:46.485392,order_items.csv,ERR_INVALID_QUANTITY_NON_POSITIVE,2026-09-02 23:28:07.281729+05:30
117597,59283,502,0,857.45,0.0,857.45,2026-09-02 23:22:46.485392,order_items.csv,ERR_INVALID_QUANTITY_NON_POSITIVE,2026-09-02 23:28:07.281729+05:30
117692,59338,1423,-3,34302.22,13720.89,54883.55,2026-09-02 23:22:46.485392,order_items.csv,ERR_INVALID_QUANTITY_NON_POSITIVE,2026-09-02 23:28:07.281729+05:30
117739,59366,1274,-3,30044.36,0.0,60088.72,2026-09-02 23:22:46.485392,order_items.csv,ERR_INVALID_QUANTITY_NON_POSITIVE,2026-09-02 23:28:07.281729+05:30
117808,59398,1294,0,13408.81,0.0,26817.62,2026-09-02 23:22:46.485392,order_items.csv,ERR_INVALID_QUANTITY_NON_POSITIVE,2026-09-02 23:28:07.281729+05:30
117941,59469,621,0,954.46,0.0,954.46,2026-09-02 23:22:46.485392,order_items.csv,ERR_INVALID_QUANTITY_NON_POSITIVE,2026-09-02 23:28:07.281729+05:30
117969,59486,1313,0,1649.38,0.0,1649.38,2026-09-02 23:22:46.485392,order_items.csv,ERR_INVALID_QUANTITY_NON_POSITIVE,2026-09-02 23:28:07.281729+05:30
118054,59528,768,-3,2787.59,0.0,2787.59,2026-09-02 23:22:46.485392,order_items.csv,ERR_INVALID_QUANTITY_NON_POSITIVE,2026-09-02 23:28:07.281729+05:30
118160,59581,1021,-3,8304.88,0.0,8304.88,2026-09-02 23:22:46.485392,order_items.csv,ERR_INVALID_QUANTITY_NON_POSITIVE,2026-09-02 23:28:07.281729+05:30
118452,59738,956,0,480.9,0.0,1442.7,2026-09-02 23:22:46.485392,order_items.csv,ERR_INVALID_QUANTITY_NON_POSITIVE,2026-09-02 23:28:07.281729+05:30
119068,60057,1180,-3,2113.75,0.0,4227.5,2026-09-02 23:22:46.485392,order_items.csv,ERR_INVALID_QUANTITY_NON_POSITIVE,2026-09-02 23:28:07.281729+05:30
119143,60098,1054,-3,3790.99,0.0,3790.99,2026-09-02 23:22:46.485392,order_items.csv,ERR_INVALID_QUANTITY_NON_POSITIVE,2026-09-02 23:28:07.281729+05:30
119217,60138,574,-3,9864.34,4438.95,25154.07,2026-09-02 23:22:46.485392,order_items.csv,ERR_INVALID_QUANTITY_NON_POSITIVE,2026-09-02 23:28:07.281729+05:30
119353,60211,702,-3,13817.43,1381.74,26253.12,2026-09-02 23:22:46.485392,order_items.csv,ERR_INVALID_QUANTITY_NON_POSITIVE,2026-09-02 23:28:07.281729+05:30
119476,60277,532,-3,1014.21,0.0,1014.21,2026-09-02 23:22:46.485392,order_items.csv,ERR_INVALID_QUANTITY_NON_POSITIVE,2026-09-02 23:28:07.281729+05:30
119563,60318,535,-3,759.62,341.83,1937.03,2026-09-02 23:22:46.485392,order_items.csv,ERR_INVALID_QUANTITY_NON_POSITIVE,2026-09-02 23:28:07.281729+05:30
119627,60357,802,-1,502.34,100.47,401.87,2026-09-02 23:22:46.485392,order_items.csv,ERR_INVALID_QUANTITY_NON_POSITIVE,2026-09-02 23:28:07.281729+05:30
119925,60516,1240,0,4836.59,0.0,4836.59,2026-09-02 23:22:46.485392,order_items.csv,ERR_INVALID_QUANTITY_NON_POSITIVE,2026-09-02 23:28:07.281729+05:30
120142,60623,959,-1,911.38,0.0,911.38,2026-09-02 23:22:46.485392,order_items.csv,ERR_INVALID_QUANTITY_NON_POSITIVE,2026-09-02 23:28:07.281729+05:30
120160,60635,1432,-3,4604.92,460.49,4144.43,2026-09-02 23:22:46.485392,order_items.csv,ERR_INVALID_QUANTITY_NON_POSITIVE,2026-09-02 23:28:07.281729+05:30
120237,60677,1494,-1,1334.39,0.0,1334.39,2026-09-02 23:22:46.485392,order_items.csv,ERR_INVALID_QUANTITY_NON_POSITIVE,2026-09-02 23:28:07.281729+05:30
120448,60792,596,-3,2838.57,0.0,28385.7,2026-09-02 23:22:46.485392,order_items.csv,ERR_INVALID_QUANTITY_NON_POSITIVE,2026-09-02 23:28:07.281729+05:30
120479,60807,971,-3,3261.74,0.0,6523.48,2026-09-02 23:22:46.485392,order_items.csv,ERR_INVALID_QUANTITY_NON_POSITIVE,2026-09-02 23:28:07.281729+05:30
120589,60866,935,-3,6308.95,0.0,12617.9,2026-09-02 23:22:46.485392,order_items.csv,ERR_INVALID_QUANTITY_NON_POSITIVE,2026-09-02 23:28:07.281729+05:30
120607,60876,513,-3,2045.17,0.0,4090.34,2026-09-02 23:22:46.485392,order_items.csv,ERR_INVALID_QUANTITY_NON_POSITIVE,2026-09-02 23:28:07.281729+05:30
120616,60880,726,-3,1891.13,378.23,3404.03,2026-09-02 23:22:46.485392,order_items.csv,ERR_INVALID_QUANTITY_NON_POSITIVE,2026-09-02 23:28:07.281729+05:30
120643,60898,948,-1,678.37,33.92,644.45,2026-09-02 23:22:46.485392,order_items.csv,ERR_INVALID_QUANTITY_NON_POSITIVE,2026-09-02 23:28:07.281729+05:30
120821,60989,975,0,8094.12,1214.12,23068.24,2026-09-02 23:22:46.485392,order_items.csv,ERR_INVALID_QUANTITY_NON_POSITIVE,2026-09-02 23:28:07.281729+05:30
120990,61072,833,0,3285.32,0.0,3285.32,2026-09-02 23:22:46.485392,order_items.csv,ERR_INVALID_QUANTITY_NON_POSITIVE,2026-09-02 23:28:07.281729+05:30
121011,61082,848,-3,3391.78,508.77,2883.01,2026-09-02 23:22:46.485392,order_items.csv,ERR_INVALID_QUANTITY_NON_POSITIVE,2026-09-02 23:28:07.281729+05:30
121074,61114,1380,-3,51854.8,10370.96,41483.84,2026-09-02 23:22:46.485392,order_items.csv,ERR_INVALID_QUANTITY_NON_POSITIVE,2026-09-02 23:28:07.281729+05:30
121223,61193,564,-3,8190.3,3276.12,13104.48,2026-09-02 23:22:46.485392,order_items.csv,ERR_INVALID_QUANTITY_NON_POSITIVE,2026-09-02 23:28:07.281729+05:30
121234,61200,697,-1,48150.54,24075.27,216677.43,2026-09-02 23:22:46.485392,order_items.csv,ERR_INVALID_QUANTITY_NON_POSITIVE,2026-09-02 23:28:07.281729+05:30
121274,61219,705,0,61702.8,0.0,61702.8,2026-09-02 23:22:46.485392,order_items.csv,ERR_INVALID_QUANTITY_NON_POSITIVE,2026-09-02 23:28:07.281729+05:30
121454,61310,812,-1,4082.67,408.27,7757.07,2026-09-02 23:22:46.485392,order_items.csv,ERR_INVALID_QUANTITY_NON_POSITIVE,2026-09-02 23:28:07.281729+05:30
122333,61779,1064,0,974.98,48.75,926.23,2026-09-02 23:22:46.485392,order_items.csv,ERR_INVALID_QUANTITY_NON_POSITIVE,2026-09-02 23:28:07.281729+05:30
122611,61928,1311,-1,716.73,0.0,716.73,2026-09-02 23:22:46.485392,order_items.csv,ERR_INVALID_QUANTITY_NON_POSITIVE,2026-09-02 23:28:07.281729+05:30
122622,61934,802,-1,502.34,50.23,954.45,2026-09-02 23:22:46.485392,order_items.csv,ERR_INVALID_QUANTITY_NON_POSITIVE,2026-09-02 23:28:07.281729+05:30
122785,62020,735,-1,57506.49,17251.95,155267.52,2026-09-02 23:22:46.485392,order_items.csv,ERR_INVALID_QUANTITY_NON_POSITIVE,2026-09-02 23:28:07.281729+05:30
123063,62180,1217,-3,1554.31,155.43,1398.88,2026-09-02 23:22:46.485392,order_items.csv,ERR_INVALID_QUANTITY_NON_POSITIVE,2026-09-02 23:28:07.281729+05:30
123245,62276,1318,-3,9111.2,455.56,8655.64,2026-09-02 23:22:46.485392,order_items.csv,ERR_INVALID_QUANTITY_NON_POSITIVE,2026-09-02 23:28:07.281729+05:30
123246,62276,911,0,1048.64,209.73,838.91,2026-09-02 23:22:46.485392,order_items.csv,ERR_INVALID_QUANTITY_NON_POSITIVE,2026-09-02 23:28:07.281729+05:30
123318,62314,937,0,4468.77,670.32,3798.45,2026-09-02 23:22:46.485392,order_items.csv,ERR_INVALID_QUANTITY_NON_POSITIVE,2026-09-02 23:28:07.281729+05:30
123387,62353,1157,-3,11352.01,0.0,22704.02,2026-09-02 23:22:46.485392,order_items.csv,ERR_INVALID_QUANTITY_NON_POSITIVE,2026-09-02 23:28:07.281729+05:30
123403,62363,1005,-1,40307.44,0.0,201537.2,2026-09-02 23:22:46.485392,order_items.csv,ERR_INVALID_QUANTITY_NON_POSITIVE,2026-09-02 23:28:07.281729+05:30
123622,62475,1267,-1,1715.33,171.53,3259.13,2026-09-02 23:22:46.485392,order_items.csv,ERR_INVALID_QUANTITY_NON_POSITIVE,2026-09-02 23:28:07.281729+05:30
123794,62570,1126,-3,34630.98,0.0,34630.98,2026-09-02 23:22:46.485392,order_items.csv,ERR_INVALID_QUANTITY_NON_POSITIVE,2026-09-02 23:28:07.281729+05:30
123803,62575,941,-1,2785.76,0.0,13928.8,2026-09-02 23:22:46.485392,order_items.csv,ERR_INVALID_QUANTITY_NON_POSITIVE,2026-09-02 23:28:07.281729+05:30
123867,62607,1063,-3,3862.9,0.0,3862.9,2026-09-02 23:22:46.485392,order_items.csv,ERR_INVALID_QUANTITY_NON_POSITIVE,2026-09-02 23:28:07.281729+05:30
123925,62634,627,-3,5753.21,0.0,28766.05,2026-09-02 23:22:46.485392,order_items.csv,ERR_INVALID_QUANTITY_NON_POSITIVE,2026-09-02 23:28:07.281729+05:30
124086,62720,554,-1,7118.37,1423.67,5694.7,2026-09-02 23:22:46.485392,order_items.csv,ERR_INVALID_QUANTITY_NON_POSITIVE,2026-09-02 23:28:07.281729+05:30
124127,62741,1207,-3,17457.75,872.89,16584.86,2026-09-02 23:22:46.485392,order_items.csv,ERR_INVALID_QUANTITY_NON_POSITIVE,2026-09-02 23:28:07.281729+05:30
124268,62818,502,-3,857.45,42.87,814.58,2026-09-02 23:22:46.485392,order_items.csv,ERR_INVALID_QUANTITY_NON_POSITIVE,2026-09-02 23:28:07.281729+05:30
124442,62911,1042,-1,239.19,0.0,239.19,2026-09-02 23:22:46.485392,order_items.csv,ERR_INVALID_QUANTITY_NON_POSITIVE,2026-09-02 23:28:07.281729+05:30
124457,62919,592,0,465.41,0.0,465.41,2026-09-02 23:22:46.485392,order_items.csv,ERR_INVALID_QUANTITY_NON_POSITIVE,2026-09-02 23:28:07.281729+05:30
124522,62954,1237,0,9165.83,4124.62,23372.87,2026-09-02 23:22:46.485392,order_items.csv,ERR_INVALID_QUANTITY_NON_POSITIVE,2026-09-02 23:28:07.281729+05:30
124795,63106,652,-1,4775.47,477.55,9073.39,2026-09-02 23:22:46.485392,order_items.csv,ERR_INVALID_QUANTITY_NON_POSITIVE,2026-09-02 23:28:07.281729+05:30
125093,63255,891,-3,1072.15,0.0,1072.15,2026-09-02 23:22:46.485392,order_items.csv,ERR_INVALID_QUANTITY_NON_POSITIVE,2026-09-02 23:28:07.281729+05:30
125135,63279,673,-3,1929.46,289.42,5498.96,2026-09-02 23:22:46.485392,order_items.csv,ERR_INVALID_QUANTITY_NON_POSITIVE,2026-09-02 23:28:07.281729+05:30
125176,63300,1045,-3,5464.07,546.41,4917.66,2026-09-02 23:22:46.485392,order_items.csv,ERR_INVALID_QUANTITY_NON_POSITIVE,2026-09-02 23:28:07.281729+05:30
125546,63494,1438,0,33629.97,0.0,67259.94,2026-09-02 23:22:46.485392,order_items.csv,ERR_INVALID_QUANTITY_NON_POSITIVE,2026-09-02 23:28:07.281729+05:30
125639,63549,1001,0,2348.46,0.0,2348.46,2026-09-02 23:22:46.485392,order_items.csv,ERR_INVALID_QUANTITY_NON_POSITIVE,2026-09-02 23:28:07.281729+05:30
125821,63642,866,-1,8160.17,816.02,7344.15,2026-09-02 23:22:46.485392,order_items.csv,ERR_INVALID_QUANTITY_NON_POSITIVE,2026-09-02 23:28:07.281729+05:30
125845,63655,757,0,531.56,0.0,531.56,2026-09-02 23:22:46.485392,order_items.csv,ERR_INVALID_QUANTITY_NON_POSITIVE,2026-09-02 23:28:07.281729+05:30
126015,63740,816,-3,165.48,0.0,165.48,2026-09-02 23:22:46.485392,order_items.csv,ERR_INVALID_QUANTITY_NON_POSITIVE,2026-09-02 23:28:07.281729+05:30
126149,63814,606,0,33419.02,0.0,33419.02,2026-09-02 23:22:46.485392,order_items.csv,ERR_INVALID_QUANTITY_NON_POSITIVE,2026-09-02 23:28:07.281729+05:30
126424,63952,1007,-3,33996.93,0.0,33996.93,2026-09-02 23:22:46.485392,order_items.csv,ERR_INVALID_QUANTITY_NON_POSITIVE,2026-09-02 23:28:07.281729+05:30
126460,63969,895,0,4349.9,1957.45,11092.25,2026-09-02 23:22:46.485392,order_items.csv,ERR_INVALID_QUANTITY_NON_POSITIVE,2026-09-02 23:28:07.281729+05:30
126648,64078,1329,0,50333.66,5033.37,45300.29,2026-09-02 23:22:46.485392,order_items.csv,ERR_INVALID_QUANTITY_NON_POSITIVE,2026-09-02 23:28:07.281729+05:30
126753,64140,882,-1,4564.37,456.44,4107.93,2026-09-02 23:22:46.485392,order_items.csv,ERR_INVALID_QUANTITY_NON_POSITIVE,2026-09-02 23:28:07.281729+05:30
126927,64241,551,-1,4827.19,0.0,4827.19,2026-09-02 23:22:46.485392,order_items.csv,ERR_INVALID_QUANTITY_NON_POSITIVE,2026-09-02 23:28:07.281729+05:30
127182,64371,1470,-1,2352.26,235.23,2117.03,2026-09-02 23:22:46.485392,order_items.csv,ERR_INVALID_QUANTITY_NON_POSITIVE,2026-09-02 23:28:07.281729+05:30
127254,64408,503,-3,2151.57,0.0,6454.71,2026-09-02 23:22:46.485392,order_items.csv,ERR_INVALID_QUANTITY_NON_POSITIVE,2026-09-02 23:28:07.281729+05:30
127411,64497,609,-1,11215.46,0.0,11215.46,2026-09-02 23:22:46.485392,order_items.csv,ERR_INVALID_QUANTITY_NON_POSITIVE,2026-09-02 23:28:07.281729+05:30
127885,64746,1049,0,5425.0,0.0,5425.0,2026-09-02 23:22:46.485392,order_items.csv,ERR_INVALID_QUANTITY_NON_POSITIVE,2026-09-02 23:28:07.281729+05:30
127894,64753,1285,-1,457.3,22.87,434.43,2026-09-02 23:22:46.485392,order_items.csv,ERR_INVALID_QUANTITY_NON_POSITIVE,2026-09-02 23:28:07.281729+05:30
128068,64851,1252,-3,3482.38,0.0,3482.38,2026-09-02 23:22:46.485392,order_items.csv,ERR_INVALID_QUANTITY_NON_POSITIVE,2026-09-02 23:28:07.281729+05:30
128079,64859,629,0,908.75,45.44,863.31,2026-09-02 23:22:46.485392,order_items.csv,ERR_INVALID_QUANTITY_NON_POSITIVE,2026-09-02 23:28:07.281729+05:30
128676,65167,646,0,41662.95,0.0,41662.95,2026-09-02 23:22:46.485392,order_items.csv,ERR_INVALID_QUANTITY_NON_POSITIVE,2026-09-02 23:28:07.281729+05:30
128721,65190,624,0,143.15,21.47,121.68,2026-09-02 23:22:46.485392,order_items.csv,ERR_INVALID_QUANTITY_NON_POSITIVE,2026-09-02 23:28:07.281729+05:30
128947,65313,1360,-1,637.42,0.0,1274.84,2026-09-02 23:22:46.485392,order_items.csv,ERR_INVALID_QUANTITY_NON_POSITIVE,2026-09-02 23:28:07.281729+05:30
129031,65351,684,-3,6284.89,628.49,11941.29,2026-09-02 23:22:46.485392,order_items.csv,ERR_INVALID_QUANTITY_NON_POSITIVE,2026-09-02 23:28:07.281729+05:30
129065,65368,1002,-3,3000.13,0.0,3000.13,2026-09-02 23:22:46.485392,order_items.csv,ERR_INVALID_QUANTITY_NON_POSITIVE,2026-09-02 23:28:07.281729+05:30
129394,65550,822,-3,9492.18,0.0,9492.18,2026-09-02 23:22:46.485392,order_items.csv,ERR_INVALID_QUANTITY_NON_POSITIVE,2026-09-02 23:28:07.281729+05:30
129400,65554,1460,-3,4590.76,229.54,4361.22,2026-09-02 23:22:46.485392,order_items.csv,ERR_INVALID_QUANTITY_NON_POSITIVE,2026-09-02 23:28:07.281729+05:30
129462,65593,932,-3,3093.74,464.06,2629.68,2026-09-02 23:22:46.485392,order_items.csv,ERR_INVALID_QUANTITY_NON_POSITIVE,2026-09-02 23:28:07.281729+05:30
129536,65626,964,0,1635.67,0.0,1635.67,2026-09-02 23:22:46.485392,order_items.csv,ERR_INVALID_QUANTITY_NON_POSITIVE,2026-09-02 23:28:07.281729+05:30
129544,65630,967,-3,198.69,0.0,397.38,2026-09-02 23:22:46.485392,order_items.csv,ERR_INVALID_QUANTITY_NON_POSITIVE,2026-09-02 23:28:07.281729+05:30
129809,65772,1087,0,1284.42,64.22,1220.2,2026-09-02 23:22:46.485392,order_items.csv,ERR_INVALID_QUANTITY_NON_POSITIVE,2026-09-02 23:28:07.281729+05:30
129945,65836,1367,0,1184.64,0.0,1184.64,2026-09-02 23:22:46.485392,order_items.csv,ERR_INVALID_QUANTITY_NON_POSITIVE,2026-09-02 23:28:07.281729+05:30
130123,65940,647,0,45095.35,0.0,45095.35,2026-09-02 23:22:46.485392,order_items.csv,ERR_INVALID_QUANTITY_NON_POSITIVE,2026-09-02 23:28:07.281729+05:30
130285,66028,948,-1,678.37,0.0,3391.85,2026-09-02 23:22:46.485392,order_items.csv,ERR_INVALID_QUANTITY_NON_POSITIVE,2026-09-02 23:28:07.281729+05:30
130504,66138,1498,-3,5951.7,0.0,23806.8,2026-09-02 23:22:46.485392,order_items.csv,ERR_INVALID_QUANTITY_NON_POSITIVE,2026-09-02 23:28:07.281729+05:30
130555,66161,730,-3,1952.95,97.65,1855.3,2026-09-02 23:22:46.485392,order_items.csv,ERR_INVALID_QUANTITY_NON_POSITIVE,2026-09-02 23:28:07.281729+05:30
130565,66167,509,-3,97.8,14.67,83.13,2026-09-02 23:22:46.485392,order_items.csv,ERR_INVALID_QUANTITY_NON_POSITIVE,2026-09-02 23:28:07.281729+05:30
130621,66195,1102,0,30954.65,12381.86,49527.44,2026-09-02 23:22:46.485392,order_items.csv,ERR_INVALID_QUANTITY_NON_POSITIVE,2026-09-02 23:28:07.281729+05:30
130641,66203,850,-1,312.48,0.0,624.96,2026-09-02 23:22:46.485392,order_items.csv,ERR_INVALID_QUANTITY_NON_POSITIVE,2026-09-02 23:28:07.281729+05:30
130734,66255,637,-1,428.46,0.0,1713.84,2026-09-02 23:22:46.485392,order_items.csv,ERR_INVALID_QUANTITY_NON_POSITIVE,2026-09-02 23:28:07.281729+05:30
130851,66321,854,0,4679.7,0.0,4679.7,2026-09-02 23:22:46.485392,order_items.csv,ERR_INVALID_QUANTITY_NON_POSITIVE,2026-09-02 23:28:07.281729+05:30
130853,66323,682,0,21816.52,0.0,43633.04,2026-09-02 23:22:46.485392,order_items.csv,ERR_INVALID_QUANTITY_NON_POSITIVE,2026-09-02 23:28:07.281729+05:30
130889,66344,724,0,3151.59,0.0,3151.59,2026-09-02 23:22:46.485392,order_items.csv,ERR_INVALID_QUANTITY_NON_POSITIVE,2026-09-02 23:28:07.281729+05:30
131180,66497,1212,-1,572.81,57.28,1088.34,2026-09-02 23:22:46.485392,order_items.csv,ERR_INVALID_QUANTITY_NON_POSITIVE,2026-09-02 23:28:07.281729+05:30
131325,66574,973,-1,7618.09,1523.62,6094.47,2026-09-02 23:22:46.485392,order_items.csv,ERR_INVALID_QUANTITY_NON_POSITIVE,2026-09-02 23:28:07.281729+05:30
131366,66594,966,-1,11037.39,551.87,10485.52,2026-09-02 23:22:46.485392,order_items.csv,ERR_INVALID_QUANTITY_NON_POSITIVE,2026-09-02 23:28:07.281729+05:30
131499,66676,928,-3,193.41,0.0,967.05,2026-09-02 23:22:46.485392,order_items.csv,ERR_INVALID_QUANTITY_NON_POSITIVE,2026-09-02 23:28:07.281729+05:30
131521,66687,915,-1,4283.1,0.0,0.01,2026-09-02 23:22:46.485392,order_items.csv,ERR_INVALID_QUANTITY_NON_POSITIVE,2026-09-02 23:28:07.281729+05:30
131713,66787,784,0,1390.13,0.0,1390.13,2026-09-02 23:22:46.485392,order_items.csv,ERR_INVALID_QUANTITY_NON_POSITIVE,2026-09-02 23:28:07.281729+05:30
131725,66794,815,0,23882.26,0.0,23882.26,2026-09-02 23:22:46.485392,order_items.csv,ERR_INVALID_QUANTITY_NON_POSITIVE,2026-09-02 23:28:07.281729+05:30
131891,66871,955,0,843.93,0.0,843.93,2026-09-02 23:22:46.485392,order_items.csv,ERR_INVALID_QUANTITY_NON_POSITIVE,2026-09-02 23:28:07.281729+05:30
131908,66877,826,-1,5624.17,0.0,11248.34,2026-09-02 23:22:46.485392,order_items.csv,ERR_INVALID_QUANTITY_NON_POSITIVE,2026-09-02 23:28:07.281729+05:30
131910,66878,1041,0,1909.65,0.0,1909.65,2026-09-02 23:22:46.485392,order_items.csv,ERR_INVALID_QUANTITY_NON_POSITIVE,2026-09-02 23:28:07.281729+05:30
132041,66943,1417,-1,10975.38,0.0,10975.38,2026-09-02 23:22:46.485392,order_items.csv,ERR_INVALID_QUANTITY_NON_POSITIVE,2026-09-02 23:28:07.281729+05:30
132080,66968,1206,0,10290.72,0.0,20581.44,2026-09-02 23:22:46.485392,order_items.csv,ERR_INVALID_QUANTITY_NON_POSITIVE,2026-09-02 23:28:07.281729+05:30
132383,67123,565,0,13491.43,0.0,40474.29,2026-09-02 23:22:46.485392,order_items.csv,ERR_INVALID_QUANTITY_NON_POSITIVE,2026-09-02 23:28:07.281729+05:30
132386,67124,1130,-3,12842.45,2568.49,48801.31,2026-09-02 23:22:46.485392,order_items.csv,ERR_INVALID_QUANTITY_NON_POSITIVE,2026-09-02 23:28:07.281729+05:30
132444,67155,1207,-1,17457.75,3491.55,66339.45,2026-09-02 23:22:46.485392,order_items.csv,ERR_INVALID_QUANTITY_NON_POSITIVE,2026-09-02 23:28:07.281729+05:30
132512,67190,1223,-3,546.4,0.0,546.4,2026-09-02 23:22:46.485392,order_items.csv,ERR_INVALID_QUANTITY_NON_POSITIVE,2026-09-02 23:28:07.281729+05:30
132674,67269,840,-3,2266.76,340.01,6460.27,2026-09-02 23:22:46.485392,order_items.csv,ERR_INVALID_QUANTITY_NON_POSITIVE,2026-09-02 23:28:07.281729+05:30
132777,67326,1485,-1,2517.31,0.0,7551.93,2026-09-02 23:22:46.485392,order_items.csv,ERR_INVALID_QUANTITY_NON_POSITIVE,2026-09-02 23:28:07.281729+05:30
132791,67332,817,-1,2698.63,0.0,2698.63,2026-09-02 23:22:46.485392,order_items.csv,ERR_INVALID_QUANTITY_NON_POSITIVE,2026-09-02 23:28:07.281729+05:30
132828,67352,1281,0,5344.29,0.0,10688.58,2026-09-02 23:22:46.485392,order_items.csv,ERR_INVALID_QUANTITY_NON_POSITIVE,2026-09-02 23:28:07.281729+05:30
132916,67399,564,-1,8190.3,0.0,8190.3,2026-09-02 23:22:46.485392,order_items.csv,ERR_INVALID_QUANTITY_NON_POSITIVE,2026-09-02 23:28:07.281729+05:30
133254,67590,1054,-1,3790.99,0.0,3790.99,2026-09-02 23:22:46.485392,order_items.csv,ERR_INVALID_QUANTITY_NON_POSITIVE,2026-09-02 23:28:07.281729+05:30
133285,67605,1067,-1,811.9,0.0,2435.7,2026-09-02 23:22:46.485392,order_items.csv,ERR_INVALID_QUANTITY_NON_POSITIVE,2026-09-02 23:28:07.281729+05:30
133461,67697,1118,-1,40474.82,0.0,80949.64,2026-09-02 23:22:46.485392,order_items.csv,ERR_INVALID_QUANTITY_NON_POSITIVE,2026-09-02 23:28:07.281729+05:30
133576,67761,525,0,47271.03,0.0,47271.03,2026-09-02 23:22:46.485392,order_items.csv,ERR_INVALID_QUANTITY_NON_POSITIVE,2026-09-02 23:28:07.281729+05:30
133676,67814,1106,0,1202.0,1202.0,10818.0,2026-09-02 23:22:46.485392,order_items.csv,ERR_INVALID_QUANTITY_NON_POSITIVE,2026-09-02 23:28:07.281729+05:30
133752,67852,1024,-1,1209.16,0.0,1209.16,2026-09-02 23:22:46.485392,order_items.csv,ERR_INVALID_QUANTITY_NON_POSITIVE,2026-09-02 23:28:07.281729+05:30
133817,67886,930,0,6493.58,0.0,6493.58,2026-09-02 23:22:46.485392,order_items.csv,ERR_INVALID_QUANTITY_NON_POSITIVE,2026-09-02 23:28:07.281729+05:30
133828,67894,894,-3,8857.18,1328.58,7528.6,2026-09-02 23:22:46.485392,order_items.csv,ERR_INVALID_QUANTITY_NON_POSITIVE,2026-09-02 23:28:07.281729+05:30
133950,67953,805,0,286.01,28.6,543.42,2026-09-02 23:22:46.485392,order_items.csv,ERR_INVALID_QUANTITY_NON_POSITIVE,2026-09-02 23:28:07.281729+05:30
133978,67968,646,-1,41662.95,0.0,41662.95,2026-09-02 23:22:46.485392,order_items.csv,ERR_INVALID_QUANTITY_NON_POSITIVE,2026-09-02 23:28:07.281729+05:30
134064,68019,1389,0,313.79,47.07,266.72,2026-09-02 23:22:46.485392,order_items.csv,ERR_INVALID_QUANTITY_NON_POSITIVE,2026-09-02 23:28:07.281729+05:30
134192,68088,1378,0,37757.05,0.0,37757.05,2026-09-02 23:22:46.485392,order_items.csv,ERR_INVALID_QUANTITY_NON_POSITIVE,2026-09-02 23:28:07.281729+05:30
134350,68168,1123,-3,5000.75,0.0,5000.75,2026-09-02 23:22:46.485392,order_items.csv,ERR_INVALID_QUANTITY_NON_POSITIVE,2026-09-02 23:28:07.281729+05:30
134425,68207,535,-3,759.62,37.98,721.64,2026-09-02 23:22:46.485392,order_items.csv,ERR_INVALID_QUANTITY_NON_POSITIVE,2026-09-02 23:28:07.281729+05:30
134448,68220,575,-3,707.39,0.0,707.39,2026-09-02 23:22:46.485392,order_items.csv,ERR_INVALID_QUANTITY_NON_POSITIVE,2026-09-02 23:28:07.281729+05:30
134707,68354,858,-1,15845.88,0.0,15845.88,2026-09-02 23:22:46.485392,order_items.csv,ERR_INVALID_QUANTITY_NON_POSITIVE,2026-09-02 23:28:07.281729+05:30
134866,68433,655,0,33230.35,0.0,33230.35,2026-09-02 23:22:46.485392,order_items.csv,ERR_INVALID_QUANTITY_NON_POSITIVE,2026-09-02 23:28:07.281729+05:30
134886,68444,1150,-1,4524.37,452.44,8596.3,2026-09-02 23:22:46.485392,order_items.csv,ERR_INVALID_QUANTITY_NON_POSITIVE,2026-09-02 23:28:07.281729+05:30
135043,68528,531,-1,890.96,44.55,846.41,2026-09-02 23:22:46.485392,order_items.csv,ERR_INVALID_QUANTITY_NON_POSITIVE,2026-09-02 23:28:07.281729+05:30
135117,68568,1381,-1,467.82,23.39,444.43,2026-09-02 23:22:46.485392,order_items.csv,ERR_INVALID_QUANTITY_NON_POSITIVE,2026-09-02 23:28:07.281729+05:30
135203,68615,1365,0,6044.88,0.0,6044.88,2026-09-02 23:22:46.485392,order_items.csv,ERR_INVALID_QUANTITY_NON_POSITIVE,2026-09-02 23:28:07.281729+05:30
135475,68754,1144,-3,76.75,0.0,76.75,2026-09-02 23:22:46.485392,order_items.csv,ERR_INVALID_QUANTITY_NON_POSITIVE,2026-09-02 23:28:07.281729+05:30
135722,68888,538,-1,10355.76,0.0,10355.76,2026-09-02 23:22:46.485392,order_items.csv,ERR_INVALID_QUANTITY_NON_POSITIVE,2026-09-02 23:28:07.281729+05:30
135844,68948,1423,-3,34302.22,6860.44,130348.44,2026-09-02 23:22:46.485392,order_items.csv,ERR_INVALID_QUANTITY_NON_POSITIVE,2026-09-02 23:28:07.281729+05:30
136008,69028,890,-3,3880.71,0.0,7761.42,2026-09-02 23:22:46.485392,order_items.csv,ERR_INVALID_QUANTITY_NON_POSITIVE,2026-09-02 23:28:07.281729+05:30
136197,69123,1116,-3,1544.2,0.0,3088.4,2026-09-02 23:22:46.485392,order_items.csv,ERR_INVALID_QUANTITY_NON_POSITIVE,2026-09-02 23:28:07.281729+05:30
136810,69440,672,0,3094.44,0.0,3094.44,2026-09-02 23:22:46.485392,order_items.csv,ERR_INVALID_QUANTITY_NON_POSITIVE,2026-09-02 23:28:07.281729+05:30
136941,69511,970,0,4712.46,0.0,9424.92,2026-09-02 23:22:46.485392,order_items.csv,ERR_INVALID_QUANTITY_NON_POSITIVE,2026-09-02 23:28:07.281729+05:30
137195,69650,1138,0,5060.7,506.07,9615.33,2026-09-02 23:22:46.485392,order_items.csv,ERR_INVALID_QUANTITY_NON_POSITIVE,2026-09-02 23:28:07.281729+05:30
137406,69771,1129,-3,7319.46,0.0,14638.92,2026-09-02 23:22:46.485392,order_items.csv,ERR_INVALID_QUANTITY_NON_POSITIVE,2026-09-02 23:28:07.281729+05:30
137432,69784,867,-3,4037.05,403.71,3633.34,2026-09-02 23:22:46.485392,order_items.csv,ERR_INVALID_QUANTITY_NON_POSITIVE,2026-09-02 23:28:07.281729+05:30
137512,69829,1092,-3,1318.93,2637.86,10551.44,2026-09-02 23:22:46.485392,order_items.csv,ERR_INVALID_QUANTITY_NON_POSITIVE,2026-09-02 23:28:07.281729+05:30
137548,69849,639,-1,241.81,0.0,241.81,2026-09-02 23:22:46.485392,order_items.csv,ERR_INVALID_QUANTITY_NON_POSITIVE,2026-09-02 23:28:07.281729+05:30
137563,69860,879,-3,1235.1,0.0,1235.1,2026-09-02 23:22:46.485392,order_items.csv,ERR_INVALID_QUANTITY_NON_POSITIVE,2026-09-02 23:28:07.281729+05:30
137604,69877,1209,-3,7394.95,1109.24,6285.71,2026-09-02 23:22:46.485392,order_items.csv,ERR_INVALID_QUANTITY_NON_POSITIVE,2026-09-02 23:28:07.281729+05:30
137703,69933,844,-1,6579.26,0.0,65792.6,2026-09-02 23:22:46.485392,order_items.csv,ERR_INVALID_QUANTITY_NON_POSITIVE,2026-09-02 23:28:07.281729+05:30
138290,70239,975,0,8094.12,0.0,16188.24,2026-09-02 23:22:46.485392,order_items.csv,ERR_INVALID_QUANTITY_NON_POSITIVE,2026-09-02 23:28:07.281729+05:30
138504,70349,747,-3,1106.72,110.67,2102.77,2026-09-02 23:22:46.485392,order_items.csv,ERR_INVALID_QUANTITY_NON_POSITIVE,2026-09-02 23:28:07.281729+05:30
139016,70620,1433,-1,16535.44,0.0,16535.44,2026-09-02 23:22:46.485392,order_items.csv,ERR_INVALID_QUANTITY_NON_POSITIVE,2026-09-02 23:28:07.281729+05:30
139151,70694,1011,-3,4419.94,0.0,4419.94,2026-09-02 23:22:46.485392,order_items.csv,ERR_INVALID_QUANTITY_NON_POSITIVE,2026-09-02 23:28:07.281729+05:30
139258,70750,1209,-1,7394.95,0.0,7394.95,2026-09-02 23:22:46.485392,order_items.csv,ERR_INVALID_QUANTITY_NON_POSITIVE,2026-09-02 23:28:07.281729+05:30
139261,70752,884,0,7297.32,0.0,21891.96,2026-09-02 23:22:46.485392,order_items.csv,ERR_INVALID_QUANTITY_NON_POSITIVE,2026-09-02 23:28:07.281729+05:30
139264,70753,1348,-1,1564.28,0.0,3128.56,2026-09-02 23:22:46.485392,order_items.csv,ERR_INVALID_QUANTITY_NON_POSITIVE,2026-09-02 23:28:07.281729+05:30
139275,70763,817,-3,2698.63,269.86,2428.77,2026-09-02 23:22:46.485392,order_items.csv,ERR_INVALID_QUANTITY_NON_POSITIVE,2026-09-02 23:28:07.281729+05:30
139317,70782,1084,-3,1366.76,136.68,1230.08,2026-09-02 23:22:46.485392,order_items.csv,ERR_INVALID_QUANTITY_NON_POSITIVE,2026-09-02 23:28:07.281729+05:30
139702,70992,807,0,9152.51,0.0,9152.51,2026-09-02 23:22:46.485392,order_items.csv,ERR_INVALID_QUANTITY_NON_POSITIVE,2026-09-02 23:28:07.281729+05:30
139722,71001,1355,0,1927.71,96.39,1831.32,2026-09-02 23:22:46.485392,order_items.csv,ERR_INVALID_QUANTITY_NON_POSITIVE,2026-09-02 23:28:07.281729+05:30
139782,71031,1247,-3,3290.5,0.0,3290.5,2026-09-02 23:22:46.485392,order_items.csv,ERR_INVALID_QUANTITY_NON_POSITIVE,2026-09-02 23:28:07.281729+05:30
139992,71142,681,0,502.99,0.0,502.99,2026-09-02 23:22:46.485392,order_items.csv,ERR_INVALID_QUANTITY_NON_POSITIVE,2026-09-02 23:28:07.281729+05:30
139997,71144,1006,0,4224.46,422.45,8026.47,2026-09-02 23:22:46.485392,order_items.csv,ERR_INVALID_QUANTITY_NON_POSITIVE,2026-09-02 23:28:07.281729+05:30
140089,71195,728,-3,10996.08,1099.61,20892.55,2026-09-02 23:22:46.485392,order_items.csv,ERR_INVALID_QUANTITY_NON_POSITIVE,2026-09-02 23:28:07.281729+05:30
140145,71218,716,-1,1512.87,0.0,1512.87,2026-09-02 23:22:46.485392,order_items.csv,ERR_INVALID_QUANTITY_NON_POSITIVE,2026-09-02 23:28:07.281729+05:30
140444,71387,510,-3,14216.26,0.0,42648.78,2026-09-02 23:22:46.485392,order_items.csv,ERR_INVALID_QUANTITY_NON_POSITIVE,2026-09-02 23:28:07.281729+05:30
140468,71394,518,0,28878.3,5775.66,23102.64,2026-09-02 23:22:46.485392,order_items.csv,ERR_INVALID_QUANTITY_NON_POSITIVE,2026-09-02 23:28:07.281729+05:30
140645,71482,1426,-1,50231.86,15069.56,85394.16,2026-09-02 23:22:46.485392,order_items.csv,ERR_INVALID_QUANTITY_NON_POSITIVE,2026-09-02 23:28:07.281729+05:30
140772,71555,1497,-3,1406.23,0.0,4218.69,2026-09-02 23:22:46.485392,order_items.csv,ERR_INVALID_QUANTITY_NON_POSITIVE,2026-09-02 23:28:07.281729+05:30
140894,71623,1282,-3,9766.86,1465.03,27835.55,2026-09-02 23:22:46.485392,order_items.csv,ERR_INVALID_QUANTITY_NON_POSITIVE,2026-09-02 23:28:07.281729+05:30
141003,71686,1279,0,1145.34,114.53,1030.81,2026-09-02 23:22:46.485392,order_items.csv,ERR_INVALID_QUANTITY_NON_POSITIVE,2026-09-02 23:28:07.281729+05:30
141528,71950,945,-3,4561.79,0.0,4561.79,2026-09-02 23:22:46.485392,order_items.csv,ERR_INVALID_QUANTITY_NON_POSITIVE,2026-09-02 23:28:07.281729+05:30
141832,72107,917,-1,1429.13,643.11,3644.28,2026-09-02 23:22:46.485392,order_items.csv,ERR_INVALID_QUANTITY_NON_POSITIVE,2026-09-02 23:28:07.281729+05:30
141907,72146,1392,0,11122.55,1668.38,31699.27,2026-09-02 23:22:46.485392,order_items.csv,ERR_INVALID_QUANTITY_NON_POSITIVE,2026-09-02 23:28:07.281729+05:30
141945,72162,689,0,5390.49,2425.72,13745.75,2026-09-02 23:22:46.485392,order_items.csv,ERR_INVALID_QUANTITY_NON_POSITIVE,2026-09-02 23:28:07.281729+05:30
142277,72349,1308,-3,1551.55,0.0,1551.55,2026-09-02 23:22:46.485392,order_items.csv,ERR_INVALID_QUANTITY_NON_POSITIVE,2026-09-02 23:28:07.281729+05:30
142371,72397,713,0,3206.04,641.21,5770.87,2026-09-02 23:22:46.485392,order_items.csv,ERR_INVALID_QUANTITY_NON_POSITIVE,2026-09-02 23:28:07.281729+05:30
142439,72426,935,-1,6308.95,0.0,12617.9,2026-09-02 23:22:46.485392,order_items.csv,ERR_INVALID_QUANTITY_NON_POSITIVE,2026-09-02 23:28:07.281729+05:30
142588,72503,1436,-3,1984.96,0.0,3969.92,2026-09-02 23:22:46.485392,order_items.csv,ERR_INVALID_QUANTITY_NON_POSITIVE,2026-09-02 23:28:07.281729+05:30
142811,72627,1283,-1,3740.81,0.0,7481.62,2026-09-02 23:22:46.485392,order_items.csv,ERR_INVALID_QUANTITY_NON_POSITIVE,2026-09-02 23:28:07.281729+05:30
142872,72663,506,-1,1275.65,63.78,1211.87,2026-09-02 23:22:46.485392,order_items.csv,ERR_INVALID_QUANTITY_NON_POSITIVE,2026-09-02 23:28:07.281729+05:30
142883,72668,1106,0,1202.0,0.0,3606.0,2026-09-02 23:22:46.485392,order_items.csv,ERR_INVALID_QUANTITY_NON_POSITIVE,2026-09-02 23:28:07.281729+05:30
142960,72707,1024,-3,1209.16,0.0,2418.32,2026-09-02 23:22:46.485392,order_items.csv,ERR_INVALID_QUANTITY_NON_POSITIVE,2026-09-02 23:28:07.281729+05:30
143216,72843,737,-1,3182.91,636.58,2546.33,2026-09-02 23:22:46.485392,order_items.csv,ERR_INVALID_QUANTITY_NON_POSITIVE,2026-09-02 23:28:07.281729+05:30
143351,72920,1492,-3,36852.94,0.0,36852.94,2026-09-02 23:22:46.485392,order_items.csv,ERR_INVALID_QUANTITY_NON_POSITIVE,2026-09-02 23:28:07.281729+05:30
143439,72966,587,-3,1151.82,0.0,3455.46,2026-09-02 23:22:46.485392,order_items.csv,ERR_INVALID_QUANTITY_NON_POSITIVE,2026-09-02 23:28:07.281729+05:30
143487,72993,977,0,1594.12,0.0,1594.12,2026-09-02 23:22:46.485392,order_items.csv,ERR_INVALID_QUANTITY_NON_POSITIVE,2026-09-02 23:28:07.281729+05:30
143535,73019,1355,-1,1927.71,192.77,1734.94,2026-09-02 23:22:46.485392,order_items.csv,ERR_INVALID_QUANTITY_NON_POSITIVE,2026-09-02 23:28:07.281729+05:30
143580,73044,1186,-1,417.05,62.56,354.49,2026-09-02 23:22:46.485392,order_items.csv,ERR_INVALID_QUANTITY_NON_POSITIVE,2026-09-02 23:28:07.281729+05:30
143756,73139,899,0,2488.56,248.86,2239.7,2026-09-02 23:22:46.485392,order_items.csv,ERR_INVALID_QUANTITY_NON_POSITIVE,2026-09-02 23:28:07.281729+05:30
143938,73246,1064,0,974.98,0.0,1949.96,2026-09-02 23:22:46.485392,order_items.csv,ERR_INVALID_QUANTITY_NON_POSITIVE,2026-09-02 23:28:07.281729+05:30
144166,73375,1335,-3,3326.36,665.27,2661.09,2026-09-02 23:22:46.485392,order_items.csv,ERR_INVALID_QUANTITY_NON_POSITIVE,2026-09-02 23:28:07.281729+05:30
144221,73407,831,-3,970.38,0.0,1940.76,2026-09-02 23:22:46.485392,order_items.csv,ERR_INVALID_QUANTITY_NON_POSITIVE,2026-09-02 23:28:07.281729+05:30
144295,73449,795,0,597.12,0.0,597.12,2026-09-02 23:22:46.485392,order_items.csv,ERR_INVALID_QUANTITY_NON_POSITIVE,2026-09-02 23:28:07.281729+05:30
144389,73495,618,-3,792.07,0.0,1584.14,2026-09-02 23:22:46.485392,order_items.csv,ERR_INVALID_QUANTITY_NON_POSITIVE,2026-09-02 23:28:07.281729+05:30
144430,73518,1393,0,4070.53,0.0,4070.53,2026-09-02 23:22:46.485392,order_items.csv,ERR_INVALID_QUANTITY_NON_POSITIVE,2026-09-02 23:28:07.281729+05:30
144585,73601,1187,0,732.93,0.0,732.93,2026-09-02 23:22:46.485392,order_items.csv,ERR_INVALID_QUANTITY_NON_POSITIVE,2026-09-02 23:28:07.281729+05:30
144598,73610,526,-1,6801.24,0.0,6801.24,2026-09-02 23:22:46.485392,order_items.csv,ERR_INVALID_QUANTITY_NON_POSITIVE,2026-09-02 23:28:07.281729+05:30
144631,73626,1214,-3,253.18,0.0,759.54,2026-09-02 23:22:46.485392,order_items.csv,ERR_INVALID_QUANTITY_NON_POSITIVE,2026-09-02 23:28:07.281729+05:30
144933,73776,526,-1,6801.24,0.0,13602.48,2026-09-02 23:22:46.485392,order_items.csv,ERR_INVALID_QUANTITY_NON_POSITIVE,2026-09-02 23:28:07.281729+05:30
145088,73855,1376,-1,3458.42,1383.37,12450.31,2026-09-02 23:22:46.485392,order_items.csv,ERR_INVALID_QUANTITY_NON_POSITIVE,2026-09-02 23:28:07.281729+05:30
145226,73921,929,-3,48449.48,0.0,96898.96,2026-09-02 23:22:46.485392,order_items.csv,ERR_INVALID_QUANTITY_NON_POSITIVE,2026-09-02 23:28:07.281729+05:30
145269,73944,1191,-1,8698.09,0.0,34792.36,2026-09-02 23:22:46.485392,order_items.csv,ERR_INVALID_QUANTITY_NON_POSITIVE,2026-09-02 23:28:07.281729+05:30
145487,74060,1429,0,2599.94,0.0,2599.94,2026-09-02 23:22:46.485392,order_items.csv,ERR_INVALID_QUANTITY_NON_POSITIVE,2026-09-02 23:28:07.281729+05:30
145777,74227,1270,-1,1800.2,180.02,1620.18,2026-09-02 23:22:46.485392,order_items.csv,ERR_INVALID_QUANTITY_NON_POSITIVE,2026-09-02 23:28:07.281729+05:30
145847,74260,1369,-3,1471.96,147.2,1324.76,2026-09-02 23:22:46.485392,order_items.csv,ERR_INVALID_QUANTITY_NON_POSITIVE,2026-09-02 23:28:07.281729+05:30
145885,74278,588,0,56364.15,11272.83,101455.47,2026-09-02 23:22:46.485392,order_items.csv,ERR_INVALID_QUANTITY_NON_POSITIVE,2026-09-02 23:28:07.281729+05:30
145891,74281,1179,-3,5720.78,858.12,4862.66,2026-09-02 23:22:46.485392,order_items.csv,ERR_INVALID_QUANTITY_NON_POSITIVE,2026-09-02 23:28:07.281729+05:30
146181,74430,1455,-1,39667.72,0.0,39667.72,2026-09-02 23:22:46.485392,order_items.csv,ERR_INVALID_QUANTITY_NON_POSITIVE,2026-09-02 23:28:07.281729+05:30
146245,74464,1327,-1,14557.53,2911.51,26203.55,2026-09-02 23:22:46.485392,order_items.csv,ERR_INVALID_QUANTITY_NON_POSITIVE,2026-09-02 23:28:07.281729+05:30
146249,74466,596,-1,2838.57,0.0,2838.57,2026-09-02 23:22:46.485392,order_items.csv,ERR_INVALID_QUANTITY_NON_POSITIVE,2026-09-02 23:28:07.281729+05:30
146420,74554,749,-1,1549.27,0.0,1549.27,2026-09-02 23:22:46.485392,order_items.csv,ERR_INVALID_QUANTITY_NON_POSITIVE,2026-09-02 23:28:07.281729+05:30
146721,74710,1185,-3,227.27,22.73,431.81,2026-09-02 23:22:46.485392,order_items.csv,ERR_INVALID_QUANTITY_NON_POSITIVE,2026-09-02 23:28:07.281729+05:30
146865,74789,1144,0,76.75,3.84,72.91,2026-09-02 23:22:46.485392,order_items.csv,ERR_INVALID_QUANTITY_NON_POSITIVE,2026-09-02 23:28:07.281729+05:30
146941,74830,1499,-3,52031.52,0.0,104063.04,2026-09-02 23:22:46.485392,order_items.csv,ERR_INVALID_QUANTITY_NON_POSITIVE,2026-09-02 23:28:07.281729+05:30
147066,74901,919,0,1439.35,431.8,3886.25,2026-09-02 23:22:46.485392,order_items.csv,ERR_INVALID_QUANTITY_NON_POSITIVE,2026-09-02 23:28:07.281729+05:30
147113,74925,1455,0,39667.72,0.0,119003.16,2026-09-02 23:22:46.485392,order_items.csv,ERR_INVALID_QUANTITY_NON_POSITIVE,2026-09-02 23:28:07.281729+05:30
147157,74952,1065,-3,649.25,0.0,649.25,2026-09-02 23:22:46.485392,order_items.csv,ERR_INVALID_QUANTITY_NON_POSITIVE,2026-09-02 23:28:07.281729+05:30
147173,74960,692,0,1265.63,379.69,2151.57,2026-09-02 23:22:46.485392,order_items.csv,ERR_INVALID_QUANTITY_NON_POSITIVE,2026-09-02 23:28:07.281729+05:30
147188,74970,1252,0,3482.38,1044.71,9402.43,2026-09-02 23:22:46.485392,order_items.csv,ERR_INVALID_QUANTITY_NON_POSITIVE,2026-09-02 23:28:07.281729+05:30
147314,75039,1398,-1,302.95,0.0,302.95,2026-09-02 23:22:46.485392,order_items.csv,ERR_INVALID_QUANTITY_NON_POSITIVE,2026-09-02 23:28:07.281729+05:30
147595,75191,1211,-3,2754.91,0.0,2754.91,2026-09-02 23:22:46.485392,order_items.csv,ERR_INVALID_QUANTITY_NON_POSITIVE,2026-09-02 23:28:07.281729+05:30
147599,75192,533,0,49460.15,0.0,49460.15,2026-09-02 23:22:46.485392,order_items.csv,ERR_INVALID_QUANTITY_NON_POSITIVE,2026-09-02 23:28:07.281729+05:30
148316,75558,1243,-1,2503.07,250.31,2252.76,2026-09-02 23:22:46.485392,order_items.csv,ERR_INVALID_QUANTITY_NON_POSITIVE,2026-09-02 23:28:07.281729+05:30
148423,75619,689,-1,5390.49,808.57,4581.92,2026-09-02 23:22:46.485392,order_items.csv,ERR_INVALID_QUANTITY_NON_POSITIVE,2026-09-02 23:28:07.281729+05:30
148554,75689,1077,-3,48173.33,2408.67,45764.66,2026-09-02 23:22:46.485392,order_items.csv,ERR_INVALID_QUANTITY_NON_POSITIVE,2026-09-02 23:28:07.281729+05:30
148855,75848,1251,-1,6859.28,0.0,6859.28,2026-09-02 23:22:46.485392,order_items.csv,ERR_INVALID_QUANTITY_NON_POSITIVE,2026-09-02 23:28:07.281729+05:30
148857,75850,1049,-1,5425.0,0.0,21700.0,2026-09-02 23:22:46.485392,order_items.csv,ERR_INVALID_QUANTITY_NON_POSITIVE,2026-09-02 23:28:07.281729+05:30
148915,75882,778,0,9403.94,0.0,18807.88,2026-09-02 23:22:46.485392,order_items.csv,ERR_INVALID_QUANTITY_NON_POSITIVE,2026-09-02 23:28:07.281729+05:30
148930,75890,1270,-3,1800.2,0.0,1800.2,2026-09-02 23:22:46.485392,order_items.csv,ERR_INVALID_QUANTITY_NON_POSITIVE,2026-09-02 23:28:07.281729+05:30
149023,75944,1191,-3,8698.09,0.0,8698.09,2026-09-02 23:22:46.485392,order_items.csv,ERR_INVALID_QUANTITY_NON_POSITIVE,2026-09-02 23:28:07.281729+05:30
149255,76063,924,0,13403.12,670.16,12732.96,2026-09-02 23:22:46.485392,order_items.csv,ERR_INVALID_QUANTITY_NON_POSITIVE,2026-09-02 23:28:07.281729+05:30
149256,76064,507,0,6786.86,0.0,27147.44,2026-09-02 23:22:46.485392,order_items.csv,ERR_INVALID_QUANTITY_NON_POSITIVE,2026-09-02 23:28:07.281729+05:30
149261,76066,1462,0,49491.59,0.0,98983.18,2026-09-02 23:22:46.485392,order_items.csv,ERR_INVALID_QUANTITY_NON_POSITIVE,2026-09-02 23:28:07.281729+05:30
149263,76067,1322,0,9070.71,0.0,9070.71,2026-09-02 23:22:46.485392,order_items.csv,ERR_INVALID_QUANTITY_NON_POSITIVE,2026-09-02 23:28:07.281729+05:30
149373,76130,818,0,447.24,22.36,424.88,2026-09-02 23:22:46.485392,order_items.csv,ERR_INVALID_QUANTITY_NON_POSITIVE,2026-09-02 23:28:07.281729+05:30
149519,76200,875,-1,6247.75,0.0,12495.5,2026-09-02 23:22:46.485392,order_items.csv,ERR_INVALID_QUANTITY_NON_POSITIVE,2026-09-02 23:28:07.281729+05:30
149583,76235,1252,-1,3482.38,0.0,3482.38,2026-09-02 23:22:46.485392,order_items.csv,ERR_INVALID_QUANTITY_NON_POSITIVE,2026-09-02 23:28:07.281729+05:30
149668,76278,890,-1,3880.71,776.14,6985.28,2026-09-02 23:22:46.485392,order_items.csv,ERR_INVALID_QUANTITY_NON_POSITIVE,2026-09-02 23:28:07.281729+05:30
149682,76284,904,-3,358.58,35.86,322.72,2026-09-02 23:22:46.485392,order_items.csv,ERR_INVALID_QUANTITY_NON_POSITIVE,2026-09-02 23:28:07.281729+05:30
149782,76340,1367,0,1184.64,710.78,2843.14,2026-09-02 23:22:46.485392,order_items.csv,ERR_INVALID_QUANTITY_NON_POSITIVE,2026-09-02 23:28:07.281729+05:30
149806,76352,1048,-3,18409.5,7363.8,29455.2,2026-09-02 23:22:46.485392,order_items.csv,ERR_INVALID_QUANTITY_NON_POSITIVE,2026-09-02 23:28:07.281729+05:30
149818,76357,559,0,1532.32,0.0,3064.64,2026-09-02 23:22:46.485392,order_items.csv,ERR_INVALID_QUANTITY_NON_POSITIVE,2026-09-02 23:28:07.281729+05:30
149866,76383,762,0,2583.88,0.0,5167.76,2026-09-02 23:22:46.485392,order_items.csv,ERR_INVALID_QUANTITY_NON_POSITIVE,2026-09-02 23:28:07.281729+05:30
149868,76384,755,0,6140.05,614.0,11666.1,2026-09-02 23:22:46.485392,order_items.csv,ERR_INVALID_QUANTITY_NON_POSITIVE,2026-09-02 23:28:07.281729+05:30
149891,76397,939,-3,18218.6,0.0,18218.6,2026-09-02 23:22:46.485392,order_items.csv,ERR_INVALID_QUANTITY_NON_POSITIVE,2026-09-02 23:28:07.281729+05:30
150120,76518,716,-1,1512.87,0.0,4538.61,2026-09-02 23:22:46.485392,order_items.csv,ERR_INVALID_QUANTITY_NON_POSITIVE,2026-09-02 23:28:07.281729+05:30
150179,76548,629,-1,908.75,0.0,1817.5,2026-09-02 23:22:46.485392,order_items.csv,ERR_INVALID_QUANTITY_NON_POSITIVE,2026-09-02 23:28:07.281729+05:30
150221,76566,858,-1,15845.88,3169.18,28522.58,2026-09-02 23:22:46.485392,order_items.csv,ERR_INVALID_QUANTITY_NON_POSITIVE,2026-09-02 23:28:07.281729+05:30
150564,76752,863,-1,4207.18,0.0,8414.36,2026-09-02 23:22:46.485392,order_items.csv,ERR_INVALID_QUANTITY_NON_POSITIVE,2026-09-02 23:28:07.281729+05:30
150653,76803,726,0,1891.13,0.0,3782.26,2026-09-02 23:22:46.485392,order_items.csv,ERR_INVALID_QUANTITY_NON_POSITIVE,2026-09-02 23:28:07.281729+05:30
150790,76877,699,0,2388.52,238.85,2149.67,2026-09-02 23:22:46.485392,order_items.csv,ERR_INVALID_QUANTITY_NON_POSITIVE,2026-09-02 23:28:07.281729+05:30
150941,76958,605,-1,2085.61,0.0,2085.61,2026-09-02 23:22:46.485392,order_items.csv,ERR_INVALID_QUANTITY_NON_POSITIVE,2026-09-02 23:28:07.281729+05:30
151197,77104,583,0,8454.38,0.0,8454.38,2026-09-02 23:22:46.485392,order_items.csv,ERR_INVALID_QUANTITY_NON_POSITIVE,2026-09-02 23:28:07.281729+05:30
151488,77266,966,-1,11037.39,551.87,10485.52,2026-09-02 23:22:46.485392,order_items.csv,ERR_INVALID_QUANTITY_NON_POSITIVE,2026-09-02 23:28:07.281729+05:30
151676,77379,621,-1,954.46,0.0,954.46,2026-09-02 23:22:46.485392,order_items.csv,ERR_INVALID_QUANTITY_NON_POSITIVE,2026-09-02 23:28:07.281729+05:30
151721,77396,1284,0,6569.45,0.0,6569.45,2026-09-02 23:22:46.485392,order_items.csv,ERR_INVALID_QUANTITY_NON_POSITIVE,2026-09-02 23:28:07.281729+05:30
151873,77480,1430,0,4649.45,0.0,4649.45,2026-09-02 23:22:46.485392,order_items.csv,ERR_INVALID_QUANTITY_NON_POSITIVE,2026-09-02 23:28:07.281729+05:30
151954,77525,908,-1,17298.39,0.0,34596.78,2026-09-02 23:22:46.485392,order_items.csv,ERR_INVALID_QUANTITY_NON_POSITIVE,2026-09-02 23:28:07.281729+05:30
152137,77629,634,-3,1044.42,104.44,939.98,2026-09-02 23:22:46.485392,order_items.csv,ERR_INVALID_QUANTITY_NON_POSITIVE,2026-09-02 23:28:07.281729+05:30
152203,77659,1143,0,44211.58,4421.16,39790.42,2026-09-02 23:22:46.485392,order_items.csv,ERR_INVALID_QUANTITY_NON_POSITIVE,2026-09-02 23:28:07.281729+05:30
152247,77685,1446,-1,12464.61,0.0,12464.61,2026-09-02 23:22:46.485392,order_items.csv,ERR_INVALID_QUANTITY_NON_POSITIVE,2026-09-02 23:28:07.281729+05:30
152600,77876,949,-3,4180.13,0.0,4180.13,2026-09-02 23:22:46.485392,order_items.csv,ERR_INVALID_QUANTITY_NON_POSITIVE,2026-09-02 23:28:07.281729+05:30
152601,77877,737,0,3182.91,159.15,3023.76,2026-09-02 23:22:46.485392,order_items.csv,ERR_INVALID_QUANTITY_NON_POSITIVE,2026-09-02 23:28:07.281729+05:30
152672,77915,896,-3,1350.04,0.0,1350.04,2026-09-02 23:22:46.485392,order_items.csv,ERR_INVALID_QUANTITY_NON_POSITIVE,2026-09-02 23:28:07.281729+05:30
152871,78012,1146,-3,1835.84,0.0,3671.68,2026-09-02 23:22:46.485392,order_items.csv,ERR_INVALID_QUANTITY_NON_POSITIVE,2026-09-02 23:28:07.281729+05:30
153001,78075,1096,0,983.02,49.15,933.87,2026-09-02 23:22:46.485392,order_items.csv,ERR_INVALID_QUANTITY_NON_POSITIVE,2026-09-02 23:28:07.281729+05:30
153145,78156,977,0,1594.12,0.0,1594.12,2026-09-02 23:22:46.485392,order_items.csv,ERR_INVALID_QUANTITY_NON_POSITIVE,2026-09-02 23:28:07.281729+05:30
153165,78168,653,-3,3775.51,0.0,3775.51,2026-09-02 23:22:46.485392,order_items.csv,ERR_INVALID_QUANTITY_NON_POSITIVE,2026-09-02 23:28:07.281729+05:30
153189,78180,785,-3,2077.46,0.0,10387.3,2026-09-02 23:22:46.485392,order_items.csv,ERR_INVALID_QUANTITY_NON_POSITIVE,2026-09-02 23:28:07.281729+05:30
153299,78241,1351,-3,10261.24,3078.37,17444.11,2026-09-02 23:22:46.485392,order_items.csv,ERR_INVALID_QUANTITY_NON_POSITIVE,2026-09-02 23:28:07.281729+05:30
153507,78355,1305,-3,486.98,0.0,973.96,2026-09-02 23:22:46.485392,order_items.csv,ERR_INVALID_QUANTITY_NON_POSITIVE,2026-09-02 23:28:07.281729+05:30
153720,78473,1403,-3,1304.31,195.65,1108.66,2026-09-02 23:22:46.485392,order_items.csv,ERR_INVALID_QUANTITY_NON_POSITIVE,2026-09-02 23:28:07.281729+05:30
154096,78669,620,-3,306.91,0.0,3069.1,2026-09-02 23:22:46.485392,order_items.csv,ERR_INVALID_QUANTITY_NON_POSITIVE,2026-09-02 23:28:07.281729+05:30
154110,78676,603,-1,3359.37,0.0,16796.85,2026-09-02 23:22:46.485392,order_items.csv,ERR_INVALID_QUANTITY_NON_POSITIVE,2026-09-02 23:28:07.281729+05:30
154169,78712,1443,0,8309.53,0.0,8309.53,2026-09-02 23:22:46.485392,order_items.csv,ERR_INVALID_QUANTITY_NON_POSITIVE,2026-09-02 23:28:07.281729+05:30
154267,78758,1466,-1,529.36,79.4,449.96,2026-09-02 23:22:46.485392,order_items.csv,ERR_INVALID_QUANTITY_NON_POSITIVE,2026-09-02 23:28:07.281729+05:30
154338,78792,768,-1,2787.59,0.0,2787.59,2026-09-02 23:22:46.485392,order_items.csv,ERR_INVALID_QUANTITY_NON_POSITIVE,2026-09-02 23:28:07.281729+05:30
154525,78892,1042,-1,239.19,0.0,478.38,2026-09-02 23:22:46.485392,order_items.csv,ERR_INVALID_QUANTITY_NON_POSITIVE,2026-09-02 23:28:07.281729+05:30
154780,79022,703,-3,5321.55,0.0,5321.55,2026-09-02 23:22:46.485392,order_items.csv,ERR_INVALID_QUANTITY_NON_POSITIVE,2026-09-02 23:28:07.281729+05:30
154798,79030,865,-3,3104.38,0.0,3104.38,2026-09-02 23:22:46.485392,order_items.csv,ERR_INVALID_QUANTITY_NON_POSITIVE,2026-09-02 23:28:07.281729+05:30
155100,79195,852,-3,2411.41,0.0,2411.41,2026-09-02 23:22:46.485392,order_items.csv,ERR_INVALID_QUANTITY_NON_POSITIVE,2026-09-02 23:28:07.281729+05:30
155170,79227,900,-3,6653.61,0.0,6653.61,2026-09-02 23:22:46.485392,order_items.csv,ERR_INVALID_QUANTITY_NON_POSITIVE,2026-09-02 23:28:07.281729+05:30
155197,79244,1272,-1,834.99,41.75,793.24,2026-09-02 23:22:46.485392,order_items.csv,ERR_INVALID_QUANTITY_NON_POSITIVE,2026-09-02 23:28:07.281729+05:30
155203,79248,1229,-1,4052.55,0.0,8105.1,2026-09-02 23:22:46.485392,order_items.csv,ERR_INVALID_QUANTITY_NON_POSITIVE,2026-09-02 23:28:07.281729+05:30
155296,79297,595,0,1491.05,0.0,1491.05,2026-09-02 23:22:46.485392,order_items.csv,ERR_INVALID_QUANTITY_NON_POSITIVE,2026-09-02 23:28:07.281729+05:30
155412,79363,1483,0,42559.13,6383.87,36175.26,2026-09-02 23:22:46.485392,order_items.csv,ERR_INVALID_QUANTITY_NON_POSITIVE,2026-09-02 23:28:07.281729+05:30
155452,79385,1387,-1,11308.74,0.0,11308.74,2026-09-02 23:22:46.485392,order_items.csv,ERR_INVALID_QUANTITY_NON_POSITIVE,2026-09-02 23:28:07.281729+05:30
155475,79400,685,-1,16747.18,0.0,33494.36,2026-09-02 23:22:46.485392,order_items.csv,ERR_INVALID_QUANTITY_NON_POSITIVE,2026-09-02 23:28:07.281729+05:30
155492,79407,704,-1,4169.93,0.0,4169.93,2026-09-02 23:22:46.485392,order_items.csv,ERR_INVALID_QUANTITY_NON_POSITIVE,2026-09-02 23:28:07.281729+05:30
155785,79562,1120,-1,4912.93,736.94,14001.85,2026-09-02 23:22:46.485392,order_items.csv,ERR_INVALID_QUANTITY_NON_POSITIVE,2026-09-02 23:28:07.281729+05:30
155868,79604,651,-1,2912.79,0.0,5825.58,2026-09-02 23:22:46.485392,order_items.csv,ERR_INVALID_QUANTITY_NON_POSITIVE,2026-09-02 23:28:07.281729+05:30
155934,79640,1320,-3,3343.59,0.0,3343.59,2026-09-02 23:22:46.485392,order_items.csv,ERR_INVALID_QUANTITY_NON_POSITIVE,2026-09-02 23:28:07.281729+05:30
155968,79656,669,-1,8250.96,1650.19,6600.77,2026-09-02 23:22:46.485392,order_items.csv,ERR_INVALID_QUANTITY_NON_POSITIVE,2026-09-02 23:28:07.281729+05:30
156043,79697,1001,0,2348.46,117.42,2231.04,2026-09-02 23:22:46.485392,order_items.csv,ERR_INVALID_QUANTITY_NON_POSITIVE,2026-09-02 23:28:07.281729+05:30
156326,79852,1321,-1,3748.73,0.0,3748.73,2026-09-02 23:22:46.485392,order_items.csv,ERR_INVALID_QUANTITY_NON_POSITIVE,2026-09-02 23:28:07.281729+05:30
156349,79867,540,-1,4530.97,0.0,13592.91,2026-09-02 23:22:46.485392,order_items.csv,ERR_INVALID_QUANTITY_NON_POSITIVE,2026-09-02 23:28:07.281729+05:30
156516,79963,547,-3,3552.17,0.0,3552.17,2026-09-02 23:22:46.485392,order_items.csv,ERR_INVALID_QUANTITY_NON_POSITIVE,2026-09-02 23:28:07.281729+05:30
156562,79989,649,-1,1120.89,56.04,1064.85,2026-09-02 23:22:46.485392,order_items.csv,ERR_INVALID_QUANTITY_NON_POSITIVE,2026-09-02 23:28:07.281729+05:30
156777,80092,662,-3,10278.39,3083.52,27751.65,2026-09-02 23:22:46.485392,order_items.csv,ERR_INVALID_QUANTITY_NON_POSITIVE,2026-09-02 23:28:07.281729+05:30
157033,80227,1275,-3,2553.22,255.32,2297.9,2026-09-02 23:22:46.485392,order_items.csv,ERR_INVALID_QUANTITY_NON_POSITIVE,2026-09-02 23:28:07.281729+05:30
157223,80326,1473,-1,176.67,0.0,176.67,2026-09-02 23:22:46.485392,order_items.csv,ERR_INVALID_QUANTITY_NON_POSITIVE,2026-09-02 23:28:07.281729+05:30
157313,80368,1153,-3,3318.91,0.0,3318.91,2026-09-02 23:22:46.485392,order_items.csv,ERR_INVALID_QUANTITY_NON_POSITIVE,2026-09-02 23:28:07.281729+05:30
157870,80685,1197,0,3686.61,0.0,3686.61,2026-09-02 23:22:46.485392,order_items.csv,ERR_INVALID_QUANTITY_NON_POSITIVE,2026-09-02 23:28:07.281729+05:30
158008,80755,855,0,3552.29,0.0,7104.58,2026-09-02 23:22:46.485392,order_items.csv,ERR_INVALID_QUANTITY_NON_POSITIVE,2026-09-02 23:28:07.281729+05:30
158082,80794,573,-3,3710.21,0.0,7420.42,2026-09-02 23:22:46.485392,order_items.csv,ERR_INVALID_QUANTITY_NON_POSITIVE,2026-09-02 23:28:07.281729+05:30
158181,80847,1251,-1,6859.28,0.0,6859.28,2026-09-02 23:22:46.485392,order_items.csv,ERR_INVALID_QUANTITY_NON_POSITIVE,2026-09-02 23:28:07.281729+05:30
158318,80919,1260,0,8354.12,0.0,8354.12,2026-09-02 23:22:46.485392,order_items.csv,ERR_INVALID_QUANTITY_NON_POSITIVE,2026-09-02 23:28:07.281729+05:30
158480,81019,777,-1,704.71,0.0,1409.42,2026-09-02 23:22:46.485392,order_items.csv,ERR_INVALID_QUANTITY_NON_POSITIVE,2026-09-02 23:28:07.281729+05:30
158647,81105,1324,-3,18304.49,0.0,18304.49,2026-09-02 23:22:46.485392,order_items.csv,ERR_INVALID_QUANTITY_NON_POSITIVE,2026-09-02 23:28:07.281729+05:30
158706,81136,535,0,759.62,151.92,607.7,2026-09-02 23:22:46.485392,order_items.csv,ERR_INVALID_QUANTITY_NON_POSITIVE,2026-09-02 23:28:07.281729+05:30
158896,81236,1246,0,2294.52,0.0,4589.04,2026-09-02 23:22:46.485392,order_items.csv,ERR_INVALID_QUANTITY_NON_POSITIVE,2026-09-02 23:28:07.281729+05:30
158958,81265,1111,-3,11316.97,1131.7,10185.27,2026-09-02 23:22:46.485392,order_items.csv,ERR_INVALID_QUANTITY_NON_POSITIVE,2026-09-02 23:28:07.281729+05:30
158963,81268,680,0,12785.51,0.0,12785.51,2026-09-02 23:22:46.485392,order_items.csv,ERR_INVALID_QUANTITY_NON_POSITIVE,2026-09-02 23:28:07.281729+05:30
159068,81320,521,-3,5089.24,0.0,5089.24,2026-09-02 23:22:46.485392,order_items.csv,ERR_INVALID_QUANTITY_NON_POSITIVE,2026-09-02 23:28:07.281729+05:30
159282,81437,1475,-3,7758.19,3103.28,12413.1,2026-09-02 23:22:46.485392,order_items.csv,ERR_INVALID_QUANTITY_NON_POSITIVE,2026-09-02 23:28:07.281729+05:30
159316,81456,821,-1,1250.76,250.15,1000.61,2026-09-02 23:22:46.485392,order_items.csv,ERR_INVALID_QUANTITY_NON_POSITIVE,2026-09-02 23:28:07.281729+05:30
159367,81484,1404,0,13084.89,1962.73,11122.16,2026-09-02 23:22:46.485392,order_items.csv,ERR_INVALID_QUANTITY_NON_POSITIVE,2026-09-02 23:28:07.281729+05:30
159419,81512,519,-1,864.98,86.5,778.48,2026-09-02 23:22:46.485392,order_items.csv,ERR_INVALID_QUANTITY_NON_POSITIVE,2026-09-02 23:28:07.281729+05:30
159637,81628,652,-1,4775.47,0.0,4775.47,2026-09-02 23:22:46.485392,order_items.csv,ERR_INVALID_QUANTITY_NON_POSITIVE,2026-09-02 23:28:07.281729+05:30
159653,81638,1327,0,14557.53,0.0,29115.06,2026-09-02 23:22:46.485392,order_items.csv,ERR_INVALID_QUANTITY_NON_POSITIVE,2026-09-02 23:28:07.281729+05:30
160016,81836,905,0,4663.96,0.0,4663.96,2026-09-02 23:22:46.485392,order_items.csv,ERR_INVALID_QUANTITY_NON_POSITIVE,2026-09-02 23:28:07.281729+05:30
160089,81880,1465,0,9535.51,0.0,47677.55,2026-09-02 23:22:46.485392,order_items.csv,ERR_INVALID_QUANTITY_NON_POSITIVE,2026-09-02 23:28:07.281729+05:30
160231,81956,1395,-1,2558.27,511.65,4604.89,2026-09-02 23:22:46.485392,order_items.csv,ERR_INVALID_QUANTITY_NON_POSITIVE,2026-09-02 23:28:07.281729+05:30
160568,82129,940,0,480.59,0.0,1441.77,2026-09-02 23:22:46.485392,order_items.csv,ERR_INVALID_QUANTITY_NON_POSITIVE,2026-09-02 23:28:07.281729+05:30
160693,82191,1169,-1,1572.37,0.0,1572.37,2026-09-02 23:22:46.485392,order_items.csv,ERR_INVALID_QUANTITY_NON_POSITIVE,2026-09-02 23:28:07.281729+05:30
160726,82214,1273,-1,35180.69,3518.07,31662.62,2026-09-02 23:22:46.485392,order_items.csv,ERR_INVALID_QUANTITY_NON_POSITIVE,2026-09-02 23:28:07.281729+05:30
161002,82358,811,0,3774.03,0.0,3774.03,2026-09-02 23:22:46.485392,order_items.csv,ERR_INVALID_QUANTITY_NON_POSITIVE,2026-09-02 23:28:07.281729+05:30
161058,82388,1189,0,46613.88,6992.08,132849.56,2026-09-02 23:22:46.485392,order_items.csv,ERR_INVALID_QUANTITY_NON_POSITIVE,2026-09-02 23:28:07.281729+05:30
161118,82420,1004,-3,8183.98,0.0,8183.98,2026-09-02 23:22:46.485392,order_items.csv,ERR_INVALID_QUANTITY_NON_POSITIVE,2026-09-02 23:28:07.281729+05:30
161143,82433,829,-1,9742.62,1948.52,7794.1,2026-09-02 23:22:46.485392,order_items.csv,ERR_INVALID_QUANTITY_NON_POSITIVE,2026-09-02 23:28:07.281729+05:30
161160,82442,1103,-1,3858.15,0.0,3858.15,2026-09-02 23:22:46.485392,order_items.csv,ERR_INVALID_QUANTITY_NON_POSITIVE,2026-09-02 23:28:07.281729+05:30
161174,82448,1048,0,18409.5,0.0,18409.5,2026-09-02 23:22:46.485392,order_items.csv,ERR_INVALID_QUANTITY_NON_POSITIVE,2026-09-02 23:28:07.281729+05:30
161307,82509,1445,-1,1349.28,67.46,1281.82,2026-09-02 23:22:46.485392,order_items.csv,ERR_INVALID_QUANTITY_NON_POSITIVE,2026-09-02 23:28:07.281729+05:30
161392,82549,848,0,3391.78,678.36,2713.42,2026-09-02 23:22:46.485392,order_items.csv,ERR_INVALID_QUANTITY_NON_POSITIVE,2026-09-02 23:28:07.281729+05:30
161405,82557,502,-3,857.45,0.0,3429.8,2026-09-02 23:22:46.485392,order_items.csv,ERR_INVALID_QUANTITY_NON_POSITIVE,2026-09-02 23:28:07.281729+05:30
161531,82627,1120,-1,4912.93,0.0,4912.93,2026-09-02 23:22:46.485392,order_items.csv,ERR_INVALID_QUANTITY_NON_POSITIVE,2026-09-02 23:28:07.281729+05:30
161822,82780,929,-3,48449.48,0.0,48449.48,2026-09-02 23:22:46.485392,order_items.csv,ERR_INVALID_QUANTITY_NON_POSITIVE,2026-09-02 23:28:07.281729+05:30
162091,82925,830,0,969.55,0.0,2908.65,2026-09-02 23:22:46.485392,order_items.csv,ERR_INVALID_QUANTITY_NON_POSITIVE,2026-09-02 23:28:07.281729+05:30
162212,82990,649,-1,1120.89,0.0,1120.89,2026-09-02 23:22:46.485392,order_items.csv,ERR_INVALID_QUANTITY_NON_POSITIVE,2026-09-02 23:28:07.281729+05:30
162393,83086,1432,0,4604.92,0.0,9209.84,2026-09-02 23:22:46.485392,order_items.csv,ERR_INVALID_QUANTITY_NON_POSITIVE,2026-09-02 23:28:07.281729+05:30
162400,83090,1373,-3,33542.81,0.0,33542.81,2026-09-02 23:22:46.485392,order_items.csv,ERR_INVALID_QUANTITY_NON_POSITIVE,2026-09-02 23:28:07.281729+05:30
162431,83104,1187,-1,732.93,109.94,622.99,2026-09-02 23:22:46.485392,order_items.csv,ERR_INVALID_QUANTITY_NON_POSITIVE,2026-09-02 23:28:07.281729+05:30
162532,83164,642,-3,4339.17,0.0,4339.17,2026-09-02 23:22:46.485392,order_items.csv,ERR_INVALID_QUANTITY_NON_POSITIVE,2026-09-02 23:28:07.281729+05:30
162745,83270,1209,0,7394.95,1109.24,6285.71,2026-09-02 23:22:46.485392,order_items.csv,ERR_INVALID_QUANTITY_NON_POSITIVE,2026-09-02 23:28:07.281729+05:30
162863,83335,1454,-1,13607.77,3401.94,64636.91,2026-09-02 23:22:46.485392,order_items.csv,ERR_INVALID_QUANTITY_NON_POSITIVE,2026-09-02 23:28:07.281729+05:30
162887,83346,1456,-1,18809.41,2821.41,53606.82,2026-09-02 23:22:46.485392,order_items.csv,ERR_INVALID_QUANTITY_NON_POSITIVE,2026-09-02 23:28:07.281729+05:30
162961,83386,955,-1,843.93,0.0,843.93,2026-09-02 23:22:46.485392,order_items.csv,ERR_INVALID_QUANTITY_NON_POSITIVE,2026-09-02 23:28:07.281729+05:30
163078,83449,851,0,13119.35,0.0,13119.35,2026-09-02 23:22:46.485392,order_items.csv,ERR_INVALID_QUANTITY_NON_POSITIVE,2026-09-02 23:28:07.281729+05:30
163080,83450,737,-3,3182.91,0.0,15914.55,2026-09-02 23:22:46.485392,order_items.csv,ERR_INVALID_QUANTITY_NON_POSITIVE,2026-09-02 23:28:07.281729+05:30
163109,83462,1175,-1,340.96,0.0,340.96,2026-09-02 23:22:46.485392,order_items.csv,ERR_INVALID_QUANTITY_NON_POSITIVE,2026-09-02 23:28:07.281729+05:30
163129,83476,563,-1,5202.26,0.0,5202.26,2026-09-02 23:22:46.485392,order_items.csv,ERR_INVALID_QUANTITY_NON_POSITIVE,2026-09-02 23:28:07.281729+05:30
163294,83570,1099,-1,5326.18,798.93,4527.25,2026-09-02 23:22:46.485392,order_items.csv,ERR_INVALID_QUANTITY_NON_POSITIVE,2026-09-02 23:28:07.281729+05:30
163492,83672,1085,-3,3542.84,177.14,3365.7,2026-09-02 23:22:46.485392,order_items.csv,ERR_INVALID_QUANTITY_NON_POSITIVE,2026-09-02 23:28:07.281729+05:30
163564,83713,1343,-3,22000.19,0.0,44000.38,2026-09-02 23:22:46.485392,order_items.csv,ERR_INVALID_QUANTITY_NON_POSITIVE,2026-09-02 23:28:07.281729+05:30
163655,83755,1351,-3,10261.24,0.0,20522.48,2026-09-02 23:22:46.485392,order_items.csv,ERR_INVALID_QUANTITY_NON_POSITIVE,2026-09-02 23:28:07.281729+05:30
163667,83762,996,-3,1094.36,0.0,1094.36,2026-09-02 23:22:46.485392,order_items.csv,ERR_INVALID_QUANTITY_NON_POSITIVE,2026-09-02 23:28:07.281729+05:30
163681,83771,1082,-1,263.04,0.0,526.08,2026-09-02 23:22:46.485392,order_items.csv,ERR_INVALID_QUANTITY_NON_POSITIVE,2026-09-02 23:28:07.281729+05:30
163750,83812,1469,-1,45926.26,0.0,45926.26,2026-09-02 23:22:46.485392,order_items.csv,ERR_INVALID_QUANTITY_NON_POSITIVE,2026-09-02 23:28:07.281729+05:30
163752,83813,1440,0,9494.23,0.0,18988.46,2026-09-02 23:22:46.485392,order_items.csv,ERR_INVALID_QUANTITY_NON_POSITIVE,2026-09-02 23:28:07.281729+05:30
163855,83870,1119,0,30360.41,0.0,30360.41,2026-09-02 23:22:46.485392,order_items.csv,ERR_INVALID_QUANTITY_NON_POSITIVE,2026-09-02 23:28:07.281729+05:30
163978,83937,1424,-3,11726.51,0.0,23453.02,2026-09-02 23:22:46.485392,order_items.csv,ERR_INVALID_QUANTITY_NON_POSITIVE,2026-09-02 23:28:07.281729+05:30
164076,83989,647,0,45095.35,9019.07,36076.28,2026-09-02 23:22:46.485392,order_items.csv,ERR_INVALID_QUANTITY_NON_POSITIVE,2026-09-02 23:28:07.281729+05:30
164089,83995,892,-1,1364.54,0.0,1364.54,2026-09-02 23:22:46.485392,order_items.csv,ERR_INVALID_QUANTITY_NON_POSITIVE,2026-09-02 23:28:07.281729+05:30
164186,84046,746,-3,25228.71,0.0,25228.71,2026-09-02 23:22:46.485392,order_items.csv,ERR_INVALID_QUANTITY_NON_POSITIVE,2026-09-02 23:28:07.281729+05:30
164206,84058,1436,-3,1984.96,0.0,1984.96,2026-09-02 23:22:46.485392,order_items.csv,ERR_INVALID_QUANTITY_NON_POSITIVE,2026-09-02 23:28:07.281729+05:30
164501,84223,784,-1,1390.13,0.0,1390.13,2026-09-02 23:22:46.485392,order_items.csv,ERR_INVALID_QUANTITY_NON_POSITIVE,2026-09-02 23:28:07.281729+05:30
164562,84254,958,-3,3894.05,389.41,3504.64,2026-09-02 23:22:46.485392,order_items.csv,ERR_INVALID_QUANTITY_NON_POSITIVE,2026-09-02 23:28:07.281729+05:30
164667,84310,1179,0,5720.78,3432.47,13729.87,2026-09-02 23:22:46.485392,order_items.csv,ERR_INVALID_QUANTITY_NON_POSITIVE,2026-09-02 23:28:07.281729+05:30
164733,84349,728,0,10996.08,0.0,32988.24,2026-09-02 23:22:46.485392,order_items.csv,ERR_INVALID_QUANTITY_NON_POSITIVE,2026-09-02 23:28:07.281729+05:30
164998,84494,699,0,2388.52,0.0,2388.52,2026-09-02 23:22:46.485392,order_items.csv,ERR_INVALID_QUANTITY_NON_POSITIVE,2026-09-02 23:28:07.281729+05:30
165102,84550,764,-3,2238.02,0.0,2238.02,2026-09-02 23:22:46.485392,order_items.csv,ERR_INVALID_QUANTITY_NON_POSITIVE,2026-09-02 23:28:07.281729+05:30
165350,84684,1193,-1,352.22,35.22,317.0,2026-09-02 23:22:46.485392,order_items.csv,ERR_INVALID_QUANTITY_NON_POSITIVE,2026-09-02 23:28:07.281729+05:30
165353,84684,1423,-3,34302.22,0.0,137208.88,2026-09-02 23:22:46.485392,order_items.csv,ERR_INVALID_QUANTITY_NON_POSITIVE,2026-09-02 23:28:07.281729+05:30
165386,84703,739,-1,8502.44,0.0,8502.44,2026-09-02 23:22:46.485392,order_items.csv,ERR_INVALID_QUANTITY_NON_POSITIVE,2026-09-02 23:28:07.281729+05:30
165392,84705,1406,0,9874.2,3949.68,15798.72,2026-09-02 23:22:46.485392,order_items.csv,ERR_INVALID_QUANTITY_NON_POSITIVE,2026-09-02 23:28:07.281729+05:30
165445,84732,1158,0,863.75,691.0,2764.0,2026-09-02 23:22:46.485392,order_items.csv,ERR_INVALID_QUANTITY_NON_POSITIVE,2026-09-02 23:28:07.281729+05:30
165892,84981,640,-3,387.39,0.0,387.39,2026-09-02 23:22:46.485392,order_items.csv,ERR_INVALID_QUANTITY_NON_POSITIVE,2026-09-02 23:28:07.281729+05:30
166020,85041,1001,-3,2348.46,0.0,2348.46,2026-09-02 23:22:46.485392,order_items.csv,ERR_INVALID_QUANTITY_NON_POSITIVE,2026-09-02 23:28:07.281729+05:30
166069,85067,1257,0,559.08,83.86,1593.38,2026-09-02 23:22:46.485392,order_items.csv,ERR_INVALID_QUANTITY_NON_POSITIVE,2026-09-02 23:28:07.281729+05:30
166198,85140,1168,-3,2345.05,0.0,2345.05,2026-09-02 23:22:46.485392,order_items.csv,ERR_INVALID_QUANTITY_NON_POSITIVE,2026-09-02 23:28:07.281729+05:30
166380,85233,1353,-1,4808.45,0.0,9616.9,2026-09-02 23:22:46.485392,order_items.csv,ERR_INVALID_QUANTITY_NON_POSITIVE,2026-09-02 23:28:07.281729+05:30
166407,85248,792,0,3071.36,153.57,2917.79,2026-09-02 23:22:46.485392,order_items.csv,ERR_INVALID_QUANTITY_NON_POSITIVE,2026-09-02 23:28:07.281729+05:30
166422,85258,1293,-3,346.86,0.0,693.72,2026-09-02 23:22:46.485392,order_items.csv,ERR_INVALID_QUANTITY_NON_POSITIVE,2026-09-02 23:28:07.281729+05:30
166748,85427,552,-3,1550.08,77.5,1472.58,2026-09-02 23:22:46.485392,order_items.csv,ERR_INVALID_QUANTITY_NON_POSITIVE,2026-09-02 23:28:07.281729+05:30
166950,85542,591,-1,1113.33,0.0,4453.32,2026-09-02 23:22:46.485392,order_items.csv,ERR_INVALID_QUANTITY_NON_POSITIVE,2026-09-02 23:28:07.281729+05:30
167075,85613,1176,-1,735.96,0.0,3679.8,2026-09-02 23:22:46.485392,order_items.csv,ERR_INVALID_QUANTITY_NON_POSITIVE,2026-09-02 23:28:07.281729+05:30
167302,85734,1481,-1,66.27,0.0,66.27,2026-09-02 23:22:46.485392,order_items.csv,ERR_INVALID_QUANTITY_NON_POSITIVE,2026-09-02 23:28:07.281729+05:30
167344,85757,886,-3,10977.89,0.0,54889.45,2026-09-02 23:22:46.485392,order_items.csv,ERR_INVALID_QUANTITY_NON_POSITIVE,2026-09-02 23:28:07.281729+05:30
167752,85971,991,-1,1117.43,0.0,4469.72,2026-09-02 23:22:46.485392,order_items.csv,ERR_INVALID_QUANTITY_NON_POSITIVE,2026-09-02 23:28:07.281729+05:30
167931,86059,858,-1,15845.88,4753.76,26938.0,2026-09-02 23:22:46.485392,order_items.csv,ERR_INVALID_QUANTITY_NON_POSITIVE,2026-09-02 23:28:07.281729+05:30
167983,86083,684,0,6284.89,0.0,6284.89,2026-09-02 23:22:46.485392,order_items.csv,ERR_INVALID_QUANTITY_NON_POSITIVE,2026-09-02 23:28:07.281729+05:30
168100,86150,633,-1,2832.91,0.0,5665.82,2026-09-02 23:22:46.485392,order_items.csv,ERR_INVALID_QUANTITY_NON_POSITIVE,2026-09-02 23:28:07.281729+05:30
168244,86231,1117,0,6040.51,0.0,6040.51,2026-09-02 23:22:46.485392,order_items.csv,ERR_INVALID_QUANTITY_NON_POSITIVE,2026-09-02 23:28:07.281729+05:30
168355,86289,1015,-3,13639.56,1363.96,25915.16,2026-09-02 23:22:46.485392,order_items.csv,ERR_INVALID_QUANTITY_NON_POSITIVE,2026-09-02 23:28:07.281729+05:30
168357,86289,520,-3,389.22,58.38,1109.28,2026-09-02 23:22:46.485392,order_items.csv,ERR_INVALID_QUANTITY_NON_POSITIVE,2026-09-02 23:28:07.281729+05:30
168777,86513,671,-1,1657.92,248.69,1409.23,2026-09-02 23:22:46.485392,order_items.csv,ERR_INVALID_QUANTITY_NON_POSITIVE,2026-09-02 23:28:07.281729+05:30
168885,86568,1189,-1,46613.88,0.0,93227.76,2026-09-02 23:22:46.485392,order_items.csv,ERR_INVALID_QUANTITY_NON_POSITIVE,2026-09-02 23:28:07.281729+05:30
168920,86584,840,-1,2266.76,0.0,2266.76,2026-09-02 23:22:46.485392,order_items.csv,ERR_INVALID_QUANTITY_NON_POSITIVE,2026-09-02 23:28:07.281729+05:30
169013,86634,1149,0,12666.32,0.0,12666.32,2026-09-02 23:22:46.485392,order_items.csv,ERR_INVALID_QUANTITY_NON_POSITIVE,2026-09-02 23:28:07.281729+05:30
169159,86707,1068,0,1072.51,0.0,2145.02,2026-09-02 23:22:46.485392,order_items.csv,ERR_INVALID_QUANTITY_NON_POSITIVE,2026-09-02 23:28:07.281729+05:30
169183,86722,926,-3,1965.04,1179.02,6681.14,2026-09-02 23:22:46.485392,order_items.csv,ERR_INVALID_QUANTITY_NON_POSITIVE,2026-09-02 23:28:07.281729+05:30
169340,86806,1450,0,131.2,0.0,262.4,2026-09-02 23:22:46.485392,order_items.csv,ERR_INVALID_QUANTITY_NON_POSITIVE,2026-09-02 23:28:07.281729+05:30
169549,86924,1418,-3,7521.65,0.0,7521.65,2026-09-02 23:22:46.485392,order_items.csv,ERR_INVALID_QUANTITY_NON_POSITIVE,2026-09-02 23:28:07.281729+05:30
169695,86995,1131,-3,9964.59,5978.75,23915.02,2026-09-02 23:22:46.485392,order_items.csv,ERR_INVALID_QUANTITY_NON_POSITIVE,2026-09-02 23:28:07.281729+05:30
169710,87001,544,-3,488.16,48.82,439.34,2026-09-02 23:22:46.485392,order_items.csv,ERR_INVALID_QUANTITY_NON_POSITIVE,2026-09-02 23:28:07.281729+05:30
169931,87127,1236,-1,12664.66,3799.4,21529.92,2026-09-02 23:22:46.485392,order_items.csv,ERR_INVALID_QUANTITY_NON_POSITIVE,2026-09-02 23:28:07.281729+05:30
170035,87179,1105,0,15538.48,0.0,46615.44,2026-09-02 23:22:46.485392,order_items.csv,ERR_INVALID_QUANTITY_NON_POSITIVE,2026-09-02 23:28:07.281729+05:30
170072,87199,1274,0,30044.36,0.0,90133.08,2026-09-02 23:22:46.485392,order_items.csv,ERR_INVALID_QUANTITY_NON_POSITIVE,2026-09-02 23:28:07.281729+05:30
170140,87235,1488,-3,161.25,8.06,153.19,2026-09-02 23:22:46.485392,order_items.csv,ERR_INVALID_QUANTITY_NON_POSITIVE,2026-09-02 23:28:07.281729+05:30
170206,87269,1437,-3,3400.52,680.1,6120.94,2026-09-02 23:22:46.485392,order_items.csv,ERR_INVALID_QUANTITY_NON_POSITIVE,2026-09-02 23:28:07.281729+05:30
170249,87293,1014,0,740.47,0.0,740.47,2026-09-02 23:22:46.485392,order_items.csv,ERR_INVALID_QUANTITY_NON_POSITIVE,2026-09-02 23:28:07.281729+05:30
170316,87328,1179,-1,5720.78,286.04,5434.74,2026-09-02 23:22:46.485392,order_items.csv,ERR_INVALID_QUANTITY_NON_POSITIVE,2026-09-02 23:28:07.281729+05:30
170349,87347,1418,-1,7521.65,0.0,22564.95,2026-09-02 23:22:46.485392,order_items.csv,ERR_INVALID_QUANTITY_NON_POSITIVE,2026-09-02 23:28:07.281729+05:30
170772,87590,783,-1,4251.03,850.21,16153.91,2026-09-02 23:22:46.485392,order_items.csv,ERR_INVALID_QUANTITY_NON_POSITIVE,2026-09-02 23:28:07.281729+05:30
170778,87592,1024,-1,1209.16,120.92,1088.24,2026-09-02 23:22:46.485392,order_items.csv,ERR_INVALID_QUANTITY_NON_POSITIVE,2026-09-02 23:28:07.281729+05:30
170814,87614,1467,-3,49816.53,7472.48,42344.05,2026-09-02 23:22:46.485392,order_items.csv,ERR_INVALID_QUANTITY_NON_POSITIVE,2026-09-02 23:28:07.281729+05:30
170820,87617,1188,-1,27322.5,0.0,54645.0,2026-09-02 23:22:46.485392,order_items.csv,ERR_INVALID_QUANTITY_NON_POSITIVE,2026-09-02 23:28:07.281729+05:30
171040,87735,1041,0,1909.65,0.0,1909.65,2026-09-02 23:22:46.485392,order_items.csv,ERR_INVALID_QUANTITY_NON_POSITIVE,2026-09-02 23:28:07.281729+05:30
171300,87884,990,-3,2830.8,566.16,5095.44,2026-09-02 23:22:46.485392,order_items.csv,ERR_INVALID_QUANTITY_NON_POSITIVE,2026-09-02 23:28:07.281729+05:30
171401,87935,692,-3,1265.63,0.0,1265.63,2026-09-02 23:22:46.485392,order_items.csv,ERR_INVALID_QUANTITY_NON_POSITIVE,2026-09-02 23:28:07.281729+05:30
171459,87963,875,-1,6247.75,624.78,5622.97,2026-09-02 23:22:46.485392,order_items.csv,ERR_INVALID_QUANTITY_NON_POSITIVE,2026-09-02 23:28:07.281729+05:30
172073,88279,1440,-1,9494.23,0.0,9494.23,2026-09-02 23:22:46.485392,order_items.csv,ERR_INVALID_QUANTITY_NON_POSITIVE,2026-09-02 23:28:07.281729+05:30
172149,88321,922,-1,7469.91,373.5,7096.41,2026-09-02 23:22:46.485392,order_items.csv,ERR_INVALID_QUANTITY_NON_POSITIVE,2026-09-02 23:28:07.281729+05:30
172274,88390,1267,0,1715.33,343.07,3087.59,2026-09-02 23:22:46.485392,order_items.csv,ERR_INVALID_QUANTITY_NON_POSITIVE,2026-09-02 23:28:07.281729+05:30
172399,88461,1091,-1,2714.61,0.0,5429.22,2026-09-02 23:22:46.485392,order_items.csv,ERR_INVALID_QUANTITY_NON_POSITIVE,2026-09-02 23:28:07.281729+05:30
172489,88510,1131,0,9964.59,0.0,19929.18,2026-09-02 23:22:46.485392,order_items.csv,ERR_INVALID_QUANTITY_NON_POSITIVE,2026-09-02 23:28:07.281729+05:30
172608,88571,930,-3,6493.58,649.36,5844.22,2026-09-02 23:22:46.485392,order_items.csv,ERR_INVALID_QUANTITY_NON_POSITIVE,2026-09-02 23:28:07.281729+05:30
172749,88653,1431,-3,2913.46,0.0,2913.46,2026-09-02 23:22:46.485392,order_items.csv,ERR_INVALID_QUANTITY_NON_POSITIVE,2026-09-02 23:28:07.281729+05:30
172764,88660,1125,-3,437.39,0.0,874.78,2026-09-02 23:22:46.485392,order_items.csv,ERR_INVALID_QUANTITY_NON_POSITIVE,2026-09-02 23:28:07.281729+05:30
172864,88718,1191,-1,8698.09,0.0,8698.09,2026-09-02 23:22:46.485392,order_items.csv,ERR_INVALID_QUANTITY_NON_POSITIVE,2026-09-02 23:28:07.281729+05:30
173216,88903,1406,-3,9874.2,0.0,9874.2,2026-09-02 23:22:46.485392,order_items.csv,ERR_INVALID_QUANTITY_NON_POSITIVE,2026-09-02 23:28:07.281729+05:30
173272,88935,1012,0,2408.86,602.22,11442.08,2026-09-02 23:22:46.485392,order_items.csv,ERR_INVALID_QUANTITY_NON_POSITIVE,2026-09-02 23:28:07.281729+05:30
173332,88973,873,0,4795.76,0.0,4795.76,2026-09-02 23:22:46.485392,order_items.csv,ERR_INVALID_QUANTITY_NON_POSITIVE,2026-09-02 23:28:07.281729+05:30
173636,89148,797,-3,10741.63,0.0,10741.63,2026-09-02 23:22:46.485392,order_items.csv,ERR_INVALID_QUANTITY_NON_POSITIVE,2026-09-02 23:28:07.281729+05:30
173646,89154,1162,-3,53184.3,0.0,53184.3,2026-09-02 23:22:46.485392,order_items.csv,ERR_INVALID_QUANTITY_NON_POSITIVE,2026-09-02 23:28:07.281729+05:30
173761,89213,1235,0,9884.61,494.23,9390.38,2026-09-02 23:22:46.485392,order_items.csv,ERR_INVALID_QUANTITY_NON_POSITIVE,2026-09-02 23:28:07.281729+05:30
173859,89267,644,0,1638.13,0.0,3276.26,2026-09-02 23:22:46.485392,order_items.csv,ERR_INVALID_QUANTITY_NON_POSITIVE,2026-09-02 23:28:07.281729+05:30
173964,89319,632,0,962.16,0.0,962.16,2026-09-02 23:22:46.485392,order_items.csv,ERR_INVALID_QUANTITY_NON_POSITIVE,2026-09-02 23:28:07.281729+05:30
174357,89535,826,0,5624.17,0.0,5624.17,2026-09-02 23:22:46.485392,order_items.csv,ERR_INVALID_QUANTITY_NON_POSITIVE,2026-09-02 23:28:07.281729+05:30
174430,89574,1333,-1,1443.08,0.0,1443.08,2026-09-02 23:22:46.485392,order_items.csv,ERR_INVALID_QUANTITY_NON_POSITIVE,2026-09-02 23:28:07.281729+05:30
174478,89602,644,0,1638.13,0.0,4914.39,2026-09-02 23:22:46.485392,order_items.csv,ERR_INVALID_QUANTITY_NON_POSITIVE,2026-09-02 23:28:07.281729+05:30
174502,89613,1376,-1,3458.42,0.0,3458.42,2026-09-02 23:22:46.485392,order_items.csv,ERR_INVALID_QUANTITY_NON_POSITIVE,2026-09-02 23:28:07.281729+05:30
174603,89664,1284,0,6569.45,0.0,6569.45,2026-09-02 23:22:46.485392,order_items.csv,ERR_INVALID_QUANTITY_NON_POSITIVE,2026-09-02 23:28:07.281729+05:30
174652,89691,1150,-1,4524.37,0.0,13573.11,2026-09-02 23:22:46.485392,order_items.csv,ERR_INVALID_QUANTITY_NON_POSITIVE,2026-09-02 23:28:07.281729+05:30
174729,89730,925,-1,9716.04,0.0,19432.08,2026-09-02 23:22:46.485392,order_items.csv,ERR_INVALID_QUANTITY_NON_POSITIVE,2026-09-02 23:28:07.281729+05:30
174972,89853,1274,-1,30044.36,3004.44,27039.92,2026-09-02 23:22:46.485392,order_items.csv,ERR_INVALID_QUANTITY_NON_POSITIVE,2026-09-02 23:28:07.281729+05:30
175006,89871,975,-3,8094.12,0.0,8094.12,2026-09-02 23:22:46.485392,order_items.csv,ERR_INVALID_QUANTITY_NON_POSITIVE,2026-09-02 23:28:07.281729+05:30
175058,89903,1327,-3,14557.53,0.0,29115.06,2026-09-02 23:22:46.485392,order_items.csv,ERR_INVALID_QUANTITY_NON_POSITIVE,2026-09-02 23:28:07.281729+05:30
175280,90022,999,0,3168.08,0.0,3168.08,2026-09-02 23:22:46.485392,order_items.csv,ERR_INVALID_QUANTITY_NON_POSITIVE,2026-09-02 23:28:07.281729+05:30
175292,90028,892,0,1364.54,0.0,1364.54,2026-09-02 23:22:46.485392,order_items.csv,ERR_INVALID_QUANTITY_NON_POSITIVE,2026-09-02 23:28:07.281729+05:30
175567,90181,1088,-3,1633.87,0.0,1633.87,2026-09-02 23:22:46.485392,order_items.csv,ERR_INVALID_QUANTITY_NON_POSITIVE,2026-09-02 23:28:07.281729+05:30
175714,90260,992,-1,2410.25,120.51,2289.74,2026-09-02 23:22:46.485392,order_items.csv,ERR_INVALID_QUANTITY_NON_POSITIVE,2026-09-02 23:28:07.281729+05:30
175730,90271,911,-3,1048.64,0.0,3145.92,2026-09-02 23:22:46.485392,order_items.csv,ERR_INVALID_QUANTITY_NON_POSITIVE,2026-09-02 23:28:07.281729+05:30
175821,90321,1433,-1,16535.44,0.0,16535.44,2026-09-02 23:22:46.485392,order_items.csv,ERR_INVALID_QUANTITY_NON_POSITIVE,2026-09-02 23:28:07.281729+05:30
176076,90464,722,-1,3223.9,1289.56,5158.24,2026-09-02 23:22:46.485392,order_items.csv,ERR_INVALID_QUANTITY_NON_POSITIVE,2026-09-02 23:28:07.281729+05:30
176126,90489,777,-1,704.71,35.24,669.47,2026-09-02 23:22:46.485392,order_items.csv,ERR_INVALID_QUANTITY_NON_POSITIVE,2026-09-02 23:28:07.281729+05:30
176134,90490,826,-3,5624.17,0.0,22496.68,2026-09-02 23:22:46.485392,order_items.csv,ERR_INVALID_QUANTITY_NON_POSITIVE,2026-09-02 23:28:07.281729+05:30
176365,90611,976,0,16578.75,0.0,33157.5,2026-09-02 23:22:46.485392,order_items.csv,ERR_INVALID_QUANTITY_NON_POSITIVE,2026-09-02 23:28:07.281729+05:30
176537,90696,695,-3,4230.29,423.03,3807.26,2026-09-02 23:22:46.485392,order_items.csv,ERR_INVALID_QUANTITY_NON_POSITIVE,2026-09-02 23:28:07.281729+05:30
176651,90761,835,0,1741.84,261.28,1480.56,2026-09-02 23:22:46.485392,order_items.csv,ERR_INVALID_QUANTITY_NON_POSITIVE,2026-09-02 23:28:07.281729+05:30
176715,90797,1080,-3,9453.25,1417.99,8035.26,2026-09-02 23:22:46.485392,order_items.csv,ERR_INVALID_QUANTITY_NON_POSITIVE,2026-09-02 23:28:07.281729+05:30
176744,90813,1235,-3,9884.61,988.46,18780.76,2026-09-02 23:22:46.485392,order_items.csv,ERR_INVALID_QUANTITY_NON_POSITIVE,2026-09-02 23:28:07.281729+05:30
176796,90845,1066,0,13189.08,1318.91,11870.17,2026-09-02 23:22:46.485392,order_items.csv,ERR_INVALID_QUANTITY_NON_POSITIVE,2026-09-02 23:28:07.281729+05:30
176964,90922,764,-1,2238.02,0.0,2238.02,2026-09-02 23:22:46.485392,order_items.csv,ERR_INVALID_QUANTITY_NON_POSITIVE,2026-09-02 23:28:07.281729+05:30
176988,90935,1432,0,4604.92,0.0,13814.76,2026-09-02 23:22:46.485392,order_items.csv,ERR_INVALID_QUANTITY_NON_POSITIVE,2026-09-02 23:28:07.281729+05:30
177056,90967,1212,0,572.81,114.56,458.25,2026-09-02 23:22:46.485392,order_items.csv,ERR_INVALID_QUANTITY_NON_POSITIVE,2026-09-02 23:28:07.281729+05:30
177310,91092,777,-3,704.71,70.47,1338.95,2026-09-02 23:22:46.485392,order_items.csv,ERR_INVALID_QUANTITY_NON_POSITIVE,2026-09-02 23:28:07.281729+05:30
177751,91320,1358,0,3413.71,0.0,13654.84,2026-09-02 23:22:46.485392,order_items.csv,ERR_INVALID_QUANTITY_NON_POSITIVE,2026-09-02 23:28:07.281729+05:30
177788,91341,1146,-3,1835.84,183.58,1652.26,2026-09-02 23:22:46.485392,order_items.csv,ERR_INVALID_QUANTITY_NON_POSITIVE,2026-09-02 23:28:07.281729+05:30
178094,91504,1144,0,76.75,0.0,76.75,2026-09-02 23:22:46.485392,order_items.csv,ERR_INVALID_QUANTITY_NON_POSITIVE,2026-09-02 23:28:07.281729+05:30
178215,91568,683,-3,667.22,0.0,667.22,2026-09-02 23:22:46.485392,order_items.csv,ERR_INVALID_QUANTITY_NON_POSITIVE,2026-09-02 23:28:07.281729+05:30
178298,91623,968,-3,400.01,0.0,400.01,2026-09-02 23:22:46.485392,order_items.csv,ERR_INVALID_QUANTITY_NON_POSITIVE,2026-09-02 23:28:07.281729+05:30
178501,91742,709,-3,20196.66,2019.67,18176.99,2026-09-02 23:22:46.485392,order_items.csv,ERR_INVALID_QUANTITY_NON_POSITIVE,2026-09-02 23:28:07.281729+05:30
178525,91754,1444,0,1331.59,66.58,1265.01,2026-09-02 23:22:46.485392,order_items.csv,ERR_INVALID_QUANTITY_NON_POSITIVE,2026-09-02 23:28:07.281729+05:30
178698,91844,1091,-3,2714.61,542.92,2171.69,2026-09-02 23:22:46.485392,order_items.csv,ERR_INVALID_QUANTITY_NON_POSITIVE,2026-09-02 23:28:07.281729+05:30
178733,91865,529,-1,899.42,0.0,899.42,2026-09-02 23:22:46.485392,order_items.csv,ERR_INVALID_QUANTITY_NON_POSITIVE,2026-09-02 23:28:07.281729+05:30
178747,91873,802,-3,502.34,0.0,502.34,2026-09-02 23:22:46.485392,order_items.csv,ERR_INVALID_QUANTITY_NON_POSITIVE,2026-09-02 23:28:07.281729+05:30
178863,91937,895,0,4349.9,0.0,13049.7,2026-09-02 23:22:46.485392,order_items.csv,ERR_INVALID_QUANTITY_NON_POSITIVE,2026-09-02 23:28:07.281729+05:30
178963,91988,738,-3,79.49,63.59,254.37,2026-09-02 23:22:46.485392,order_items.csv,ERR_INVALID_QUANTITY_NON_POSITIVE,2026-09-02 23:28:07.281729+05:30
178998,92009,1120,-3,4912.93,0.0,4912.93,2026-09-02 23:22:46.485392,order_items.csv,ERR_INVALID_QUANTITY_NON_POSITIVE,2026-09-02 23:28:07.281729+05:30
179003,92012,1442,-3,41614.0,0.0,41614.0,2026-09-02 23:22:46.485392,order_items.csv,ERR_INVALID_QUANTITY_NON_POSITIVE,2026-09-02 23:28:07.281729+05:30
179102,92064,1264,-3,4284.76,428.48,8141.04,2026-09-02 23:22:46.485392,order_items.csv,ERR_INVALID_QUANTITY_NON_POSITIVE,2026-09-02 23:28:07.281729+05:30
179112,92071,1336,-3,1100.99,220.2,4183.76,2026-09-02 23:22:46.485392,order_items.csv,ERR_INVALID_QUANTITY_NON_POSITIVE,2026-09-02 23:28:07.281729+05:30
179141,92084,919,-1,1439.35,0.0,2878.7,2026-09-02 23:22:46.485392,order_items.csv,ERR_INVALID_QUANTITY_NON_POSITIVE,2026-09-02 23:28:07.281729+05:30
179169,92100,1058,-1,2082.48,0.0,2082.48,2026-09-02 23:22:46.485392,order_items.csv,ERR_INVALID_QUANTITY_NON_POSITIVE,2026-09-02 23:28:07.281729+05:30
179212,92120,1150,-3,4524.37,0.0,4524.37,2026-09-02 23:22:46.485392,order_items.csv,ERR_INVALID_QUANTITY_NON_POSITIVE,2026-09-02 23:28:07.281729+05:30
179564,92303,895,0,4349.9,0.0,13049.7,2026-09-02 23:22:46.485392,order_items.csv,ERR_INVALID_QUANTITY_NON_POSITIVE,2026-09-02 23:28:07.281729+05:30
179690,92369,820,-1,4208.99,0.0,12626.97,2026-09-02 23:22:46.485392,order_items.csv,ERR_INVALID_QUANTITY_NON_POSITIVE,2026-09-02 23:28:07.281729+05:30
179697,92372,506,-1,1275.65,0.0,1275.65,2026-09-02 23:22:46.485392,order_items.csv,ERR_INVALID_QUANTITY_NON_POSITIVE,2026-09-02 23:28:07.281729+05:30
179816,92432,1054,-1,3790.99,189.55,3601.44,2026-09-02 23:22:46.485392,order_items.csv,ERR_INVALID_QUANTITY_NON_POSITIVE,2026-09-02 23:28:07.281729+05:30
179941,92497,1405,0,7269.53,0.0,14539.06,2026-09-02 23:22:46.485392,order_items.csv,ERR_INVALID_QUANTITY_NON_POSITIVE,2026-09-02 23:28:07.281729+05:30
179960,92508,1013,-3,338.44,0.0,338.44,2026-09-02 23:22:46.485392,order_items.csv,ERR_INVALID_QUANTITY_NON_POSITIVE,2026-09-02 23:28:07.281729+05:30
179982,92517,574,0,9864.34,1479.65,28113.37,2026-09-02 23:22:46.485392,order_items.csv,ERR_INVALID_QUANTITY_NON_POSITIVE,2026-09-02 23:28:07.281729+05:30
179988,92521,1238,-1,4697.25,0.0,4697.25,2026-09-02 23:22:46.485392,order_items.csv,ERR_INVALID_QUANTITY_NON_POSITIVE,2026-09-02 23:28:07.281729+05:30
180070,92566,1385,-3,1286.84,64.34,1222.5,2026-09-02 23:22:46.485392,order_items.csv,ERR_INVALID_QUANTITY_NON_POSITIVE,2026-09-02 23:28:07.281729+05:30
180187,92631,758,0,5697.15,2278.86,9115.44,2026-09-02 23:22:46.485392,order_items.csv,ERR_INVALID_QUANTITY_NON_POSITIVE,2026-09-02 23:28:07.281729+05:30
180267,92665,1384,0,2501.87,750.56,4253.18,2026-09-02 23:22:46.485392,order_items.csv,ERR_INVALID_QUANTITY_NON_POSITIVE,2026-09-02 23:28:07.281729+05:30
180389,92739,842,-1,1815.74,363.15,1452.59,2026-09-02 23:22:46.485392,order_items.csv,ERR_INVALID_QUANTITY_NON_POSITIVE,2026-09-02 23:28:07.281729+05:30
180400,92746,1000,-3,4280.19,0.0,4280.19,2026-09-02 23:22:46.485392,order_items.csv,ERR_INVALID_QUANTITY_NON_POSITIVE,2026-09-02 23:28:07.281729+05:30
180454,92774,1124,0,26934.98,0.0,26934.98,2026-09-02 23:22:46.485392,order_items.csv,ERR_INVALID_QUANTITY_NON_POSITIVE,2026-09-02 23:28:07.281729+05:30
180573,92838,1144,-1,76.75,0.0,153.5,2026-09-02 23:22:46.485392,order_items.csv,ERR_INVALID_QUANTITY_NON_POSITIVE,2026-09-02 23:28:07.281729+05:30
180615,92865,1064,-1,974.98,97.5,877.48,2026-09-02 23:22:46.485392,order_items.csv,ERR_INVALID_QUANTITY_NON_POSITIVE,2026-09-02 23:28:07.281729+05:30
180619,92867,1483,0,42559.13,0.0,85118.26,2026-09-02 23:22:46.485392,order_items.csv,ERR_INVALID_QUANTITY_NON_POSITIVE,2026-09-02 23:28:07.281729+05:30
180669,92894,1118,-1,40474.82,0.0,80949.64,2026-09-02 23:22:46.485392,order_items.csv,ERR_INVALID_QUANTITY_NON_POSITIVE,2026-09-02 23:28:07.281729+05:30
180740,92930,1448,-3,1230.21,0.0,1230.21,2026-09-02 23:22:46.485392,order_items.csv,ERR_INVALID_QUANTITY_NON_POSITIVE,2026-09-02 23:28:07.281729+05:30
180770,92946,1109,-3,1360.69,0.0,1360.69,2026-09-02 23:22:46.485392,order_items.csv,ERR_INVALID_QUANTITY_NON_POSITIVE,2026-09-02 23:28:07.281729+05:30
180788,92954,1282,-3,9766.86,0.0,29300.58,2026-09-02 23:22:46.485392,order_items.csv,ERR_INVALID_QUANTITY_NON_POSITIVE,2026-09-02 23:28:07.281729+05:30
180882,93001,1307,-1,10915.98,0.0,21831.96,2026-09-02 23:22:46.485392,order_items.csv,ERR_INVALID_QUANTITY_NON_POSITIVE,2026-09-02 23:28:07.281729+05:30
180912,93013,1365,-3,6044.88,1813.46,16321.18,2026-09-02 23:22:46.485392,order_items.csv,ERR_INVALID_QUANTITY_NON_POSITIVE,2026-09-02 23:28:07.281729+05:30
180992,93053,1446,-3,12464.61,1869.69,10594.92,2026-09-02 23:22:46.485392,order_items.csv,ERR_INVALID_QUANTITY_NON_POSITIVE,2026-09-02 23:28:07.281729+05:30
181153,93141,505,-3,24993.93,3749.09,71232.7,2026-09-02 23:22:46.485392,order_items.csv,ERR_INVALID_QUANTITY_NON_POSITIVE,2026-09-02 23:28:07.281729+05:30
181183,93158,1007,0,33996.93,3399.69,64594.17,2026-09-02 23:22:46.485392,order_items.csv,ERR_INVALID_QUANTITY_NON_POSITIVE,2026-09-02 23:28:07.281729+05:30
181286,93212,650,-1,7998.72,0.0,23996.16,2026-09-02 23:22:46.485392,order_items.csv,ERR_INVALID_QUANTITY_NON_POSITIVE,2026-09-02 23:28:07.281729+05:30
181391,93272,997,-1,6261.19,313.06,5948.13,2026-09-02 23:22:46.485392,order_items.csv,ERR_INVALID_QUANTITY_NON_POSITIVE,2026-09-02 23:28:07.281729+05:30
181518,93343,1168,-3,2345.05,0.0,2345.05,2026-09-02 23:22:46.485392,order_items.csv,ERR_INVALID_QUANTITY_NON_POSITIVE,2026-09-02 23:28:07.281729+05:30
181597,93388,1244,-3,8397.85,419.89,7977.96,2026-09-02 23:22:46.485392,order_items.csv,ERR_INVALID_QUANTITY_NON_POSITIVE,2026-09-02 23:28:07.281729+05:30
181690,93437,1302,0,5242.01,3145.21,12580.82,2026-09-02 23:22:46.485392,order_items.csv,ERR_INVALID_QUANTITY_NON_POSITIVE,2026-09-02 23:28:07.281729+05:30
181789,93494,819,-3,13138.48,0.0,131384.8,2026-09-02 23:22:46.485392,order_items.csv,ERR_INVALID_QUANTITY_NON_POSITIVE,2026-09-02 23:28:07.281729+05:30
181842,93522,658,-3,236.63,0.0,709.89,2026-09-02 23:22:46.485392,order_items.csv,ERR_INVALID_QUANTITY_NON_POSITIVE,2026-09-02 23:28:07.281729+05:30
181926,93566,957,-3,5505.58,0.0,5505.58,2026-09-02 23:22:46.485392,order_items.csv,ERR_INVALID_QUANTITY_NON_POSITIVE,2026-09-02 23:28:07.281729+05:30
181934,93571,521,-3,5089.24,0.0,5089.24,2026-09-02 23:22:46.485392,order_items.csv,ERR_INVALID_QUANTITY_NON_POSITIVE,2026-09-02 23:28:07.281729+05:30
181952,93579,806,-3,8302.61,415.13,7887.48,2026-09-02 23:22:46.485392,order_items.csv,ERR_INVALID_QUANTITY_NON_POSITIVE,2026-09-02 23:28:07.281729+05:30
182031,93618,596,0,2838.57,0.0,2838.57,2026-09-02 23:22:46.485392,order_items.csv,ERR_INVALID_QUANTITY_NON_POSITIVE,2026-09-02 23:28:07.281729+05:30
182047,93626,1201,-3,1027.43,0.0,2054.86,2026-09-02 23:22:46.485392,order_items.csv,ERR_INVALID_QUANTITY_NON_POSITIVE,2026-09-02 23:28:07.281729+05:30
182062,93632,1248,0,6694.22,669.42,6024.8,2026-09-02 23:22:46.485392,order_items.csv,ERR_INVALID_QUANTITY_NON_POSITIVE,2026-09-02 23:28:07.281729+05:30
182138,93677,1336,-3,1100.99,0.0,1100.99,2026-09-02 23:22:46.485392,order_items.csv,ERR_INVALID_QUANTITY_NON_POSITIVE,2026-09-02 23:28:07.281729+05:30
182252,93734,988,0,33432.11,20059.27,113669.17,2026-09-02 23:22:46.485392,order_items.csv,ERR_INVALID_QUANTITY_NON_POSITIVE,2026-09-02 23:28:07.281729+05:30
182372,93796,1116,0,1544.2,231.63,1312.57,2026-09-02 23:22:46.485392,order_items.csv,ERR_INVALID_QUANTITY_NON_POSITIVE,2026-09-02 23:28:07.281729+05:30
182762,94010,862,-3,3086.2,0.0,3086.2,2026-09-02 23:22:46.485392,order_items.csv,ERR_INVALID_QUANTITY_NON_POSITIVE,2026-09-02 23:28:07.281729+05:30
182844,94057,664,0,923.16,138.47,784.69,2026-09-02 23:22:46.485392,order_items.csv,ERR_INVALID_QUANTITY_NON_POSITIVE,2026-09-02 23:28:07.281729+05:30
182977,94122,1438,0,33629.97,0.0,67259.94,2026-09-02 23:22:46.485392,order_items.csv,ERR_INVALID_QUANTITY_NON_POSITIVE,2026-09-02 23:28:07.281729+05:30
183136,94210,1070,-1,669.4,0.0,1338.8,2026-09-02 23:22:46.485392,order_items.csv,ERR_INVALID_QUANTITY_NON_POSITIVE,2026-09-02 23:28:07.281729+05:30
183307,94309,1120,-1,4912.93,0.0,9825.86,2026-09-02 23:22:46.485392,order_items.csv,ERR_INVALID_QUANTITY_NON_POSITIVE,2026-09-02 23:28:07.281729+05:30
183630,94477,1311,-1,716.73,0.0,716.73,2026-09-02 23:22:46.485392,order_items.csv,ERR_INVALID_QUANTITY_NON_POSITIVE,2026-09-02 23:28:07.281729+05:30
183744,94549,1314,0,8547.45,4273.73,81200.77,2026-09-02 23:22:46.485392,order_items.csv,ERR_INVALID_QUANTITY_NON_POSITIVE,2026-09-02 23:28:07.281729+05:30
183907,94632,570,0,906.34,407.85,2311.17,2026-09-02 23:22:46.485392,order_items.csv,ERR_INVALID_QUANTITY_NON_POSITIVE,2026-09-02 23:28:07.281729+05:30
183987,94674,773,-1,41256.28,8251.26,33005.02,2026-09-02 23:22:46.485392,order_items.csv,ERR_INVALID_QUANTITY_NON_POSITIVE,2026-09-02 23:28:07.281729+05:30
184094,94731,787,-1,6594.43,0.0,13188.86,2026-09-02 23:22:46.485392,order_items.csv,ERR_INVALID_QUANTITY_NON_POSITIVE,2026-09-02 23:28:07.281729+05:30
184102,94735,504,-1,7124.78,1424.96,5699.82,2026-09-02 23:22:46.485392,order_items.csv,ERR_INVALID_QUANTITY_NON_POSITIVE,2026-09-02 23:28:07.281729+05:30
184220,94797,1383,-1,792.11,39.61,752.5,2026-09-02 23:22:46.485392,order_items.csv,ERR_INVALID_QUANTITY_NON_POSITIVE,2026-09-02 23:28:07.281729+05:30
184387,94883,1343,-1,22000.19,0.0,22000.19,2026-09-02 23:22:46.485392,order_items.csv,ERR_INVALID_QUANTITY_NON_POSITIVE,2026-09-02 23:28:07.281729+05:30
184596,94994,1138,-3,5060.7,253.03,4807.67,2026-09-02 23:22:46.485392,order_items.csv,ERR_INVALID_QUANTITY_NON_POSITIVE,2026-09-02 23:28:07.281729+05:30
185076,95246,1485,-3,2517.31,0.0,2517.31,2026-09-02 23:22:46.485392,order_items.csv,ERR_INVALID_QUANTITY_NON_POSITIVE,2026-09-02 23:28:07.281729+05:30
185304,95368,1427,-3,32385.88,0.0,32385.88,2026-09-02 23:22:46.485392,order_items.csv,ERR_INVALID_QUANTITY_NON_POSITIVE,2026-09-02 23:28:07.281729+05:30
185386,95412,1268,0,44408.68,11102.17,210941.23,2026-09-02 23:22:46.485392,order_items.csv,ERR_INVALID_QUANTITY_NON_POSITIVE,2026-09-02 23:28:07.281729+05:30
185709,95588,1008,-1,1016.77,101.68,915.09,2026-09-02 23:22:46.485392,order_items.csv,ERR_INVALID_QUANTITY_NON_POSITIVE,2026-09-02 23:28:07.281729+05:30
185725,95595,1155,0,46719.06,0.0,93438.12,2026-09-02 23:22:46.485392,order_items.csv,ERR_INVALID_QUANTITY_NON_POSITIVE,2026-09-02 23:28:07.281729+05:30
185910,95698,1487,0,3134.13,0.0,3134.13,2026-09-02 23:22:46.485392,order_items.csv,ERR_INVALID_QUANTITY_NON_POSITIVE,2026-09-02 23:28:07.281729+05:30
185923,95708,863,-1,4207.18,0.0,4207.18,2026-09-02 23:22:46.485392,order_items.csv,ERR_INVALID_QUANTITY_NON_POSITIVE,2026-09-02 23:28:07.281729+05:30
185982,95737,1326,0,7041.43,0.0,7041.43,2026-09-02 23:22:46.485392,order_items.csv,ERR_INVALID_QUANTITY_NON_POSITIVE,2026-09-02 23:28:07.281729+05:30
186014,95755,1377,-3,7235.02,0.0,7235.02,2026-09-02 23:22:46.485392,order_items.csv,ERR_INVALID_QUANTITY_NON_POSITIVE,2026-09-02 23:28:07.281729+05:30
186045,95772,702,-3,13817.43,0.0,27634.86,2026-09-02 23:22:46.485392,order_items.csv,ERR_INVALID_QUANTITY_NON_POSITIVE,2026-09-02 23:28:07.281729+05:30
186112,95806,544,-1,488.16,0.0,976.32,2026-09-02 23:22:46.485392,order_items.csv,ERR_INVALID_QUANTITY_NON_POSITIVE,2026-09-02 23:28:07.281729+05:30
186416,95980,1037,-1,24324.12,0.0,24324.12,2026-09-02 23:22:46.485392,order_items.csv,ERR_INVALID_QUANTITY_NON_POSITIVE,2026-09-02 23:28:07.281729+05:30
186444,95995,606,-1,33419.02,0.0,33419.02,2026-09-02 23:22:46.485392,order_items.csv,ERR_INVALID_QUANTITY_NON_POSITIVE,2026-09-02 23:28:07.281729+05:30
186454,96000,1117,0,6040.51,302.03,5738.48,2026-09-02 23:22:46.485392,order_items.csv,ERR_INVALID_QUANTITY_NON_POSITIVE,2026-09-02 23:28:07.281729+05:30
186472,96010,940,0,480.59,0.0,961.18,2026-09-02 23:22:46.485392,order_items.csv,ERR_INVALID_QUANTITY_NON_POSITIVE,2026-09-02 23:28:07.281729+05:30
186578,96060,930,-3,6493.58,0.0,6493.58,2026-09-02 23:22:46.485392,order_items.csv,ERR_INVALID_QUANTITY_NON_POSITIVE,2026-09-02 23:28:07.281729+05:30
186604,96071,1497,-1,1406.23,281.25,1124.98,2026-09-02 23:22:46.485392,order_items.csv,ERR_INVALID_QUANTITY_NON_POSITIVE,2026-09-02 23:28:07.281729+05:30
186654,96095,1267,-3,1715.33,257.3,1458.03,2026-09-02 23:22:46.485392,order_items.csv,ERR_INVALID_QUANTITY_NON_POSITIVE,2026-09-02 23:28:07.281729+05:30
186741,96141,947,0,449.34,22.47,426.87,2026-09-02 23:22:46.485392,order_items.csv,ERR_INVALID_QUANTITY_NON_POSITIVE,2026-09-02 23:28:07.281729+05:30
186835,96194,1375,-3,49708.39,0.0,99416.78,2026-09-02 23:22:46.485392,order_items.csv,ERR_INVALID_QUANTITY_NON_POSITIVE,2026-09-02 23:28:07.281729+05:30
186877,96216,1008,-3,1016.77,0.0,1016.77,2026-09-02 23:22:46.485392,order_items.csv,ERR_INVALID_QUANTITY_NON_POSITIVE,2026-09-02 23:28:07.281729+05:30
186930,96247,1406,-1,9874.2,1974.84,7899.36,2026-09-02 23:22:46.485392,order_items.csv,ERR_INVALID_QUANTITY_NON_POSITIVE,2026-09-02 23:28:07.281729+05:30
187002,96289,1016,0,1070.1,0.0,2140.2,2026-09-02 23:22:46.485392,order_items.csv,ERR_INVALID_QUANTITY_NON_POSITIVE,2026-09-02 23:28:07.281729+05:30
187011,96293,1448,-3,1230.21,0.0,2460.42,2026-09-02 23:22:46.485392,order_items.csv,ERR_INVALID_QUANTITY_NON_POSITIVE,2026-09-02 23:28:07.281729+05:30
187454,96534,1022,-3,2971.26,297.13,2674.13,2026-09-02 23:22:46.485392,order_items.csv,ERR_INVALID_QUANTITY_NON_POSITIVE,2026-09-02 23:28:07.281729+05:30
187474,96544,1021,0,8304.88,0.0,8304.88,2026-09-02 23:22:46.485392,order_items.csv,ERR_INVALID_QUANTITY_NON_POSITIVE,2026-09-02 23:28:07.281729+05:30
187475,96545,1036,-1,821.86,164.37,1479.35,2026-09-02 23:22:46.485392,order_items.csv,ERR_INVALID_QUANTITY_NON_POSITIVE,2026-09-02 23:28:07.281729+05:30
187517,96567,757,-1,531.56,26.58,504.98,2026-09-02 23:22:46.485392,order_items.csv,ERR_INVALID_QUANTITY_NON_POSITIVE,2026-09-02 23:28:07.281729+05:30
187543,96583,1481,-3,66.27,6.63,59.64,2026-09-02 23:22:46.485392,order_items.csv,ERR_INVALID_QUANTITY_NON_POSITIVE,2026-09-02 23:28:07.281729+05:30
187801,96717,1414,-1,1436.01,71.8,1364.21,2026-09-02 23:22:46.485392,order_items.csv,ERR_INVALID_QUANTITY_NON_POSITIVE,2026-09-02 23:28:07.281729+05:30
188031,96837,766,-1,3567.05,0.0,7134.1,2026-09-02 23:22:46.485392,order_items.csv,ERR_INVALID_QUANTITY_NON_POSITIVE,2026-09-02 23:28:07.281729+05:30
188416,97061,1274,-3,30044.36,3004.44,27039.92,2026-09-02 23:22:46.485392,order_items.csv,ERR_INVALID_QUANTITY_NON_POSITIVE,2026-09-02 23:28:07.281729+05:30
188427,97066,817,0,2698.63,0.0,5397.26,2026-09-02 23:22:46.485392,order_items.csv,ERR_INVALID_QUANTITY_NON_POSITIVE,2026-09-02 23:28:07.281729+05:30
188488,97097,1315,-1,2107.83,105.39,2002.44,2026-09-02 23:22:46.485392,order_items.csv,ERR_INVALID_QUANTITY_NON_POSITIVE,2026-09-02 23:28:07.281729+05:30
188527,97122,1235,-3,9884.61,0.0,9884.61,2026-09-02 23:22:46.485392,order_items.csv,ERR_INVALID_QUANTITY_NON_POSITIVE,2026-09-02 23:28:07.281729+05:30
188672,97203,796,-3,47882.63,9576.53,38306.1,2026-09-02 23:22:46.485392,order_items.csv,ERR_INVALID_QUANTITY_NON_POSITIVE,2026-09-02 23:28:07.281729+05:30
189026,97389,1465,-3,9535.51,0.0,9535.51,2026-09-02 23:22:46.485392,order_items.csv,ERR_INVALID_QUANTITY_NON_POSITIVE,2026-09-02 23:28:07.281729+05:30
189156,97456,1134,-3,319.28,0.0,319.28,2026-09-02 23:22:46.485392,order_items.csv,ERR_INVALID_QUANTITY_NON_POSITIVE,2026-09-02 23:28:07.281729+05:30
189186,97472,877,-3,5236.05,523.61,4712.44,2026-09-02 23:22:46.485392,order_items.csv,ERR_INVALID_QUANTITY_NON_POSITIVE,2026-09-02 23:28:07.281729+05:30
189246,97506,928,0,193.41,0.0,193.41,2026-09-02 23:22:46.485392,order_items.csv,ERR_INVALID_QUANTITY_NON_POSITIVE,2026-09-02 23:28:07.281729+05:30
189403,97581,605,-3,2085.61,0.0,6256.83,2026-09-02 23:22:46.485392,order_items.csv,ERR_INVALID_QUANTITY_NON_POSITIVE,2026-09-02 23:28:07.281729+05:30
189979,97872,1201,-1,1027.43,308.23,1746.63,2026-09-02 23:22:46.485392,order_items.csv,ERR_INVALID_QUANTITY_NON_POSITIVE,2026-09-02 23:28:07.281729+05:30
190078,97933,926,0,1965.04,1179.02,6681.14,2026-09-02 23:22:46.485392,order_items.csv,ERR_INVALID_QUANTITY_NON_POSITIVE,2026-09-02 23:28:07.281729+05:30
190287,98036,911,-3,1048.64,0.0,5243.2,2026-09-02 23:22:46.485392,order_items.csv,ERR_INVALID_QUANTITY_NON_POSITIVE,2026-09-02 23:28:07.281729+05:30
190552,98173,1274,0,30044.36,0.0,30044.36,2026-09-02 23:22:46.485392,order_items.csv,ERR_INVALID_QUANTITY_NON_POSITIVE,2026-09-02 23:28:07.281729+05:30
190577,98186,1488,0,161.25,16.12,145.13,2026-09-02 23:22:46.485392,order_items.csv,ERR_INVALID_QUANTITY_NON_POSITIVE,2026-09-02 23:28:07.281729+05:30
190685,98249,1085,-1,3542.84,1417.14,5668.54,2026-09-02 23:22:46.485392,order_items.csv,ERR_INVALID_QUANTITY_NON_POSITIVE,2026-09-02 23:28:07.281729+05:30
190758,98288,1397,0,10026.32,0.0,10026.32,2026-09-02 23:22:46.485392,order_items.csv,ERR_INVALID_QUANTITY_NON_POSITIVE,2026-09-02 23:28:07.281729+05:30
190849,98334,964,0,1635.67,0.0,3271.34,2026-09-02 23:22:46.485392,order_items.csv,ERR_INVALID_QUANTITY_NON_POSITIVE,2026-09-02 23:28:07.281729+05:30
191111,98466,913,0,47350.48,0.0,142051.44,2026-09-02 23:22:46.485392,order_items.csv,ERR_INVALID_QUANTITY_NON_POSITIVE,2026-09-02 23:28:07.281729+05:30
191218,98515,1060,0,1570.05,942.03,3768.12,2026-09-02 23:22:46.485392,order_items.csv,ERR_INVALID_QUANTITY_NON_POSITIVE,2026-09-02 23:28:07.281729+05:30
191627,98735,881,-1,366.32,0.0,1831.6,2026-09-02 23:22:46.485392,order_items.csv,ERR_INVALID_QUANTITY_NON_POSITIVE,2026-09-02 23:28:07.281729+05:30
191632,98737,645,0,12866.52,2573.3,10293.22,2026-09-02 23:22:46.485392,order_items.csv,ERR_INVALID_QUANTITY_NON_POSITIVE,2026-09-02 23:28:07.281729+05:30
191649,98746,1114,-3,340.21,0.0,340.21,2026-09-02 23:22:46.485392,order_items.csv,ERR_INVALID_QUANTITY_NON_POSITIVE,2026-09-02 23:28:07.281729+05:30
192030,98945,1046,0,18810.11,0.0,37620.22,2026-09-02 23:22:46.485392,order_items.csv,ERR_INVALID_QUANTITY_NON_POSITIVE,2026-09-02 23:28:07.281729+05:30
192361,99120,1298,0,1074.22,0.0,1074.22,2026-09-02 23:22:46.485392,order_items.csv,ERR_INVALID_QUANTITY_NON_POSITIVE,2026-09-02 23:28:07.281729+05:30
192394,99142,524,-3,59116.89,11823.38,224644.18,2026-09-02 23:22:46.485392,order_items.csv,ERR_INVALID_QUANTITY_NON_POSITIVE,2026-09-02 23:28:07.281729+05:30
192437,99159,1315,-3,2107.83,0.0,2107.83,2026-09-02 23:22:46.485392,order_items.csv,ERR_INVALID_QUANTITY_NON_POSITIVE,2026-09-02 23:28:07.281729+05:30
192545,99214,1344,-3,1482.87,0.0,1482.87,2026-09-02 23:22:46.485392,order_items.csv,ERR_INVALID_QUANTITY_NON_POSITIVE,2026-09-02 23:28:07.281729+05:30
192699,99299,909,-3,2132.78,106.64,2026.14,2026-09-02 23:22:46.485392,order_items.csv,ERR_INVALID_QUANTITY_NON_POSITIVE,2026-09-02 23:28:07.281729+05:30
192969,99450,558,-1,20542.75,0.0,20542.75,2026-09-02 23:22:46.485392,order_items.csv,ERR_INVALID_QUANTITY_NON_POSITIVE,2026-09-02 23:28:07.281729+05:30
193030,99485,1431,-1,2913.46,0.0,2913.46,2026-09-02 23:22:46.485392,order_items.csv,ERR_INVALID_QUANTITY_NON_POSITIVE,2026-09-02 23:28:07.281729+05:30
193079,99516,1345,-3,1091.26,0.0,4365.04,2026-09-02 23:22:46.485392,order_items.csv,ERR_INVALID_QUANTITY_NON_POSITIVE,2026-09-02 23:28:07.281729+05:30
193318,99646,703,-1,5321.55,0.0,5321.55,2026-09-02 23:22:46.485392,order_items.csv,ERR_INVALID_QUANTITY_NON_POSITIVE,2026-09-02 23:28:07.281729+05:30
193357,99663,774,-1,43260.29,0.0,86520.58,2026-09-02 23:22:46.485392,order_items.csv,ERR_INVALID_QUANTITY_NON_POSITIVE,2026-09-02 23:28:07.281729+05:30
193378,99674,1011,0,4419.94,0.0,13259.82,2026-09-02 23:22:46.485392,order_items.csv,ERR_INVALID_QUANTITY_NON_POSITIVE,2026-09-02 23:28:07.281729+05:30
193432,99715,805,-1,286.01,14.3,271.71,2026-09-02 23:22:46.485392,order_items.csv,ERR_INVALID_QUANTITY_NON_POSITIVE,2026-09-02 23:28:07.281729+05:30
193450,99723,595,-3,1491.05,0.0,1491.05,2026-09-02 23:22:46.485392,order_items.csv,ERR_INVALID_QUANTITY_NON_POSITIVE,2026-09-02 23:28:07.281729+05:30
193511,99755,1498,0,5951.7,2380.68,9522.72,2026-09-02 23:22:46.485392,order_items.csv,ERR_INVALID_QUANTITY_NON_POSITIVE,2026-09-02 23:28:07.281729+05:30
193658,99835,956,-1,480.9,0.0,480.9,2026-09-02 23:22:46.485392,order_items.csv,ERR_INVALID_QUANTITY_NON_POSITIVE,2026-09-02 23:28:07.281729+05:30
193728,99874,1366,-3,4778.06,477.81,4300.25,2026-09-02 23:22:46.485392,order_items.csv,ERR_INVALID_QUANTITY_NON_POSITIVE,2026-09-02 23:28:07.281729+05:30
193842,99928,1162,-3,53184.3,0.0,53184.3,2026-09-02 23:22:46.485392,order_items.csv,ERR_INVALID_QUANTITY_NON_POSITIVE,2026-09-02 23:28:07.281729+05:30
193874,99940,1137,0,4009.91,200.5,3809.41,2026-09-02 23:22:46.485392,order_items.csv,ERR_INVALID_QUANTITY_NON_POSITIVE,2026-09-02 23:28:07.281729+05:30
193900,99954,526,-1,6801.24,0.0,13602.48,2026-09-02 23:22:46.485392,order_items.csv,ERR_INVALID_QUANTITY_NON_POSITIVE,2026-09-02 23:28:07.281729+05:30
193929,99971,1243,0,2503.07,125.15,2377.92,2026-09-02 23:22:46.485392,order_items.csv,ERR_INVALID_QUANTITY_NON_POSITIVE,2026-09-02 23:28:07.281729+05:30
193938,99975,1058,0,2082.48,2082.48,8329.92,2026-09-02 23:22:46.485392,order_items.csv,ERR_INVALID_QUANTITY_NON_POSITIVE,2026-09-02 23:28:07.281729+05:30
193947,99979,1338,0,2472.42,0.0,2472.42,2026-09-02 23:22:46.485392,order_items.csv,ERR_INVALID_QUANTITY_NON_POSITIVE,2026-09-02 23:28:07.281729+05:30
