order_id,customer_id,store_id,order_date,order_status,shipping_amount,discount_total,payment_status,_ingested_at,_source_file,rejection_reason_code,quarantined_at
50001,3650,8,2022-01-18,Processing,0.0,3705.58,Success,2026-09-02 23:22:46.270186,orders.csv,ERR_DUPLICATE_ORDER,2026-09-02 23:28:07.259845+05:30
50002,5024,1,2022-06-09,Completed,0.0,0.0,Success,2026-09-02 23:22:46.270186,orders.csv,ERR_DUPLICATE_ORDER,2026-09-02 23:28:07.259845+05:30
50003,7342,43,2024-12-31,Shipped,0.0,46.54,Success,2026-09-02 23:22:46.270186,orders.csv,ERR_DUPLICATE_ORDER,2026-09-02 23:28:07.259845+05:30
50004,3220,10,2025-12-16,Shipped,0.0,245.08,Success,2026-09-02 23:22:46.270186,orders.csv,ERR_DUPLICATE_ORDER,2026-09-02 23:28:07.259845+05:30
50005,6580,35,2023-01-07,Completed,0.0,0.0,Success,2026-09-02 23:22:46.270186,orders.csv,ERR_DUPLICATE_ORDER,2026-09-02 23:28:07.259845+05:30
50006,8139,2,2024-08-26,Shipped,0.0,1067.38,Success,2026-09-02 23:22:46.270186,orders.csv,ERR_DUPLICATE_ORDER,2026-09-02 23:28:07.259845+05:30
50007,10287,1,2024-05-17,Completed,0.0,0.0,Success,2026-09-02 23:22:46.270186,orders.csv,ERR_DUPLICATE_ORDER,2026-09-02 23:28:07.259845+05:30
50008,5247,9,2025-04-06,Shipped,0.0,0.0,Success,2026-09-02 23:22:46.270186,orders.csv,ERR_DUPLICATE_ORDER,2026-09-02 23:28:07.259845+05:30
50009,10388,35,2023-07-25,Completed,0.0,672.93,Success,2026-09-02 23:22:46.270186,orders.csv,ERR_DUPLICATE_ORDER,2026-09-02 23:28:07.259845+05:30
50010,2317,28,2022-12-29,Completed,0.0,0.0,Success,2026-09-02 23:22:46.270186,orders.csv,ERR_DUPLICATE_ORDER,2026-09-02 23:28:07.259845+05:30
50011,7217,29,2024-09-09,Completed,0.0,0.0,Success,2026-09-02 23:22:46.270186,orders.csv,ERR_DUPLICATE_ORDER,2026-09-02 23:28:07.259845+05:30
50012,8221,6,2023-07-31,Completed,0.0,22.87,Success,2026-09-02 23:22:46.270186,orders.csv,ERR_DUPLICATE_ORDER,2026-09-02 23:28:07.259845+05:30
50013,5325,3,2025-07-29,Cancelled,0.0,4849.8,Cancelled,2026-09-02 23:22:46.270186,orders.csv,ERR_DUPLICATE_ORDER,2026-09-02 23:28:07.259845+05:30
50014,4568,1,2025-06-24,Returned,0.0,173.38,Refunded,2026-09-02 23:22:46.270186,orders.csv,ERR_DUPLICATE_ORDER,2026-09-02 23:28:07.259845+05:30
50015,5184,5,2024-03-20,Completed,0.0,0.0,Success,2026-09-02 23:22:46.270186,orders.csv,ERR_DUPLICATE_ORDER,2026-09-02 23:28:07.259845+05:30
50016,10539,47,2025-01-29,Cancelled,0.0,44.66,Cancelled,2026-09-02 23:22:46.270186,orders.csv,ERR_DUPLICATE_ORDER,2026-09-02 23:28:07.259845+05:30
50017,9198,1,2025-07-31,Cancelled,0.0,0.0,Cancelled,2026-09-02 23:22:46.270186,orders.csv,ERR_DUPLICATE_ORDER,2026-09-02 23:28:07.259845+05:30
50018,3181,10,2024-10-25,Completed,0.0,678.66,Success,2026-09-02 23:22:46.270186,orders.csv,ERR_DUPLICATE_ORDER,2026-09-02 23:28:07.259845+05:30
50019,6076,1,2024-11-01,Processing,0.0,249.4,Success,2026-09-02 23:22:46.270186,orders.csv,ERR_DUPLICATE_ORDER,2026-09-02 23:28:07.259845+05:30
50020,5851,1,2026-03-16,Completed,0.0,261.22,Success,2026-09-02 23:22:46.270186,orders.csv,ERR_DUPLICATE_ORDER,2026-09-02 23:28:07.259845+05:30
50021,9540,24,2024-10-26,Completed,0.0,0.0,Success,2026-09-02 23:22:46.270186,orders.csv,ERR_DUPLICATE_ORDER,2026-09-02 23:28:07.259845+05:30
50022,10940,1,2025-02-07,Completed,0.0,16997.62,Success,2026-09-02 23:22:46.270186,orders.csv,ERR_DUPLICATE_ORDER,2026-09-02 23:28:07.259845+05:30
50023,3703,29,2023-09-25,Processing,0.0,10322.05,Success,2026-09-02 23:22:46.270186,orders.csv,ERR_DUPLICATE_ORDER,2026-09-02 23:28:07.259845+05:30
50024,9971,1,2022-12-04,Completed,0.0,1611.24,Success,2026-09-02 23:22:46.270186,orders.csv,ERR_DUPLICATE_ORDER,2026-09-02 23:28:07.259845+05:30
50025,10804,46,2025-09-20,Completed,0.0,0.0,Success,2026-09-02 23:22:46.270186,orders.csv,ERR_DUPLICATE_ORDER,2026-09-02 23:28:07.259845+05:30
50026,6986,25,2025-05-09,Completed,0.0,0.0,Success,2026-09-02 23:22:46.270186,orders.csv,ERR_DUPLICATE_ORDER,2026-09-02 23:28:07.259845+05:30
50027,4095,1,2022-11-28,Completed,0.0,0.0,Success,2026-09-02 23:22:46.270186,orders.csv,ERR_DUPLICATE_ORDER,2026-09-02 23:28:07.259845+05:30
50028,4648,10,2024-05-22,Completed,0.0,0.0,Success,2026-09-02 23:22:46.270186,orders.csv,ERR_DUPLICATE_ORDER,2026-09-02 23:28:07.259845+05:30
50029,5389,14,2023-01-11,Completed,0.0,199.31,Success,2026-09-02 23:22:46.270186,orders.csv,ERR_DUPLICATE_ORDER,2026-09-02 23:28:07.259845+05:30
50030,6686,3,2023-04-11,Completed,0.0,2165.1,Success,2026-09-02 23:22:46.270186,orders.csv,ERR_DUPLICATE_ORDER,2026-09-02 23:28:07.259845+05:30
50031,6315,41,2023-12-22,Completed,0.0,0.0,Success,2026-09-02 23:22:46.270186,orders.csv,ERR_DUPLICATE_ORDER,2026-09-02 23:28:07.259845+05:30
50032,6778,48,2023-03-04,Shipped,0.0,0.0,Success,2026-09-02 23:22:46.270186,orders.csv,ERR_DUPLICATE_ORDER,2026-09-02 23:28:07.259845+05:30
50033,10474,19,2025-04-02,Completed,0.0,2723.33,Success,2026-09-02 23:22:46.270186,orders.csv,ERR_DUPLICATE_ORDER,2026-09-02 23:28:07.259845+05:30
50034,9658,1,2022-03-05,Completed,0.0,1302.0,Success,2026-09-02 23:22:46.270186,orders.csv,ERR_DUPLICATE_ORDER,2026-09-02 23:28:07.259845+05:30
50035,4206,1,2022-12-24,Completed,0.0,1299.49,Success,2026-09-02 23:22:46.270186,orders.csv,ERR_DUPLICATE_ORDER,2026-09-02 23:28:07.259845+05:30
50036,8294,1,2025-07-30,Completed,0.0,1510.36,Success,2026-09-02 23:22:46.270186,orders.csv,ERR_DUPLICATE_ORDER,2026-09-02 23:28:07.259845+05:30
50037,8251,18,2023-04-10,Completed,0.0,348.24,Success,2026-09-02 23:22:46.270186,orders.csv,ERR_DUPLICATE_ORDER,2026-09-02 23:28:07.259845+05:30
50038,5303,13,2025-04-14,Completed,0.0,0.0,Success,2026-09-02 23:22:46.270186,orders.csv,ERR_DUPLICATE_ORDER,2026-09-02 23:28:07.259845+05:30
50039,5849,17,2024-07-04,Completed,0.0,0.0,Success,2026-09-02 23:22:46.270186,orders.csv,ERR_DUPLICATE_ORDER,2026-09-02 23:28:07.259845+05:30
50040,9491,10,2025-03-26,Shipped,0.0,6113.26,Success,2026-09-02 23:22:46.270186,orders.csv,ERR_DUPLICATE_ORDER,2026-09-02 23:28:07.259845+05:30
50041,10541,1,2022-05-10,Completed,0.0,0.0,Success,2026-09-02 23:22:46.270186,orders.csv,ERR_DUPLICATE_ORDER,2026-09-02 23:28:07.259845+05:30
50042,10533,1,2026-05-06,Completed,0.0,312.84,Success,2026-09-02 23:22:46.270186,orders.csv,ERR_DUPLICATE_ORDER,2026-09-02 23:28:07.259845+05:30
50043,9214,1,2024-08-14,Processing,0.0,0.0,Success,2026-09-02 23:22:46.270186,orders.csv,ERR_DUPLICATE_ORDER,2026-09-02 23:28:07.259845+05:30
50044,7192,1,2024-03-24,Completed,0.0,422.28,Success,2026-09-02 23:22:46.270186,orders.csv,ERR_DUPLICATE_ORDER,2026-09-02 23:28:07.259845+05:30
50045,5064,1,2026-02-23,Completed,0.0,0.0,Success,2026-09-02 23:22:46.270186,orders.csv,ERR_DUPLICATE_ORDER,2026-09-02 23:28:07.259845+05:30
50046,10121,15,2025-11-21,Completed,0.0,0.0,Success,2026-09-02 23:22:46.270186,orders.csv,ERR_DUPLICATE_ORDER,2026-09-02 23:28:07.259845+05:30
50047,2471,31,2022-04-04,Shipped,0.0,1974.44,Success,2026-09-02 23:22:46.270186,orders.csv,ERR_DUPLICATE_ORDER,2026-09-02 23:28:07.259845+05:30
50048,8147,1,2025-04-19,Processing,0.0,0.0,Success,2026-09-02 23:22:46.270186,orders.csv,ERR_DUPLICATE_ORDER,2026-09-02 23:28:07.259845+05:30
50049,2110,1,2023-10-22,Shipped,0.0,147.45,Success,2026-09-02 23:22:46.270186,orders.csv,ERR_DUPLICATE_ORDER,2026-09-02 23:28:07.259845+05:30
50050,10580,1,2024-11-25,Completed,0.0,0.0,Success,2026-09-02 23:22:46.270186,orders.csv,ERR_DUPLICATE_ORDER,2026-09-02 23:28:07.259845+05:30
50051,6408,1,2025-10-18,Completed,0.0,138.65,Success,2026-09-02 23:22:46.270186,orders.csv,ERR_DUPLICATE_ORDER,2026-09-02 23:28:07.259845+05:30
50052,6217,37,2025-09-16,Completed,0.0,1475.01,Success,2026-09-02 23:22:46.270186,orders.csv,ERR_DUPLICATE_ORDER,2026-09-02 23:28:07.259845+05:30
50053,3856,18,2022-11-02,Completed,0.0,544.6,Success,2026-09-02 23:22:46.270186,orders.csv,ERR_DUPLICATE_ORDER,2026-09-02 23:28:07.259845+05:30
50054,5958,32,2023-07-21,Completed,0.0,469.53,Success,2026-09-02 23:22:46.270186,orders.csv,ERR_DUPLICATE_ORDER,2026-09-02 23:28:07.259845+05:30
50055,4296,47,2026-01-13,Returned,0.0,0.0,Refunded,2026-09-02 23:22:46.270186,orders.csv,ERR_DUPLICATE_ORDER,2026-09-02 23:28:07.259845+05:30
50056,5967,1,2022-11-11,Completed,0.0,0.0,Success,2026-09-02 23:22:46.270186,orders.csv,ERR_DUPLICATE_ORDER,2026-09-02 23:28:07.259845+05:30
50057,5521,22,2023-08-30,Completed,0.0,0.0,Success,2026-09-02 23:22:46.270186,orders.csv,ERR_DUPLICATE_ORDER,2026-09-02 23:28:07.259845+05:30
50058,10923,1,2025-07-30,Completed,0.0,693.18,Success,2026-09-02 23:22:46.270186,orders.csv,ERR_DUPLICATE_ORDER,2026-09-02 23:28:07.259845+05:30
50059,3823,20,2025-01-03,Completed,0.0,2679.45,Success,2026-09-02 23:22:46.270186,orders.csv,ERR_DUPLICATE_ORDER,2026-09-02 23:28:07.259845+05:30
50060,10988,1,2023-01-06,Returned,0.0,0.0,Refunded,2026-09-02 23:22:46.270186,orders.csv,ERR_DUPLICATE_ORDER,2026-09-02 23:28:07.259845+05:30
50061,6247,37,2023-03-21,Shipped,0.0,76.28,Success,2026-09-02 23:22:46.270186,orders.csv,ERR_DUPLICATE_ORDER,2026-09-02 23:28:07.259845+05:30
50062,9603,46,2025-09-29,Completed,0.0,4177.08,Success,2026-09-02 23:22:46.270186,orders.csv,ERR_DUPLICATE_ORDER,2026-09-02 23:28:07.259845+05:30
50063,9227,46,2023-09-09,Completed,0.0,128.47,Success,2026-09-02 23:22:46.270186,orders.csv,ERR_DUPLICATE_ORDER,2026-09-02 23:28:07.259845+05:30
50064,2818,1,2023-04-10,Completed,0.0,0.0,Success,2026-09-02 23:22:46.270186,orders.csv,ERR_DUPLICATE_ORDER,2026-09-02 23:28:07.259845+05:30
50065,3529,11,2026-01-03,Completed,0.0,539.72,Success,2026-09-02 23:22:46.270186,orders.csv,ERR_DUPLICATE_ORDER,2026-09-02 23:28:07.259845+05:30
50066,9068,36,2026-05-01,Completed,0.0,0.0,Success,2026-09-02 23:22:46.270186,orders.csv,ERR_DUPLICATE_ORDER,2026-09-02 23:28:07.259845+05:30
50067,5405,39,2022-10-25,Shipped,0.0,1380.35,Success,2026-09-02 23:22:46.270186,orders.csv,ERR_DUPLICATE_ORDER,2026-09-02 23:28:07.259845+05:30
50068,7256,12,2024-01-15,Returned,0.0,0.0,Refunded,2026-09-02 23:22:46.270186,orders.csv,ERR_DUPLICATE_ORDER,2026-09-02 23:28:07.259845+05:30
50069,6197,10,2023-04-25,Completed,0.0,0.0,Success,2026-09-02 23:22:46.270186,orders.csv,ERR_DUPLICATE_ORDER,2026-09-02 23:28:07.259845+05:30
50070,4021,1,2026-01-21,Cancelled,0.0,170.03,Cancelled,2026-09-02 23:22:46.270186,orders.csv,ERR_DUPLICATE_ORDER,2026-09-02 23:28:07.259845+05:30
50071,7223,33,2025-06-07,Completed,0.0,956.56,Success,2026-09-02 23:22:46.270186,orders.csv,ERR_DUPLICATE_ORDER,2026-09-02 23:28:07.259845+05:30
50072,3620,1,2022-09-30,Shipped,0.0,181.53,Success,2026-09-02 23:22:46.270186,orders.csv,ERR_DUPLICATE_ORDER,2026-09-02 23:28:07.259845+05:30
50073,1891,1,2026-01-28,Completed,0.0,1461.39,Success,2026-09-02 23:22:46.270186,orders.csv,ERR_DUPLICATE_ORDER,2026-09-02 23:28:07.259845+05:30
50074,5976,40,2023-06-18,Completed,0.0,244.28,Success,2026-09-02 23:22:46.270186,orders.csv,ERR_DUPLICATE_ORDER,2026-09-02 23:28:07.259845+05:30
50075,9442,1,2022-02-07,Shipped,0.0,3437.3,Success,2026-09-02 23:22:46.270186,orders.csv,ERR_DUPLICATE_ORDER,2026-09-02 23:28:07.259845+05:30
50076,1300,50,2023-02-06,Completed,0.0,0.0,Success,2026-09-02 23:22:46.270186,orders.csv,ERR_DUPLICATE_ORDER,2026-09-02 23:28:07.259845+05:30
50077,7049,1,2022-08-04,Processing,99.0,0.0,Success,2026-09-02 23:22:46.270186,orders.csv,ERR_DUPLICATE_ORDER,2026-09-02 23:28:07.259845+05:30
50078,7049,35,2022-03-01,Shipped,0.0,96.62,Success,2026-09-02 23:22:46.270186,orders.csv,ERR_DUPLICATE_ORDER,2026-09-02 23:28:07.259845+05:30
50079,2775,33,2025-01-13,Completed,0.0,0.0,Success,2026-09-02 23:22:46.270186,orders.csv,ERR_DUPLICATE_ORDER,2026-09-02 23:28:07.259845+05:30
50080,3907,24,2022-09-30,Processing,0.0,0.0,Success,2026-09-02 23:22:46.270186,orders.csv,ERR_DUPLICATE_ORDER,2026-09-02 23:28:07.259845+05:30
50081,10422,39,2024-03-22,Completed,0.0,1812.39,Success,2026-09-02 23:22:46.270186,orders.csv,ERR_DUPLICATE_ORDER,2026-09-02 23:28:07.259845+05:30
50082,4220,44,2026-04-23,Completed,0.0,95.99,Success,2026-09-02 23:22:46.270186,orders.csv,ERR_DUPLICATE_ORDER,2026-09-02 23:28:07.259845+05:30
50083,7438,11,2024-08-15,Completed,0.0,54.61,Success,2026-09-02 23:22:46.270186,orders.csv,ERR_DUPLICATE_ORDER,2026-09-02 23:28:07.259845+05:30
50084,2053,1,2023-12-20,Completed,99.0,0.0,Success,2026-09-02 23:22:46.270186,orders.csv,ERR_DUPLICATE_ORDER,2026-09-02 23:28:07.259845+05:30
50085,6477,42,2023-04-14,Completed,0.0,0.0,Success,2026-09-02 23:22:46.270186,orders.csv,ERR_DUPLICATE_ORDER,2026-09-02 23:28:07.259845+05:30
50086,9244,1,2023-04-05,Completed,0.0,346.46,Success,2026-09-02 23:22:46.270186,orders.csv,ERR_DUPLICATE_ORDER,2026-09-02 23:28:07.259845+05:30
50087,7101,1,2025-11-08,Completed,0.0,2710.77,Success,2026-09-02 23:22:46.270186,orders.csv,ERR_DUPLICATE_ORDER,2026-09-02 23:28:07.259845+05:30
50088,,16,2024-05-05,Completed,0.0,0.0,Success,2026-09-02 23:22:46.270186,orders.csv,ERR_NULL_CUSTOMER_KEY,2026-09-02 23:28:07.259845+05:30
50089,5935,47,2026-02-05,Completed,0.0,9651.12,Success,2026-09-02 23:22:46.270186,orders.csv,ERR_DUPLICATE_ORDER,2026-09-02 23:28:07.259845+05:30
50090,7998,28,2026-03-30,Returned,0.0,0.0,Refunded,2026-09-02 23:22:46.270186,orders.csv,ERR_DUPLICATE_ORDER,2026-09-02 23:28:07.259845+05:30
50091,9909,44,2022-06-24,Shipped,0.0,0.0,Success,2026-09-02 23:22:46.270186,orders.csv,ERR_DUPLICATE_ORDER,2026-09-02 23:28:07.259845+05:30
50092,2916,50,2024-11-27,Processing,0.0,71.97,Success,2026-09-02 23:22:46.270186,orders.csv,ERR_DUPLICATE_ORDER,2026-09-02 23:28:07.259845+05:30
50093,9848,12,2026-03-06,Completed,0.0,5287.09,Success,2026-09-02 23:22:46.270186,orders.csv,ERR_DUPLICATE_ORDER,2026-09-02 23:28:07.259845+05:30
50094,6735,30,2023-08-04,Shipped,0.0,521.63,Success,2026-09-02 23:22:46.270186,orders.csv,ERR_DUPLICATE_ORDER,2026-09-02 23:28:07.259845+05:30
50095,6109,1,2024-03-13,Completed,99.0,0.0,Success,2026-09-02 23:22:46.270186,orders.csv,ERR_DUPLICATE_ORDER,2026-09-02 23:28:07.259845+05:30
50096,7160,1,2024-08-25,Completed,0.0,536.15,Success,2026-09-02 23:22:46.270186,orders.csv,ERR_DUPLICATE_ORDER,2026-09-02 23:28:07.259845+05:30
50097,1477,20,2022-12-29,Completed,0.0,0.0,Success,2026-09-02 23:22:46.270186,orders.csv,ERR_DUPLICATE_ORDER,2026-09-02 23:28:07.259845+05:30
50098,6179,35,2035-12-31,Shipped,0.0,0.0,Success,2026-09-02 23:22:46.270186,orders.csv,ERR_FUTURE_ORDER_DATE,2026-09-02 23:28:07.259845+05:30
50099,3793,29,2026-03-29,Processing,0.0,0.0,Success,2026-09-02 23:22:46.270186,orders.csv,ERR_DUPLICATE_ORDER,2026-09-02 23:28:07.259845+05:30
50100,5721,1,2024-09-24,Completed,0.0,2424.07,Success,2026-09-02 23:22:46.270186,orders.csv,ERR_DUPLICATE_ORDER,2026-09-02 23:28:07.259845+05:30
50101,5348,1,2022-04-06,Completed,99.0,10.31,Success,2026-09-02 23:22:46.270186,orders.csv,ERR_DUPLICATE_ORDER,2026-09-02 23:28:07.259845+05:30
50102,8889,44,2024-03-24,Completed,0.0,0.0,Success,2026-09-02 23:22:46.270186,orders.csv,ERR_DUPLICATE_ORDER,2026-09-02 23:28:07.259845+05:30
50103,2598,12,2025-05-07,Shipped,0.0,87.48,Success,2026-09-02 23:22:46.270186,orders.csv,ERR_DUPLICATE_ORDER,2026-09-02 23:28:07.259845+05:30
50104,4492,12,2025-10-29,Completed,0.0,377.4,Success,2026-09-02 23:22:46.270186,orders.csv,ERR_DUPLICATE_ORDER,2026-09-02 23:28:07.259845+05:30
50105,5761,36,2022-05-20,Completed,0.0,4836.59,Success,2026-09-02 23:22:46.270186,orders.csv,ERR_DUPLICATE_ORDER,2026-09-02 23:28:07.259845+05:30
50106,6739,1,2024-11-16,Completed,0.0,753.8,Success,2026-09-02 23:22:46.270186,orders.csv,ERR_DUPLICATE_ORDER,2026-09-02 23:28:07.259845+05:30
50107,8567,3,2022-12-24,Completed,0.0,2250.34,Success,2026-09-02 23:22:46.270186,orders.csv,ERR_DUPLICATE_ORDER,2026-09-02 23:28:07.259845+05:30
50108,6258,1,2022-12-24,Completed,0.0,1266.47,Success,2026-09-02 23:22:46.270186,orders.csv,ERR_DUPLICATE_ORDER,2026-09-02 23:28:07.259845+05:30
50109,3765,3,2023-08-08,Completed,0.0,0.0,Success,2026-09-02 23:22:46.270186,orders.csv,ERR_DUPLICATE_ORDER,2026-09-02 23:28:07.259845+05:30
50110,3172,1,2026-05-20,Completed,0.0,47.89,Success,2026-09-02 23:22:46.270186,orders.csv,ERR_DUPLICATE_ORDER,2026-09-02 23:28:07.259845+05:30
50111,3966,6,2024-09-15,Completed,0.0,5387.0,Success,2026-09-02 23:22:46.270186,orders.csv,ERR_DUPLICATE_ORDER,2026-09-02 23:28:07.259845+05:30
50112,4419,10,2022-10-06,Completed,0.0,1018.35,Success,2026-09-02 23:22:46.270186,orders.csv,ERR_DUPLICATE_ORDER,2026-09-02 23:28:07.259845+05:30
50113,6933,4,2022-02-09,Completed,0.0,0.0,Success,2026-09-02 23:22:46.270186,orders.csv,ERR_DUPLICATE_ORDER,2026-09-02 23:28:07.259845+05:30
50114,10350,1,2022-09-17,Completed,0.0,169.87,Success,2026-09-02 23:22:46.270186,orders.csv,ERR_DUPLICATE_ORDER,2026-09-02 23:28:07.259845+05:30
50115,5917,41,2024-11-12,Completed,0.0,0.0,Success,2026-09-02 23:22:46.270186,orders.csv,ERR_DUPLICATE_ORDER,2026-09-02 23:28:07.259845+05:30
50116,9830,1,2022-03-10,Completed,0.0,0.0,Success,2026-09-02 23:22:46.270186,orders.csv,ERR_DUPLICATE_ORDER,2026-09-02 23:28:07.259845+05:30
50117,2318,8,2024-05-14,Cancelled,0.0,1842.65,Cancelled,2026-09-02 23:22:46.270186,orders.csv,ERR_DUPLICATE_ORDER,2026-09-02 23:28:07.259845+05:30
50118,2252,32,2023-05-29,Completed,0.0,0.0,Success,2026-09-02 23:22:46.270186,orders.csv,ERR_DUPLICATE_ORDER,2026-09-02 23:28:07.259845+05:30
50119,8969,2,2023-11-18,Completed,0.0,345.09,Success,2026-09-02 23:22:46.270186,orders.csv,ERR_DUPLICATE_ORDER,2026-09-02 23:28:07.259845+05:30
50120,9381,38,2024-05-22,Shipped,0.0,2508.2,Success,2026-09-02 23:22:46.270186,orders.csv,ERR_DUPLICATE_ORDER,2026-09-02 23:28:07.259845+05:30
50121,8298,1,2023-09-13,Shipped,0.0,857.19,Success,2026-09-02 23:22:46.270186,orders.csv,ERR_DUPLICATE_ORDER,2026-09-02 23:28:07.259845+05:30
50122,6292,1,2024-08-02,Completed,0.0,0.0,Success,2026-09-02 23:22:46.270186,orders.csv,ERR_DUPLICATE_ORDER,2026-09-02 23:28:07.259845+05:30
50123,6602,31,2025-02-04,Shipped,0.0,1410.45,Success,2026-09-02 23:22:46.270186,orders.csv,ERR_DUPLICATE_ORDER,2026-09-02 23:28:07.259845+05:30
50124,3731,39,2025-12-16,Completed,0.0,4255.91,Success,2026-09-02 23:22:46.270186,orders.csv,ERR_DUPLICATE_ORDER,2026-09-02 23:28:07.259845+05:30
50125,3464,11,2022-04-15,Cancelled,0.0,0.0,Cancelled,2026-09-02 23:22:46.270186,orders.csv,ERR_DUPLICATE_ORDER,2026-09-02 23:28:07.259845+05:30
50126,5176,5,2022-07-28,Completed,0.0,1320.47,Success,2026-09-02 23:22:46.270186,orders.csv,ERR_DUPLICATE_ORDER,2026-09-02 23:28:07.259845+05:30
50127,8944,1,2025-11-23,Processing,0.0,652.83,Success,2026-09-02 23:22:46.270186,orders.csv,ERR_DUPLICATE_ORDER,2026-09-02 23:28:07.259845+05:30
50128,2457,1,2023-05-25,Completed,99.0,219.68,Success,2026-09-02 23:22:46.270186,orders.csv,ERR_DUPLICATE_ORDER,2026-09-02 23:28:07.259845+05:30
50129,9220,36,2025-07-14,Completed,0.0,0.0,Success,2026-09-02 23:22:46.270186,orders.csv,ERR_DUPLICATE_ORDER,2026-09-02 23:28:07.259845+05:30
50130,5239,13,2024-07-07,Cancelled,0.0,308.25,Cancelled,2026-09-02 23:22:46.270186,orders.csv,ERR_DUPLICATE_ORDER,2026-09-02 23:28:07.259845+05:30
50131,8644,17,2024-11-06,Shipped,0.0,1169.88,Success,2026-09-02 23:22:46.270186,orders.csv,ERR_DUPLICATE_ORDER,2026-09-02 23:28:07.259845+05:30
50132,8967,34,2023-12-09,Completed,0.0,2663.41,Success,2026-09-02 23:22:46.270186,orders.csv,ERR_DUPLICATE_ORDER,2026-09-02 23:28:07.259845+05:30
50133,4299,3,2024-07-23,Completed,0.0,20.61,Success,2026-09-02 23:22:46.270186,orders.csv,ERR_DUPLICATE_ORDER,2026-09-02 23:28:07.259845+05:30
50134,2905,3,2023-08-15,Completed,0.0,583.49,Success,2026-09-02 23:22:46.270186,orders.csv,ERR_DUPLICATE_ORDER,2026-09-02 23:28:07.259845+05:30
50135,5812,1,2022-02-10,Completed,99.0,0.0,Success,2026-09-02 23:22:46.270186,orders.csv,ERR_DUPLICATE_ORDER,2026-09-02 23:28:07.259845+05:30
50136,6300,1,2025-01-26,Shipped,0.0,91.27,Success,2026-09-02 23:22:46.270186,orders.csv,ERR_DUPLICATE_ORDER,2026-09-02 23:28:07.259845+05:30
50137,1489,38,2025-07-29,Completed,0.0,0.0,Success,2026-09-02 23:22:46.270186,orders.csv,ERR_DUPLICATE_ORDER,2026-09-02 23:28:07.259845+05:30
50138,7691,27,2024-12-17,Completed,0.0,4134.16,Success,2026-09-02 23:22:46.270186,orders.csv,ERR_DUPLICATE_ORDER,2026-09-02 23:28:07.259845+05:30
50139,8296,15,2022-03-07,Completed,0.0,632.1,Success,2026-09-02 23:22:46.270186,orders.csv,ERR_DUPLICATE_ORDER,2026-09-02 23:28:07.259845+05:30
50140,6830,25,2022-02-04,Completed,0.0,0.0,Success,2026-09-02 23:22:46.270186,orders.csv,ERR_DUPLICATE_ORDER,2026-09-02 23:28:07.259845+05:30
50141,10701,29,2023-12-14,Completed,0.0,0.0,Success,2026-09-02 23:22:46.270186,orders.csv,ERR_DUPLICATE_ORDER,2026-09-02 23:28:07.259845+05:30
50142,10378,4,2023-07-11,Completed,0.0,414.06,Success,2026-09-02 23:22:46.270186,orders.csv,ERR_DUPLICATE_ORDER,2026-09-02 23:28:07.259845+05:30
50143,6912,26,2025-04-18,Completed,0.0,0.0,Success,2026-09-02 23:22:46.270186,orders.csv,ERR_DUPLICATE_ORDER,2026-09-02 23:28:07.259845+05:30
50144,4356,13,2025-09-26,Completed,0.0,106.11,Success,2026-09-02 23:22:46.270186,orders.csv,ERR_DUPLICATE_ORDER,2026-09-02 23:28:07.259845+05:30
50145,3314,47,2022-07-23,Shipped,0.0,0.0,Success,2026-09-02 23:22:46.270186,orders.csv,ERR_DUPLICATE_ORDER,2026-09-02 23:28:07.259845+05:30
50146,3364,1,2022-05-04,Completed,0.0,474.61,Success,2026-09-02 23:22:46.270186,orders.csv,ERR_DUPLICATE_ORDER,2026-09-02 23:28:07.259845+05:30
50147,7288,36,2023-01-10,Completed,0.0,64.62,Success,2026-09-02 23:22:46.270186,orders.csv,ERR_DUPLICATE_ORDER,2026-09-02 23:28:07.259845+05:30
50148,2551,10,2022-02-06,Completed,0.0,2184.28,Success,2026-09-02 23:22:46.270186,orders.csv,ERR_DUPLICATE_ORDER,2026-09-02 23:28:07.259845+05:30
50149,1151,38,2023-05-30,Completed,0.0,10691.28,Success,2026-09-02 23:22:46.270186,orders.csv,ERR_DUPLICATE_ORDER,2026-09-02 23:28:07.259845+05:30
50150,10201,23,2025-03-25,Completed,0.0,0.0,Success,2026-09-02 23:22:46.270186,orders.csv,ERR_DUPLICATE_ORDER,2026-09-02 23:28:07.259845+05:30
50151,1653,1,2023-02-05,Completed,0.0,584.11,Success,2026-09-02 23:22:46.270186,orders.csv,ERR_DUPLICATE_ORDER,2026-09-02 23:28:07.259845+05:30
50152,3583,10,2026-02-03,Completed,0.0,1358.02,Success,2026-09-02 23:22:46.270186,orders.csv,ERR_DUPLICATE_ORDER,2026-09-02 23:28:07.259845+05:30
50153,4412,1,2023-03-08,Completed,0.0,2669.73,Success,2026-09-02 23:22:46.270186,orders.csv,ERR_DUPLICATE_ORDER,2026-09-02 23:28:07.259845+05:30
50154,9688,1,2025-05-18,Returned,0.0,0.0,Refunded,2026-09-02 23:22:46.270186,orders.csv,ERR_DUPLICATE_ORDER,2026-09-02 23:28:07.259845+05:30
50155,1715,36,2022-09-05,Completed,0.0,0.0,Success,2026-09-02 23:22:46.270186,orders.csv,ERR_DUPLICATE_ORDER,2026-09-02 23:28:07.259845+05:30
50156,1709,19,2022-04-20,Shipped,0.0,0.0,Success,2026-09-02 23:22:46.270186,orders.csv,ERR_DUPLICATE_ORDER,2026-09-02 23:28:07.259845+05:30
50157,9668,45,2024-04-07,Completed,0.0,92.96,Success,2026-09-02 23:22:46.270186,orders.csv,ERR_DUPLICATE_ORDER,2026-09-02 23:28:07.259845+05:30
50158,7393,15,2024-08-15,Completed,0.0,0.0,Success,2026-09-02 23:22:46.270186,orders.csv,ERR_DUPLICATE_ORDER,2026-09-02 23:28:07.259845+05:30
50159,1378,1,2023-03-07,Completed,0.0,0.0,Success,2026-09-02 23:22:46.270186,orders.csv,ERR_DUPLICATE_ORDER,2026-09-02 23:28:07.259845+05:30
50160,3255,40,2026-04-12,Processing,0.0,869.98,Success,2026-09-02 23:22:46.270186,orders.csv,ERR_DUPLICATE_ORDER,2026-09-02 23:28:07.259845+05:30
50161,4128,14,2022-07-29,Returned,0.0,1373.82,Refunded,2026-09-02 23:22:46.270186,orders.csv,ERR_DUPLICATE_ORDER,2026-09-02 23:28:07.259845+05:30
50162,6213,10,2024-10-18,Completed,0.0,0.0,Success,2026-09-02 23:22:46.270186,orders.csv,ERR_DUPLICATE_ORDER,2026-09-02 23:28:07.259845+05:30
50163,7280,29,2023-03-13,Completed,0.0,3773.47,Success,2026-09-02 23:22:46.270186,orders.csv,ERR_DUPLICATE_ORDER,2026-09-02 23:28:07.259845+05:30
50164,8074,1,2026-05-05,Shipped,0.0,0.0,Success,2026-09-02 23:22:46.270186,orders.csv,ERR_DUPLICATE_ORDER,2026-09-02 23:28:07.259845+05:30
50165,8064,50,2023-09-07,Cancelled,0.0,363.38,Cancelled,2026-09-02 23:22:46.270186,orders.csv,ERR_DUPLICATE_ORDER,2026-09-02 23:28:07.259845+05:30
50166,9018,1,2022-02-28,Completed,0.0,2501.36,Success,2026-09-02 23:22:46.270186,orders.csv,ERR_DUPLICATE_ORDER,2026-09-02 23:28:07.259845+05:30
50167,6112,23,2022-09-17,Cancelled,0.0,0.0,Cancelled,2026-09-02 23:22:46.270186,orders.csv,ERR_DUPLICATE_ORDER,2026-09-02 23:28:07.259845+05:30
50168,6688,47,2023-12-25,Completed,0.0,1689.78,Success,2026-09-02 23:22:46.270186,orders.csv,ERR_DUPLICATE_ORDER,2026-09-02 23:28:07.259845+05:30
50169,3010,18,2024-04-02,Shipped,0.0,0.0,Success,2026-09-02 23:22:46.270186,orders.csv,ERR_DUPLICATE_ORDER,2026-09-02 23:28:07.259845+05:30
50170,9238,8,2022-09-16,Completed,0.0,164.53,Success,2026-09-02 23:22:46.270186,orders.csv,ERR_DUPLICATE_ORDER,2026-09-02 23:28:07.259845+05:30
50171,2134,34,2024-04-06,Completed,0.0,6963.71,Success,2026-09-02 23:22:46.270186,orders.csv,ERR_DUPLICATE_ORDER,2026-09-02 23:28:07.259845+05:30
50172,1021,27,2025-09-26,Completed,0.0,164.88,Success,2026-09-02 23:22:46.270186,orders.csv,ERR_DUPLICATE_ORDER,2026-09-02 23:28:07.259845+05:30
50173,5038,1,2024-07-14,Completed,0.0,310.53,Success,2026-09-02 23:22:46.270186,orders.csv,ERR_DUPLICATE_ORDER,2026-09-02 23:28:07.259845+05:30
50174,6319,6,2023-05-30,Returned,0.0,0.0,Refunded,2026-09-02 23:22:46.270186,orders.csv,ERR_DUPLICATE_ORDER,2026-09-02 23:28:07.259845+05:30
50175,1941,24,2023-07-28,Processing,0.0,77.7,Success,2026-09-02 23:22:46.270186,orders.csv,ERR_DUPLICATE_ORDER,2026-09-02 23:28:07.259845+05:30
50176,7329,33,2026-02-04,Completed,0.0,0.0,Success,2026-09-02 23:22:46.270186,orders.csv,ERR_DUPLICATE_ORDER,2026-09-02 23:28:07.259845+05:30
50177,1328,27,2023-09-09,Cancelled,0.0,0.0,Cancelled,2026-09-02 23:22:46.270186,orders.csv,ERR_DUPLICATE_ORDER,2026-09-02 23:28:07.259845+05:30
50178,1059,47,2025-03-28,Completed,0.0,0.0,Success,2026-09-02 23:22:46.270186,orders.csv,ERR_DUPLICATE_ORDER,2026-09-02 23:28:07.259845+05:30
50179,6604,1,2022-01-13,Completed,0.0,371.93,Success,2026-09-02 23:22:46.270186,orders.csv,ERR_DUPLICATE_ORDER,2026-09-02 23:28:07.259845+05:30
50180,9984,27,2023-01-24,Completed,0.0,1619.29,Success,2026-09-02 23:22:46.270186,orders.csv,ERR_DUPLICATE_ORDER,2026-09-02 23:28:07.259845+05:30
50181,8220,33,2023-05-28,Shipped,0.0,0.0,Success,2026-09-02 23:22:46.270186,orders.csv,ERR_DUPLICATE_ORDER,2026-09-02 23:28:07.259845+05:30
50182,3166,1,2026-01-14,Completed,99.0,0.0,Success,2026-09-02 23:22:46.270186,orders.csv,ERR_DUPLICATE_ORDER,2026-09-02 23:28:07.259845+05:30
50183,8108,41,2022-09-17,Completed,0.0,4815.05,Success,2026-09-02 23:22:46.270186,orders.csv,ERR_DUPLICATE_ORDER,2026-09-02 23:28:07.259845+05:30
50184,5441,2,2022-09-09,Shipped,0.0,3098.49,Success,2026-09-02 23:22:46.270186,orders.csv,ERR_DUPLICATE_ORDER,2026-09-02 23:28:07.259845+05:30
50185,1244,6,2026-01-22,Completed,0.0,0.0,Success,2026-09-02 23:22:46.270186,orders.csv,ERR_DUPLICATE_ORDER,2026-09-02 23:28:07.259845+05:30
50186,5198,1,2024-06-29,Processing,0.0,8285.88,Success,2026-09-02 23:22:46.270186,orders.csv,ERR_DUPLICATE_ORDER,2026-09-02 23:28:07.259845+05:30
50187,4176,1,2023-11-12,Processing,0.0,2516.01,Success,2026-09-02 23:22:46.270186,orders.csv,ERR_DUPLICATE_ORDER,2026-09-02 23:28:07.259845+05:30
50188,4770,14,2024-10-04,Processing,0.0,0.0,Success,2026-09-02 23:22:46.270186,orders.csv,ERR_DUPLICATE_ORDER,2026-09-02 23:28:07.259845+05:30
50189,9046,30,2022-10-15,Completed,0.0,0.0,Success,2026-09-02 23:22:46.270186,orders.csv,ERR_DUPLICATE_ORDER,2026-09-02 23:28:07.259845+05:30
50190,5608,1,2022-04-07,Completed,0.0,111.74,Success,2026-09-02 23:22:46.270186,orders.csv,ERR_DUPLICATE_ORDER,2026-09-02 23:28:07.259845+05:30
50191,1539,35,2022-09-14,Completed,0.0,0.0,Success,2026-09-02 23:22:46.270186,orders.csv,ERR_DUPLICATE_ORDER,2026-09-02 23:28:07.259845+05:30
50192,6552,13,2026-02-05,Completed,0.0,0.0,Success,2026-09-02 23:22:46.270186,orders.csv,ERR_DUPLICATE_ORDER,2026-09-02 23:28:07.259845+05:30
50193,6261,39,2022-08-22,Processing,0.0,22.36,Success,2026-09-02 23:22:46.270186,orders.csv,ERR_DUPLICATE_ORDER,2026-09-02 23:28:07.259845+05:30
50194,9160,13,2024-10-03,Processing,0.0,0.0,Success,2026-09-02 23:22:46.270186,orders.csv,ERR_DUPLICATE_ORDER,2026-09-02 23:28:07.259845+05:30
50195,2783,5,2024-05-07,Completed,0.0,0.0,Success,2026-09-02 23:22:46.270186,orders.csv,ERR_DUPLICATE_ORDER,2026-09-02 23:28:07.259845+05:30
50196,2339,1,2023-06-16,Shipped,0.0,339.15,Success,2026-09-02 23:22:46.270186,orders.csv,ERR_DUPLICATE_ORDER,2026-09-02 23:28:07.259845+05:30
50197,6837,26,2023-06-15,Completed,0.0,2061.12,Success,2026-09-02 23:22:46.270186,orders.csv,ERR_DUPLICATE_ORDER,2026-09-02 23:28:07.259845+05:30
50198,8023,3,2023-07-08,Returned,0.0,6631.44,Refunded,2026-09-02 23:22:46.270186,orders.csv,ERR_DUPLICATE_ORDER,2026-09-02 23:28:07.259845+05:30
50199,5482,49,2022-02-05,Completed,0.0,0.0,Success,2026-09-02 23:22:46.270186,orders.csv,ERR_DUPLICATE_ORDER,2026-09-02 23:28:07.259845+05:30
50200,6329,7,2023-11-09,Completed,0.0,70.99,Success,2026-09-02 23:22:46.270186,orders.csv,ERR_DUPLICATE_ORDER,2026-09-02 23:28:07.259845+05:30
50376,,1,2024-02-10,Completed,0.0,33.06,Success,2026-09-02 23:22:46.270186,orders.csv,ERR_NULL_CUSTOMER_KEY,2026-09-02 23:28:07.259845+05:30
50669,4926,1,2035-12-31,Shipped,0.0,0.0,Success,2026-09-02 23:22:46.270186,orders.csv,ERR_FUTURE_ORDER_DATE,2026-09-02 23:28:07.259845+05:30
50690,,1,2022-10-25,Completed,0.0,5063.34,Success,2026-09-02 23:22:46.270186,orders.csv,ERR_NULL_CUSTOMER_KEY,2026-09-02 23:28:07.259845+05:30
50730,,19,2024-04-14,Completed,0.0,204.68,Success,2026-09-02 23:22:46.270186,orders.csv,ERR_NULL_CUSTOMER_KEY,2026-09-02 23:28:07.259845+05:30
50880,,15,2023-11-09,Completed,0.0,0.0,Success,2026-09-02 23:22:46.270186,orders.csv,ERR_NULL_CUSTOMER_KEY,2026-09-02 23:28:07.259845+05:30
51026,1811,1,2035-12-31,Processing,0.0,0.0,Success,2026-09-02 23:22:46.270186,orders.csv,ERR_FUTURE_ORDER_DATE,2026-09-02 23:28:07.259845+05:30
51104,,45,2024-01-12,Completed,0.0,3709.05,Success,2026-09-02 23:22:46.270186,orders.csv,ERR_NULL_CUSTOMER_KEY,2026-09-02 23:28:07.259845+05:30
51244,,11,2023-07-23,Completed,0.0,756.45,Success,2026-09-02 23:22:46.270186,orders.csv,ERR_NULL_CUSTOMER_KEY,2026-09-02 23:28:07.259845+05:30
51322,,17,2022-03-22,Completed,0.0,1281.27,Success,2026-09-02 23:22:46.270186,orders.csv,ERR_NULL_CUSTOMER_KEY,2026-09-02 23:28:07.259845+05:30
51356,10275,37,2035-12-31,Returned,0.0,7629.8,Refunded,2026-09-02 23:22:46.270186,orders.csv,ERR_FUTURE_ORDER_DATE,2026-09-02 23:28:07.259845+05:30
51446,,45,2025-07-23,Completed,0.0,0.0,Success,2026-09-02 23:22:46.270186,orders.csv,ERR_NULL_CUSTOMER_KEY,2026-09-02 23:28:07.259845+05:30
51566,7501,8,2035-12-31,Completed,0.0,0.0,Success,2026-09-02 23:22:46.270186,orders.csv,ERR_FUTURE_ORDER_DATE,2026-09-02 23:28:07.259845+05:30
51702,,18,2024-04-21,Shipped,0.0,0.0,Success,2026-09-02 23:22:46.270186,orders.csv,ERR_NULL_CUSTOMER_KEY,2026-09-02 23:28:07.259845+05:30
51804,7875,1,2035-12-31,Completed,0.0,62.99,Success,2026-09-02 23:22:46.270186,orders.csv,ERR_FUTURE_ORDER_DATE,2026-09-02 23:28:07.259845+05:30
51827,,32,2025-05-27,Completed,0.0,0.0,Success,2026-09-02 23:22:46.270186,orders.csv,ERR_NULL_CUSTOMER_KEY,2026-09-02 23:28:07.259845+05:30
99218,4194,18,2035-12-31,Processing,0.0,0.0,Success,2026-09-02 23:22:46.270186,orders.csv,ERR_FUTURE_ORDER_DATE,2026-09-02 23:28:07.259845+05:30
99236,,48,2024-10-17,Completed,0.0,0.0,Success,2026-09-02 23:22:46.270186,orders.csv,ERR_NULL_CUSTOMER_KEY,2026-09-02 23:28:07.259845+05:30
99398,,43,2024-11-21,Returned,0.0,799.65,Refunded,2026-09-02 23:22:46.270186,orders.csv,ERR_NULL_CUSTOMER_KEY,2026-09-02 23:28:07.259845+05:30
99536,,4,2024-11-27,Completed,0.0,2388.23,Success,2026-09-02 23:22:46.270186,orders.csv,ERR_NULL_CUSTOMER_KEY,2026-09-02 23:28:07.259845+05:30
99615,,1,2023-09-19,Completed,0.0,341.34,Success,2026-09-02 23:22:46.270186,orders.csv,ERR_NULL_CUSTOMER_KEY,2026-09-02 23:28:07.259845+05:30
99802,,42,2023-12-04,Completed,0.0,0.0,Success,2026-09-02 23:22:46.270186,orders.csv,ERR_NULL_CUSTOMER_KEY,2026-09-02 23:28:07.259845+05:30
99836,,1,2024-03-06,Completed,0.0,0.0,Success,2026-09-02 23:22:46.270186,orders.csv,ERR_NULL_CUSTOMER_KEY,2026-09-02 23:28:07.259845+05:30
50001,3650,8,2022-01-18,Processing,0.0,3705.58,Success,2026-09-02 23:22:46.270186,orders.csv,ERR_DUPLICATE_ORDER,2026-09-02 23:28:07.259845+05:30
50002,5024,1,2022-06-09,Completed,0.0,0.0,Success,2026-09-02 23:22:46.270186,orders.csv,ERR_DUPLICATE_ORDER,2026-09-02 23:28:07.259845+05:30
50003,7342,43,2024-12-31,Shipped,0.0,46.54,Success,2026-09-02 23:22:46.270186,orders.csv,ERR_DUPLICATE_ORDER,2026-09-02 23:28:07.259845+05:30
50004,3220,10,2025-12-16,Shipped,0.0,245.08,Success,2026-09-02 23:22:46.270186,orders.csv,ERR_DUPLICATE_ORDER,2026-09-02 23:28:07.259845+05:30
50005,6580,35,2023-01-07,Completed,0.0,0.0,Success,2026-09-02 23:22:46.270186,orders.csv,ERR_DUPLICATE_ORDER,2026-09-02 23:28:07.259845+05:30
50006,8139,2,2024-08-26,Shipped,0.0,1067.38,Success,2026-09-02 23:22:46.270186,orders.csv,ERR_DUPLICATE_ORDER,2026-09-02 23:28:07.259845+05:30
50007,10287,1,2024-05-17,Completed,0.0,0.0,Success,2026-09-02 23:22:46.270186,orders.csv,ERR_DUPLICATE_ORDER,2026-09-02 23:28:07.259845+05:30
50008,5247,9,2025-04-06,Shipped,0.0,0.0,Success,2026-09-02 23:22:46.270186,orders.csv,ERR_DUPLICATE_ORDER,2026-09-02 23:28:07.259845+05:30
50009,10388,35,2023-07-25,Completed,0.0,672.93,Success,2026-09-02 23:22:46.270186,orders.csv,ERR_DUPLICATE_ORDER,2026-09-02 23:28:07.259845+05:30
50010,2317,28,2022-12-29,Completed,0.0,0.0,Success,2026-09-02 23:22:46.270186,orders.csv,ERR_DUPLICATE_ORDER,2026-09-02 23:28:07.259845+05:30
50011,7217,29,2024-09-09,Completed,0.0,0.0,Success,2026-09-02 23:22:46.270186,orders.csv,ERR_DUPLICATE_ORDER,2026-09-02 23:28:07.259845+05:30
50012,8221,6,2023-07-31,Completed,0.0,22.87,Success,2026-09-02 23:22:46.270186,orders.csv,ERR_DUPLICATE_ORDER,2026-09-02 23:28:07.259845+05:30
50013,5325,3,2025-07-29,Cancelled,0.0,4849.8,Cancelled,2026-09-02 23:22:46.270186,orders.csv,ERR_DUPLICATE_ORDER,2026-09-02 23:28:07.259845+05:30
50014,4568,1,2025-06-24,Returned,0.0,173.38,Refunded,2026-09-02 23:22:46.270186,orders.csv,ERR_DUPLICATE_ORDER,2026-09-02 23:28:07.259845+05:30
50015,5184,5,2024-03-20,Completed,0.0,0.0,Success,2026-09-02 23:22:46.270186,orders.csv,ERR_DUPLICATE_ORDER,2026-09-02 23:28:07.259845+05:30
50016,10539,47,2025-01-29,Cancelled,0.0,44.66,Cancelled,2026-09-02 23:22:46.270186,orders.csv,ERR_DUPLICATE_ORDER,2026-09-02 23:28:07.259845+05:30
50017,9198,1,2025-07-31,Cancelled,0.0,0.0,Cancelled,2026-09-02 23:22:46.270186,orders.csv,ERR_DUPLICATE_ORDER,2026-09-02 23:28:07.259845+05:30
50018,3181,10,2024-10-25,Completed,0.0,678.66,Success,2026-09-02 23:22:46.270186,orders.csv,ERR_DUPLICATE_ORDER,2026-09-02 23:28:07.259845+05:30
50019,6076,1,2024-11-01,Processing,0.0,249.4,Success,2026-09-02 23:22:46.270186,orders.csv,ERR_DUPLICATE_ORDER,2026-09-02 23:28:07.259845+05:30
50020,5851,1,2026-03-16,Completed,0.0,261.22,Success,2026-09-02 23:22:46.270186,orders.csv,ERR_DUPLICATE_ORDER,2026-09-02 23:28:07.259845+05:30
50021,9540,24,2024-10-26,Completed,0.0,0.0,Success,2026-09-02 23:22:46.270186,orders.csv,ERR_DUPLICATE_ORDER,2026-09-02 23:28:07.259845+05:30
50022,10940,1,2025-02-07,Completed,0.0,16997.62,Success,2026-09-02 23:22:46.270186,orders.csv,ERR_DUPLICATE_ORDER,2026-09-02 23:28:07.259845+05:30
50023,3703,29,2023-09-25,Processing,0.0,10322.05,Success,2026-09-02 23:22:46.270186,orders.csv,ERR_DUPLICATE_ORDER,2026-09-02 23:28:07.259845+05:30
50024,9971,1,2022-12-04,Completed,0.0,1611.24,Success,2026-09-02 23:22:46.270186,orders.csv,ERR_DUPLICATE_ORDER,2026-09-02 23:28:07.259845+05:30
50025,10804,46,2025-09-20,Completed,0.0,0.0,Success,2026-09-02 23:22:46.270186,orders.csv,ERR_DUPLICATE_ORDER,2026-09-02 23:28:07.259845+05:30
50026,6986,25,2025-05-09,Completed,0.0,0.0,Success,2026-09-02 23:22:46.270186,orders.csv,ERR_DUPLICATE_ORDER,2026-09-02 23:28:07.259845+05:30
50027,4095,1,2022-11-28,Completed,0.0,0.0,Success,2026-09-02 23:22:46.270186,orders.csv,ERR_DUPLICATE_ORDER,2026-09-02 23:28:07.259845+05:30
50028,4648,10,2024-05-22,Completed,0.0,0.0,Success,2026-09-02 23:22:46.270186,orders.csv,ERR_DUPLICATE_ORDER,2026-09-02 23:28:07.259845+05:30
50029,5389,14,2023-01-11,Completed,0.0,199.31,Success,2026-09-02 23:22:46.270186,orders.csv,ERR_DUPLICATE_ORDER,2026-09-02 23:28:07.259845+05:30
50030,6686,3,2023-04-11,Completed,0.0,2165.1,Success,2026-09-02 23:22:46.270186,orders.csv,ERR_DUPLICATE_ORDER,2026-09-02 23:28:07.259845+05:30
50031,6315,41,2023-12-22,Completed,0.0,0.0,Success,2026-09-02 23:22:46.270186,orders.csv,ERR_DUPLICATE_ORDER,2026-09-02 23:28:07.259845+05:30
50032,6778,48,2023-03-04,Shipped,0.0,0.0,Success,2026-09-02 23:22:46.270186,orders.csv,ERR_DUPLICATE_ORDER,2026-09-02 23:28:07.259845+05:30
50033,10474,19,2025-04-02,Completed,0.0,2723.33,Success,2026-09-02 23:22:46.270186,orders.csv,ERR_DUPLICATE_ORDER,2026-09-02 23:28:07.259845+05:30
50034,9658,1,2022-03-05,Completed,0.0,1302.0,Success,2026-09-02 23:22:46.270186,orders.csv,ERR_DUPLICATE_ORDER,2026-09-02 23:28:07.259845+05:30
50035,4206,1,2022-12-24,Completed,0.0,1299.49,Success,2026-09-02 23:22:46.270186,orders.csv,ERR_DUPLICATE_ORDER,2026-09-02 23:28:07.259845+05:30
50036,8294,1,2025-07-30,Completed,0.0,1510.36,Success,2026-09-02 23:22:46.270186,orders.csv,ERR_DUPLICATE_ORDER,2026-09-02 23:28:07.259845+05:30
50037,8251,18,2023-04-10,Completed,0.0,348.24,Success,2026-09-02 23:22:46.270186,orders.csv,ERR_DUPLICATE_ORDER,2026-09-02 23:28:07.259845+05:30
50038,5303,13,2025-04-14,Completed,0.0,0.0,Success,2026-09-02 23:22:46.270186,orders.csv,ERR_DUPLICATE_ORDER,2026-09-02 23:28:07.259845+05:30
50039,5849,17,2024-07-04,Completed,0.0,0.0,Success,2026-09-02 23:22:46.270186,orders.csv,ERR_DUPLICATE_ORDER,2026-09-02 23:28:07.259845+05:30
50040,9491,10,2025-03-26,Shipped,0.0,6113.26,Success,2026-09-02 23:22:46.270186,orders.csv,ERR_DUPLICATE_ORDER,2026-09-02 23:28:07.259845+05:30
50041,10541,1,2022-05-10,Completed,0.0,0.0,Success,2026-09-02 23:22:46.270186,orders.csv,ERR_DUPLICATE_ORDER,2026-09-02 23:28:07.259845+05:30
50042,10533,1,2026-05-06,Completed,0.0,312.84,Success,2026-09-02 23:22:46.270186,orders.csv,ERR_DUPLICATE_ORDER,2026-09-02 23:28:07.259845+05:30
50043,9214,1,2024-08-14,Processing,0.0,0.0,Success,2026-09-02 23:22:46.270186,orders.csv,ERR_DUPLICATE_ORDER,2026-09-02 23:28:07.259845+05:30
50044,7192,1,2024-03-24,Completed,0.0,422.28,Success,2026-09-02 23:22:46.270186,orders.csv,ERR_DUPLICATE_ORDER,2026-09-02 23:28:07.259845+05:30
50045,5064,1,2026-02-23,Completed,0.0,0.0,Success,2026-09-02 23:22:46.270186,orders.csv,ERR_DUPLICATE_ORDER,2026-09-02 23:28:07.259845+05:30
50046,10121,15,2025-11-21,Completed,0.0,0.0,Success,2026-09-02 23:22:46.270186,orders.csv,ERR_DUPLICATE_ORDER,2026-09-02 23:28:07.259845+05:30
50047,2471,31,2022-04-04,Shipped,0.0,1974.44,Success,2026-09-02 23:22:46.270186,orders.csv,ERR_DUPLICATE_ORDER,2026-09-02 23:28:07.259845+05:30
50048,8147,1,2025-04-19,Processing,0.0,0.0,Success,2026-09-02 23:22:46.270186,orders.csv,ERR_DUPLICATE_ORDER,2026-09-02 23:28:07.259845+05:30
50049,2110,1,2023-10-22,Shipped,0.0,147.45,Success,2026-09-02 23:22:46.270186,orders.csv,ERR_DUPLICATE_ORDER,2026-09-02 23:28:07.259845+05:30
50050,10580,1,2024-11-25,Completed,0.0,0.0,Success,2026-09-02 23:22:46.270186,orders.csv,ERR_DUPLICATE_ORDER,2026-09-02 23:28:07.259845+05:30
50051,6408,1,2025-10-18,Completed,0.0,138.65,Success,2026-09-02 23:22:46.270186,orders.csv,ERR_DUPLICATE_ORDER,2026-09-02 23:28:07.259845+05:30
50052,6217,37,2025-09-16,Completed,0.0,1475.01,Success,2026-09-02 23:22:46.270186,orders.csv,ERR_DUPLICATE_ORDER,2026-09-02 23:28:07.259845+05:30
50053,3856,18,2022-11-02,Completed,0.0,544.6,Success,2026-09-02 23:22:46.270186,orders.csv,ERR_DUPLICATE_ORDER,2026-09-02 23:28:07.259845+05:30
50054,5958,32,2023-07-21,Completed,0.0,469.53,Success,2026-09-02 23:22:46.270186,orders.csv,ERR_DUPLICATE_ORDER,2026-09-02 23:28:07.259845+05:30
50055,4296,47,2026-01-13,Returned,0.0,0.0,Refunded,2026-09-02 23:22:46.270186,orders.csv,ERR_DUPLICATE_ORDER,2026-09-02 23:28:07.259845+05:30
50056,5967,1,2022-11-11,Completed,0.0,0.0,Success,2026-09-02 23:22:46.270186,orders.csv,ERR_DUPLICATE_ORDER,2026-09-02 23:28:07.259845+05:30
50057,5521,22,2023-08-30,Completed,0.0,0.0,Success,2026-09-02 23:22:46.270186,orders.csv,ERR_DUPLICATE_ORDER,2026-09-02 23:28:07.259845+05:30
50058,10923,1,2025-07-30,Completed,0.0,693.18,Success,2026-09-02 23:22:46.270186,orders.csv,ERR_DUPLICATE_ORDER,2026-09-02 23:28:07.259845+05:30
50059,3823,20,2025-01-03,Completed,0.0,2679.45,Success,2026-09-02 23:22:46.270186,orders.csv,ERR_DUPLICATE_ORDER,2026-09-02 23:28:07.259845+05:30
50060,10988,1,2023-01-06,Returned,0.0,0.0,Refunded,2026-09-02 23:22:46.270186,orders.csv,ERR_DUPLICATE_ORDER,2026-09-02 23:28:07.259845+05:30
50061,6247,37,2023-03-21,Shipped,0.0,76.28,Success,2026-09-02 23:22:46.270186,orders.csv,ERR_DUPLICATE_ORDER,2026-09-02 23:28:07.259845+05:30
50062,9603,46,2025-09-29,Completed,0.0,4177.08,Success,2026-09-02 23:22:46.270186,orders.csv,ERR_DUPLICATE_ORDER,2026-09-02 23:28:07.259845+05:30
50063,9227,46,2023-09-09,Completed,0.0,128.47,Success,2026-09-02 23:22:46.270186,orders.csv,ERR_DUPLICATE_ORDER,2026-09-02 23:28:07.259845+05:30
50064,2818,1,2023-04-10,Completed,0.0,0.0,Success,2026-09-02 23:22:46.270186,orders.csv,ERR_DUPLICATE_ORDER,2026-09-02 23:28:07.259845+05:30
50065,3529,11,2026-01-03,Completed,0.0,539.72,Success,2026-09-02 23:22:46.270186,orders.csv,ERR_DUPLICATE_ORDER,2026-09-02 23:28:07.259845+05:30
50066,9068,36,2026-05-01,Completed,0.0,0.0,Success,2026-09-02 23:22:46.270186,orders.csv,ERR_DUPLICATE_ORDER,2026-09-02 23:28:07.259845+05:30
50067,5405,39,2022-10-25,Shipped,0.0,1380.35,Success,2026-09-02 23:22:46.270186,orders.csv,ERR_DUPLICATE_ORDER,2026-09-02 23:28:07.259845+05:30
50068,7256,12,2024-01-15,Returned,0.0,0.0,Refunded,2026-09-02 23:22:46.270186,orders.csv,ERR_DUPLICATE_ORDER,2026-09-02 23:28:07.259845+05:30
50069,6197,10,2023-04-25,Completed,0.0,0.0,Success,2026-09-02 23:22:46.270186,orders.csv,ERR_DUPLICATE_ORDER,2026-09-02 23:28:07.259845+05:30
50070,4021,1,2026-01-21,Cancelled,0.0,170.03,Cancelled,2026-09-02 23:22:46.270186,orders.csv,ERR_DUPLICATE_ORDER,2026-09-02 23:28:07.259845+05:30
50071,7223,33,2025-06-07,Completed,0.0,956.56,Success,2026-09-02 23:22:46.270186,orders.csv,ERR_DUPLICATE_ORDER,2026-09-02 23:28:07.259845+05:30
50072,3620,1,2022-09-30,Shipped,0.0,181.53,Success,2026-09-02 23:22:46.270186,orders.csv,ERR_DUPLICATE_ORDER,2026-09-02 23:28:07.259845+05:30
50073,1891,1,2026-01-28,Completed,0.0,1461.39,Success,2026-09-02 23:22:46.270186,orders.csv,ERR_DUPLICATE_ORDER,2026-09-02 23:28:07.259845+05:30
50074,5976,40,2023-06-18,Completed,0.0,244.28,Success,2026-09-02 23:22:46.270186,orders.csv,ERR_DUPLICATE_ORDER,2026-09-02 23:28:07.259845+05:30
50075,9442,1,2022-02-07,Shipped,0.0,3437.3,Success,2026-09-02 23:22:46.270186,orders.csv,ERR_DUPLICATE_ORDER,2026-09-02 23:28:07.259845+05:30
50076,1300,50,2023-02-06,Completed,0.0,0.0,Success,2026-09-02 23:22:46.270186,orders.csv,ERR_DUPLICATE_ORDER,2026-09-02 23:28:07.259845+05:30
50077,7049,1,2022-08-04,Processing,99.0,0.0,Success,2026-09-02 23:22:46.270186,orders.csv,ERR_DUPLICATE_ORDER,2026-09-02 23:28:07.259845+05:30
50078,7049,35,2022-03-01,Shipped,0.0,96.62,Success,2026-09-02 23:22:46.270186,orders.csv,ERR_DUPLICATE_ORDER,2026-09-02 23:28:07.259845+05:30
50079,2775,33,2025-01-13,Completed,0.0,0.0,Success,2026-09-02 23:22:46.270186,orders.csv,ERR_DUPLICATE_ORDER,2026-09-02 23:28:07.259845+05:30
50080,3907,24,2022-09-30,Processing,0.0,0.0,Success,2026-09-02 23:22:46.270186,orders.csv,ERR_DUPLICATE_ORDER,2026-09-02 23:28:07.259845+05:30
50081,10422,39,2024-03-22,Completed,0.0,1812.39,Success,2026-09-02 23:22:46.270186,orders.csv,ERR_DUPLICATE_ORDER,2026-09-02 23:28:07.259845+05:30
50082,4220,44,2026-04-23,Completed,0.0,95.99,Success,2026-09-02 23:22:46.270186,orders.csv,ERR_DUPLICATE_ORDER,2026-09-02 23:28:07.259845+05:30
50083,7438,11,2024-08-15,Completed,0.0,54.61,Success,2026-09-02 23:22:46.270186,orders.csv,ERR_DUPLICATE_ORDER,2026-09-02 23:28:07.259845+05:30
50084,2053,1,2023-12-20,Completed,99.0,0.0,Success,2026-09-02 23:22:46.270186,orders.csv,ERR_DUPLICATE_ORDER,2026-09-02 23:28:07.259845+05:30
50085,6477,42,2023-04-14,Completed,0.0,0.0,Success,2026-09-02 23:22:46.270186,orders.csv,ERR_DUPLICATE_ORDER,2026-09-02 23:28:07.259845+05:30
50086,9244,1,2023-04-05,Completed,0.0,346.46,Success,2026-09-02 23:22:46.270186,orders.csv,ERR_DUPLICATE_ORDER,2026-09-02 23:28:07.259845+05:30
50087,7101,1,2025-11-08,Completed,0.0,2710.77,Success,2026-09-02 23:22:46.270186,orders.csv,ERR_DUPLICATE_ORDER,2026-09-02 23:28:07.259845+05:30
50088,,16,2024-05-05,Completed,0.0,0.0,Success,2026-09-02 23:22:46.270186,orders.csv,ERR_NULL_CUSTOMER_KEY,2026-09-02 23:28:07.259845+05:30
50089,5935,47,2026-02-05,Completed,0.0,9651.12,Success,2026-09-02 23:22:46.270186,orders.csv,ERR_DUPLICATE_ORDER,2026-09-02 23:28:07.259845+05:30
50090,7998,28,2026-03-30,Returned,0.0,0.0,Refunded,2026-09-02 23:22:46.270186,orders.csv,ERR_DUPLICATE_ORDER,2026-09-02 23:28:07.259845+05:30
50091,9909,44,2022-06-24,Shipped,0.0,0.0,Success,2026-09-02 23:22:46.270186,orders.csv,ERR_DUPLICATE_ORDER,2026-09-02 23:28:07.259845+05:30
50092,2916,50,2024-11-27,Processing,0.0,71.97,Success,2026-09-02 23:22:46.270186,orders.csv,ERR_DUPLICATE_ORDER,2026-09-02 23:28:07.259845+05:30
50093,9848,12,2026-03-06,Completed,0.0,5287.09,Success,2026-09-02 23:22:46.270186,orders.csv,ERR_DUPLICATE_ORDER,2026-09-02 23:28:07.259845+05:30
50094,6735,30,2023-08-04,Shipped,0.0,521.63,Success,2026-09-02 23:22:46.270186,orders.csv,ERR_DUPLICATE_ORDER,2026-09-02 23:28:07.259845+05:30
50095,6109,1,2024-03-13,Completed,99.0,0.0,Success,2026-09-02 23:22:46.270186,orders.csv,ERR_DUPLICATE_ORDER,2026-09-02 23:28:07.259845+05:30
50096,7160,1,2024-08-25,Completed,0.0,536.15,Success,2026-09-02 23:22:46.270186,orders.csv,ERR_DUPLICATE_ORDER,2026-09-02 23:28:07.259845+05:30
50097,1477,20,2022-12-29,Completed,0.0,0.0,Success,2026-09-02 23:22:46.270186,orders.csv,ERR_DUPLICATE_ORDER,2026-09-02 23:28:07.259845+05:30
50098,6179,35,2026-01-03,Shipped,0.0,0.0,Success,2026-09-02 23:22:46.270186,orders.csv,ERR_DUPLICATE_ORDER,2026-09-02 23:28:07.259845+05:30
50099,3793,29,2026-03-29,Processing,0.0,0.0,Success,2026-09-02 23:22:46.270186,orders.csv,ERR_DUPLICATE_ORDER,2026-09-02 23:28:07.259845+05:30
50100,5721,1,2024-09-24,Completed,0.0,2424.07,Success,2026-09-02 23:22:46.270186,orders.csv,ERR_DUPLICATE_ORDER,2026-09-02 23:28:07.259845+05:30
50101,5348,1,2022-04-06,Completed,99.0,10.31,Success,2026-09-02 23:22:46.270186,orders.csv,ERR_DUPLICATE_ORDER,2026-09-02 23:28:07.259845+05:30
50102,8889,44,2024-03-24,Completed,0.0,0.0,Success,2026-09-02 23:22:46.270186,orders.csv,ERR_DUPLICATE_ORDER,2026-09-02 23:28:07.259845+05:30
50103,2598,12,2025-05-07,Shipped,0.0,87.48,Success,2026-09-02 23:22:46.270186,orders.csv,ERR_DUPLICATE_ORDER,2026-09-02 23:28:07.259845+05:30
50104,4492,12,2025-10-29,Completed,0.0,377.4,Success,2026-09-02 23:22:46.270186,orders.csv,ERR_DUPLICATE_ORDER,2026-09-02 23:28:07.259845+05:30
50105,5761,36,2022-05-20,Completed,0.0,4836.59,Success,2026-09-02 23:22:46.270186,orders.csv,ERR_DUPLICATE_ORDER,2026-09-02 23:28:07.259845+05:30
50106,6739,1,2024-11-16,Completed,0.0,753.8,Success,2026-09-02 23:22:46.270186,orders.csv,ERR_DUPLICATE_ORDER,2026-09-02 23:28:07.259845+05:30
50107,8567,3,2022-12-24,Completed,0.0,2250.34,Success,2026-09-02 23:22:46.270186,orders.csv,ERR_DUPLICATE_ORDER,2026-09-02 23:28:07.259845+05:30
50108,6258,1,2022-12-24,Completed,0.0,1266.47,Success,2026-09-02 23:22:46.270186,orders.csv,ERR_DUPLICATE_ORDER,2026-09-02 23:28:07.259845+05:30
50109,3765,3,2023-08-08,Completed,0.0,0.0,Success,2026-09-02 23:22:46.270186,orders.csv,ERR_DUPLICATE_ORDER,2026-09-02 23:28:07.259845+05:30
50110,3172,1,2026-05-20,Completed,0.0,47.89,Success,2026-09-02 23:22:46.270186,orders.csv,ERR_DUPLICATE_ORDER,2026-09-02 23:28:07.259845+05:30
50111,3966,6,2024-09-15,Completed,0.0,5387.0,Success,2026-09-02 23:22:46.270186,orders.csv,ERR_DUPLICATE_ORDER,2026-09-02 23:28:07.259845+05:30
50112,4419,10,2022-10-06,Completed,0.0,1018.35,Success,2026-09-02 23:22:46.270186,orders.csv,ERR_DUPLICATE_ORDER,2026-09-02 23:28:07.259845+05:30
50113,6933,4,2022-02-09,Completed,0.0,0.0,Success,2026-09-02 23:22:46.270186,orders.csv,ERR_DUPLICATE_ORDER,2026-09-02 23:28:07.259845+05:30
50114,10350,1,2022-09-17,Completed,0.0,169.87,Success,2026-09-02 23:22:46.270186,orders.csv,ERR_DUPLICATE_ORDER,2026-09-02 23:28:07.259845+05:30
50115,5917,41,2024-11-12,Completed,0.0,0.0,Success,2026-09-02 23:22:46.270186,orders.csv,ERR_DUPLICATE_ORDER,2026-09-02 23:28:07.259845+05:30
50116,9830,1,2022-03-10,Completed,0.0,0.0,Success,2026-09-02 23:22:46.270186,orders.csv,ERR_DUPLICATE_ORDER,2026-09-02 23:28:07.259845+05:30
50117,2318,8,2024-05-14,Cancelled,0.0,1842.65,Cancelled,2026-09-02 23:22:46.270186,orders.csv,ERR_DUPLICATE_ORDER,2026-09-02 23:28:07.259845+05:30
50118,2252,32,2023-05-29,Completed,0.0,0.0,Success,2026-09-02 23:22:46.270186,orders.csv,ERR_DUPLICATE_ORDER,2026-09-02 23:28:07.259845+05:30
50119,8969,2,2023-11-18,Completed,0.0,345.09,Success,2026-09-02 23:22:46.270186,orders.csv,ERR_DUPLICATE_ORDER,2026-09-02 23:28:07.259845+05:30
50120,9381,38,2024-05-22,Shipped,0.0,2508.2,Success,2026-09-02 23:22:46.270186,orders.csv,ERR_DUPLICATE_ORDER,2026-09-02 23:28:07.259845+05:30
50121,8298,1,2023-09-13,Shipped,0.0,857.19,Success,2026-09-02 23:22:46.270186,orders.csv,ERR_DUPLICATE_ORDER,2026-09-02 23:28:07.259845+05:30
50122,6292,1,2024-08-02,Completed,0.0,0.0,Success,2026-09-02 23:22:46.270186,orders.csv,ERR_DUPLICATE_ORDER,2026-09-02 23:28:07.259845+05:30
50123,6602,31,2025-02-04,Shipped,0.0,1410.45,Success,2026-09-02 23:22:46.270186,orders.csv,ERR_DUPLICATE_ORDER,2026-09-02 23:28:07.259845+05:30
50124,3731,39,2025-12-16,Completed,0.0,4255.91,Success,2026-09-02 23:22:46.270186,orders.csv,ERR_DUPLICATE_ORDER,2026-09-02 23:28:07.259845+05:30
50125,3464,11,2022-04-15,Cancelled,0.0,0.0,Cancelled,2026-09-02 23:22:46.270186,orders.csv,ERR_DUPLICATE_ORDER,2026-09-02 23:28:07.259845+05:30
50126,5176,5,2022-07-28,Completed,0.0,1320.47,Success,2026-09-02 23:22:46.270186,orders.csv,ERR_DUPLICATE_ORDER,2026-09-02 23:28:07.259845+05:30
50127,8944,1,2025-11-23,Processing,0.0,652.83,Success,2026-09-02 23:22:46.270186,orders.csv,ERR_DUPLICATE_ORDER,2026-09-02 23:28:07.259845+05:30
50128,2457,1,2023-05-25,Completed,99.0,219.68,Success,2026-09-02 23:22:46.270186,orders.csv,ERR_DUPLICATE_ORDER,2026-09-02 23:28:07.259845+05:30
50129,9220,36,2025-07-14,Completed,0.0,0.0,Success,2026-09-02 23:22:46.270186,orders.csv,ERR_DUPLICATE_ORDER,2026-09-02 23:28:07.259845+05:30
50130,5239,13,2024-07-07,Cancelled,0.0,308.25,Cancelled,2026-09-02 23:22:46.270186,orders.csv,ERR_DUPLICATE_ORDER,2026-09-02 23:28:07.259845+05:30
50131,8644,17,2024-11-06,Shipped,0.0,1169.88,Success,2026-09-02 23:22:46.270186,orders.csv,ERR_DUPLICATE_ORDER,2026-09-02 23:28:07.259845+05:30
50132,8967,34,2023-12-09,Completed,0.0,2663.41,Success,2026-09-02 23:22:46.270186,orders.csv,ERR_DUPLICATE_ORDER,2026-09-02 23:28:07.259845+05:30
50133,4299,3,2024-07-23,Completed,0.0,20.61,Success,2026-09-02 23:22:46.270186,orders.csv,ERR_DUPLICATE_ORDER,2026-09-02 23:28:07.259845+05:30
50134,2905,3,2023-08-15,Completed,0.0,583.49,Success,2026-09-02 23:22:46.270186,orders.csv,ERR_DUPLICATE_ORDER,2026-09-02 23:28:07.259845+05:30
50135,5812,1,2022-02-10,Completed,99.0,0.0,Success,2026-09-02 23:22:46.270186,orders.csv,ERR_DUPLICATE_ORDER,2026-09-02 23:28:07.259845+05:30
50136,6300,1,2025-01-26,Shipped,0.0,91.27,Success,2026-09-02 23:22:46.270186,orders.csv,ERR_DUPLICATE_ORDER,2026-09-02 23:28:07.259845+05:30
50137,1489,38,2025-07-29,Completed,0.0,0.0,Success,2026-09-02 23:22:46.270186,orders.csv,ERR_DUPLICATE_ORDER,2026-09-02 23:28:07.259845+05:30
50138,7691,27,2024-12-17,Completed,0.0,4134.16,Success,2026-09-02 23:22:46.270186,orders.csv,ERR_DUPLICATE_ORDER,2026-09-02 23:28:07.259845+05:30
50139,8296,15,2022-03-07,Completed,0.0,632.1,Success,2026-09-02 23:22:46.270186,orders.csv,ERR_DUPLICATE_ORDER,2026-09-02 23:28:07.259845+05:30
50140,6830,25,2022-02-04,Completed,0.0,0.0,Success,2026-09-02 23:22:46.270186,orders.csv,ERR_DUPLICATE_ORDER,2026-09-02 23:28:07.259845+05:30
50141,10701,29,2023-12-14,Completed,0.0,0.0,Success,2026-09-02 23:22:46.270186,orders.csv,ERR_DUPLICATE_ORDER,2026-09-02 23:28:07.259845+05:30
50142,10378,4,2023-07-11,Completed,0.0,414.06,Success,2026-09-02 23:22:46.270186,orders.csv,ERR_DUPLICATE_ORDER,2026-09-02 23:28:07.259845+05:30
50143,6912,26,2025-04-18,Completed,0.0,0.0,Success,2026-09-02 23:22:46.270186,orders.csv,ERR_DUPLICATE_ORDER,2026-09-02 23:28:07.259845+05:30
50144,4356,13,2025-09-26,Completed,0.0,106.11,Success,2026-09-02 23:22:46.270186,orders.csv,ERR_DUPLICATE_ORDER,2026-09-02 23:28:07.259845+05:30
50145,3314,47,2022-07-23,Shipped,0.0,0.0,Success,2026-09-02 23:22:46.270186,orders.csv,ERR_DUPLICATE_ORDER,2026-09-02 23:28:07.259845+05:30
50146,3364,1,2022-05-04,Completed,0.0,474.61,Success,2026-09-02 23:22:46.270186,orders.csv,ERR_DUPLICATE_ORDER,2026-09-02 23:28:07.259845+05:30
50147,7288,36,2023-01-10,Completed,0.0,64.62,Success,2026-09-02 23:22:46.270186,orders.csv,ERR_DUPLICATE_ORDER,2026-09-02 23:28:07.259845+05:30
50148,2551,10,2022-02-06,Completed,0.0,2184.28,Success,2026-09-02 23:22:46.270186,orders.csv,ERR_DUPLICATE_ORDER,2026-09-02 23:28:07.259845+05:30
50149,1151,38,2023-05-30,Completed,0.0,10691.28,Success,2026-09-02 23:22:46.270186,orders.csv,ERR_DUPLICATE_ORDER,2026-09-02 23:28:07.259845+05:30
50150,10201,23,2025-03-25,Completed,0.0,0.0,Success,2026-09-02 23:22:46.270186,orders.csv,ERR_DUPLICATE_ORDER,2026-09-02 23:28:07.259845+05:30
50151,1653,1,2023-02-05,Completed,0.0,584.11,Success,2026-09-02 23:22:46.270186,orders.csv,ERR_DUPLICATE_ORDER,2026-09-02 23:28:07.259845+05:30
50152,3583,10,2026-02-03,Completed,0.0,1358.02,Success,2026-09-02 23:22:46.270186,orders.csv,ERR_DUPLICATE_ORDER,2026-09-02 23:28:07.259845+05:30
50153,4412,1,2023-03-08,Completed,0.0,2669.73,Success,2026-09-02 23:22:46.270186,orders.csv,ERR_DUPLICATE_ORDER,2026-09-02 23:28:07.259845+05:30
50154,9688,1,2025-05-18,Returned,0.0,0.0,Refunded,2026-09-02 23:22:46.270186,orders.csv,ERR_DUPLICATE_ORDER,2026-09-02 23:28:07.259845+05:30
50155,1715,36,2022-09-05,Completed,0.0,0.0,Success,2026-09-02 23:22:46.270186,orders.csv,ERR_DUPLICATE_ORDER,2026-09-02 23:28:07.259845+05:30
50156,1709,19,2022-04-20,Shipped,0.0,0.0,Success,2026-09-02 23:22:46.270186,orders.csv,ERR_DUPLICATE_ORDER,2026-09-02 23:28:07.259845+05:30
50157,9668,45,2024-04-07,Completed,0.0,92.96,Success,2026-09-02 23:22:46.270186,orders.csv,ERR_DUPLICATE_ORDER,2026-09-02 23:28:07.259845+05:30
50158,7393,15,2024-08-15,Completed,0.0,0.0,Success,2026-09-02 23:22:46.270186,orders.csv,ERR_DUPLICATE_ORDER,2026-09-02 23:28:07.259845+05:30
50159,1378,1,2023-03-07,Completed,0.0,0.0,Success,2026-09-02 23:22:46.270186,orders.csv,ERR_DUPLICATE_ORDER,2026-09-02 23:28:07.259845+05:30
50160,3255,40,2026-04-12,Processing,0.0,869.98,Success,2026-09-02 23:22:46.270186,orders.csv,ERR_DUPLICATE_ORDER,2026-09-02 23:28:07.259845+05:30
50161,4128,14,2022-07-29,Returned,0.0,1373.82,Refunded,2026-09-02 23:22:46.270186,orders.csv,ERR_DUPLICATE_ORDER,2026-09-02 23:28:07.259845+05:30
50162,6213,10,2024-10-18,Completed,0.0,0.0,Success,2026-09-02 23:22:46.270186,orders.csv,ERR_DUPLICATE_ORDER,2026-09-02 23:28:07.259845+05:30
50163,7280,29,2023-03-13,Completed,0.0,3773.47,Success,2026-09-02 23:22:46.270186,orders.csv,ERR_DUPLICATE_ORDER,2026-09-02 23:28:07.259845+05:30
50164,8074,1,2026-05-05,Shipped,0.0,0.0,Success,2026-09-02 23:22:46.270186,orders.csv,ERR_DUPLICATE_ORDER,2026-09-02 23:28:07.259845+05:30
50165,8064,50,2023-09-07,Cancelled,0.0,363.38,Cancelled,2026-09-02 23:22:46.270186,orders.csv,ERR_DUPLICATE_ORDER,2026-09-02 23:28:07.259845+05:30
50166,9018,1,2022-02-28,Completed,0.0,2501.36,Success,2026-09-02 23:22:46.270186,orders.csv,ERR_DUPLICATE_ORDER,2026-09-02 23:28:07.259845+05:30
50167,6112,23,2022-09-17,Cancelled,0.0,0.0,Cancelled,2026-09-02 23:22:46.270186,orders.csv,ERR_DUPLICATE_ORDER,2026-09-02 23:28:07.259845+05:30
50168,6688,47,2023-12-25,Completed,0.0,1689.78,Success,2026-09-02 23:22:46.270186,orders.csv,ERR_DUPLICATE_ORDER,2026-09-02 23:28:07.259845+05:30
50169,3010,18,2024-04-02,Shipped,0.0,0.0,Success,2026-09-02 23:22:46.270186,orders.csv,ERR_DUPLICATE_ORDER,2026-09-02 23:28:07.259845+05:30
50170,9238,8,2022-09-16,Completed,0.0,164.53,Success,2026-09-02 23:22:46.270186,orders.csv,ERR_DUPLICATE_ORDER,2026-09-02 23:28:07.259845+05:30
50171,2134,34,2024-04-06,Completed,0.0,6963.71,Success,2026-09-02 23:22:46.270186,orders.csv,ERR_DUPLICATE_ORDER,2026-09-02 23:28:07.259845+05:30
50172,1021,27,2025-09-26,Completed,0.0,164.88,Success,2026-09-02 23:22:46.270186,orders.csv,ERR_DUPLICATE_ORDER,2026-09-02 23:28:07.259845+05:30
50173,5038,1,2024-07-14,Completed,0.0,310.53,Success,2026-09-02 23:22:46.270186,orders.csv,ERR_DUPLICATE_ORDER,2026-09-02 23:28:07.259845+05:30
50174,6319,6,2023-05-30,Returned,0.0,0.0,Refunded,2026-09-02 23:22:46.270186,orders.csv,ERR_DUPLICATE_ORDER,2026-09-02 23:28:07.259845+05:30
50175,1941,24,2023-07-28,Processing,0.0,77.7,Success,2026-09-02 23:22:46.270186,orders.csv,ERR_DUPLICATE_ORDER,2026-09-02 23:28:07.259845+05:30
50176,7329,33,2026-02-04,Completed,0.0,0.0,Success,2026-09-02 23:22:46.270186,orders.csv,ERR_DUPLICATE_ORDER,2026-09-02 23:28:07.259845+05:30
50177,1328,27,2023-09-09,Cancelled,0.0,0.0,Cancelled,2026-09-02 23:22:46.270186,orders.csv,ERR_DUPLICATE_ORDER,2026-09-02 23:28:07.259845+05:30
50178,1059,47,2025-03-28,Completed,0.0,0.0,Success,2026-09-02 23:22:46.270186,orders.csv,ERR_DUPLICATE_ORDER,2026-09-02 23:28:07.259845+05:30
50179,6604,1,2022-01-13,Completed,0.0,371.93,Success,2026-09-02 23:22:46.270186,orders.csv,ERR_DUPLICATE_ORDER,2026-09-02 23:28:07.259845+05:30
50180,9984,27,2023-01-24,Completed,0.0,1619.29,Success,2026-09-02 23:22:46.270186,orders.csv,ERR_DUPLICATE_ORDER,2026-09-02 23:28:07.259845+05:30
50181,8220,33,2023-05-28,Shipped,0.0,0.0,Success,2026-09-02 23:22:46.270186,orders.csv,ERR_DUPLICATE_ORDER,2026-09-02 23:28:07.259845+05:30
50182,3166,1,2026-01-14,Completed,99.0,0.0,Success,2026-09-02 23:22:46.270186,orders.csv,ERR_DUPLICATE_ORDER,2026-09-02 23:28:07.259845+05:30
50183,8108,41,2022-09-17,Completed,0.0,4815.05,Success,2026-09-02 23:22:46.270186,orders.csv,ERR_DUPLICATE_ORDER,2026-09-02 23:28:07.259845+05:30
50184,5441,2,2022-09-09,Shipped,0.0,3098.49,Success,2026-09-02 23:22:46.270186,orders.csv,ERR_DUPLICATE_ORDER,2026-09-02 23:28:07.259845+05:30
50185,1244,6,2026-01-22,Completed,0.0,0.0,Success,2026-09-02 23:22:46.270186,orders.csv,ERR_DUPLICATE_ORDER,2026-09-02 23:28:07.259845+05:30
50186,5198,1,2024-06-29,Processing,0.0,8285.88,Success,2026-09-02 23:22:46.270186,orders.csv,ERR_DUPLICATE_ORDER,2026-09-02 23:28:07.259845+05:30
50187,4176,1,2023-11-12,Processing,0.0,2516.01,Success,2026-09-02 23:22:46.270186,orders.csv,ERR_DUPLICATE_ORDER,2026-09-02 23:28:07.259845+05:30
50188,4770,14,2024-10-04,Processing,0.0,0.0,Success,2026-09-02 23:22:46.270186,orders.csv,ERR_DUPLICATE_ORDER,2026-09-02 23:28:07.259845+05:30
50189,9046,30,2022-10-15,Completed,0.0,0.0,Success,2026-09-02 23:22:46.270186,orders.csv,ERR_DUPLICATE_ORDER,2026-09-02 23:28:07.259845+05:30
50190,5608,1,2022-04-07,Completed,0.0,111.74,Success,2026-09-02 23:22:46.270186,orders.csv,ERR_DUPLICATE_ORDER,2026-09-02 23:28:07.259845+05:30
50191,1539,35,2022-09-14,Completed,0.0,0.0,Success,2026-09-02 23:22:46.270186,orders.csv,ERR_DUPLICATE_ORDER,2026-09-02 23:28:07.259845+05:30
50192,6552,13,2026-02-05,Completed,0.0,0.0,Success,2026-09-02 23:22:46.270186,orders.csv,ERR_DUPLICATE_ORDER,2026-09-02 23:28:07.259845+05:30
50193,6261,39,2022-08-22,Processing,0.0,22.36,Success,2026-09-02 23:22:46.270186,orders.csv,ERR_DUPLICATE_ORDER,2026-09-02 23:28:07.259845+05:30
50194,9160,13,2024-10-03,Processing,0.0,0.0,Success,2026-09-02 23:22:46.270186,orders.csv,ERR_DUPLICATE_ORDER,2026-09-02 23:28:07.259845+05:30
50195,2783,5,2024-05-07,Completed,0.0,0.0,Success,2026-09-02 23:22:46.270186,orders.csv,ERR_DUPLICATE_ORDER,2026-09-02 23:28:07.259845+05:30
50196,2339,1,2023-06-16,Shipped,0.0,339.15,Success,2026-09-02 23:22:46.270186,orders.csv,ERR_DUPLICATE_ORDER,2026-09-02 23:28:07.259845+05:30
50197,6837,26,2023-06-15,Completed,0.0,2061.12,Success,2026-09-02 23:22:46.270186,orders.csv,ERR_DUPLICATE_ORDER,2026-09-02 23:28:07.259845+05:30
50198,8023,3,2023-07-08,Returned,0.0,6631.44,Refunded,2026-09-02 23:22:46.270186,orders.csv,ERR_DUPLICATE_ORDER,2026-09-02 23:28:07.259845+05:30
50199,5482,49,2022-02-05,Completed,0.0,0.0,Success,2026-09-02 23:22:46.270186,orders.csv,ERR_DUPLICATE_ORDER,2026-09-02 23:28:07.259845+05:30
50200,6329,7,2023-11-09,Completed,0.0,70.99,Success,2026-09-02 23:22:46.270186,orders.csv,ERR_DUPLICATE_ORDER,2026-09-02 23:28:07.259845+05:30
52050,,35,2024-07-24,Returned,0.0,0.0,Refunded,2026-09-02 23:22:46.270186,orders.csv,ERR_NULL_CUSTOMER_KEY,2026-09-02 23:28:07.259845+05:30
52256,,24,2025-09-23,Completed,0.0,4331.74,Success,2026-09-02 23:22:46.270186,orders.csv,ERR_NULL_CUSTOMER_KEY,2026-09-02 23:28:07.259845+05:30
52533,9860,33,2035-12-31,Completed,0.0,177.8,Success,2026-09-02 23:22:46.270186,orders.csv,ERR_FUTURE_ORDER_DATE,2026-09-02 23:28:07.259845+05:30
52692,,34,2022-10-29,Completed,0.0,0.0,Success,2026-09-02 23:22:46.270186,orders.csv,ERR_NULL_CUSTOMER_KEY,2026-09-02 23:28:07.259845+05:30
52751,,1,2023-05-14,Completed,0.0,1180.38,Success,2026-09-02 23:22:46.270186,orders.csv,ERR_NULL_CUSTOMER_KEY,2026-09-02 23:28:07.259845+05:30
52759,,1,2026-04-28,Completed,0.0,7160.05,Success,2026-09-02 23:22:46.270186,orders.csv,ERR_NULL_CUSTOMER_KEY,2026-09-02 23:28:07.259845+05:30
52817,,16,2022-01-07,Completed,0.0,0.0,Success,2026-09-02 23:22:46.270186,orders.csv,ERR_NULL_CUSTOMER_KEY,2026-09-02 23:28:07.259845+05:30
52917,,45,2025-02-21,Completed,0.0,0.0,Success,2026-09-02 23:22:46.270186,orders.csv,ERR_NULL_CUSTOMER_KEY,2026-09-02 23:28:07.259845+05:30
53182,6827,1,2035-12-31,Processing,0.0,414.06,Success,2026-09-02 23:22:46.270186,orders.csv,ERR_FUTURE_ORDER_DATE,2026-09-02 23:28:07.259845+05:30
53440,,8,2022-08-10,Completed,0.0,4326.03,Success,2026-09-02 23:22:46.270186,orders.csv,ERR_NULL_CUSTOMER_KEY,2026-09-02 23:28:07.259845+05:30
53619,10186,31,2035-12-31,Processing,0.0,0.0,Success,2026-09-02 23:22:46.270186,orders.csv,ERR_FUTURE_ORDER_DATE,2026-09-02 23:28:07.259845+05:30
53940,,27,2025-06-30,Completed,0.0,0.0,Success,2026-09-02 23:22:46.270186,orders.csv,ERR_NULL_CUSTOMER_KEY,2026-09-02 23:28:07.259845+05:30
53946,,17,2024-07-19,Processing,0.0,0.0,Success,2026-09-02 23:22:46.270186,orders.csv,ERR_NULL_CUSTOMER_KEY,2026-09-02 23:28:07.259845+05:30
53949,,1,2026-05-21,Completed,0.0,140.84,Success,2026-09-02 23:22:46.270186,orders.csv,ERR_NULL_CUSTOMER_KEY,2026-09-02 23:28:07.259845+05:30
54280,1775,6,2035-12-31,Completed,0.0,1265.95,Success,2026-09-02 23:22:46.270186,orders.csv,ERR_FUTURE_ORDER_DATE,2026-09-02 23:28:07.259845+05:30
54485,,8,2022-12-13,Returned,0.0,1302.91,Refunded,2026-09-02 23:22:46.270186,orders.csv,ERR_NULL_CUSTOMER_KEY,2026-09-02 23:28:07.259845+05:30
54544,5508,1,2035-12-31,Shipped,0.0,1009.83,Success,2026-09-02 23:22:46.270186,orders.csv,ERR_FUTURE_ORDER_DATE,2026-09-02 23:28:07.259845+05:30
54696,,39,2023-09-19,Completed,0.0,22.47,Success,2026-09-02 23:22:46.270186,orders.csv,ERR_NULL_CUSTOMER_KEY,2026-09-02 23:28:07.259845+05:30
54708,,1,2025-12-09,Shipped,0.0,1555.89,Success,2026-09-02 23:22:46.270186,orders.csv,ERR_NULL_CUSTOMER_KEY,2026-09-02 23:28:07.259845+05:30
54838,,29,2022-07-27,Processing,0.0,0.0,Success,2026-09-02 23:22:46.270186,orders.csv,ERR_NULL_CUSTOMER_KEY,2026-09-02 23:28:07.259845+05:30
54900,,10,2022-11-23,Completed,0.0,184.08,Success,2026-09-02 23:22:46.270186,orders.csv,ERR_NULL_CUSTOMER_KEY,2026-09-02 23:28:07.259845+05:30
54975,,21,2025-12-07,Cancelled,0.0,2778.19,Cancelled,2026-09-02 23:22:46.270186,orders.csv,ERR_NULL_CUSTOMER_KEY,2026-09-02 23:28:07.259845+05:30
55017,,15,2022-01-15,Completed,0.0,0.0,Success,2026-09-02 23:22:46.270186,orders.csv,ERR_NULL_CUSTOMER_KEY,2026-09-02 23:28:07.259845+05:30
55144,,23,2025-03-14,Shipped,0.0,658.46,Success,2026-09-02 23:22:46.270186,orders.csv,ERR_NULL_CUSTOMER_KEY,2026-09-02 23:28:07.259845+05:30
55153,,1,2026-03-01,Shipped,0.0,0.0,Success,2026-09-02 23:22:46.270186,orders.csv,ERR_NULL_CUSTOMER_KEY,2026-09-02 23:28:07.259845+05:30
55561,5998,42,2035-12-31,Processing,0.0,0.0,Success,2026-09-02 23:22:46.270186,orders.csv,ERR_FUTURE_ORDER_DATE,2026-09-02 23:28:07.259845+05:30
55586,,1,2022-01-07,Completed,99.0,96.19,Success,2026-09-02 23:22:46.270186,orders.csv,ERR_NULL_CUSTOMER_KEY,2026-09-02 23:28:07.259845+05:30
55684,,30,2026-06-08,Completed,0.0,1045.5,Success,2026-09-02 23:22:46.270186,orders.csv,ERR_NULL_CUSTOMER_KEY,2026-09-02 23:28:07.259845+05:30
55738,3366,1,2035-12-31,Shipped,0.0,0.0,Success,2026-09-02 23:22:46.270186,orders.csv,ERR_FUTURE_ORDER_DATE,2026-09-02 23:28:07.259845+05:30
55769,,37,2022-11-27,Cancelled,0.0,0.0,Cancelled,2026-09-02 23:22:46.270186,orders.csv,ERR_NULL_CUSTOMER_KEY,2026-09-02 23:28:07.259845+05:30
56011,,21,2023-02-01,Cancelled,0.0,1528.79,Cancelled,2026-09-02 23:22:46.270186,orders.csv,ERR_NULL_CUSTOMER_KEY,2026-09-02 23:28:07.259845+05:30
56032,4500,34,2035-12-31,Completed,0.0,0.0,Success,2026-09-02 23:22:46.270186,orders.csv,ERR_FUTURE_ORDER_DATE,2026-09-02 23:28:07.259845+05:30
56060,,41,2025-04-27,Cancelled,0.0,399.94,Cancelled,2026-09-02 23:22:46.270186,orders.csv,ERR_NULL_CUSTOMER_KEY,2026-09-02 23:28:07.259845+05:30
56130,,29,2025-06-04,Completed,0.0,0.0,Success,2026-09-02 23:22:46.270186,orders.csv,ERR_NULL_CUSTOMER_KEY,2026-09-02 23:28:07.259845+05:30
56141,3472,36,2035-12-31,Processing,0.0,167.61,Success,2026-09-02 23:22:46.270186,orders.csv,ERR_FUTURE_ORDER_DATE,2026-09-02 23:28:07.259845+05:30
56208,,1,2024-04-09,Completed,0.0,143.33,Success,2026-09-02 23:22:46.270186,orders.csv,ERR_NULL_CUSTOMER_KEY,2026-09-02 23:28:07.259845+05:30
56449,10731,1,2035-12-31,Shipped,99.0,0.0,Success,2026-09-02 23:22:46.270186,orders.csv,ERR_FUTURE_ORDER_DATE,2026-09-02 23:28:07.259845+05:30
56625,,2,2022-06-22,Completed,0.0,0.0,Success,2026-09-02 23:22:46.270186,orders.csv,ERR_NULL_CUSTOMER_KEY,2026-09-02 23:28:07.259845+05:30
56651,,44,2025-12-27,Shipped,0.0,1179.1,Success,2026-09-02 23:22:46.270186,orders.csv,ERR_NULL_CUSTOMER_KEY,2026-09-02 23:28:07.259845+05:30
56707,,35,2024-12-15,Completed,0.0,1326.34,Success,2026-09-02 23:22:46.270186,orders.csv,ERR_NULL_CUSTOMER_KEY,2026-09-02 23:28:07.259845+05:30
56736,,49,2025-04-14,Shipped,0.0,0.0,Success,2026-09-02 23:22:46.270186,orders.csv,ERR_NULL_CUSTOMER_KEY,2026-09-02 23:28:07.259845+05:30
56773,,1,2023-12-20,Processing,0.0,0.0,Success,2026-09-02 23:22:46.270186,orders.csv,ERR_NULL_CUSTOMER_KEY,2026-09-02 23:28:07.259845+05:30
56829,,17,2024-09-16,Completed,0.0,0.0,Success,2026-09-02 23:22:46.270186,orders.csv,ERR_NULL_CUSTOMER_KEY,2026-09-02 23:28:07.259845+05:30
56892,,16,2023-04-18,Returned,0.0,1184.83,Refunded,2026-09-02 23:22:46.270186,orders.csv,ERR_NULL_CUSTOMER_KEY,2026-09-02 23:28:07.259845+05:30
56936,4485,1,2035-12-31,Completed,0.0,0.0,Success,2026-09-02 23:22:46.270186,orders.csv,ERR_FUTURE_ORDER_DATE,2026-09-02 23:28:07.259845+05:30
57097,,1,2025-09-05,Completed,0.0,0.0,Success,2026-09-02 23:22:46.270186,orders.csv,ERR_NULL_CUSTOMER_KEY,2026-09-02 23:28:07.259845+05:30
57160,1558,13,2035-12-31,Completed,0.0,46.38,Success,2026-09-02 23:22:46.270186,orders.csv,ERR_FUTURE_ORDER_DATE,2026-09-02 23:28:07.259845+05:30
57542,,32,2025-04-13,Cancelled,0.0,55.61,Cancelled,2026-09-02 23:22:46.270186,orders.csv,ERR_NULL_CUSTOMER_KEY,2026-09-02 23:28:07.259845+05:30
57566,,17,2024-02-24,Processing,0.0,8332.59,Success,2026-09-02 23:22:46.270186,orders.csv,ERR_NULL_CUSTOMER_KEY,2026-09-02 23:28:07.259845+05:30
57758,,27,2025-08-14,Completed,0.0,2170.0,Success,2026-09-02 23:22:46.270186,orders.csv,ERR_NULL_CUSTOMER_KEY,2026-09-02 23:28:07.259845+05:30
57785,,1,2025-09-25,Completed,99.0,0.0,Success,2026-09-02 23:22:46.270186,orders.csv,ERR_NULL_CUSTOMER_KEY,2026-09-02 23:28:07.259845+05:30
58157,,43,2022-02-03,Completed,0.0,787.16,Success,2026-09-02 23:22:46.270186,orders.csv,ERR_NULL_CUSTOMER_KEY,2026-09-02 23:28:07.259845+05:30
58379,,1,2024-12-14,Completed,99.0,0.0,Success,2026-09-02 23:22:46.270186,orders.csv,ERR_NULL_CUSTOMER_KEY,2026-09-02 23:28:07.259845+05:30
58430,,46,2022-02-15,Completed,0.0,0.0,Success,2026-09-02 23:22:46.270186,orders.csv,ERR_NULL_CUSTOMER_KEY,2026-09-02 23:28:07.259845+05:30
58492,,6,2022-12-27,Completed,0.0,116.55,Success,2026-09-02 23:22:46.270186,orders.csv,ERR_NULL_CUSTOMER_KEY,2026-09-02 23:28:07.259845+05:30
58498,,36,2025-01-17,Completed,0.0,45.15,Success,2026-09-02 23:22:46.270186,orders.csv,ERR_NULL_CUSTOMER_KEY,2026-09-02 23:28:07.259845+05:30
58512,,1,2025-07-16,Completed,0.0,22435.67,Success,2026-09-02 23:22:46.270186,orders.csv,ERR_NULL_CUSTOMER_KEY,2026-09-02 23:28:07.259845+05:30
58726,7105,47,2035-12-31,Completed,0.0,803.71,Success,2026-09-02 23:22:46.270186,orders.csv,ERR_FUTURE_ORDER_DATE,2026-09-02 23:28:07.259845+05:30
58727,,1,2026-03-04,Completed,0.0,579.34,Success,2026-09-02 23:22:46.270186,orders.csv,ERR_NULL_CUSTOMER_KEY,2026-09-02 23:28:07.259845+05:30
59009,,20,2023-03-21,Completed,0.0,576.13,Success,2026-09-02 23:22:46.270186,orders.csv,ERR_NULL_CUSTOMER_KEY,2026-09-02 23:28:07.259845+05:30
59080,,1,2022-12-18,Shipped,0.0,0.0,Success,2026-09-02 23:22:46.270186,orders.csv,ERR_NULL_CUSTOMER_KEY,2026-09-02 23:28:07.259845+05:30
59200,,1,2022-01-11,Processing,0.0,0.0,Success,2026-09-02 23:22:46.270186,orders.csv,ERR_NULL_CUSTOMER_KEY,2026-09-02 23:28:07.259845+05:30
59240,3442,26,2035-12-31,Completed,0.0,3998.48,Success,2026-09-02 23:22:46.270186,orders.csv,ERR_FUTURE_ORDER_DATE,2026-09-02 23:28:07.259845+05:30
59445,,11,2025-05-22,Processing,0.0,0.0,Success,2026-09-02 23:22:46.270186,orders.csv,ERR_NULL_CUSTOMER_KEY,2026-09-02 23:28:07.259845+05:30
59446,,23,2024-10-28,Shipped,0.0,8928.23,Success,2026-09-02 23:22:46.270186,orders.csv,ERR_NULL_CUSTOMER_KEY,2026-09-02 23:28:07.259845+05:30
59537,,31,2024-01-24,Shipped,0.0,0.0,Success,2026-09-02 23:22:46.270186,orders.csv,ERR_NULL_CUSTOMER_KEY,2026-09-02 23:28:07.259845+05:30
59657,1120,1,2035-12-31,Shipped,0.0,690.15,Success,2026-09-02 23:22:46.270186,orders.csv,ERR_FUTURE_ORDER_DATE,2026-09-02 23:28:07.259845+05:30
59860,,20,2025-02-02,Completed,0.0,0.0,Success,2026-09-02 23:22:46.270186,orders.csv,ERR_NULL_CUSTOMER_KEY,2026-09-02 23:28:07.259845+05:30
60083,4876,21,2035-12-31,Completed,0.0,302.28,Success,2026-09-02 23:22:46.270186,orders.csv,ERR_FUTURE_ORDER_DATE,2026-09-02 23:28:07.259845+05:30
60164,9639,1,2035-12-31,Completed,0.0,2419.96,Success,2026-09-02 23:22:46.270186,orders.csv,ERR_FUTURE_ORDER_DATE,2026-09-02 23:28:07.259845+05:30
60294,,12,2024-03-05,Completed,0.0,0.0,Success,2026-09-02 23:22:46.270186,orders.csv,ERR_NULL_CUSTOMER_KEY,2026-09-02 23:28:07.259845+05:30
60612,,13,2022-08-30,Completed,0.0,4129.19,Success,2026-09-02 23:22:46.270186,orders.csv,ERR_NULL_CUSTOMER_KEY,2026-09-02 23:28:07.259845+05:30
60643,,36,2024-06-25,Completed,0.0,0.0,Success,2026-09-02 23:22:46.270186,orders.csv,ERR_NULL_CUSTOMER_KEY,2026-09-02 23:28:07.259845+05:30
60877,,18,2023-09-20,Completed,0.0,6190.93,Success,2026-09-02 23:22:46.270186,orders.csv,ERR_NULL_CUSTOMER_KEY,2026-09-02 23:28:07.259845+05:30
60921,2633,20,2035-12-31,Shipped,0.0,0.0,Success,2026-09-02 23:22:46.270186,orders.csv,ERR_FUTURE_ORDER_DATE,2026-09-02 23:28:07.259845+05:30
60965,,22,2022-05-16,Processing,0.0,536.45,Success,2026-09-02 23:22:46.270186,orders.csv,ERR_NULL_CUSTOMER_KEY,2026-09-02 23:28:07.259845+05:30
61107,,13,2025-06-01,Processing,0.0,0.0,Success,2026-09-02 23:22:46.270186,orders.csv,ERR_NULL_CUSTOMER_KEY,2026-09-02 23:28:07.259845+05:30
61121,,1,2023-01-29,Completed,0.0,6383.87,Success,2026-09-02 23:22:46.270186,orders.csv,ERR_NULL_CUSTOMER_KEY,2026-09-02 23:28:07.259845+05:30
61284,,2,2023-07-01,Shipped,0.0,0.0,Success,2026-09-02 23:22:46.270186,orders.csv,ERR_NULL_CUSTOMER_KEY,2026-09-02 23:28:07.259845+05:30
61445,,2,2024-06-25,Completed,0.0,0.0,Success,2026-09-02 23:22:46.270186,orders.csv,ERR_NULL_CUSTOMER_KEY,2026-09-02 23:28:07.259845+05:30
61974,,29,2024-04-21,Completed,0.0,0.0,Success,2026-09-02 23:22:46.270186,orders.csv,ERR_NULL_CUSTOMER_KEY,2026-09-02 23:28:07.259845+05:30
61986,,1,2024-01-02,Completed,0.0,81.96,Success,2026-09-02 23:22:46.270186,orders.csv,ERR_NULL_CUSTOMER_KEY,2026-09-02 23:28:07.259845+05:30
62013,,1,2022-11-14,Processing,0.0,3003.92,Success,2026-09-02 23:22:46.270186,orders.csv,ERR_NULL_CUSTOMER_KEY,2026-09-02 23:28:07.259845+05:30
62200,,29,2026-05-17,Completed,0.0,872.5,Success,2026-09-02 23:22:46.270186,orders.csv,ERR_NULL_CUSTOMER_KEY,2026-09-02 23:28:07.259845+05:30
62275,8972,2,2035-12-31,Completed,0.0,0.0,Success,2026-09-02 23:22:46.270186,orders.csv,ERR_FUTURE_ORDER_DATE,2026-09-02 23:28:07.259845+05:30
62307,,32,2023-02-06,Completed,0.0,0.0,Success,2026-09-02 23:22:46.270186,orders.csv,ERR_NULL_CUSTOMER_KEY,2026-09-02 23:28:07.259845+05:30
62404,,45,2024-02-18,Completed,0.0,0.0,Success,2026-09-02 23:22:46.270186,orders.csv,ERR_NULL_CUSTOMER_KEY,2026-09-02 23:28:07.259845+05:30
62440,,1,2025-08-23,Completed,0.0,0.0,Success,2026-09-02 23:22:46.270186,orders.csv,ERR_NULL_CUSTOMER_KEY,2026-09-02 23:28:07.259845+05:30
62718,,16,2024-05-05,Completed,0.0,4921.22,Success,2026-09-02 23:22:46.270186,orders.csv,ERR_NULL_CUSTOMER_KEY,2026-09-02 23:28:07.259845+05:30
62731,,37,2025-10-31,Completed,0.0,751.61,Success,2026-09-02 23:22:46.270186,orders.csv,ERR_NULL_CUSTOMER_KEY,2026-09-02 23:28:07.259845+05:30
62763,,50,2022-03-29,Completed,0.0,0.0,Success,2026-09-02 23:22:46.270186,orders.csv,ERR_NULL_CUSTOMER_KEY,2026-09-02 23:28:07.259845+05:30
62970,,37,2023-02-22,Completed,0.0,0.0,Success,2026-09-02 23:22:46.270186,orders.csv,ERR_NULL_CUSTOMER_KEY,2026-09-02 23:28:07.259845+05:30
63016,,14,2023-12-05,Shipped,0.0,3058.39,Success,2026-09-02 23:22:46.270186,orders.csv,ERR_NULL_CUSTOMER_KEY,2026-09-02 23:28:07.259845+05:30
63163,,27,2025-05-12,Processing,0.0,0.0,Success,2026-09-02 23:22:46.270186,orders.csv,ERR_NULL_CUSTOMER_KEY,2026-09-02 23:28:07.259845+05:30
63215,5735,49,2035-12-31,Returned,0.0,0.0,Refunded,2026-09-02 23:22:46.270186,orders.csv,ERR_FUTURE_ORDER_DATE,2026-09-02 23:28:07.259845+05:30
63482,,1,2022-01-25,Shipped,0.0,792.34,Success,2026-09-02 23:22:46.270186,orders.csv,ERR_NULL_CUSTOMER_KEY,2026-09-02 23:28:07.259845+05:30
63505,,9,2023-10-07,Completed,0.0,4754.1,Success,2026-09-02 23:22:46.270186,orders.csv,ERR_NULL_CUSTOMER_KEY,2026-09-02 23:28:07.259845+05:30
63510,,39,2024-02-21,Completed,0.0,0.0,Success,2026-09-02 23:22:46.270186,orders.csv,ERR_NULL_CUSTOMER_KEY,2026-09-02 23:28:07.259845+05:30
63567,8019,15,2035-12-31,Processing,0.0,1078.1,Success,2026-09-02 23:22:46.270186,orders.csv,ERR_FUTURE_ORDER_DATE,2026-09-02 23:28:07.259845+05:30
63582,5649,1,2035-12-31,Completed,99.0,0.0,Success,2026-09-02 23:22:46.270186,orders.csv,ERR_FUTURE_ORDER_DATE,2026-09-02 23:28:07.259845+05:30
63805,,33,2022-03-09,Completed,0.0,0.0,Success,2026-09-02 23:22:46.270186,orders.csv,ERR_NULL_CUSTOMER_KEY,2026-09-02 23:28:07.259845+05:30
63814,,2,2026-04-30,Shipped,0.0,0.0,Success,2026-09-02 23:22:46.270186,orders.csv,ERR_NULL_CUSTOMER_KEY,2026-09-02 23:28:07.259845+05:30
63849,7344,27,2035-12-31,Completed,0.0,0.0,Success,2026-09-02 23:22:46.270186,orders.csv,ERR_FUTURE_ORDER_DATE,2026-09-02 23:28:07.259845+05:30
63974,,2,2023-03-13,Shipped,0.0,0.0,Success,2026-09-02 23:22:46.270186,orders.csv,ERR_NULL_CUSTOMER_KEY,2026-09-02 23:28:07.259845+05:30
64051,,24,2022-04-24,Completed,0.0,224.38,Success,2026-09-02 23:22:46.270186,orders.csv,ERR_NULL_CUSTOMER_KEY,2026-09-02 23:28:07.259845+05:30
64091,,1,2026-03-11,Completed,0.0,0.0,Success,2026-09-02 23:22:46.270186,orders.csv,ERR_NULL_CUSTOMER_KEY,2026-09-02 23:28:07.259845+05:30
64119,1036,17,2035-12-31,Returned,0.0,997.29,Refunded,2026-09-02 23:22:46.270186,orders.csv,ERR_FUTURE_ORDER_DATE,2026-09-02 23:28:07.259845+05:30
64140,,26,2024-04-25,Completed,0.0,456.44,Success,2026-09-02 23:22:46.270186,orders.csv,ERR_NULL_CUSTOMER_KEY,2026-09-02 23:28:07.259845+05:30
64145,8550,1,2035-12-31,Shipped,0.0,0.0,Success,2026-09-02 23:22:46.270186,orders.csv,ERR_FUTURE_ORDER_DATE,2026-09-02 23:28:07.259845+05:30
64179,,22,2025-02-12,Completed,0.0,726.95,Success,2026-09-02 23:22:46.270186,orders.csv,ERR_NULL_CUSTOMER_KEY,2026-09-02 23:28:07.259845+05:30
64188,,3,2024-07-04,Returned,0.0,2557.52,Refunded,2026-09-02 23:22:46.270186,orders.csv,ERR_NULL_CUSTOMER_KEY,2026-09-02 23:28:07.259845+05:30
64210,5135,1,2035-12-31,Completed,0.0,0.0,Success,2026-09-02 23:22:46.270186,orders.csv,ERR_FUTURE_ORDER_DATE,2026-09-02 23:28:07.259845+05:30
64235,,1,2022-06-11,Returned,0.0,964.1,Refunded,2026-09-02 23:22:46.270186,orders.csv,ERR_NULL_CUSTOMER_KEY,2026-09-02 23:28:07.259845+05:30
64582,5340,5,2035-12-31,Completed,0.0,0.0,Success,2026-09-02 23:22:46.270186,orders.csv,ERR_FUTURE_ORDER_DATE,2026-09-02 23:28:07.259845+05:30
64623,,1,2024-04-05,Completed,0.0,0.0,Success,2026-09-02 23:22:46.270186,orders.csv,ERR_NULL_CUSTOMER_KEY,2026-09-02 23:28:07.259845+05:30
64773,,1,2024-03-21,Completed,0.0,0.0,Success,2026-09-02 23:22:46.270186,orders.csv,ERR_NULL_CUSTOMER_KEY,2026-09-02 23:28:07.259845+05:30
64950,9091,42,2035-12-31,Completed,0.0,0.0,Success,2026-09-02 23:22:46.270186,orders.csv,ERR_FUTURE_ORDER_DATE,2026-09-02 23:28:07.259845+05:30
65123,,1,2026-06-06,Completed,99.0,0.0,Success,2026-09-02 23:22:46.270186,orders.csv,ERR_NULL_CUSTOMER_KEY,2026-09-02 23:28:07.259845+05:30
65185,,1,2023-11-12,Completed,0.0,0.0,Success,2026-09-02 23:22:46.270186,orders.csv,ERR_NULL_CUSTOMER_KEY,2026-09-02 23:28:07.259845+05:30
65361,,1,2023-09-25,Shipped,0.0,621.76,Success,2026-09-02 23:22:46.270186,orders.csv,ERR_NULL_CUSTOMER_KEY,2026-09-02 23:28:07.259845+05:30
65489,,1,2022-05-10,Cancelled,99.0,0.0,Cancelled,2026-09-02 23:22:46.270186,orders.csv,ERR_NULL_CUSTOMER_KEY,2026-09-02 23:28:07.259845+05:30
65567,,1,2024-02-21,Completed,99.0,0.0,Success,2026-09-02 23:22:46.270186,orders.csv,ERR_NULL_CUSTOMER_KEY,2026-09-02 23:28:07.259845+05:30
65584,4292,24,2035-12-31,Shipped,0.0,983.34,Success,2026-09-02 23:22:46.270186,orders.csv,ERR_FUTURE_ORDER_DATE,2026-09-02 23:28:07.259845+05:30
66034,6727,1,2035-12-31,Completed,0.0,246.66,Success,2026-09-02 23:22:46.270186,orders.csv,ERR_FUTURE_ORDER_DATE,2026-09-02 23:28:07.259845+05:30
66195,,1,2023-09-07,Completed,0.0,12381.86,Success,2026-09-02 23:22:46.270186,orders.csv,ERR_NULL_CUSTOMER_KEY,2026-09-02 23:28:07.259845+05:30
66232,,1,2024-06-09,Completed,99.0,133.64,Success,2026-09-02 23:22:46.270186,orders.csv,ERR_NULL_CUSTOMER_KEY,2026-09-02 23:28:07.259845+05:30
66247,,1,2024-01-21,Completed,0.0,0.0,Success,2026-09-02 23:22:46.270186,orders.csv,ERR_NULL_CUSTOMER_KEY,2026-09-02 23:28:07.259845+05:30
66363,8259,10,2035-12-31,Completed,0.0,287.87,Success,2026-09-02 23:22:46.270186,orders.csv,ERR_FUTURE_ORDER_DATE,2026-09-02 23:28:07.259845+05:30
66462,9167,12,2035-12-31,Completed,0.0,0.0,Success,2026-09-02 23:22:46.270186,orders.csv,ERR_FUTURE_ORDER_DATE,2026-09-02 23:28:07.259845+05:30
66632,,1,2022-04-28,Completed,99.0,0.0,Success,2026-09-02 23:22:46.270186,orders.csv,ERR_NULL_CUSTOMER_KEY,2026-09-02 23:28:07.259845+05:30
66751,,25,2024-11-13,Completed,0.0,1475.39,Success,2026-09-02 23:22:46.270186,orders.csv,ERR_NULL_CUSTOMER_KEY,2026-09-02 23:28:07.259845+05:30
66752,,47,2022-09-16,Completed,0.0,161.52,Success,2026-09-02 23:22:46.270186,orders.csv,ERR_NULL_CUSTOMER_KEY,2026-09-02 23:28:07.259845+05:30
67040,,40,2023-07-12,Completed,0.0,0.0,Success,2026-09-02 23:22:46.270186,orders.csv,ERR_NULL_CUSTOMER_KEY,2026-09-02 23:28:07.259845+05:30
67123,,29,2024-07-23,Completed,0.0,0.0,Success,2026-09-02 23:22:46.270186,orders.csv,ERR_NULL_CUSTOMER_KEY,2026-09-02 23:28:07.259845+05:30
67266,,1,2024-02-18,Completed,0.0,0.0,Success,2026-09-02 23:22:46.270186,orders.csv,ERR_NULL_CUSTOMER_KEY,2026-09-02 23:28:07.259845+05:30
67917,,28,2022-01-08,Processing,0.0,278.58,Success,2026-09-02 23:22:46.270186,orders.csv,ERR_NULL_CUSTOMER_KEY,2026-09-02 23:28:07.259845+05:30
68084,4305,24,2035-12-31,Shipped,0.0,185.02,Success,2026-09-02 23:22:46.270186,orders.csv,ERR_FUTURE_ORDER_DATE,2026-09-02 23:28:07.259845+05:30
68580,,9,2022-12-28,Completed,0.0,140.84,Success,2026-09-02 23:22:46.270186,orders.csv,ERR_NULL_CUSTOMER_KEY,2026-09-02 23:28:07.259845+05:30
68693,,38,2023-08-27,Processing,0.0,0.0,Success,2026-09-02 23:22:46.270186,orders.csv,ERR_NULL_CUSTOMER_KEY,2026-09-02 23:28:07.259845+05:30
68726,,1,2025-07-27,Completed,0.0,0.0,Success,2026-09-02 23:22:46.270186,orders.csv,ERR_NULL_CUSTOMER_KEY,2026-09-02 23:28:07.259845+05:30
68736,,1,2024-09-21,Completed,0.0,1139.43,Success,2026-09-02 23:22:46.270186,orders.csv,ERR_NULL_CUSTOMER_KEY,2026-09-02 23:28:07.259845+05:30
68962,2943,10,2035-12-31,Completed,0.0,0.0,Success,2026-09-02 23:22:46.270186,orders.csv,ERR_FUTURE_ORDER_DATE,2026-09-02 23:28:07.259845+05:30
69022,5954,25,2035-12-31,Completed,0.0,0.0,Success,2026-09-02 23:22:46.270186,orders.csv,ERR_FUTURE_ORDER_DATE,2026-09-02 23:28:07.259845+05:30
69641,,1,2024-10-31,Completed,0.0,3879.09,Success,2026-09-02 23:22:46.270186,orders.csv,ERR_NULL_CUSTOMER_KEY,2026-09-02 23:28:07.259845+05:30
69865,,1,2024-05-17,Completed,0.0,153.44,Success,2026-09-02 23:22:46.270186,orders.csv,ERR_NULL_CUSTOMER_KEY,2026-09-02 23:28:07.259845+05:30
69883,,1,2023-03-01,Returned,0.0,934.61,Refunded,2026-09-02 23:22:46.270186,orders.csv,ERR_NULL_CUSTOMER_KEY,2026-09-02 23:28:07.259845+05:30
70120,,1,2024-11-16,Completed,0.0,0.0,Success,2026-09-02 23:22:46.270186,orders.csv,ERR_NULL_CUSTOMER_KEY,2026-09-02 23:28:07.259845+05:30
70157,,29,2025-10-10,Cancelled,0.0,0.0,Cancelled,2026-09-02 23:22:46.270186,orders.csv,ERR_NULL_CUSTOMER_KEY,2026-09-02 23:28:07.259845+05:30
70160,,1,2022-09-10,Completed,0.0,3761.01,Success,2026-09-02 23:22:46.270186,orders.csv,ERR_NULL_CUSTOMER_KEY,2026-09-02 23:28:07.259845+05:30
70280,,13,2025-06-01,Shipped,0.0,0.0,Success,2026-09-02 23:22:46.270186,orders.csv,ERR_NULL_CUSTOMER_KEY,2026-09-02 23:28:07.259845+05:30
70328,,33,2023-08-28,Completed,0.0,0.0,Success,2026-09-02 23:22:46.270186,orders.csv,ERR_NULL_CUSTOMER_KEY,2026-09-02 23:28:07.259845+05:30
70361,,19,2023-07-17,Completed,0.0,446.46,Success,2026-09-02 23:22:46.270186,orders.csv,ERR_NULL_CUSTOMER_KEY,2026-09-02 23:28:07.259845+05:30
70551,,1,2023-11-11,Completed,0.0,1410.59,Success,2026-09-02 23:22:46.270186,orders.csv,ERR_NULL_CUSTOMER_KEY,2026-09-02 23:28:07.259845+05:30
70789,,45,2025-03-21,Shipped,0.0,0.0,Success,2026-09-02 23:22:46.270186,orders.csv,ERR_NULL_CUSTOMER_KEY,2026-09-02 23:28:07.259845+05:30
70860,,20,2023-07-09,Returned,0.0,491.29,Refunded,2026-09-02 23:22:46.270186,orders.csv,ERR_NULL_CUSTOMER_KEY,2026-09-02 23:28:07.259845+05:30
71460,,30,2024-02-17,Shipped,0.0,49.79,Success,2026-09-02 23:22:46.270186,orders.csv,ERR_NULL_CUSTOMER_KEY,2026-09-02 23:28:07.259845+05:30
71738,,37,2023-11-12,Shipped,0.0,0.0,Success,2026-09-02 23:22:46.270186,orders.csv,ERR_NULL_CUSTOMER_KEY,2026-09-02 23:28:07.259845+05:30
71923,,10,2023-10-07,Completed,0.0,415.24,Success,2026-09-02 23:22:46.270186,orders.csv,ERR_NULL_CUSTOMER_KEY,2026-09-02 23:28:07.259845+05:30
71965,6626,1,2035-12-31,Completed,0.0,0.0,Success,2026-09-02 23:22:46.270186,orders.csv,ERR_FUTURE_ORDER_DATE,2026-09-02 23:28:07.259845+05:30
72092,,41,2025-03-21,Returned,0.0,721.27,Refunded,2026-09-02 23:22:46.270186,orders.csv,ERR_NULL_CUSTOMER_KEY,2026-09-02 23:28:07.259845+05:30
72148,2598,45,2035-12-31,Completed,0.0,0.0,Success,2026-09-02 23:22:46.270186,orders.csv,ERR_FUTURE_ORDER_DATE,2026-09-02 23:28:07.259845+05:30
72221,,28,2026-04-30,Completed,0.0,0.0,Success,2026-09-02 23:22:46.270186,orders.csv,ERR_NULL_CUSTOMER_KEY,2026-09-02 23:28:07.259845+05:30
72259,10892,1,2035-12-31,Completed,0.0,1445.58,Success,2026-09-02 23:22:46.270186,orders.csv,ERR_FUTURE_ORDER_DATE,2026-09-02 23:28:07.259845+05:30
72349,,1,2025-03-13,Cancelled,0.0,796.16,Cancelled,2026-09-02 23:22:46.270186,orders.csv,ERR_NULL_CUSTOMER_KEY,2026-09-02 23:28:07.259845+05:30
72446,10709,1,2035-12-31,Completed,99.0,0.0,Success,2026-09-02 23:22:46.270186,orders.csv,ERR_FUTURE_ORDER_DATE,2026-09-02 23:28:07.259845+05:30
72617,,43,2023-12-13,Completed,0.0,0.0,Success,2026-09-02 23:22:46.270186,orders.csv,ERR_NULL_CUSTOMER_KEY,2026-09-02 23:28:07.259845+05:30
72708,2669,1,2035-12-31,Shipped,0.0,1545.28,Success,2026-09-02 23:22:46.270186,orders.csv,ERR_FUTURE_ORDER_DATE,2026-09-02 23:28:07.259845+05:30
72839,,17,2022-08-07,Completed,0.0,646.9,Success,2026-09-02 23:22:46.270186,orders.csv,ERR_NULL_CUSTOMER_KEY,2026-09-02 23:28:07.259845+05:30
72843,,1,2022-11-09,Completed,0.0,636.58,Success,2026-09-02 23:22:46.270186,orders.csv,ERR_NULL_CUSTOMER_KEY,2026-09-02 23:28:07.259845+05:30
73345,,1,2025-11-07,Completed,0.0,0.0,Success,2026-09-02 23:22:46.270186,orders.csv,ERR_NULL_CUSTOMER_KEY,2026-09-02 23:28:07.259845+05:30
73504,,6,2025-02-16,Completed,0.0,0.0,Success,2026-09-02 23:22:46.270186,orders.csv,ERR_NULL_CUSTOMER_KEY,2026-09-02 23:28:07.259845+05:30
73505,,37,2024-05-18,Completed,0.0,5207.03,Success,2026-09-02 23:22:46.270186,orders.csv,ERR_NULL_CUSTOMER_KEY,2026-09-02 23:28:07.259845+05:30
73673,,1,2023-09-01,Completed,99.0,0.0,Success,2026-09-02 23:22:46.270186,orders.csv,ERR_NULL_CUSTOMER_KEY,2026-09-02 23:28:07.259845+05:30
73681,7231,29,2035-12-31,Completed,0.0,1523.79,Success,2026-09-02 23:22:46.270186,orders.csv,ERR_FUTURE_ORDER_DATE,2026-09-02 23:28:07.259845+05:30
73685,,36,2022-01-04,Returned,0.0,0.0,Refunded,2026-09-02 23:22:46.270186,orders.csv,ERR_NULL_CUSTOMER_KEY,2026-09-02 23:28:07.259845+05:30
73955,,42,2023-03-11,Completed,0.0,0.0,Success,2026-09-02 23:22:46.270186,orders.csv,ERR_NULL_CUSTOMER_KEY,2026-09-02 23:28:07.259845+05:30
73991,1471,48,2035-12-31,Completed,0.0,449.64,Success,2026-09-02 23:22:46.270186,orders.csv,ERR_FUTURE_ORDER_DATE,2026-09-02 23:28:07.259845+05:30
74026,,3,2024-07-18,Completed,0.0,0.0,Success,2026-09-02 23:22:46.270186,orders.csv,ERR_NULL_CUSTOMER_KEY,2026-09-02 23:28:07.259845+05:30
74096,,7,2022-05-03,Shipped,0.0,2474.58,Success,2026-09-02 23:22:46.270186,orders.csv,ERR_NULL_CUSTOMER_KEY,2026-09-02 23:28:07.259845+05:30
74192,,36,2022-11-20,Completed,0.0,2791.74,Success,2026-09-02 23:22:46.270186,orders.csv,ERR_NULL_CUSTOMER_KEY,2026-09-02 23:28:07.259845+05:30
74209,,30,2022-05-15,Completed,0.0,1337.16,Success,2026-09-02 23:22:46.270186,orders.csv,ERR_NULL_CUSTOMER_KEY,2026-09-02 23:28:07.259845+05:30
74481,2371,1,2035-12-31,Completed,0.0,915.88,Success,2026-09-02 23:22:46.270186,orders.csv,ERR_FUTURE_ORDER_DATE,2026-09-02 23:28:07.259845+05:30
74729,,26,2025-10-08,Completed,0.0,44.45,Success,2026-09-02 23:22:46.270186,orders.csv,ERR_NULL_CUSTOMER_KEY,2026-09-02 23:28:07.259845+05:30
74956,6598,48,2035-12-31,Processing,0.0,0.0,Success,2026-09-02 23:22:46.270186,orders.csv,ERR_FUTURE_ORDER_DATE,2026-09-02 23:28:07.259845+05:30
75067,10764,16,2035-12-31,Completed,0.0,954.65,Success,2026-09-02 23:22:46.270186,orders.csv,ERR_FUTURE_ORDER_DATE,2026-09-02 23:28:07.259845+05:30
75308,,31,2025-12-10,Completed,0.0,0.0,Success,2026-09-02 23:22:46.270186,orders.csv,ERR_NULL_CUSTOMER_KEY,2026-09-02 23:28:07.259845+05:30
75346,,15,2023-08-22,Completed,0.0,0.0,Success,2026-09-02 23:22:46.270186,orders.csv,ERR_NULL_CUSTOMER_KEY,2026-09-02 23:28:07.259845+05:30
75780,,39,2022-09-01,Completed,0.0,0.0,Success,2026-09-02 23:22:46.270186,orders.csv,ERR_NULL_CUSTOMER_KEY,2026-09-02 23:28:07.259845+05:30
76008,,1,2024-08-16,Returned,0.0,0.0,Refunded,2026-09-02 23:22:46.270186,orders.csv,ERR_NULL_CUSTOMER_KEY,2026-09-02 23:28:07.259845+05:30
76030,,25,2026-01-05,Completed,0.0,90.94,Success,2026-09-02 23:22:46.270186,orders.csv,ERR_NULL_CUSTOMER_KEY,2026-09-02 23:28:07.259845+05:30
76118,10274,27,2035-12-31,Completed,0.0,414.06,Success,2026-09-02 23:22:46.270186,orders.csv,ERR_FUTURE_ORDER_DATE,2026-09-02 23:28:07.259845+05:30
76139,,12,2024-10-17,Completed,0.0,1373.34,Success,2026-09-02 23:22:46.270186,orders.csv,ERR_NULL_CUSTOMER_KEY,2026-09-02 23:28:07.259845+05:30
76455,,12,2025-05-27,Completed,0.0,3784.31,Success,2026-09-02 23:22:46.270186,orders.csv,ERR_NULL_CUSTOMER_KEY,2026-09-02 23:28:07.259845+05:30
76473,,7,2022-06-28,Completed,0.0,0.0,Success,2026-09-02 23:22:46.270186,orders.csv,ERR_NULL_CUSTOMER_KEY,2026-09-02 23:28:07.259845+05:30
76506,,7,2024-02-01,Completed,0.0,2792.26,Success,2026-09-02 23:22:46.270186,orders.csv,ERR_NULL_CUSTOMER_KEY,2026-09-02 23:28:07.259845+05:30
76661,,45,2023-02-09,Completed,0.0,636.43,Success,2026-09-02 23:22:46.270186,orders.csv,ERR_NULL_CUSTOMER_KEY,2026-09-02 23:28:07.259845+05:30
76724,,14,2022-10-31,Completed,0.0,2137.43,Success,2026-09-02 23:22:46.270186,orders.csv,ERR_NULL_CUSTOMER_KEY,2026-09-02 23:28:07.259845+05:30
76736,4463,1,2035-12-31,Completed,99.0,154.11,Success,2026-09-02 23:22:46.270186,orders.csv,ERR_FUTURE_ORDER_DATE,2026-09-02 23:28:07.259845+05:30
76887,,45,2025-11-24,Completed,0.0,0.0,Success,2026-09-02 23:22:46.270186,orders.csv,ERR_NULL_CUSTOMER_KEY,2026-09-02 23:28:07.259845+05:30
77074,,1,2022-07-16,Completed,0.0,4614.39,Success,2026-09-02 23:22:46.270186,orders.csv,ERR_NULL_CUSTOMER_KEY,2026-09-02 23:28:07.259845+05:30
77183,5666,5,2035-12-31,Completed,0.0,0.0,Success,2026-09-02 23:22:46.270186,orders.csv,ERR_FUTURE_ORDER_DATE,2026-09-02 23:28:07.259845+05:30
77333,,1,2024-12-11,Completed,0.0,0.0,Success,2026-09-02 23:22:46.270186,orders.csv,ERR_NULL_CUSTOMER_KEY,2026-09-02 23:28:07.259845+05:30
77377,,30,2025-07-21,Completed,0.0,0.0,Success,2026-09-02 23:22:46.270186,orders.csv,ERR_NULL_CUSTOMER_KEY,2026-09-02 23:28:07.259845+05:30
77413,,43,2023-12-23,Completed,0.0,8079.5,Success,2026-09-02 23:22:46.270186,orders.csv,ERR_NULL_CUSTOMER_KEY,2026-09-02 23:28:07.259845+05:30
77464,5556,21,2035-12-31,Completed,0.0,1316.69,Success,2026-09-02 23:22:46.270186,orders.csv,ERR_FUTURE_ORDER_DATE,2026-09-02 23:28:07.259845+05:30
77480,,1,2023-06-05,Cancelled,0.0,0.0,Cancelled,2026-09-02 23:22:46.270186,orders.csv,ERR_NULL_CUSTOMER_KEY,2026-09-02 23:28:07.259845+05:30
77590,,32,2023-06-05,Completed,0.0,486.31,Success,2026-09-02 23:22:46.270186,orders.csv,ERR_NULL_CUSTOMER_KEY,2026-09-02 23:28:07.259845+05:30
77658,,10,2024-11-20,Shipped,0.0,3700.54,Success,2026-09-02 23:22:46.270186,orders.csv,ERR_NULL_CUSTOMER_KEY,2026-09-02 23:28:07.259845+05:30
78037,,15,2025-09-29,Completed,0.0,0.0,Success,2026-09-02 23:22:46.270186,orders.csv,ERR_NULL_CUSTOMER_KEY,2026-09-02 23:28:07.259845+05:30
78075,,1,2023-05-26,Completed,0.0,264.82,Success,2026-09-02 23:22:46.270186,orders.csv,ERR_NULL_CUSTOMER_KEY,2026-09-02 23:28:07.259845+05:30
78126,,20,2023-08-26,Completed,0.0,0.0,Success,2026-09-02 23:22:46.270186,orders.csv,ERR_NULL_CUSTOMER_KEY,2026-09-02 23:28:07.259845+05:30
78457,,1,2024-08-23,Completed,0.0,333.61,Success,2026-09-02 23:22:46.270186,orders.csv,ERR_NULL_CUSTOMER_KEY,2026-09-02 23:28:07.259845+05:30
78465,,1,2025-01-25,Completed,0.0,130.0,Success,2026-09-02 23:22:46.270186,orders.csv,ERR_NULL_CUSTOMER_KEY,2026-09-02 23:28:07.259845+05:30
78510,,22,2024-05-18,Completed,0.0,0.0,Success,2026-09-02 23:22:46.270186,orders.csv,ERR_NULL_CUSTOMER_KEY,2026-09-02 23:28:07.259845+05:30
78641,,1,2026-03-16,Completed,0.0,0.0,Success,2026-09-02 23:22:46.270186,orders.csv,ERR_NULL_CUSTOMER_KEY,2026-09-02 23:28:07.259845+05:30
78646,6887,49,2035-12-31,Completed,0.0,1730.09,Success,2026-09-02 23:22:46.270186,orders.csv,ERR_FUTURE_ORDER_DATE,2026-09-02 23:28:07.259845+05:30
78946,7213,24,2035-12-31,Completed,0.0,872.5,Success,2026-09-02 23:22:46.270186,orders.csv,ERR_FUTURE_ORDER_DATE,2026-09-02 23:28:07.259845+05:30
78949,,1,2025-08-19,Returned,0.0,177.61,Refunded,2026-09-02 23:22:46.270186,orders.csv,ERR_NULL_CUSTOMER_KEY,2026-09-02 23:28:07.259845+05:30
78997,,1,2022-10-05,Completed,99.0,0.0,Success,2026-09-02 23:22:46.270186,orders.csv,ERR_NULL_CUSTOMER_KEY,2026-09-02 23:28:07.259845+05:30
79032,,1,2024-09-21,Completed,0.0,289.46,Success,2026-09-02 23:22:46.270186,orders.csv,ERR_NULL_CUSTOMER_KEY,2026-09-02 23:28:07.259845+05:30
79043,,1,2024-12-10,Completed,0.0,479.57,Success,2026-09-02 23:22:46.270186,orders.csv,ERR_NULL_CUSTOMER_KEY,2026-09-02 23:28:07.259845+05:30
79135,10854,9,2035-12-31,Processing,0.0,1371.86,Success,2026-09-02 23:22:46.270186,orders.csv,ERR_FUTURE_ORDER_DATE,2026-09-02 23:28:07.259845+05:30
79149,2562,1,2035-12-31,Completed,0.0,764.56,Success,2026-09-02 23:22:46.270186,orders.csv,ERR_FUTURE_ORDER_DATE,2026-09-02 23:28:07.259845+05:30
79161,,39,2022-11-24,Completed,0.0,623.47,Success,2026-09-02 23:22:46.270186,orders.csv,ERR_NULL_CUSTOMER_KEY,2026-09-02 23:28:07.259845+05:30
79232,,1,2023-07-09,Completed,0.0,636.93,Success,2026-09-02 23:22:46.270186,orders.csv,ERR_NULL_CUSTOMER_KEY,2026-09-02 23:28:07.259845+05:30
79234,3230,1,2035-12-31,Completed,0.0,487.31,Success,2026-09-02 23:22:46.270186,orders.csv,ERR_FUTURE_ORDER_DATE,2026-09-02 23:28:07.259845+05:30
79244,10995,1,2035-12-31,Completed,99.0,41.75,Success,2026-09-02 23:22:46.270186,orders.csv,ERR_FUTURE_ORDER_DATE,2026-09-02 23:28:07.259845+05:30
79308,,1,2025-08-23,Completed,0.0,0.0,Success,2026-09-02 23:22:46.270186,orders.csv,ERR_NULL_CUSTOMER_KEY,2026-09-02 23:28:07.259845+05:30
79434,,20,2022-06-16,Completed,0.0,4547.24,Success,2026-09-02 23:22:46.270186,orders.csv,ERR_NULL_CUSTOMER_KEY,2026-09-02 23:28:07.259845+05:30
79501,,24,2024-05-10,Completed,0.0,472.66,Success,2026-09-02 23:22:46.270186,orders.csv,ERR_NULL_CUSTOMER_KEY,2026-09-02 23:28:07.259845+05:30
79530,,43,2022-02-01,Completed,0.0,1848.36,Success,2026-09-02 23:22:46.270186,orders.csv,ERR_NULL_CUSTOMER_KEY,2026-09-02 23:28:07.259845+05:30
79584,,23,2025-08-04,Returned,0.0,1932.88,Refunded,2026-09-02 23:22:46.270186,orders.csv,ERR_NULL_CUSTOMER_KEY,2026-09-02 23:28:07.259845+05:30
79698,,4,2025-05-05,Completed,0.0,0.0,Success,2026-09-02 23:22:46.270186,orders.csv,ERR_NULL_CUSTOMER_KEY,2026-09-02 23:28:07.259845+05:30
80244,2842,23,2035-12-31,Completed,0.0,0.0,Success,2026-09-02 23:22:46.270186,orders.csv,ERR_FUTURE_ORDER_DATE,2026-09-02 23:28:07.259845+05:30
80339,,1,2024-08-13,Completed,0.0,131.89,Success,2026-09-02 23:22:46.270186,orders.csv,ERR_NULL_CUSTOMER_KEY,2026-09-02 23:28:07.259845+05:30
80340,,1,2023-08-03,Cancelled,99.0,35.33,Cancelled,2026-09-02 23:22:46.270186,orders.csv,ERR_NULL_CUSTOMER_KEY,2026-09-02 23:28:07.259845+05:30
80467,,27,2023-10-06,Completed,0.0,0.0,Success,2026-09-02 23:22:46.270186,orders.csv,ERR_NULL_CUSTOMER_KEY,2026-09-02 23:28:07.259845+05:30
80521,,1,2025-03-13,Shipped,0.0,2730.08,Success,2026-09-02 23:22:46.270186,orders.csv,ERR_NULL_CUSTOMER_KEY,2026-09-02 23:28:07.259845+05:30
80789,,46,2024-10-08,Completed,0.0,0.0,Success,2026-09-02 23:22:46.270186,orders.csv,ERR_NULL_CUSTOMER_KEY,2026-09-02 23:28:07.259845+05:30
80793,8035,18,2035-12-31,Completed,0.0,17533.42,Success,2026-09-02 23:22:46.270186,orders.csv,ERR_FUTURE_ORDER_DATE,2026-09-02 23:28:07.259845+05:30
80932,,4,2023-09-01,Cancelled,0.0,900.1,Cancelled,2026-09-02 23:22:46.270186,orders.csv,ERR_NULL_CUSTOMER_KEY,2026-09-02 23:28:07.259845+05:30
81042,8611,32,2035-12-31,Completed,0.0,0.0,Success,2026-09-02 23:22:46.270186,orders.csv,ERR_FUTURE_ORDER_DATE,2026-09-02 23:28:07.259845+05:30
81113,,47,2024-09-27,Completed,0.0,5153.3,Success,2026-09-02 23:22:46.270186,orders.csv,ERR_NULL_CUSTOMER_KEY,2026-09-02 23:28:07.259845+05:30
81120,,34,2024-02-27,Completed,0.0,4337.06,Success,2026-09-02 23:22:46.270186,orders.csv,ERR_NULL_CUSTOMER_KEY,2026-09-02 23:28:07.259845+05:30
81129,,19,2025-11-13,Returned,0.0,0.0,Refunded,2026-09-02 23:22:46.270186,orders.csv,ERR_NULL_CUSTOMER_KEY,2026-09-02 23:28:07.259845+05:30
81495,,1,2023-06-20,Completed,0.0,0.0,Success,2026-09-02 23:22:46.270186,orders.csv,ERR_NULL_CUSTOMER_KEY,2026-09-02 23:28:07.259845+05:30
81584,3290,1,2035-12-31,Completed,0.0,0.0,Success,2026-09-02 23:22:46.270186,orders.csv,ERR_FUTURE_ORDER_DATE,2026-09-02 23:28:07.259845+05:30
81630,,1,2023-07-10,Processing,99.0,97.04,Success,2026-09-02 23:22:46.270186,orders.csv,ERR_NULL_CUSTOMER_KEY,2026-09-02 23:28:07.259845+05:30
81698,7146,40,2035-12-31,Processing,0.0,550.56,Success,2026-09-02 23:22:46.270186,orders.csv,ERR_FUTURE_ORDER_DATE,2026-09-02 23:28:07.259845+05:30
81705,,1,2022-04-08,Completed,0.0,0.0,Success,2026-09-02 23:22:46.270186,orders.csv,ERR_NULL_CUSTOMER_KEY,2026-09-02 23:28:07.259845+05:30
81713,,1,2023-05-01,Processing,0.0,3762.02,Success,2026-09-02 23:22:46.270186,orders.csv,ERR_NULL_CUSTOMER_KEY,2026-09-02 23:28:07.259845+05:30
82028,1874,1,2035-12-31,Completed,99.0,152.52,Success,2026-09-02 23:22:46.270186,orders.csv,ERR_FUTURE_ORDER_DATE,2026-09-02 23:28:07.259845+05:30
82086,,12,2025-04-13,Returned,0.0,0.0,Refunded,2026-09-02 23:22:46.270186,orders.csv,ERR_NULL_CUSTOMER_KEY,2026-09-02 23:28:07.259845+05:30
82090,,1,2022-04-05,Shipped,0.0,11393.25,Success,2026-09-02 23:22:46.270186,orders.csv,ERR_NULL_CUSTOMER_KEY,2026-09-02 23:28:07.259845+05:30
82313,1039,1,2035-12-31,Completed,0.0,1804.46,Success,2026-09-02 23:22:46.270186,orders.csv,ERR_FUTURE_ORDER_DATE,2026-09-02 23:28:07.259845+05:30
82402,,1,2024-10-31,Completed,0.0,570.07,Success,2026-09-02 23:22:46.270186,orders.csv,ERR_NULL_CUSTOMER_KEY,2026-09-02 23:28:07.259845+05:30
82915,,1,2022-07-09,Completed,99.0,0.0,Success,2026-09-02 23:22:46.270186,orders.csv,ERR_NULL_CUSTOMER_KEY,2026-09-02 23:28:07.259845+05:30
82920,,1,2024-06-08,Completed,0.0,0.0,Success,2026-09-02 23:22:46.270186,orders.csv,ERR_NULL_CUSTOMER_KEY,2026-09-02 23:28:07.259845+05:30
82999,,12,2025-12-20,Shipped,0.0,0.0,Success,2026-09-02 23:22:46.270186,orders.csv,ERR_NULL_CUSTOMER_KEY,2026-09-02 23:28:07.259845+05:30
83552,1951,1,2035-12-31,Completed,99.0,118.92,Success,2026-09-02 23:22:46.270186,orders.csv,ERR_FUTURE_ORDER_DATE,2026-09-02 23:28:07.259845+05:30
83743,4993,1,2035-12-31,Completed,0.0,0.0,Success,2026-09-02 23:22:46.270186,orders.csv,ERR_FUTURE_ORDER_DATE,2026-09-02 23:28:07.259845+05:30
83944,,11,2025-01-24,Shipped,0.0,1110.13,Success,2026-09-02 23:22:46.270186,orders.csv,ERR_NULL_CUSTOMER_KEY,2026-09-02 23:28:07.259845+05:30
84209,,1,2024-05-28,Completed,0.0,181.2,Success,2026-09-02 23:22:46.270186,orders.csv,ERR_NULL_CUSTOMER_KEY,2026-09-02 23:28:07.259845+05:30
84330,,39,2023-05-23,Completed,0.0,73.94,Success,2026-09-02 23:22:46.270186,orders.csv,ERR_NULL_CUSTOMER_KEY,2026-09-02 23:28:07.259845+05:30
84380,,7,2024-12-07,Completed,0.0,0.0,Success,2026-09-02 23:22:46.270186,orders.csv,ERR_NULL_CUSTOMER_KEY,2026-09-02 23:28:07.259845+05:30
84682,,6,2025-05-16,Completed,0.0,0.0,Success,2026-09-02 23:22:46.270186,orders.csv,ERR_NULL_CUSTOMER_KEY,2026-09-02 23:28:07.259845+05:30
84716,,7,2022-06-10,Completed,0.0,282.08,Success,2026-09-02 23:22:46.270186,orders.csv,ERR_NULL_CUSTOMER_KEY,2026-09-02 23:28:07.259845+05:30
84747,,12,2022-03-13,Completed,0.0,4421.16,Success,2026-09-02 23:22:46.270186,orders.csv,ERR_NULL_CUSTOMER_KEY,2026-09-02 23:28:07.259845+05:30
85163,3585,49,2035-12-31,Completed,0.0,0.0,Success,2026-09-02 23:22:46.270186,orders.csv,ERR_FUTURE_ORDER_DATE,2026-09-02 23:28:07.259845+05:30
85186,,18,2026-02-19,Completed,0.0,5.95,Success,2026-09-02 23:22:46.270186,orders.csv,ERR_NULL_CUSTOMER_KEY,2026-09-02 23:28:07.259845+05:30
85275,,1,2023-05-31,Completed,0.0,0.0,Success,2026-09-02 23:22:46.270186,orders.csv,ERR_NULL_CUSTOMER_KEY,2026-09-02 23:28:07.259845+05:30
85364,,8,2024-09-27,Completed,0.0,331.89,Success,2026-09-02 23:22:46.270186,orders.csv,ERR_NULL_CUSTOMER_KEY,2026-09-02 23:28:07.259845+05:30
85472,,35,2025-02-02,Completed,0.0,0.0,Success,2026-09-02 23:22:46.270186,orders.csv,ERR_NULL_CUSTOMER_KEY,2026-09-02 23:28:07.259845+05:30
85536,,14,2022-11-01,Completed,0.0,0.0,Success,2026-09-02 23:22:46.270186,orders.csv,ERR_NULL_CUSTOMER_KEY,2026-09-02 23:28:07.259845+05:30
85807,,38,2025-06-10,Completed,0.0,0.0,Success,2026-09-02 23:22:46.270186,orders.csv,ERR_NULL_CUSTOMER_KEY,2026-09-02 23:28:07.259845+05:30
86248,,1,2023-08-26,Completed,0.0,1062.85,Success,2026-09-02 23:22:46.270186,orders.csv,ERR_NULL_CUSTOMER_KEY,2026-09-02 23:28:07.259845+05:30
86320,,16,2023-05-19,Completed,0.0,0.0,Success,2026-09-02 23:22:46.270186,orders.csv,ERR_NULL_CUSTOMER_KEY,2026-09-02 23:28:07.259845+05:30
86757,,1,2023-07-05,Processing,0.0,0.0,Success,2026-09-02 23:22:46.270186,orders.csv,ERR_NULL_CUSTOMER_KEY,2026-09-02 23:28:07.259845+05:30
86846,,22,2023-07-17,Completed,0.0,379.1,Success,2026-09-02 23:22:46.270186,orders.csv,ERR_NULL_CUSTOMER_KEY,2026-09-02 23:28:07.259845+05:30
86882,4371,8,2035-12-31,Processing,0.0,872.5,Success,2026-09-02 23:22:46.270186,orders.csv,ERR_FUTURE_ORDER_DATE,2026-09-02 23:28:07.259845+05:30
86952,,1,2024-10-19,Completed,0.0,387.13,Success,2026-09-02 23:22:46.270186,orders.csv,ERR_NULL_CUSTOMER_KEY,2026-09-02 23:28:07.259845+05:30
87070,2652,1,2035-12-31,Completed,0.0,4040.25,Success,2026-09-02 23:22:46.270186,orders.csv,ERR_FUTURE_ORDER_DATE,2026-09-02 23:28:07.259845+05:30
87384,7687,1,2035-12-31,Completed,0.0,1318.07,Success,2026-09-02 23:22:46.270186,orders.csv,ERR_FUTURE_ORDER_DATE,2026-09-02 23:28:07.259845+05:30
87398,,1,2024-06-18,Processing,0.0,659.45,Success,2026-09-02 23:22:46.270186,orders.csv,ERR_NULL_CUSTOMER_KEY,2026-09-02 23:28:07.259845+05:30
87413,6453,12,2035-12-31,Completed,0.0,0.0,Success,2026-09-02 23:22:46.270186,orders.csv,ERR_FUTURE_ORDER_DATE,2026-09-02 23:28:07.259845+05:30
87466,,10,2023-06-11,Returned,0.0,72.09,Refunded,2026-09-02 23:22:46.270186,orders.csv,ERR_NULL_CUSTOMER_KEY,2026-09-02 23:28:07.259845+05:30
87522,,45,2025-12-17,Completed,0.0,133.44,Success,2026-09-02 23:22:46.270186,orders.csv,ERR_NULL_CUSTOMER_KEY,2026-09-02 23:28:07.259845+05:30
87628,,44,2023-04-09,Completed,0.0,0.0,Success,2026-09-02 23:22:46.270186,orders.csv,ERR_NULL_CUSTOMER_KEY,2026-09-02 23:28:07.259845+05:30
87761,,1,2024-01-22,Completed,0.0,9667.82,Success,2026-09-02 23:22:46.270186,orders.csv,ERR_NULL_CUSTOMER_KEY,2026-09-02 23:28:07.259845+05:30
87858,,27,2024-03-24,Completed,0.0,0.0,Success,2026-09-02 23:22:46.270186,orders.csv,ERR_NULL_CUSTOMER_KEY,2026-09-02 23:28:07.259845+05:30
87960,,2,2023-04-01,Completed,0.0,0.0,Success,2026-09-02 23:22:46.270186,orders.csv,ERR_NULL_CUSTOMER_KEY,2026-09-02 23:28:07.259845+05:30
87963,,1,2025-02-22,Completed,0.0,1087.71,Success,2026-09-02 23:22:46.270186,orders.csv,ERR_NULL_CUSTOMER_KEY,2026-09-02 23:28:07.259845+05:30
88047,,3,2025-04-13,Processing,0.0,498.21,Success,2026-09-02 23:22:46.270186,orders.csv,ERR_NULL_CUSTOMER_KEY,2026-09-02 23:28:07.259845+05:30
88432,,1,2025-11-06,Processing,0.0,0.0,Success,2026-09-02 23:22:46.270186,orders.csv,ERR_NULL_CUSTOMER_KEY,2026-09-02 23:28:07.259845+05:30
88614,,20,2022-06-08,Completed,0.0,350.61,Success,2026-09-02 23:22:46.270186,orders.csv,ERR_NULL_CUSTOMER_KEY,2026-09-02 23:28:07.259845+05:30
88977,7592,6,2035-12-31,Returned,0.0,0.0,Refunded,2026-09-02 23:22:46.270186,orders.csv,ERR_FUTURE_ORDER_DATE,2026-09-02 23:28:07.259845+05:30
89042,8862,1,2035-12-31,Completed,0.0,0.0,Success,2026-09-02 23:22:46.270186,orders.csv,ERR_FUTURE_ORDER_DATE,2026-09-02 23:28:07.259845+05:30
89082,4582,10,2035-12-31,Returned,0.0,3620.39,Refunded,2026-09-02 23:22:46.270186,orders.csv,ERR_FUTURE_ORDER_DATE,2026-09-02 23:28:07.259845+05:30
89090,,29,2023-01-10,Cancelled,0.0,0.0,Cancelled,2026-09-02 23:22:46.270186,orders.csv,ERR_NULL_CUSTOMER_KEY,2026-09-02 23:28:07.259845+05:30
89398,,4,2022-06-28,Completed,0.0,0.0,Success,2026-09-02 23:22:46.270186,orders.csv,ERR_NULL_CUSTOMER_KEY,2026-09-02 23:28:07.259845+05:30
89470,,1,2023-10-04,Completed,99.0,0.0,Success,2026-09-02 23:22:46.270186,orders.csv,ERR_NULL_CUSTOMER_KEY,2026-09-02 23:28:07.259845+05:30
89580,6828,1,2035-12-31,Completed,0.0,732.32,Success,2026-09-02 23:22:46.270186,orders.csv,ERR_FUTURE_ORDER_DATE,2026-09-02 23:28:07.259845+05:30
89787,,50,2024-06-18,Returned,0.0,0.0,Refunded,2026-09-02 23:22:46.270186,orders.csv,ERR_NULL_CUSTOMER_KEY,2026-09-02 23:28:07.259845+05:30
89815,,5,2023-03-28,Completed,0.0,4916.7,Success,2026-09-02 23:22:46.270186,orders.csv,ERR_NULL_CUSTOMER_KEY,2026-09-02 23:28:07.259845+05:30
89920,,1,2025-08-18,Shipped,0.0,0.0,Success,2026-09-02 23:22:46.270186,orders.csv,ERR_NULL_CUSTOMER_KEY,2026-09-02 23:28:07.259845+05:30
90041,,9,2023-11-13,Completed,0.0,35.96,Success,2026-09-02 23:22:46.270186,orders.csv,ERR_NULL_CUSTOMER_KEY,2026-09-02 23:28:07.259845+05:30
90149,,40,2022-07-05,Completed,0.0,0.0,Success,2026-09-02 23:22:46.270186,orders.csv,ERR_NULL_CUSTOMER_KEY,2026-09-02 23:28:07.259845+05:30
90199,,14,2025-02-12,Completed,0.0,101.3,Success,2026-09-02 23:22:46.270186,orders.csv,ERR_NULL_CUSTOMER_KEY,2026-09-02 23:28:07.259845+05:30
90202,,2,2023-06-30,Completed,0.0,0.0,Success,2026-09-02 23:22:46.270186,orders.csv,ERR_NULL_CUSTOMER_KEY,2026-09-02 23:28:07.259845+05:30
90360,,1,2026-01-13,Shipped,0.0,701.22,Success,2026-09-02 23:22:46.270186,orders.csv,ERR_NULL_CUSTOMER_KEY,2026-09-02 23:28:07.259845+05:30
90680,,26,2025-11-27,Completed,0.0,0.0,Success,2026-09-02 23:22:46.270186,orders.csv,ERR_NULL_CUSTOMER_KEY,2026-09-02 23:28:07.259845+05:30
90716,,4,2026-01-15,Completed,0.0,361.54,Success,2026-09-02 23:22:46.270186,orders.csv,ERR_NULL_CUSTOMER_KEY,2026-09-02 23:28:07.259845+05:30
90726,,48,2024-01-29,Completed,0.0,0.0,Success,2026-09-02 23:22:46.270186,orders.csv,ERR_NULL_CUSTOMER_KEY,2026-09-02 23:28:07.259845+05:30
90788,,1,2024-09-20,Returned,0.0,0.0,Refunded,2026-09-02 23:22:46.270186,orders.csv,ERR_NULL_CUSTOMER_KEY,2026-09-02 23:28:07.259845+05:30
90875,6585,1,2035-12-31,Completed,0.0,0.0,Success,2026-09-02 23:22:46.270186,orders.csv,ERR_FUTURE_ORDER_DATE,2026-09-02 23:28:07.259845+05:30
90940,,9,2024-08-07,Shipped,0.0,2172.11,Success,2026-09-02 23:22:46.270186,orders.csv,ERR_NULL_CUSTOMER_KEY,2026-09-02 23:28:07.259845+05:30
91481,8689,22,2035-12-31,Shipped,0.0,0.0,Success,2026-09-02 23:22:46.270186,orders.csv,ERR_FUTURE_ORDER_DATE,2026-09-02 23:28:07.259845+05:30
91764,,1,2023-02-16,Completed,0.0,749.7,Success,2026-09-02 23:22:46.270186,orders.csv,ERR_NULL_CUSTOMER_KEY,2026-09-02 23:28:07.259845+05:30
91897,,1,2023-11-14,Completed,0.0,2112.93,Success,2026-09-02 23:22:46.270186,orders.csv,ERR_NULL_CUSTOMER_KEY,2026-09-02 23:28:07.259845+05:30
91907,,7,2023-06-18,Shipped,0.0,2067.81,Success,2026-09-02 23:22:46.270186,orders.csv,ERR_NULL_CUSTOMER_KEY,2026-09-02 23:28:07.259845+05:30
92114,10444,1,2035-12-31,Shipped,0.0,0.0,Success,2026-09-02 23:22:46.270186,orders.csv,ERR_FUTURE_ORDER_DATE,2026-09-02 23:28:07.259845+05:30
92203,,1,2025-08-30,Completed,0.0,750.92,Success,2026-09-02 23:22:46.270186,orders.csv,ERR_NULL_CUSTOMER_KEY,2026-09-02 23:28:07.259845+05:30
92248,,43,2023-01-25,Processing,0.0,0.0,Success,2026-09-02 23:22:46.270186,orders.csv,ERR_NULL_CUSTOMER_KEY,2026-09-02 23:28:07.259845+05:30
92373,,29,2024-08-06,Completed,0.0,0.0,Success,2026-09-02 23:22:46.270186,orders.csv,ERR_NULL_CUSTOMER_KEY,2026-09-02 23:28:07.259845+05:30
92630,,21,2022-05-18,Completed,0.0,0.0,Success,2026-09-02 23:22:46.270186,orders.csv,ERR_NULL_CUSTOMER_KEY,2026-09-02 23:28:07.259845+05:30
92707,7044,47,2035-12-31,Completed,0.0,31.88,Success,2026-09-02 23:22:46.270186,orders.csv,ERR_FUTURE_ORDER_DATE,2026-09-02 23:28:07.259845+05:30
92779,,41,2022-09-15,Completed,0.0,0.0,Success,2026-09-02 23:22:46.270186,orders.csv,ERR_NULL_CUSTOMER_KEY,2026-09-02 23:28:07.259845+05:30
92859,10783,27,2035-12-31,Completed,0.0,129.65,Success,2026-09-02 23:22:46.270186,orders.csv,ERR_FUTURE_ORDER_DATE,2026-09-02 23:28:07.259845+05:30
92920,5065,46,2035-12-31,Completed,0.0,0.0,Success,2026-09-02 23:22:46.270186,orders.csv,ERR_FUTURE_ORDER_DATE,2026-09-02 23:28:07.259845+05:30
93076,1335,1,2035-12-31,Cancelled,0.0,0.0,Cancelled,2026-09-02 23:22:46.270186,orders.csv,ERR_FUTURE_ORDER_DATE,2026-09-02 23:28:07.259845+05:30
93449,,1,2022-03-15,Completed,0.0,637.53,Success,2026-09-02 23:22:46.270186,orders.csv,ERR_NULL_CUSTOMER_KEY,2026-09-02 23:28:07.259845+05:30
93457,,34,2023-07-15,Completed,0.0,0.0,Success,2026-09-02 23:22:46.270186,orders.csv,ERR_NULL_CUSTOMER_KEY,2026-09-02 23:28:07.259845+05:30
93719,,12,2025-01-12,Completed,0.0,214.24,Success,2026-09-02 23:22:46.270186,orders.csv,ERR_NULL_CUSTOMER_KEY,2026-09-02 23:28:07.259845+05:30
93906,,8,2025-08-11,Completed,0.0,0.0,Success,2026-09-02 23:22:46.270186,orders.csv,ERR_NULL_CUSTOMER_KEY,2026-09-02 23:28:07.259845+05:30
94017,,36,2024-03-30,Completed,0.0,261.59,Success,2026-09-02 23:22:46.270186,orders.csv,ERR_NULL_CUSTOMER_KEY,2026-09-02 23:28:07.259845+05:30
94063,,32,2024-09-21,Completed,0.0,145.35,Success,2026-09-02 23:22:46.270186,orders.csv,ERR_NULL_CUSTOMER_KEY,2026-09-02 23:28:07.259845+05:30
94356,5071,1,2035-12-31,Completed,0.0,176.66,Success,2026-09-02 23:22:46.270186,orders.csv,ERR_FUTURE_ORDER_DATE,2026-09-02 23:28:07.259845+05:30
94365,,29,2026-04-19,Processing,0.0,628.91,Success,2026-09-02 23:22:46.270186,orders.csv,ERR_NULL_CUSTOMER_KEY,2026-09-02 23:28:07.259845+05:30
94687,7495,2,2035-12-31,Completed,0.0,33.36,Success,2026-09-02 23:22:46.270186,orders.csv,ERR_FUTURE_ORDER_DATE,2026-09-02 23:28:07.259845+05:30
94867,,40,2024-01-16,Completed,0.0,0.0,Success,2026-09-02 23:22:46.270186,orders.csv,ERR_NULL_CUSTOMER_KEY,2026-09-02 23:28:07.259845+05:30
95037,,14,2024-11-02,Completed,0.0,112.09,Success,2026-09-02 23:22:46.270186,orders.csv,ERR_NULL_CUSTOMER_KEY,2026-09-02 23:28:07.259845+05:30
95085,,1,2024-11-05,Completed,0.0,669.42,Success,2026-09-02 23:22:46.270186,orders.csv,ERR_NULL_CUSTOMER_KEY,2026-09-02 23:28:07.259845+05:30
95199,,1,2025-08-31,Shipped,0.0,0.0,Success,2026-09-02 23:22:46.270186,orders.csv,ERR_NULL_CUSTOMER_KEY,2026-09-02 23:28:07.259845+05:30
95233,,11,2023-12-21,Completed,0.0,0.0,Success,2026-09-02 23:22:46.270186,orders.csv,ERR_NULL_CUSTOMER_KEY,2026-09-02 23:28:07.259845+05:30
95236,,1,2025-06-28,Completed,0.0,3399.52,Success,2026-09-02 23:22:46.270186,orders.csv,ERR_NULL_CUSTOMER_KEY,2026-09-02 23:28:07.259845+05:30
95326,,1,2025-12-17,Completed,0.0,555.79,Success,2026-09-02 23:22:46.270186,orders.csv,ERR_NULL_CUSTOMER_KEY,2026-09-02 23:28:07.259845+05:30
95406,,17,2025-03-04,Shipped,0.0,1846.44,Success,2026-09-02 23:22:46.270186,orders.csv,ERR_NULL_CUSTOMER_KEY,2026-09-02 23:28:07.259845+05:30
95430,,26,2026-03-08,Completed,0.0,0.0,Success,2026-09-02 23:22:46.270186,orders.csv,ERR_NULL_CUSTOMER_KEY,2026-09-02 23:28:07.259845+05:30
95537,,18,2024-02-11,Completed,0.0,945.25,Success,2026-09-02 23:22:46.270186,orders.csv,ERR_NULL_CUSTOMER_KEY,2026-09-02 23:28:07.259845+05:30
95656,,22,2025-04-19,Completed,0.0,0.0,Success,2026-09-02 23:22:46.270186,orders.csv,ERR_NULL_CUSTOMER_KEY,2026-09-02 23:28:07.259845+05:30
96017,,1,2024-09-02,Completed,0.0,0.0,Success,2026-09-02 23:22:46.270186,orders.csv,ERR_NULL_CUSTOMER_KEY,2026-09-02 23:28:07.259845+05:30
96054,1353,5,2035-12-31,Completed,0.0,133.48,Success,2026-09-02 23:22:46.270186,orders.csv,ERR_FUTURE_ORDER_DATE,2026-09-02 23:28:07.259845+05:30
96156,,1,2022-01-11,Completed,0.0,0.0,Success,2026-09-02 23:22:46.270186,orders.csv,ERR_NULL_CUSTOMER_KEY,2026-09-02 23:28:07.259845+05:30
96230,,17,2023-10-13,Completed,0.0,121.02,Success,2026-09-02 23:22:46.270186,orders.csv,ERR_NULL_CUSTOMER_KEY,2026-09-02 23:28:07.259845+05:30
96233,,10,2025-01-15,Completed,0.0,0.0,Success,2026-09-02 23:22:46.270186,orders.csv,ERR_NULL_CUSTOMER_KEY,2026-09-02 23:28:07.259845+05:30
96422,,38,2023-09-24,Completed,0.0,0.0,Success,2026-09-02 23:22:46.270186,orders.csv,ERR_NULL_CUSTOMER_KEY,2026-09-02 23:28:07.259845+05:30
96466,1057,47,2035-12-31,Completed,0.0,0.0,Success,2026-09-02 23:22:46.270186,orders.csv,ERR_FUTURE_ORDER_DATE,2026-09-02 23:28:07.259845+05:30
96472,,2,2024-03-09,Returned,0.0,136.45,Refunded,2026-09-02 23:22:46.270186,orders.csv,ERR_NULL_CUSTOMER_KEY,2026-09-02 23:28:07.259845+05:30
96768,4010,10,2035-12-31,Completed,0.0,803.25,Success,2026-09-02 23:22:46.270186,orders.csv,ERR_FUTURE_ORDER_DATE,2026-09-02 23:28:07.259845+05:30
96775,1511,32,2035-12-31,Completed,0.0,0.0,Success,2026-09-02 23:22:46.270186,orders.csv,ERR_FUTURE_ORDER_DATE,2026-09-02 23:28:07.259845+05:30
96837,8261,47,2035-12-31,Completed,0.0,0.0,Success,2026-09-02 23:22:46.270186,orders.csv,ERR_FUTURE_ORDER_DATE,2026-09-02 23:28:07.259845+05:30
96873,4957,1,2035-12-31,Completed,0.0,8123.89,Success,2026-09-02 23:22:46.270186,orders.csv,ERR_FUTURE_ORDER_DATE,2026-09-02 23:28:07.259845+05:30
96881,,1,2025-04-10,Completed,0.0,207.75,Success,2026-09-02 23:22:46.270186,orders.csv,ERR_NULL_CUSTOMER_KEY,2026-09-02 23:28:07.259845+05:30
97045,,1,2025-10-29,Completed,99.0,0.0,Success,2026-09-02 23:22:46.270186,orders.csv,ERR_NULL_CUSTOMER_KEY,2026-09-02 23:28:07.259845+05:30
97207,9606,1,2035-12-31,Completed,0.0,0.0,Success,2026-09-02 23:22:46.270186,orders.csv,ERR_FUTURE_ORDER_DATE,2026-09-02 23:28:07.259845+05:30
97283,1285,18,2035-12-31,Shipped,0.0,2498.62,Success,2026-09-02 23:22:46.270186,orders.csv,ERR_FUTURE_ORDER_DATE,2026-09-02 23:28:07.259845+05:30
97330,,1,2026-05-03,Completed,0.0,754.81,Success,2026-09-02 23:22:46.270186,orders.csv,ERR_NULL_CUSTOMER_KEY,2026-09-02 23:28:07.259845+05:30
97625,,43,2023-02-12,Completed,0.0,0.0,Success,2026-09-02 23:22:46.270186,orders.csv,ERR_NULL_CUSTOMER_KEY,2026-09-02 23:28:07.259845+05:30
97754,7763,1,2035-12-31,Completed,0.0,189.84,Success,2026-09-02 23:22:46.270186,orders.csv,ERR_FUTURE_ORDER_DATE,2026-09-02 23:28:07.259845+05:30
97947,,31,2024-10-11,Completed,0.0,162.1,Success,2026-09-02 23:22:46.270186,orders.csv,ERR_NULL_CUSTOMER_KEY,2026-09-02 23:28:07.259845+05:30
98153,,1,2026-03-22,Processing,0.0,3088.51,Success,2026-09-02 23:22:46.270186,orders.csv,ERR_NULL_CUSTOMER_KEY,2026-09-02 23:28:07.259845+05:30
98241,,26,2025-02-12,Completed,0.0,0.0,Success,2026-09-02 23:22:46.270186,orders.csv,ERR_NULL_CUSTOMER_KEY,2026-09-02 23:28:07.259845+05:30
98648,6449,20,2035-12-31,Completed,0.0,712.48,Success,2026-09-02 23:22:46.270186,orders.csv,ERR_FUTURE_ORDER_DATE,2026-09-02 23:28:07.259845+05:30
98759,,4,2026-02-09,Completed,0.0,0.0,Success,2026-09-02 23:22:46.270186,orders.csv,ERR_NULL_CUSTOMER_KEY,2026-09-02 23:28:07.259845+05:30
98825,,50,2024-03-20,Completed,0.0,389.99,Success,2026-09-02 23:22:46.270186,orders.csv,ERR_NULL_CUSTOMER_KEY,2026-09-02 23:28:07.259845+05:30
99139,4663,12,2035-12-31,Completed,0.0,0.0,Success,2026-09-02 23:22:46.270186,orders.csv,ERR_FUTURE_ORDER_DATE,2026-09-02 23:28:07.259845+05:30
